ISO-10303-21;
HEADER;
FILE_DESCRIPTION(('FreeCAD Model'),'2;1');
FILE_NAME('Open CASCADE Shape Model','2026-02-06T12:50:50',(''),(''),
  'Open CASCADE STEP processor 7.9','FreeCAD','Unknown');
FILE_SCHEMA(('AUTOMOTIVE_DESIGN { 1 0 10303 214 1 1 1 1 }'));
ENDSEC;
DATA;
#1 = APPLICATION_PROTOCOL_DEFINITION('international standard',
  'automotive_design',2000,#2);
#2 = APPLICATION_CONTEXT(
  'core data for automotive mechanical design processes');
#3 = SHAPE_DEFINITION_REPRESENTATION(#4,#10);
#4 = PRODUCT_DEFINITION_SHAPE('','',#5);
#5 = PRODUCT_DEFINITION('design','',#6,#9);
#6 = PRODUCT_DEFINITION_FORMATION('','',#7);
#7 = PRODUCT('Body','Body','',(#8));
#8 = PRODUCT_CONTEXT('',#2,'mechanical');
#9 = PRODUCT_DEFINITION_CONTEXT('part definition',#2,'design');
#10 = ADVANCED_BREP_SHAPE_REPRESENTATION('',(#11,#15),#3151);
#11 = AXIS2_PLACEMENT_3D('',#12,#13,#14);
#12 = CARTESIAN_POINT('',(0.,0.,0.));
#13 = DIRECTION('',(0.,0.,1.));
#14 = DIRECTION('',(1.,0.,-0.));
#15 = MANIFOLD_SOLID_BREP('',#16);
#16 = CLOSED_SHELL('',(#17,#453,#538,#562,#586,#617,#648,#673,#698,#715,
    #746,#771,#795,#813,#844,#869,#893,#911,#942,#967,#991,#1009,#1040,
    #1065,#1089,#1107,#1138,#1163,#1187,#1205,#1236,#1261,#1285,#1303,
    #1334,#1359,#1383,#1401,#1432,#1457,#1481,#1499,#1530,#1555,#1579,
    #1597,#1628,#1653,#1677,#1695,#1719,#1743,#1767,#1791,#1874,#1899,
    #1924,#1940,#1956,#2251,#2268,#2285,#2301,#2317,#2329,#2349,#2369,
    #2386,#2411,#2436,#2461,#2486,#2511,#2536,#2561,#2586,#2611,#2636,
    #2661,#2686,#2711,#2736,#2761,#2786,#2811,#2836,#2861,#2886,#2911,
    #2936,#2953,#2962,#2971,#2980,#2989,#2998,#3007,#3016,#3025,#3034,
    #3043,#3052,#3061,#3070,#3079,#3088,#3097,#3106,#3115,#3124,#3133,
    #3142));
#17 = ADVANCED_FACE('',(#18,#52,#88,#124,#160,#196,#232,#268,#304,#340,
    #376,#412),#448,.F.);
#18 = FACE_BOUND('',#19,.F.);
#19 = EDGE_LOOP('',(#20,#30,#38,#46));
#20 = ORIENTED_EDGE('',*,*,#21,.F.);
#21 = EDGE_CURVE('',#22,#24,#26,.T.);
#22 = VERTEX_POINT('',#23);
#23 = CARTESIAN_POINT('',(-123.,-10.,0.));
#24 = VERTEX_POINT('',#25);
#25 = CARTESIAN_POINT('',(123.,-10.,0.));
#26 = LINE('',#27,#28);
#27 = CARTESIAN_POINT('',(-125.,-10.,0.));
#28 = VECTOR('',#29,1.);
#29 = DIRECTION('',(1.,0.,0.));
#30 = ORIENTED_EDGE('',*,*,#31,.T.);
#31 = EDGE_CURVE('',#22,#32,#34,.T.);
#32 = VERTEX_POINT('',#33);
#33 = CARTESIAN_POINT('',(-123.,-10.,28.));
#34 = LINE('',#35,#36);
#35 = CARTESIAN_POINT('',(-123.,-10.,0.));
#36 = VECTOR('',#37,1.);
#37 = DIRECTION('',(0.,0.,1.));
#38 = ORIENTED_EDGE('',*,*,#39,.T.);
#39 = EDGE_CURVE('',#32,#40,#42,.T.);
#40 = VERTEX_POINT('',#41);
#41 = CARTESIAN_POINT('',(123.,-10.,28.));
#42 = LINE('',#43,#44);
#43 = CARTESIAN_POINT('',(-125.,-10.,28.));
#44 = VECTOR('',#45,1.);
#45 = DIRECTION('',(1.,0.,0.));
#46 = ORIENTED_EDGE('',*,*,#47,.F.);
#47 = EDGE_CURVE('',#24,#40,#48,.T.);
#48 = LINE('',#49,#50);
#49 = CARTESIAN_POINT('',(123.,-10.,0.));
#50 = VECTOR('',#51,1.);
#51 = DIRECTION('',(0.,0.,1.));
#52 = FACE_BOUND('',#53,.F.);
#53 = EDGE_LOOP('',(#54,#64,#73,#81));
#54 = ORIENTED_EDGE('',*,*,#55,.F.);
#55 = EDGE_CURVE('',#56,#58,#60,.T.);
#56 = VERTEX_POINT('',#57);
#57 = CARTESIAN_POINT('',(-96.99999999999,-10.,14.00000000001));
#58 = VERTEX_POINT('',#59);
#59 = CARTESIAN_POINT('',(-96.99999999999,-10.,5.000000000058));
#60 = LINE('',#61,#62);
#61 = CARTESIAN_POINT('',(-96.99999999999,-10.,14.00000000001));
#62 = VECTOR('',#63,1.);
#63 = DIRECTION('',(1.585299792682E-12,-2.22044604925E-16,-1.));
#64 = ORIENTED_EDGE('',*,*,#65,.T.);
#65 = EDGE_CURVE('',#56,#66,#68,.T.);
#66 = VERTEX_POINT('',#67);
#67 = CARTESIAN_POINT('',(-103.,-10.,14.));
#68 = CIRCLE('',#69,3.);
#69 = AXIS2_PLACEMENT_3D('',#70,#71,#72);
#70 = CARTESIAN_POINT('',(-100.,-10.,14.));
#71 = DIRECTION('',(0.,-1.,2.22044604925E-16));
#72 = DIRECTION('',(1.,0.,0.));
#73 = ORIENTED_EDGE('',*,*,#74,.T.);
#74 = EDGE_CURVE('',#66,#75,#77,.T.);
#75 = VERTEX_POINT('',#76);
#76 = CARTESIAN_POINT('',(-103.,-10.,5.));
#77 = LINE('',#78,#79);
#78 = CARTESIAN_POINT('',(-103.,-10.,14.));
#79 = VECTOR('',#80,1.);
#80 = DIRECTION('',(0.,-2.22044604925E-16,-1.));
#81 = ORIENTED_EDGE('',*,*,#82,.T.);
#82 = EDGE_CURVE('',#75,#58,#83,.T.);
#83 = CIRCLE('',#84,3.);
#84 = AXIS2_PLACEMENT_3D('',#85,#86,#87);
#85 = CARTESIAN_POINT('',(-100.,-10.,5.));
#86 = DIRECTION('',(0.,-1.,2.22044604925E-16));
#87 = DIRECTION('',(1.,0.,0.));
#88 = FACE_BOUND('',#89,.F.);
#89 = EDGE_LOOP('',(#90,#100,#109,#117));
#90 = ORIENTED_EDGE('',*,*,#91,.F.);
#91 = EDGE_CURVE('',#92,#94,#96,.T.);
#92 = VERTEX_POINT('',#93);
#93 = CARTESIAN_POINT('',(-76.99999999999,-10.,14.00000000001));
#94 = VERTEX_POINT('',#95);
#95 = CARTESIAN_POINT('',(-76.99999999999,-10.,5.000000000058));
#96 = LINE('',#97,#98);
#97 = CARTESIAN_POINT('',(-76.99999999999,-10.,14.00000000001));
#98 = VECTOR('',#99,1.);
#99 = DIRECTION('',(1.585299792682E-12,-2.22044604925E-16,-1.));
#100 = ORIENTED_EDGE('',*,*,#101,.T.);
#101 = EDGE_CURVE('',#92,#102,#104,.T.);
#102 = VERTEX_POINT('',#103);
#103 = CARTESIAN_POINT('',(-83.,-10.,14.));
#104 = CIRCLE('',#105,3.);
#105 = AXIS2_PLACEMENT_3D('',#106,#107,#108);
#106 = CARTESIAN_POINT('',(-80.,-10.,14.));
#107 = DIRECTION('',(0.,-1.,2.22044604925E-16));
#108 = DIRECTION('',(1.,0.,0.));
#109 = ORIENTED_EDGE('',*,*,#110,.T.);
#110 = EDGE_CURVE('',#102,#111,#113,.T.);
#111 = VERTEX_POINT('',#112);
#112 = CARTESIAN_POINT('',(-83.,-10.,5.));
#113 = LINE('',#114,#115);
#114 = CARTESIAN_POINT('',(-83.,-10.,14.));
#115 = VECTOR('',#116,1.);
#116 = DIRECTION('',(0.,-2.22044604925E-16,-1.));
#117 = ORIENTED_EDGE('',*,*,#118,.T.);
#118 = EDGE_CURVE('',#111,#94,#119,.T.);
#119 = CIRCLE('',#120,3.);
#120 = AXIS2_PLACEMENT_3D('',#121,#122,#123);
#121 = CARTESIAN_POINT('',(-80.,-10.,5.));
#122 = DIRECTION('',(0.,-1.,2.22044604925E-16));
#123 = DIRECTION('',(1.,0.,0.));
#124 = FACE_BOUND('',#125,.F.);
#125 = EDGE_LOOP('',(#126,#136,#145,#153));
#126 = ORIENTED_EDGE('',*,*,#127,.F.);
#127 = EDGE_CURVE('',#128,#130,#132,.T.);
#128 = VERTEX_POINT('',#129);
#129 = CARTESIAN_POINT('',(-56.99999999999,-10.,14.00000000001));
#130 = VERTEX_POINT('',#131);
#131 = CARTESIAN_POINT('',(-56.99999999999,-10.,5.000000000058));
#132 = LINE('',#133,#134);
#133 = CARTESIAN_POINT('',(-56.99999999999,-10.,14.00000000001));
#134 = VECTOR('',#135,1.);
#135 = DIRECTION('',(1.585299792682E-12,-2.22044604925E-16,-1.));
#136 = ORIENTED_EDGE('',*,*,#137,.T.);
#137 = EDGE_CURVE('',#128,#138,#140,.T.);
#138 = VERTEX_POINT('',#139);
#139 = CARTESIAN_POINT('',(-63.,-10.,14.));
#140 = CIRCLE('',#141,3.);
#141 = AXIS2_PLACEMENT_3D('',#142,#143,#144);
#142 = CARTESIAN_POINT('',(-60.,-10.,14.));
#143 = DIRECTION('',(0.,-1.,2.22044604925E-16));
#144 = DIRECTION('',(1.,0.,0.));
#145 = ORIENTED_EDGE('',*,*,#146,.T.);
#146 = EDGE_CURVE('',#138,#147,#149,.T.);
#147 = VERTEX_POINT('',#148);
#148 = CARTESIAN_POINT('',(-63.,-10.,5.));
#149 = LINE('',#150,#151);
#150 = CARTESIAN_POINT('',(-63.,-10.,14.));
#151 = VECTOR('',#152,1.);
#152 = DIRECTION('',(0.,-2.22044604925E-16,-1.));
#153 = ORIENTED_EDGE('',*,*,#154,.T.);
#154 = EDGE_CURVE('',#147,#130,#155,.T.);
#155 = CIRCLE('',#156,3.);
#156 = AXIS2_PLACEMENT_3D('',#157,#158,#159);
#157 = CARTESIAN_POINT('',(-60.,-10.,5.));
#158 = DIRECTION('',(0.,-1.,2.22044604925E-16));
#159 = DIRECTION('',(1.,0.,0.));
#160 = FACE_BOUND('',#161,.F.);
#161 = EDGE_LOOP('',(#162,#172,#181,#189));
#162 = ORIENTED_EDGE('',*,*,#163,.F.);
#163 = EDGE_CURVE('',#164,#166,#168,.T.);
#164 = VERTEX_POINT('',#165);
#165 = CARTESIAN_POINT('',(-36.99999999999,-10.,14.00000000001));
#166 = VERTEX_POINT('',#167);
#167 = CARTESIAN_POINT('',(-36.99999999999,-10.,5.000000000058));
#168 = LINE('',#169,#170);
#169 = CARTESIAN_POINT('',(-36.99999999999,-10.,14.00000000001));
#170 = VECTOR('',#171,1.);
#171 = DIRECTION('',(1.585299792682E-12,-2.22044604925E-16,-1.));
#172 = ORIENTED_EDGE('',*,*,#173,.T.);
#173 = EDGE_CURVE('',#164,#174,#176,.T.);
#174 = VERTEX_POINT('',#175);
#175 = CARTESIAN_POINT('',(-43.,-10.,14.));
#176 = CIRCLE('',#177,3.);
#177 = AXIS2_PLACEMENT_3D('',#178,#179,#180);
#178 = CARTESIAN_POINT('',(-40.,-10.,14.));
#179 = DIRECTION('',(0.,-1.,2.22044604925E-16));
#180 = DIRECTION('',(1.,0.,0.));
#181 = ORIENTED_EDGE('',*,*,#182,.T.);
#182 = EDGE_CURVE('',#174,#183,#185,.T.);
#183 = VERTEX_POINT('',#184);
#184 = CARTESIAN_POINT('',(-43.,-10.,5.));
#185 = LINE('',#186,#187);
#186 = CARTESIAN_POINT('',(-43.,-10.,14.));
#187 = VECTOR('',#188,1.);
#188 = DIRECTION('',(0.,-2.22044604925E-16,-1.));
#189 = ORIENTED_EDGE('',*,*,#190,.T.);
#190 = EDGE_CURVE('',#183,#166,#191,.T.);
#191 = CIRCLE('',#192,3.);
#192 = AXIS2_PLACEMENT_3D('',#193,#194,#195);
#193 = CARTESIAN_POINT('',(-40.,-10.,5.));
#194 = DIRECTION('',(0.,-1.,2.22044604925E-16));
#195 = DIRECTION('',(1.,0.,0.));
#196 = FACE_BOUND('',#197,.F.);
#197 = EDGE_LOOP('',(#198,#208,#217,#225));
#198 = ORIENTED_EDGE('',*,*,#199,.F.);
#199 = EDGE_CURVE('',#200,#202,#204,.T.);
#200 = VERTEX_POINT('',#201);
#201 = CARTESIAN_POINT('',(-16.99999999999,-10.,14.00000000001));
#202 = VERTEX_POINT('',#203);
#203 = CARTESIAN_POINT('',(-16.99999999999,-10.,5.000000000058));
#204 = LINE('',#205,#206);
#205 = CARTESIAN_POINT('',(-16.99999999999,-10.,14.00000000001));
#206 = VECTOR('',#207,1.);
#207 = DIRECTION('',(1.585299792682E-12,-2.22044604925E-16,-1.));
#208 = ORIENTED_EDGE('',*,*,#209,.T.);
#209 = EDGE_CURVE('',#200,#210,#212,.T.);
#210 = VERTEX_POINT('',#211);
#211 = CARTESIAN_POINT('',(-23.,-10.,14.));
#212 = CIRCLE('',#213,3.);
#213 = AXIS2_PLACEMENT_3D('',#214,#215,#216);
#214 = CARTESIAN_POINT('',(-20.,-10.,14.));
#215 = DIRECTION('',(0.,-1.,2.22044604925E-16));
#216 = DIRECTION('',(1.,0.,0.));
#217 = ORIENTED_EDGE('',*,*,#218,.T.);
#218 = EDGE_CURVE('',#210,#219,#221,.T.);
#219 = VERTEX_POINT('',#220);
#220 = CARTESIAN_POINT('',(-23.,-10.,5.));
#221 = LINE('',#222,#223);
#222 = CARTESIAN_POINT('',(-23.,-10.,14.));
#223 = VECTOR('',#224,1.);
#224 = DIRECTION('',(0.,-2.22044604925E-16,-1.));
#225 = ORIENTED_EDGE('',*,*,#226,.T.);
#226 = EDGE_CURVE('',#219,#202,#227,.T.);
#227 = CIRCLE('',#228,3.);
#228 = AXIS2_PLACEMENT_3D('',#229,#230,#231);
#229 = CARTESIAN_POINT('',(-20.,-10.,5.));
#230 = DIRECTION('',(0.,-1.,2.22044604925E-16));
#231 = DIRECTION('',(1.,0.,0.));
#232 = FACE_BOUND('',#233,.F.);
#233 = EDGE_LOOP('',(#234,#244,#253,#261));
#234 = ORIENTED_EDGE('',*,*,#235,.F.);
#235 = EDGE_CURVE('',#236,#238,#240,.T.);
#236 = VERTEX_POINT('',#237);
#237 = CARTESIAN_POINT('',(3.000000000001,-10.,14.00000000001));
#238 = VERTEX_POINT('',#239);
#239 = CARTESIAN_POINT('',(3.000000000008,-10.,5.000000000058));
#240 = LINE('',#241,#242);
#241 = CARTESIAN_POINT('',(3.000000000002,-10.,14.00000000001));
#242 = VECTOR('',#243,1.);
#243 = DIRECTION('',(1.585299792682E-12,-2.22044604925E-16,-1.));
#244 = ORIENTED_EDGE('',*,*,#245,.T.);
#245 = EDGE_CURVE('',#236,#246,#248,.T.);
#246 = VERTEX_POINT('',#247);
#247 = CARTESIAN_POINT('',(-3.,-10.,14.));
#248 = CIRCLE('',#249,3.);
#249 = AXIS2_PLACEMENT_3D('',#250,#251,#252);
#250 = CARTESIAN_POINT('',(0.,-10.,14.));
#251 = DIRECTION('',(0.,-1.,2.22044604925E-16));
#252 = DIRECTION('',(1.,0.,0.));
#253 = ORIENTED_EDGE('',*,*,#254,.T.);
#254 = EDGE_CURVE('',#246,#255,#257,.T.);
#255 = VERTEX_POINT('',#256);
#256 = CARTESIAN_POINT('',(-3.,-10.,5.));
#257 = LINE('',#258,#259);
#258 = CARTESIAN_POINT('',(-3.,-10.,14.));
#259 = VECTOR('',#260,1.);
#260 = DIRECTION('',(0.,-2.22044604925E-16,-1.));
#261 = ORIENTED_EDGE('',*,*,#262,.T.);
#262 = EDGE_CURVE('',#255,#238,#263,.T.);
#263 = CIRCLE('',#264,3.);
#264 = AXIS2_PLACEMENT_3D('',#265,#266,#267);
#265 = CARTESIAN_POINT('',(0.,-10.,5.));
#266 = DIRECTION('',(0.,-1.,2.22044604925E-16));
#267 = DIRECTION('',(1.,0.,0.));
#268 = FACE_BOUND('',#269,.F.);
#269 = EDGE_LOOP('',(#270,#280,#289,#297));
#270 = ORIENTED_EDGE('',*,*,#271,.F.);
#271 = EDGE_CURVE('',#272,#274,#276,.T.);
#272 = VERTEX_POINT('',#273);
#273 = CARTESIAN_POINT('',(23.000000000001,-10.,14.00000000001));
#274 = VERTEX_POINT('',#275);
#275 = CARTESIAN_POINT('',(23.000000000008,-10.,5.000000000058));
#276 = LINE('',#277,#278);
#277 = CARTESIAN_POINT('',(23.000000000002,-10.,14.00000000001));
#278 = VECTOR('',#279,1.);
#279 = DIRECTION('',(1.585299792682E-12,-2.22044604925E-16,-1.));
#280 = ORIENTED_EDGE('',*,*,#281,.T.);
#281 = EDGE_CURVE('',#272,#282,#284,.T.);
#282 = VERTEX_POINT('',#283);
#283 = CARTESIAN_POINT('',(17.,-10.,14.));
#284 = CIRCLE('',#285,3.);
#285 = AXIS2_PLACEMENT_3D('',#286,#287,#288);
#286 = CARTESIAN_POINT('',(20.,-10.,14.));
#287 = DIRECTION('',(0.,-1.,2.22044604925E-16));
#288 = DIRECTION('',(1.,0.,0.));
#289 = ORIENTED_EDGE('',*,*,#290,.T.);
#290 = EDGE_CURVE('',#282,#291,#293,.T.);
#291 = VERTEX_POINT('',#292);
#292 = CARTESIAN_POINT('',(17.,-10.,5.));
#293 = LINE('',#294,#295);
#294 = CARTESIAN_POINT('',(17.,-10.,14.));
#295 = VECTOR('',#296,1.);
#296 = DIRECTION('',(0.,-2.22044604925E-16,-1.));
#297 = ORIENTED_EDGE('',*,*,#298,.T.);
#298 = EDGE_CURVE('',#291,#274,#299,.T.);
#299 = CIRCLE('',#300,3.);
#300 = AXIS2_PLACEMENT_3D('',#301,#302,#303);
#301 = CARTESIAN_POINT('',(20.,-10.,5.));
#302 = DIRECTION('',(0.,-1.,2.22044604925E-16));
#303 = DIRECTION('',(1.,0.,0.));
#304 = FACE_BOUND('',#305,.F.);
#305 = EDGE_LOOP('',(#306,#316,#325,#333));
#306 = ORIENTED_EDGE('',*,*,#307,.F.);
#307 = EDGE_CURVE('',#308,#310,#312,.T.);
#308 = VERTEX_POINT('',#309);
#309 = CARTESIAN_POINT('',(43.000000000001,-10.,14.00000000001));
#310 = VERTEX_POINT('',#311);
#311 = CARTESIAN_POINT('',(43.000000000008,-10.,5.000000000058));
#312 = LINE('',#313,#314);
#313 = CARTESIAN_POINT('',(43.000000000002,-10.,14.00000000001));
#314 = VECTOR('',#315,1.);
#315 = DIRECTION('',(1.585299792682E-12,-2.22044604925E-16,-1.));
#316 = ORIENTED_EDGE('',*,*,#317,.T.);
#317 = EDGE_CURVE('',#308,#318,#320,.T.);
#318 = VERTEX_POINT('',#319);
#319 = CARTESIAN_POINT('',(37.,-10.,14.));
#320 = CIRCLE('',#321,3.);
#321 = AXIS2_PLACEMENT_3D('',#322,#323,#324);
#322 = CARTESIAN_POINT('',(40.,-10.,14.));
#323 = DIRECTION('',(0.,-1.,2.22044604925E-16));
#324 = DIRECTION('',(1.,0.,0.));
#325 = ORIENTED_EDGE('',*,*,#326,.T.);
#326 = EDGE_CURVE('',#318,#327,#329,.T.);
#327 = VERTEX_POINT('',#328);
#328 = CARTESIAN_POINT('',(37.,-10.,5.));
#329 = LINE('',#330,#331);
#330 = CARTESIAN_POINT('',(37.,-10.,14.));
#331 = VECTOR('',#332,1.);
#332 = DIRECTION('',(0.,-2.22044604925E-16,-1.));
#333 = ORIENTED_EDGE('',*,*,#334,.T.);
#334 = EDGE_CURVE('',#327,#310,#335,.T.);
#335 = CIRCLE('',#336,3.);
#336 = AXIS2_PLACEMENT_3D('',#337,#338,#339);
#337 = CARTESIAN_POINT('',(40.,-10.,5.));
#338 = DIRECTION('',(0.,-1.,2.22044604925E-16));
#339 = DIRECTION('',(1.,0.,0.));
#340 = FACE_BOUND('',#341,.F.);
#341 = EDGE_LOOP('',(#342,#352,#361,#369));
#342 = ORIENTED_EDGE('',*,*,#343,.F.);
#343 = EDGE_CURVE('',#344,#346,#348,.T.);
#344 = VERTEX_POINT('',#345);
#345 = CARTESIAN_POINT('',(63.000000000001,-10.,14.00000000001));
#346 = VERTEX_POINT('',#347);
#347 = CARTESIAN_POINT('',(63.000000000008,-10.,5.000000000058));
#348 = LINE('',#349,#350);
#349 = CARTESIAN_POINT('',(63.000000000002,-10.,14.00000000001));
#350 = VECTOR('',#351,1.);
#351 = DIRECTION('',(1.585299792682E-12,-2.22044604925E-16,-1.));
#352 = ORIENTED_EDGE('',*,*,#353,.T.);
#353 = EDGE_CURVE('',#344,#354,#356,.T.);
#354 = VERTEX_POINT('',#355);
#355 = CARTESIAN_POINT('',(57.,-10.,14.));
#356 = CIRCLE('',#357,3.);
#357 = AXIS2_PLACEMENT_3D('',#358,#359,#360);
#358 = CARTESIAN_POINT('',(60.,-10.,14.));
#359 = DIRECTION('',(0.,-1.,2.22044604925E-16));
#360 = DIRECTION('',(1.,0.,0.));
#361 = ORIENTED_EDGE('',*,*,#362,.T.);
#362 = EDGE_CURVE('',#354,#363,#365,.T.);
#363 = VERTEX_POINT('',#364);
#364 = CARTESIAN_POINT('',(57.,-10.,5.));
#365 = LINE('',#366,#367);
#366 = CARTESIAN_POINT('',(57.,-10.,14.));
#367 = VECTOR('',#368,1.);
#368 = DIRECTION('',(0.,-2.22044604925E-16,-1.));
#369 = ORIENTED_EDGE('',*,*,#370,.T.);
#370 = EDGE_CURVE('',#363,#346,#371,.T.);
#371 = CIRCLE('',#372,3.);
#372 = AXIS2_PLACEMENT_3D('',#373,#374,#375);
#373 = CARTESIAN_POINT('',(60.,-10.,5.));
#374 = DIRECTION('',(0.,-1.,2.22044604925E-16));
#375 = DIRECTION('',(1.,0.,0.));
#376 = FACE_BOUND('',#377,.F.);
#377 = EDGE_LOOP('',(#378,#388,#397,#405));
#378 = ORIENTED_EDGE('',*,*,#379,.F.);
#379 = EDGE_CURVE('',#380,#382,#384,.T.);
#380 = VERTEX_POINT('',#381);
#381 = CARTESIAN_POINT('',(83.000000000001,-10.,14.00000000001));
#382 = VERTEX_POINT('',#383);
#383 = CARTESIAN_POINT('',(83.000000000008,-10.,5.000000000058));
#384 = LINE('',#385,#386);
#385 = CARTESIAN_POINT('',(83.000000000002,-10.,14.00000000001));
#386 = VECTOR('',#387,1.);
#387 = DIRECTION('',(1.585299792682E-12,-2.22044604925E-16,-1.));
#388 = ORIENTED_EDGE('',*,*,#389,.T.);
#389 = EDGE_CURVE('',#380,#390,#392,.T.);
#390 = VERTEX_POINT('',#391);
#391 = CARTESIAN_POINT('',(77.,-10.,14.));
#392 = CIRCLE('',#393,3.);
#393 = AXIS2_PLACEMENT_3D('',#394,#395,#396);
#394 = CARTESIAN_POINT('',(80.,-10.,14.));
#395 = DIRECTION('',(0.,-1.,2.22044604925E-16));
#396 = DIRECTION('',(1.,0.,0.));
#397 = ORIENTED_EDGE('',*,*,#398,.T.);
#398 = EDGE_CURVE('',#390,#399,#401,.T.);
#399 = VERTEX_POINT('',#400);
#400 = CARTESIAN_POINT('',(77.,-10.,5.));
#401 = LINE('',#402,#403);
#402 = CARTESIAN_POINT('',(77.,-10.,14.));
#403 = VECTOR('',#404,1.);
#404 = DIRECTION('',(0.,-2.22044604925E-16,-1.));
#405 = ORIENTED_EDGE('',*,*,#406,.T.);
#406 = EDGE_CURVE('',#399,#382,#407,.T.);
#407 = CIRCLE('',#408,3.);
#408 = AXIS2_PLACEMENT_3D('',#409,#410,#411);
#409 = CARTESIAN_POINT('',(80.,-10.,5.));
#410 = DIRECTION('',(0.,-1.,2.22044604925E-16));
#411 = DIRECTION('',(1.,0.,0.));
#412 = FACE_BOUND('',#413,.F.);
#413 = EDGE_LOOP('',(#414,#424,#433,#441));
#414 = ORIENTED_EDGE('',*,*,#415,.F.);
#415 = EDGE_CURVE('',#416,#418,#420,.T.);
#416 = VERTEX_POINT('',#417);
#417 = CARTESIAN_POINT('',(103.,-10.,14.00000000001));
#418 = VERTEX_POINT('',#419);
#419 = CARTESIAN_POINT('',(103.,-10.,5.000000000058));
#420 = LINE('',#421,#422);
#421 = CARTESIAN_POINT('',(103.,-10.,14.00000000001));
#422 = VECTOR('',#423,1.);
#423 = DIRECTION('',(1.585299792682E-12,-2.22044604925E-16,-1.));
#424 = ORIENTED_EDGE('',*,*,#425,.T.);
#425 = EDGE_CURVE('',#416,#426,#428,.T.);
#426 = VERTEX_POINT('',#427);
#427 = CARTESIAN_POINT('',(97.,-10.,14.));
#428 = CIRCLE('',#429,3.);
#429 = AXIS2_PLACEMENT_3D('',#430,#431,#432);
#430 = CARTESIAN_POINT('',(100.,-10.,14.));
#431 = DIRECTION('',(0.,-1.,2.22044604925E-16));
#432 = DIRECTION('',(1.,0.,0.));
#433 = ORIENTED_EDGE('',*,*,#434,.T.);
#434 = EDGE_CURVE('',#426,#435,#437,.T.);
#435 = VERTEX_POINT('',#436);
#436 = CARTESIAN_POINT('',(97.,-10.,5.));
#437 = LINE('',#438,#439);
#438 = CARTESIAN_POINT('',(97.,-10.,14.));
#439 = VECTOR('',#440,1.);
#440 = DIRECTION('',(0.,-2.22044604925E-16,-1.));
#441 = ORIENTED_EDGE('',*,*,#442,.T.);
#442 = EDGE_CURVE('',#435,#418,#443,.T.);
#443 = CIRCLE('',#444,3.);
#444 = AXIS2_PLACEMENT_3D('',#445,#446,#447);
#445 = CARTESIAN_POINT('',(100.,-10.,5.));
#446 = DIRECTION('',(0.,-1.,2.22044604925E-16));
#447 = DIRECTION('',(1.,0.,0.));
#448 = PLANE('',#449);
#449 = AXIS2_PLACEMENT_3D('',#450,#451,#452);
#450 = CARTESIAN_POINT('',(-125.,-10.,0.));
#451 = DIRECTION('',(0.,1.,0.));
#452 = DIRECTION('',(1.,0.,0.));
#453 = ADVANCED_FACE('',(#454,#511,#522),#533,.F.);
#454 = FACE_BOUND('',#455,.F.);
#455 = EDGE_LOOP('',(#456,#457,#465,#473,#481,#489,#497,#505));
#456 = ORIENTED_EDGE('',*,*,#21,.T.);
#457 = ORIENTED_EDGE('',*,*,#458,.T.);
#458 = EDGE_CURVE('',#24,#459,#461,.T.);
#459 = VERTEX_POINT('',#460);
#460 = CARTESIAN_POINT('',(125.,-8.,0.));
#461 = LINE('',#462,#463);
#462 = CARTESIAN_POINT('',(95.25,-37.75,0.));
#463 = VECTOR('',#464,1.);
#464 = DIRECTION('',(0.707106781187,0.707106781187,0.));
#465 = ORIENTED_EDGE('',*,*,#466,.T.);
#466 = EDGE_CURVE('',#459,#467,#469,.T.);
#467 = VERTEX_POINT('',#468);
#468 = CARTESIAN_POINT('',(125.,8.,0.));
#469 = LINE('',#470,#471);
#470 = CARTESIAN_POINT('',(125.,-10.,0.));
#471 = VECTOR('',#472,1.);
#472 = DIRECTION('',(0.,1.,0.));
#473 = ORIENTED_EDGE('',*,*,#474,.T.);
#474 = EDGE_CURVE('',#467,#475,#477,.T.);
#475 = VERTEX_POINT('',#476);
#476 = CARTESIAN_POINT('',(123.,10.,0.));
#477 = LINE('',#478,#479);
#478 = CARTESIAN_POINT('',(95.25,37.75,0.));
#479 = VECTOR('',#480,1.);
#480 = DIRECTION('',(-0.707106781187,0.707106781187,0.));
#481 = ORIENTED_EDGE('',*,*,#482,.T.);
#482 = EDGE_CURVE('',#475,#483,#485,.T.);
#483 = VERTEX_POINT('',#484);
#484 = CARTESIAN_POINT('',(-123.,10.,0.));
#485 = LINE('',#486,#487);
#486 = CARTESIAN_POINT('',(125.,10.,0.));
#487 = VECTOR('',#488,1.);
#488 = DIRECTION('',(-1.,0.,0.));
#489 = ORIENTED_EDGE('',*,*,#490,.F.);
#490 = EDGE_CURVE('',#491,#483,#493,.T.);
#491 = VERTEX_POINT('',#492);
#492 = CARTESIAN_POINT('',(-125.,8.,0.));
#493 = LINE('',#494,#495);
#494 = CARTESIAN_POINT('',(-95.25,37.75,0.));
#495 = VECTOR('',#496,1.);
#496 = DIRECTION('',(0.707106781187,0.707106781187,0.));
#497 = ORIENTED_EDGE('',*,*,#498,.T.);
#498 = EDGE_CURVE('',#491,#499,#501,.T.);
#499 = VERTEX_POINT('',#500);
#500 = CARTESIAN_POINT('',(-125.,-8.,0.));
#501 = LINE('',#502,#503);
#502 = CARTESIAN_POINT('',(-125.,10.,0.));
#503 = VECTOR('',#504,1.);
#504 = DIRECTION('',(0.,-1.,0.));
#505 = ORIENTED_EDGE('',*,*,#506,.F.);
#506 = EDGE_CURVE('',#22,#499,#507,.T.);
#507 = LINE('',#508,#509);
#508 = CARTESIAN_POINT('',(-95.25,-37.75,0.));
#509 = VECTOR('',#510,1.);
#510 = DIRECTION('',(-0.707106781187,0.707106781187,0.));
#511 = FACE_BOUND('',#512,.F.);
#512 = EDGE_LOOP('',(#513));
#513 = ORIENTED_EDGE('',*,*,#514,.T.);
#514 = EDGE_CURVE('',#515,#515,#517,.T.);
#515 = VERTEX_POINT('',#516);
#516 = CARTESIAN_POINT('',(-113.4,0.,0.));
#517 = CIRCLE('',#518,1.6);
#518 = AXIS2_PLACEMENT_3D('',#519,#520,#521);
#519 = CARTESIAN_POINT('',(-115.,0.,0.));
#520 = DIRECTION('',(0.,0.,-1.));
#521 = DIRECTION('',(1.,0.,0.));
#522 = FACE_BOUND('',#523,.F.);
#523 = EDGE_LOOP('',(#524));
#524 = ORIENTED_EDGE('',*,*,#525,.T.);
#525 = EDGE_CURVE('',#526,#526,#528,.T.);
#526 = VERTEX_POINT('',#527);
#527 = CARTESIAN_POINT('',(116.6,0.,0.));
#528 = CIRCLE('',#529,1.6);
#529 = AXIS2_PLACEMENT_3D('',#530,#531,#532);
#530 = CARTESIAN_POINT('',(115.,0.,0.));
#531 = DIRECTION('',(0.,0.,-1.));
#532 = DIRECTION('',(1.,0.,0.));
#533 = PLANE('',#534);
#534 = AXIS2_PLACEMENT_3D('',#535,#536,#537);
#535 = CARTESIAN_POINT('',(0.,0.,0.));
#536 = DIRECTION('',(0.,0.,1.));
#537 = DIRECTION('',(1.,0.,0.));
#538 = ADVANCED_FACE('',(#539),#557,.T.);
#539 = FACE_BOUND('',#540,.T.);
#540 = EDGE_LOOP('',(#541,#542,#543,#551));
#541 = ORIENTED_EDGE('',*,*,#506,.F.);
#542 = ORIENTED_EDGE('',*,*,#31,.T.);
#543 = ORIENTED_EDGE('',*,*,#544,.F.);
#544 = EDGE_CURVE('',#545,#32,#547,.T.);
#545 = VERTEX_POINT('',#546);
#546 = CARTESIAN_POINT('',(-125.,-8.,28.));
#547 = LINE('',#548,#549);
#548 = CARTESIAN_POINT('',(-124.5,-8.5,28.));
#549 = VECTOR('',#550,1.);
#550 = DIRECTION('',(0.707106781187,-0.707106781187,-1.009555410351E-14)
  );
#551 = ORIENTED_EDGE('',*,*,#552,.F.);
#552 = EDGE_CURVE('',#499,#545,#553,.T.);
#553 = LINE('',#554,#555);
#554 = CARTESIAN_POINT('',(-125.,-8.,0.));
#555 = VECTOR('',#556,1.);
#556 = DIRECTION('',(0.,0.,1.));
#557 = PLANE('',#558);
#558 = AXIS2_PLACEMENT_3D('',#559,#560,#561);
#559 = CARTESIAN_POINT('',(-124.,-9.,0.));
#560 = DIRECTION('',(-0.707106781187,-0.707106781187,0.));
#561 = DIRECTION('',(0.,0.,1.));
#562 = ADVANCED_FACE('',(#563),#581,.T.);
#563 = FACE_BOUND('',#564,.F.);
#564 = EDGE_LOOP('',(#565,#566,#567,#575));
#565 = ORIENTED_EDGE('',*,*,#458,.F.);
#566 = ORIENTED_EDGE('',*,*,#47,.T.);
#567 = ORIENTED_EDGE('',*,*,#568,.F.);
#568 = EDGE_CURVE('',#569,#40,#571,.T.);
#569 = VERTEX_POINT('',#570);
#570 = CARTESIAN_POINT('',(125.,-8.,28.));
#571 = LINE('',#572,#573);
#572 = CARTESIAN_POINT('',(124.5,-8.5,28.));
#573 = VECTOR('',#574,1.);
#574 = DIRECTION('',(-0.707106781187,-0.707106781187,-4.326666044363E-15
    ));
#575 = ORIENTED_EDGE('',*,*,#576,.F.);
#576 = EDGE_CURVE('',#459,#569,#577,.T.);
#577 = LINE('',#578,#579);
#578 = CARTESIAN_POINT('',(125.,-8.,0.));
#579 = VECTOR('',#580,1.);
#580 = DIRECTION('',(0.,0.,1.));
#581 = PLANE('',#582);
#582 = AXIS2_PLACEMENT_3D('',#583,#584,#585);
#583 = CARTESIAN_POINT('',(124.,-9.,0.));
#584 = DIRECTION('',(0.707106781187,-0.707106781187,0.));
#585 = DIRECTION('',(-0.,-0.,-1.));
#586 = ADVANCED_FACE('',(#587),#612,.F.);
#587 = FACE_BOUND('',#588,.T.);
#588 = EDGE_LOOP('',(#589,#590,#598,#606));
#589 = ORIENTED_EDGE('',*,*,#39,.T.);
#590 = ORIENTED_EDGE('',*,*,#591,.F.);
#591 = EDGE_CURVE('',#592,#40,#594,.T.);
#592 = VERTEX_POINT('',#593);
#593 = CARTESIAN_POINT('',(123.,-8.,30.));
#594 = LINE('',#595,#596);
#595 = CARTESIAN_POINT('',(123.,-9.,29.));
#596 = VECTOR('',#597,1.);
#597 = DIRECTION('',(1.634518283426E-15,-0.707106781187,-0.707106781187)
  );
#598 = ORIENTED_EDGE('',*,*,#599,.F.);
#599 = EDGE_CURVE('',#600,#592,#602,.T.);
#600 = VERTEX_POINT('',#601);
#601 = CARTESIAN_POINT('',(-123.,-8.,30.));
#602 = LINE('',#603,#604);
#603 = CARTESIAN_POINT('',(-125.,-8.,30.));
#604 = VECTOR('',#605,1.);
#605 = DIRECTION('',(1.,0.,0.));
#606 = ORIENTED_EDGE('',*,*,#607,.T.);
#607 = EDGE_CURVE('',#600,#32,#608,.T.);
#608 = LINE('',#609,#610);
#609 = CARTESIAN_POINT('',(-123.,-9.,29.));
#610 = VECTOR('',#611,1.);
#611 = DIRECTION('',(3.653629104129E-15,-0.707106781187,-0.707106781187)
  );
#612 = PLANE('',#613);
#613 = AXIS2_PLACEMENT_3D('',#614,#615,#616);
#614 = CARTESIAN_POINT('',(-125.,-9.,29.));
#615 = DIRECTION('',(0.,0.707106781187,-0.707106781187));
#616 = DIRECTION('',(-1.,-0.,-0.));
#617 = ADVANCED_FACE('',(#618),#643,.T.);
#618 = FACE_BOUND('',#619,.T.);
#619 = EDGE_LOOP('',(#620,#621,#629,#637));
#620 = ORIENTED_EDGE('',*,*,#55,.F.);
#621 = ORIENTED_EDGE('',*,*,#622,.T.);
#622 = EDGE_CURVE('',#56,#623,#625,.T.);
#623 = VERTEX_POINT('',#624);
#624 = CARTESIAN_POINT('',(-96.99999999999,10.,14.00000000001));
#625 = LINE('',#626,#627);
#626 = CARTESIAN_POINT('',(-96.99999999999,-10.,14.00000000001));
#627 = VECTOR('',#628,1.);
#628 = DIRECTION('',(0.,1.,-2.22044604925E-16));
#629 = ORIENTED_EDGE('',*,*,#630,.T.);
#630 = EDGE_CURVE('',#623,#631,#633,.T.);
#631 = VERTEX_POINT('',#632);
#632 = CARTESIAN_POINT('',(-96.99999999999,10.,5.000000000058));
#633 = LINE('',#634,#635);
#634 = CARTESIAN_POINT('',(-96.99999999998,10.,6.999999999829));
#635 = VECTOR('',#636,1.);
#636 = DIRECTION('',(1.585299792682E-12,0.,-1.));
#637 = ORIENTED_EDGE('',*,*,#638,.F.);
#638 = EDGE_CURVE('',#58,#631,#639,.T.);
#639 = LINE('',#640,#641);
#640 = CARTESIAN_POINT('',(-96.99999999999,-10.,5.000000000058));
#641 = VECTOR('',#642,1.);
#642 = DIRECTION('',(0.,1.,-2.22044604925E-16));
#643 = PLANE('',#644);
#644 = AXIS2_PLACEMENT_3D('',#645,#646,#647);
#645 = CARTESIAN_POINT('',(-96.99999999999,-10.,14.00000000001));
#646 = DIRECTION('',(-1.,-3.520072661538E-28,-1.585299792682E-12));
#647 = DIRECTION('',(1.585299792682E-12,-2.22044604925E-16,-1.));
#648 = ADVANCED_FACE('',(#649),#668,.F.);
#649 = FACE_BOUND('',#650,.F.);
#650 = EDGE_LOOP('',(#651,#652,#653,#662));
#651 = ORIENTED_EDGE('',*,*,#65,.F.);
#652 = ORIENTED_EDGE('',*,*,#622,.T.);
#653 = ORIENTED_EDGE('',*,*,#654,.T.);
#654 = EDGE_CURVE('',#623,#655,#657,.T.);
#655 = VERTEX_POINT('',#656);
#656 = CARTESIAN_POINT('',(-103.,10.,14.));
#657 = CIRCLE('',#658,3.);
#658 = AXIS2_PLACEMENT_3D('',#659,#660,#661);
#659 = CARTESIAN_POINT('',(-100.,10.,14.));
#660 = DIRECTION('',(0.,-1.,2.22044604925E-16));
#661 = DIRECTION('',(1.,0.,0.));
#662 = ORIENTED_EDGE('',*,*,#663,.F.);
#663 = EDGE_CURVE('',#66,#655,#664,.T.);
#664 = LINE('',#665,#666);
#665 = CARTESIAN_POINT('',(-103.,-10.,14.));
#666 = VECTOR('',#667,1.);
#667 = DIRECTION('',(0.,1.,-2.22044604925E-16));
#668 = CYLINDRICAL_SURFACE('',#669,3.);
#669 = AXIS2_PLACEMENT_3D('',#670,#671,#672);
#670 = CARTESIAN_POINT('',(-100.,-10.,14.));
#671 = DIRECTION('',(0.,-1.,2.22044604925E-16));
#672 = DIRECTION('',(1.,0.,0.));
#673 = ADVANCED_FACE('',(#674),#693,.F.);
#674 = FACE_BOUND('',#675,.F.);
#675 = EDGE_LOOP('',(#676,#677,#685,#692));
#676 = ORIENTED_EDGE('',*,*,#82,.F.);
#677 = ORIENTED_EDGE('',*,*,#678,.T.);
#678 = EDGE_CURVE('',#75,#679,#681,.T.);
#679 = VERTEX_POINT('',#680);
#680 = CARTESIAN_POINT('',(-103.,10.,5.));
#681 = LINE('',#682,#683);
#682 = CARTESIAN_POINT('',(-103.,-10.,5.));
#683 = VECTOR('',#684,1.);
#684 = DIRECTION('',(0.,1.,-2.22044604925E-16));
#685 = ORIENTED_EDGE('',*,*,#686,.T.);
#686 = EDGE_CURVE('',#679,#631,#687,.T.);
#687 = CIRCLE('',#688,3.);
#688 = AXIS2_PLACEMENT_3D('',#689,#690,#691);
#689 = CARTESIAN_POINT('',(-100.,10.,5.));
#690 = DIRECTION('',(0.,-1.,2.22044604925E-16));
#691 = DIRECTION('',(1.,0.,0.));
#692 = ORIENTED_EDGE('',*,*,#638,.F.);
#693 = CYLINDRICAL_SURFACE('',#694,3.);
#694 = AXIS2_PLACEMENT_3D('',#695,#696,#697);
#695 = CARTESIAN_POINT('',(-100.,-10.,5.));
#696 = DIRECTION('',(0.,-1.,2.22044604925E-16));
#697 = DIRECTION('',(1.,0.,0.));
#698 = ADVANCED_FACE('',(#699),#710,.F.);
#699 = FACE_BOUND('',#700,.F.);
#700 = EDGE_LOOP('',(#701,#702,#703,#709));
#701 = ORIENTED_EDGE('',*,*,#74,.F.);
#702 = ORIENTED_EDGE('',*,*,#663,.T.);
#703 = ORIENTED_EDGE('',*,*,#704,.T.);
#704 = EDGE_CURVE('',#655,#679,#705,.T.);
#705 = LINE('',#706,#707);
#706 = CARTESIAN_POINT('',(-103.,10.,7.));
#707 = VECTOR('',#708,1.);
#708 = DIRECTION('',(0.,0.,-1.));
#709 = ORIENTED_EDGE('',*,*,#678,.F.);
#710 = PLANE('',#711);
#711 = AXIS2_PLACEMENT_3D('',#712,#713,#714);
#712 = CARTESIAN_POINT('',(-103.,-10.,14.));
#713 = DIRECTION('',(-1.,0.,0.));
#714 = DIRECTION('',(0.,-2.22044604925E-16,-1.));
#715 = ADVANCED_FACE('',(#716),#741,.T.);
#716 = FACE_BOUND('',#717,.T.);
#717 = EDGE_LOOP('',(#718,#719,#727,#735));
#718 = ORIENTED_EDGE('',*,*,#91,.F.);
#719 = ORIENTED_EDGE('',*,*,#720,.T.);
#720 = EDGE_CURVE('',#92,#721,#723,.T.);
#721 = VERTEX_POINT('',#722);
#722 = CARTESIAN_POINT('',(-76.99999999999,10.,14.00000000001));
#723 = LINE('',#724,#725);
#724 = CARTESIAN_POINT('',(-76.99999999999,-10.,14.00000000001));
#725 = VECTOR('',#726,1.);
#726 = DIRECTION('',(0.,1.,-2.22044604925E-16));
#727 = ORIENTED_EDGE('',*,*,#728,.T.);
#728 = EDGE_CURVE('',#721,#729,#731,.T.);
#729 = VERTEX_POINT('',#730);
#730 = CARTESIAN_POINT('',(-76.99999999999,10.,5.000000000058));
#731 = LINE('',#732,#733);
#732 = CARTESIAN_POINT('',(-76.99999999998,10.,6.999999999845));
#733 = VECTOR('',#734,1.);
#734 = DIRECTION('',(1.585299792682E-12,0.,-1.));
#735 = ORIENTED_EDGE('',*,*,#736,.F.);
#736 = EDGE_CURVE('',#94,#729,#737,.T.);
#737 = LINE('',#738,#739);
#738 = CARTESIAN_POINT('',(-76.99999999999,-10.,5.000000000058));
#739 = VECTOR('',#740,1.);
#740 = DIRECTION('',(0.,1.,-2.22044604925E-16));
#741 = PLANE('',#742);
#742 = AXIS2_PLACEMENT_3D('',#743,#744,#745);
#743 = CARTESIAN_POINT('',(-76.99999999999,-10.,14.00000000001));
#744 = DIRECTION('',(-1.,-3.520072661538E-28,-1.585299792682E-12));
#745 = DIRECTION('',(1.585299792682E-12,-2.22044604925E-16,-1.));
#746 = ADVANCED_FACE('',(#747),#766,.F.);
#747 = FACE_BOUND('',#748,.F.);
#748 = EDGE_LOOP('',(#749,#750,#758,#765));
#749 = ORIENTED_EDGE('',*,*,#118,.F.);
#750 = ORIENTED_EDGE('',*,*,#751,.T.);
#751 = EDGE_CURVE('',#111,#752,#754,.T.);
#752 = VERTEX_POINT('',#753);
#753 = CARTESIAN_POINT('',(-83.,10.,5.));
#754 = LINE('',#755,#756);
#755 = CARTESIAN_POINT('',(-83.,-10.,5.));
#756 = VECTOR('',#757,1.);
#757 = DIRECTION('',(0.,1.,-2.22044604925E-16));
#758 = ORIENTED_EDGE('',*,*,#759,.T.);
#759 = EDGE_CURVE('',#752,#729,#760,.T.);
#760 = CIRCLE('',#761,3.);
#761 = AXIS2_PLACEMENT_3D('',#762,#763,#764);
#762 = CARTESIAN_POINT('',(-80.,10.,5.));
#763 = DIRECTION('',(0.,-1.,2.22044604925E-16));
#764 = DIRECTION('',(1.,0.,0.));
#765 = ORIENTED_EDGE('',*,*,#736,.F.);
#766 = CYLINDRICAL_SURFACE('',#767,3.);
#767 = AXIS2_PLACEMENT_3D('',#768,#769,#770);
#768 = CARTESIAN_POINT('',(-80.,-10.,5.));
#769 = DIRECTION('',(0.,-1.,2.22044604925E-16));
#770 = DIRECTION('',(1.,0.,0.));
#771 = ADVANCED_FACE('',(#772),#790,.F.);
#772 = FACE_BOUND('',#773,.F.);
#773 = EDGE_LOOP('',(#774,#775,#783,#789));
#774 = ORIENTED_EDGE('',*,*,#110,.F.);
#775 = ORIENTED_EDGE('',*,*,#776,.T.);
#776 = EDGE_CURVE('',#102,#777,#779,.T.);
#777 = VERTEX_POINT('',#778);
#778 = CARTESIAN_POINT('',(-83.,10.,14.));
#779 = LINE('',#780,#781);
#780 = CARTESIAN_POINT('',(-83.,-10.,14.));
#781 = VECTOR('',#782,1.);
#782 = DIRECTION('',(0.,1.,-2.22044604925E-16));
#783 = ORIENTED_EDGE('',*,*,#784,.T.);
#784 = EDGE_CURVE('',#777,#752,#785,.T.);
#785 = LINE('',#786,#787);
#786 = CARTESIAN_POINT('',(-83.,10.,7.));
#787 = VECTOR('',#788,1.);
#788 = DIRECTION('',(-0.,-0.,-1.));
#789 = ORIENTED_EDGE('',*,*,#751,.F.);
#790 = PLANE('',#791);
#791 = AXIS2_PLACEMENT_3D('',#792,#793,#794);
#792 = CARTESIAN_POINT('',(-83.,-10.,14.));
#793 = DIRECTION('',(-1.,0.,0.));
#794 = DIRECTION('',(0.,-2.22044604925E-16,-1.));
#795 = ADVANCED_FACE('',(#796),#808,.F.);
#796 = FACE_BOUND('',#797,.F.);
#797 = EDGE_LOOP('',(#798,#799,#800,#807));
#798 = ORIENTED_EDGE('',*,*,#101,.F.);
#799 = ORIENTED_EDGE('',*,*,#720,.T.);
#800 = ORIENTED_EDGE('',*,*,#801,.T.);
#801 = EDGE_CURVE('',#721,#777,#802,.T.);
#802 = CIRCLE('',#803,3.);
#803 = AXIS2_PLACEMENT_3D('',#804,#805,#806);
#804 = CARTESIAN_POINT('',(-80.,10.,14.));
#805 = DIRECTION('',(0.,-1.,2.22044604925E-16));
#806 = DIRECTION('',(1.,0.,0.));
#807 = ORIENTED_EDGE('',*,*,#776,.F.);
#808 = CYLINDRICAL_SURFACE('',#809,3.);
#809 = AXIS2_PLACEMENT_3D('',#810,#811,#812);
#810 = CARTESIAN_POINT('',(-80.,-10.,14.));
#811 = DIRECTION('',(0.,-1.,2.22044604925E-16));
#812 = DIRECTION('',(1.,0.,0.));
#813 = ADVANCED_FACE('',(#814),#839,.T.);
#814 = FACE_BOUND('',#815,.T.);
#815 = EDGE_LOOP('',(#816,#817,#825,#833));
#816 = ORIENTED_EDGE('',*,*,#127,.F.);
#817 = ORIENTED_EDGE('',*,*,#818,.T.);
#818 = EDGE_CURVE('',#128,#819,#821,.T.);
#819 = VERTEX_POINT('',#820);
#820 = CARTESIAN_POINT('',(-56.99999999999,10.,14.00000000001));
#821 = LINE('',#822,#823);
#822 = CARTESIAN_POINT('',(-56.99999999999,-10.,14.00000000001));
#823 = VECTOR('',#824,1.);
#824 = DIRECTION('',(0.,1.,-2.22044604925E-16));
#825 = ORIENTED_EDGE('',*,*,#826,.T.);
#826 = EDGE_CURVE('',#819,#827,#829,.T.);
#827 = VERTEX_POINT('',#828);
#828 = CARTESIAN_POINT('',(-56.99999999999,10.,5.000000000058));
#829 = LINE('',#830,#831);
#830 = CARTESIAN_POINT('',(-56.99999999998,10.,6.999999999861));
#831 = VECTOR('',#832,1.);
#832 = DIRECTION('',(1.585299792682E-12,0.,-1.));
#833 = ORIENTED_EDGE('',*,*,#834,.F.);
#834 = EDGE_CURVE('',#130,#827,#835,.T.);
#835 = LINE('',#836,#837);
#836 = CARTESIAN_POINT('',(-56.99999999999,-10.,5.000000000058));
#837 = VECTOR('',#838,1.);
#838 = DIRECTION('',(0.,1.,-2.22044604925E-16));
#839 = PLANE('',#840);
#840 = AXIS2_PLACEMENT_3D('',#841,#842,#843);
#841 = CARTESIAN_POINT('',(-56.99999999999,-10.,14.00000000001));
#842 = DIRECTION('',(-1.,-3.520072661538E-28,-1.585299792682E-12));
#843 = DIRECTION('',(1.585299792682E-12,-2.22044604925E-16,-1.));
#844 = ADVANCED_FACE('',(#845),#864,.F.);
#845 = FACE_BOUND('',#846,.F.);
#846 = EDGE_LOOP('',(#847,#848,#856,#863));
#847 = ORIENTED_EDGE('',*,*,#154,.F.);
#848 = ORIENTED_EDGE('',*,*,#849,.T.);
#849 = EDGE_CURVE('',#147,#850,#852,.T.);
#850 = VERTEX_POINT('',#851);
#851 = CARTESIAN_POINT('',(-63.,10.,5.));
#852 = LINE('',#853,#854);
#853 = CARTESIAN_POINT('',(-63.,-10.,5.));
#854 = VECTOR('',#855,1.);
#855 = DIRECTION('',(0.,1.,-2.22044604925E-16));
#856 = ORIENTED_EDGE('',*,*,#857,.T.);
#857 = EDGE_CURVE('',#850,#827,#858,.T.);
#858 = CIRCLE('',#859,3.);
#859 = AXIS2_PLACEMENT_3D('',#860,#861,#862);
#860 = CARTESIAN_POINT('',(-60.,10.,5.));
#861 = DIRECTION('',(0.,-1.,2.22044604925E-16));
#862 = DIRECTION('',(1.,0.,0.));
#863 = ORIENTED_EDGE('',*,*,#834,.F.);
#864 = CYLINDRICAL_SURFACE('',#865,3.);
#865 = AXIS2_PLACEMENT_3D('',#866,#867,#868);
#866 = CARTESIAN_POINT('',(-60.,-10.,5.));
#867 = DIRECTION('',(0.,-1.,2.22044604925E-16));
#868 = DIRECTION('',(1.,0.,0.));
#869 = ADVANCED_FACE('',(#870),#888,.F.);
#870 = FACE_BOUND('',#871,.F.);
#871 = EDGE_LOOP('',(#872,#873,#881,#887));
#872 = ORIENTED_EDGE('',*,*,#146,.F.);
#873 = ORIENTED_EDGE('',*,*,#874,.T.);
#874 = EDGE_CURVE('',#138,#875,#877,.T.);
#875 = VERTEX_POINT('',#876);
#876 = CARTESIAN_POINT('',(-63.,10.,14.));
#877 = LINE('',#878,#879);
#878 = CARTESIAN_POINT('',(-63.,-10.,14.));
#879 = VECTOR('',#880,1.);
#880 = DIRECTION('',(0.,1.,-2.22044604925E-16));
#881 = ORIENTED_EDGE('',*,*,#882,.T.);
#882 = EDGE_CURVE('',#875,#850,#883,.T.);
#883 = LINE('',#884,#885);
#884 = CARTESIAN_POINT('',(-63.,10.,7.));
#885 = VECTOR('',#886,1.);
#886 = DIRECTION('',(-0.,-0.,-1.));
#887 = ORIENTED_EDGE('',*,*,#849,.F.);
#888 = PLANE('',#889);
#889 = AXIS2_PLACEMENT_3D('',#890,#891,#892);
#890 = CARTESIAN_POINT('',(-63.,-10.,14.));
#891 = DIRECTION('',(-1.,0.,0.));
#892 = DIRECTION('',(0.,-2.22044604925E-16,-1.));
#893 = ADVANCED_FACE('',(#894),#906,.F.);
#894 = FACE_BOUND('',#895,.F.);
#895 = EDGE_LOOP('',(#896,#897,#898,#905));
#896 = ORIENTED_EDGE('',*,*,#137,.F.);
#897 = ORIENTED_EDGE('',*,*,#818,.T.);
#898 = ORIENTED_EDGE('',*,*,#899,.T.);
#899 = EDGE_CURVE('',#819,#875,#900,.T.);
#900 = CIRCLE('',#901,3.);
#901 = AXIS2_PLACEMENT_3D('',#902,#903,#904);
#902 = CARTESIAN_POINT('',(-60.,10.,14.));
#903 = DIRECTION('',(0.,-1.,2.22044604925E-16));
#904 = DIRECTION('',(1.,0.,0.));
#905 = ORIENTED_EDGE('',*,*,#874,.F.);
#906 = CYLINDRICAL_SURFACE('',#907,3.);
#907 = AXIS2_PLACEMENT_3D('',#908,#909,#910);
#908 = CARTESIAN_POINT('',(-60.,-10.,14.));
#909 = DIRECTION('',(0.,-1.,2.22044604925E-16));
#910 = DIRECTION('',(1.,0.,0.));
#911 = ADVANCED_FACE('',(#912),#937,.T.);
#912 = FACE_BOUND('',#913,.T.);
#913 = EDGE_LOOP('',(#914,#915,#923,#931));
#914 = ORIENTED_EDGE('',*,*,#163,.F.);
#915 = ORIENTED_EDGE('',*,*,#916,.T.);
#916 = EDGE_CURVE('',#164,#917,#919,.T.);
#917 = VERTEX_POINT('',#918);
#918 = CARTESIAN_POINT('',(-36.99999999999,10.,14.00000000001));
#919 = LINE('',#920,#921);
#920 = CARTESIAN_POINT('',(-36.99999999999,-10.,14.00000000001));
#921 = VECTOR('',#922,1.);
#922 = DIRECTION('',(0.,1.,-2.22044604925E-16));
#923 = ORIENTED_EDGE('',*,*,#924,.T.);
#924 = EDGE_CURVE('',#917,#925,#927,.T.);
#925 = VERTEX_POINT('',#926);
#926 = CARTESIAN_POINT('',(-36.99999999999,10.,5.000000000058));
#927 = LINE('',#928,#929);
#928 = CARTESIAN_POINT('',(-36.99999999998,10.,6.999999999877));
#929 = VECTOR('',#930,1.);
#930 = DIRECTION('',(1.585299792682E-12,0.,-1.));
#931 = ORIENTED_EDGE('',*,*,#932,.F.);
#932 = EDGE_CURVE('',#166,#925,#933,.T.);
#933 = LINE('',#934,#935);
#934 = CARTESIAN_POINT('',(-36.99999999999,-10.,5.000000000058));
#935 = VECTOR('',#936,1.);
#936 = DIRECTION('',(0.,1.,-2.22044604925E-16));
#937 = PLANE('',#938);
#938 = AXIS2_PLACEMENT_3D('',#939,#940,#941);
#939 = CARTESIAN_POINT('',(-36.99999999999,-10.,14.00000000001));
#940 = DIRECTION('',(-1.,-3.520072661538E-28,-1.585299792682E-12));
#941 = DIRECTION('',(1.585299792682E-12,-2.22044604925E-16,-1.));
#942 = ADVANCED_FACE('',(#943),#962,.F.);
#943 = FACE_BOUND('',#944,.F.);
#944 = EDGE_LOOP('',(#945,#946,#954,#961));
#945 = ORIENTED_EDGE('',*,*,#190,.F.);
#946 = ORIENTED_EDGE('',*,*,#947,.T.);
#947 = EDGE_CURVE('',#183,#948,#950,.T.);
#948 = VERTEX_POINT('',#949);
#949 = CARTESIAN_POINT('',(-43.,10.,5.));
#950 = LINE('',#951,#952);
#951 = CARTESIAN_POINT('',(-43.,-10.,5.));
#952 = VECTOR('',#953,1.);
#953 = DIRECTION('',(0.,1.,-2.22044604925E-16));
#954 = ORIENTED_EDGE('',*,*,#955,.T.);
#955 = EDGE_CURVE('',#948,#925,#956,.T.);
#956 = CIRCLE('',#957,3.);
#957 = AXIS2_PLACEMENT_3D('',#958,#959,#960);
#958 = CARTESIAN_POINT('',(-40.,10.,5.));
#959 = DIRECTION('',(0.,-1.,2.22044604925E-16));
#960 = DIRECTION('',(1.,0.,0.));
#961 = ORIENTED_EDGE('',*,*,#932,.F.);
#962 = CYLINDRICAL_SURFACE('',#963,3.);
#963 = AXIS2_PLACEMENT_3D('',#964,#965,#966);
#964 = CARTESIAN_POINT('',(-40.,-10.,5.));
#965 = DIRECTION('',(0.,-1.,2.22044604925E-16));
#966 = DIRECTION('',(1.,0.,0.));
#967 = ADVANCED_FACE('',(#968),#986,.F.);
#968 = FACE_BOUND('',#969,.F.);
#969 = EDGE_LOOP('',(#970,#971,#979,#985));
#970 = ORIENTED_EDGE('',*,*,#182,.F.);
#971 = ORIENTED_EDGE('',*,*,#972,.T.);
#972 = EDGE_CURVE('',#174,#973,#975,.T.);
#973 = VERTEX_POINT('',#974);
#974 = CARTESIAN_POINT('',(-43.,10.,14.));
#975 = LINE('',#976,#977);
#976 = CARTESIAN_POINT('',(-43.,-10.,14.));
#977 = VECTOR('',#978,1.);
#978 = DIRECTION('',(0.,1.,-2.22044604925E-16));
#979 = ORIENTED_EDGE('',*,*,#980,.T.);
#980 = EDGE_CURVE('',#973,#948,#981,.T.);
#981 = LINE('',#982,#983);
#982 = CARTESIAN_POINT('',(-43.,10.,7.));
#983 = VECTOR('',#984,1.);
#984 = DIRECTION('',(-0.,-0.,-1.));
#985 = ORIENTED_EDGE('',*,*,#947,.F.);
#986 = PLANE('',#987);
#987 = AXIS2_PLACEMENT_3D('',#988,#989,#990);
#988 = CARTESIAN_POINT('',(-43.,-10.,14.));
#989 = DIRECTION('',(-1.,0.,0.));
#990 = DIRECTION('',(0.,-2.22044604925E-16,-1.));
#991 = ADVANCED_FACE('',(#992),#1004,.F.);
#992 = FACE_BOUND('',#993,.F.);
#993 = EDGE_LOOP('',(#994,#995,#996,#1003));
#994 = ORIENTED_EDGE('',*,*,#173,.F.);
#995 = ORIENTED_EDGE('',*,*,#916,.T.);
#996 = ORIENTED_EDGE('',*,*,#997,.T.);
#997 = EDGE_CURVE('',#917,#973,#998,.T.);
#998 = CIRCLE('',#999,3.);
#999 = AXIS2_PLACEMENT_3D('',#1000,#1001,#1002);
#1000 = CARTESIAN_POINT('',(-40.,10.,14.));
#1001 = DIRECTION('',(0.,-1.,2.22044604925E-16));
#1002 = DIRECTION('',(1.,0.,0.));
#1003 = ORIENTED_EDGE('',*,*,#972,.F.);
#1004 = CYLINDRICAL_SURFACE('',#1005,3.);
#1005 = AXIS2_PLACEMENT_3D('',#1006,#1007,#1008);
#1006 = CARTESIAN_POINT('',(-40.,-10.,14.));
#1007 = DIRECTION('',(0.,-1.,2.22044604925E-16));
#1008 = DIRECTION('',(1.,0.,0.));
#1009 = ADVANCED_FACE('',(#1010),#1035,.T.);
#1010 = FACE_BOUND('',#1011,.T.);
#1011 = EDGE_LOOP('',(#1012,#1013,#1021,#1029));
#1012 = ORIENTED_EDGE('',*,*,#199,.F.);
#1013 = ORIENTED_EDGE('',*,*,#1014,.T.);
#1014 = EDGE_CURVE('',#200,#1015,#1017,.T.);
#1015 = VERTEX_POINT('',#1016);
#1016 = CARTESIAN_POINT('',(-16.99999999999,10.,14.00000000001));
#1017 = LINE('',#1018,#1019);
#1018 = CARTESIAN_POINT('',(-16.99999999999,-10.,14.00000000001));
#1019 = VECTOR('',#1020,1.);
#1020 = DIRECTION('',(0.,1.,-2.22044604925E-16));
#1021 = ORIENTED_EDGE('',*,*,#1022,.T.);
#1022 = EDGE_CURVE('',#1015,#1023,#1025,.T.);
#1023 = VERTEX_POINT('',#1024);
#1024 = CARTESIAN_POINT('',(-16.99999999999,10.,5.000000000058));
#1025 = LINE('',#1026,#1027);
#1026 = CARTESIAN_POINT('',(-16.99999999998,10.,6.999999999893));
#1027 = VECTOR('',#1028,1.);
#1028 = DIRECTION('',(1.585299792682E-12,0.,-1.));
#1029 = ORIENTED_EDGE('',*,*,#1030,.F.);
#1030 = EDGE_CURVE('',#202,#1023,#1031,.T.);
#1031 = LINE('',#1032,#1033);
#1032 = CARTESIAN_POINT('',(-16.99999999999,-10.,5.000000000058));
#1033 = VECTOR('',#1034,1.);
#1034 = DIRECTION('',(0.,1.,-2.22044604925E-16));
#1035 = PLANE('',#1036);
#1036 = AXIS2_PLACEMENT_3D('',#1037,#1038,#1039);
#1037 = CARTESIAN_POINT('',(-16.99999999999,-10.,14.00000000001));
#1038 = DIRECTION('',(-1.,-3.520072661538E-28,-1.585299792682E-12));
#1039 = DIRECTION('',(1.585299792682E-12,-2.22044604925E-16,-1.));
#1040 = ADVANCED_FACE('',(#1041),#1060,.F.);
#1041 = FACE_BOUND('',#1042,.F.);
#1042 = EDGE_LOOP('',(#1043,#1044,#1052,#1059));
#1043 = ORIENTED_EDGE('',*,*,#226,.F.);
#1044 = ORIENTED_EDGE('',*,*,#1045,.T.);
#1045 = EDGE_CURVE('',#219,#1046,#1048,.T.);
#1046 = VERTEX_POINT('',#1047);
#1047 = CARTESIAN_POINT('',(-23.,10.,5.));
#1048 = LINE('',#1049,#1050);
#1049 = CARTESIAN_POINT('',(-23.,-10.,5.));
#1050 = VECTOR('',#1051,1.);
#1051 = DIRECTION('',(0.,1.,-2.22044604925E-16));
#1052 = ORIENTED_EDGE('',*,*,#1053,.T.);
#1053 = EDGE_CURVE('',#1046,#1023,#1054,.T.);
#1054 = CIRCLE('',#1055,3.);
#1055 = AXIS2_PLACEMENT_3D('',#1056,#1057,#1058);
#1056 = CARTESIAN_POINT('',(-20.,10.,5.));
#1057 = DIRECTION('',(0.,-1.,2.22044604925E-16));
#1058 = DIRECTION('',(1.,0.,0.));
#1059 = ORIENTED_EDGE('',*,*,#1030,.F.);
#1060 = CYLINDRICAL_SURFACE('',#1061,3.);
#1061 = AXIS2_PLACEMENT_3D('',#1062,#1063,#1064);
#1062 = CARTESIAN_POINT('',(-20.,-10.,5.));
#1063 = DIRECTION('',(0.,-1.,2.22044604925E-16));
#1064 = DIRECTION('',(1.,0.,0.));
#1065 = ADVANCED_FACE('',(#1066),#1084,.F.);
#1066 = FACE_BOUND('',#1067,.F.);
#1067 = EDGE_LOOP('',(#1068,#1069,#1077,#1083));
#1068 = ORIENTED_EDGE('',*,*,#218,.F.);
#1069 = ORIENTED_EDGE('',*,*,#1070,.T.);
#1070 = EDGE_CURVE('',#210,#1071,#1073,.T.);
#1071 = VERTEX_POINT('',#1072);
#1072 = CARTESIAN_POINT('',(-23.,10.,14.));
#1073 = LINE('',#1074,#1075);
#1074 = CARTESIAN_POINT('',(-23.,-10.,14.));
#1075 = VECTOR('',#1076,1.);
#1076 = DIRECTION('',(0.,1.,-2.22044604925E-16));
#1077 = ORIENTED_EDGE('',*,*,#1078,.T.);
#1078 = EDGE_CURVE('',#1071,#1046,#1079,.T.);
#1079 = LINE('',#1080,#1081);
#1080 = CARTESIAN_POINT('',(-23.,10.,7.));
#1081 = VECTOR('',#1082,1.);
#1082 = DIRECTION('',(-0.,-0.,-1.));
#1083 = ORIENTED_EDGE('',*,*,#1045,.F.);
#1084 = PLANE('',#1085);
#1085 = AXIS2_PLACEMENT_3D('',#1086,#1087,#1088);
#1086 = CARTESIAN_POINT('',(-23.,-10.,14.));
#1087 = DIRECTION('',(-1.,0.,0.));
#1088 = DIRECTION('',(0.,-2.22044604925E-16,-1.));
#1089 = ADVANCED_FACE('',(#1090),#1102,.F.);
#1090 = FACE_BOUND('',#1091,.F.);
#1091 = EDGE_LOOP('',(#1092,#1093,#1094,#1101));
#1092 = ORIENTED_EDGE('',*,*,#209,.F.);
#1093 = ORIENTED_EDGE('',*,*,#1014,.T.);
#1094 = ORIENTED_EDGE('',*,*,#1095,.T.);
#1095 = EDGE_CURVE('',#1015,#1071,#1096,.T.);
#1096 = CIRCLE('',#1097,3.);
#1097 = AXIS2_PLACEMENT_3D('',#1098,#1099,#1100);
#1098 = CARTESIAN_POINT('',(-20.,10.,14.));
#1099 = DIRECTION('',(0.,-1.,2.22044604925E-16));
#1100 = DIRECTION('',(1.,0.,0.));
#1101 = ORIENTED_EDGE('',*,*,#1070,.F.);
#1102 = CYLINDRICAL_SURFACE('',#1103,3.);
#1103 = AXIS2_PLACEMENT_3D('',#1104,#1105,#1106);
#1104 = CARTESIAN_POINT('',(-20.,-10.,14.));
#1105 = DIRECTION('',(0.,-1.,2.22044604925E-16));
#1106 = DIRECTION('',(1.,0.,0.));
#1107 = ADVANCED_FACE('',(#1108),#1133,.T.);
#1108 = FACE_BOUND('',#1109,.T.);
#1109 = EDGE_LOOP('',(#1110,#1111,#1119,#1127));
#1110 = ORIENTED_EDGE('',*,*,#235,.F.);
#1111 = ORIENTED_EDGE('',*,*,#1112,.T.);
#1112 = EDGE_CURVE('',#236,#1113,#1115,.T.);
#1113 = VERTEX_POINT('',#1114);
#1114 = CARTESIAN_POINT('',(3.000000000001,10.,14.00000000001));
#1115 = LINE('',#1116,#1117);
#1116 = CARTESIAN_POINT('',(3.000000000001,-10.,14.00000000001));
#1117 = VECTOR('',#1118,1.);
#1118 = DIRECTION('',(0.,1.,-2.22044604925E-16));
#1119 = ORIENTED_EDGE('',*,*,#1120,.T.);
#1120 = EDGE_CURVE('',#1113,#1121,#1123,.T.);
#1121 = VERTEX_POINT('',#1122);
#1122 = CARTESIAN_POINT('',(3.000000000008,10.,5.000000000058));
#1123 = LINE('',#1124,#1125);
#1124 = CARTESIAN_POINT('',(3.000000000013,10.,6.999999999908));
#1125 = VECTOR('',#1126,1.);
#1126 = DIRECTION('',(1.585299792682E-12,0.,-1.));
#1127 = ORIENTED_EDGE('',*,*,#1128,.F.);
#1128 = EDGE_CURVE('',#238,#1121,#1129,.T.);
#1129 = LINE('',#1130,#1131);
#1130 = CARTESIAN_POINT('',(3.000000000008,-10.,5.000000000058));
#1131 = VECTOR('',#1132,1.);
#1132 = DIRECTION('',(0.,1.,-2.22044604925E-16));
#1133 = PLANE('',#1134);
#1134 = AXIS2_PLACEMENT_3D('',#1135,#1136,#1137);
#1135 = CARTESIAN_POINT('',(3.000000000002,-10.,14.00000000001));
#1136 = DIRECTION('',(-1.,-3.520072661538E-28,-1.585299792682E-12));
#1137 = DIRECTION('',(1.585299792682E-12,-2.22044604925E-16,-1.));
#1138 = ADVANCED_FACE('',(#1139),#1158,.F.);
#1139 = FACE_BOUND('',#1140,.F.);
#1140 = EDGE_LOOP('',(#1141,#1142,#1150,#1157));
#1141 = ORIENTED_EDGE('',*,*,#262,.F.);
#1142 = ORIENTED_EDGE('',*,*,#1143,.T.);
#1143 = EDGE_CURVE('',#255,#1144,#1146,.T.);
#1144 = VERTEX_POINT('',#1145);
#1145 = CARTESIAN_POINT('',(-3.,10.,5.));
#1146 = LINE('',#1147,#1148);
#1147 = CARTESIAN_POINT('',(-3.,-10.,5.));
#1148 = VECTOR('',#1149,1.);
#1149 = DIRECTION('',(0.,1.,-2.22044604925E-16));
#1150 = ORIENTED_EDGE('',*,*,#1151,.T.);
#1151 = EDGE_CURVE('',#1144,#1121,#1152,.T.);
#1152 = CIRCLE('',#1153,3.);
#1153 = AXIS2_PLACEMENT_3D('',#1154,#1155,#1156);
#1154 = CARTESIAN_POINT('',(0.,10.,5.));
#1155 = DIRECTION('',(0.,-1.,2.22044604925E-16));
#1156 = DIRECTION('',(1.,0.,0.));
#1157 = ORIENTED_EDGE('',*,*,#1128,.F.);
#1158 = CYLINDRICAL_SURFACE('',#1159,3.);
#1159 = AXIS2_PLACEMENT_3D('',#1160,#1161,#1162);
#1160 = CARTESIAN_POINT('',(0.,-10.,5.));
#1161 = DIRECTION('',(0.,-1.,2.22044604925E-16));
#1162 = DIRECTION('',(1.,0.,0.));
#1163 = ADVANCED_FACE('',(#1164),#1182,.F.);
#1164 = FACE_BOUND('',#1165,.F.);
#1165 = EDGE_LOOP('',(#1166,#1167,#1175,#1181));
#1166 = ORIENTED_EDGE('',*,*,#254,.F.);
#1167 = ORIENTED_EDGE('',*,*,#1168,.T.);
#1168 = EDGE_CURVE('',#246,#1169,#1171,.T.);
#1169 = VERTEX_POINT('',#1170);
#1170 = CARTESIAN_POINT('',(-3.,10.,14.));
#1171 = LINE('',#1172,#1173);
#1172 = CARTESIAN_POINT('',(-3.,-10.,14.));
#1173 = VECTOR('',#1174,1.);
#1174 = DIRECTION('',(0.,1.,-2.22044604925E-16));
#1175 = ORIENTED_EDGE('',*,*,#1176,.T.);
#1176 = EDGE_CURVE('',#1169,#1144,#1177,.T.);
#1177 = LINE('',#1178,#1179);
#1178 = CARTESIAN_POINT('',(-3.,10.,7.));
#1179 = VECTOR('',#1180,1.);
#1180 = DIRECTION('',(-0.,-0.,-1.));
#1181 = ORIENTED_EDGE('',*,*,#1143,.F.);
#1182 = PLANE('',#1183);
#1183 = AXIS2_PLACEMENT_3D('',#1184,#1185,#1186);
#1184 = CARTESIAN_POINT('',(-3.,-10.,14.));
#1185 = DIRECTION('',(-1.,0.,0.));
#1186 = DIRECTION('',(0.,-2.22044604925E-16,-1.));
#1187 = ADVANCED_FACE('',(#1188),#1200,.F.);
#1188 = FACE_BOUND('',#1189,.F.);
#1189 = EDGE_LOOP('',(#1190,#1191,#1192,#1199));
#1190 = ORIENTED_EDGE('',*,*,#245,.F.);
#1191 = ORIENTED_EDGE('',*,*,#1112,.T.);
#1192 = ORIENTED_EDGE('',*,*,#1193,.T.);
#1193 = EDGE_CURVE('',#1113,#1169,#1194,.T.);
#1194 = CIRCLE('',#1195,3.);
#1195 = AXIS2_PLACEMENT_3D('',#1196,#1197,#1198);
#1196 = CARTESIAN_POINT('',(0.,10.,14.));
#1197 = DIRECTION('',(0.,-1.,2.22044604925E-16));
#1198 = DIRECTION('',(1.,0.,0.));
#1199 = ORIENTED_EDGE('',*,*,#1168,.F.);
#1200 = CYLINDRICAL_SURFACE('',#1201,3.);
#1201 = AXIS2_PLACEMENT_3D('',#1202,#1203,#1204);
#1202 = CARTESIAN_POINT('',(0.,-10.,14.));
#1203 = DIRECTION('',(0.,-1.,2.22044604925E-16));
#1204 = DIRECTION('',(1.,0.,0.));
#1205 = ADVANCED_FACE('',(#1206),#1231,.T.);
#1206 = FACE_BOUND('',#1207,.T.);
#1207 = EDGE_LOOP('',(#1208,#1209,#1217,#1225));
#1208 = ORIENTED_EDGE('',*,*,#271,.F.);
#1209 = ORIENTED_EDGE('',*,*,#1210,.T.);
#1210 = EDGE_CURVE('',#272,#1211,#1213,.T.);
#1211 = VERTEX_POINT('',#1212);
#1212 = CARTESIAN_POINT('',(23.000000000001,10.,14.00000000001));
#1213 = LINE('',#1214,#1215);
#1214 = CARTESIAN_POINT('',(23.000000000001,-10.,14.00000000001));
#1215 = VECTOR('',#1216,1.);
#1216 = DIRECTION('',(0.,1.,-2.22044604925E-16));
#1217 = ORIENTED_EDGE('',*,*,#1218,.T.);
#1218 = EDGE_CURVE('',#1211,#1219,#1221,.T.);
#1219 = VERTEX_POINT('',#1220);
#1220 = CARTESIAN_POINT('',(23.000000000008,10.,5.000000000058));
#1221 = LINE('',#1222,#1223);
#1222 = CARTESIAN_POINT('',(23.000000000013,10.,6.999999999924));
#1223 = VECTOR('',#1224,1.);
#1224 = DIRECTION('',(1.585299792682E-12,0.,-1.));
#1225 = ORIENTED_EDGE('',*,*,#1226,.F.);
#1226 = EDGE_CURVE('',#274,#1219,#1227,.T.);
#1227 = LINE('',#1228,#1229);
#1228 = CARTESIAN_POINT('',(23.000000000008,-10.,5.000000000058));
#1229 = VECTOR('',#1230,1.);
#1230 = DIRECTION('',(0.,1.,-2.22044604925E-16));
#1231 = PLANE('',#1232);
#1232 = AXIS2_PLACEMENT_3D('',#1233,#1234,#1235);
#1233 = CARTESIAN_POINT('',(23.000000000002,-10.,14.00000000001));
#1234 = DIRECTION('',(-1.,-3.520072661538E-28,-1.585299792682E-12));
#1235 = DIRECTION('',(1.585299792682E-12,-2.22044604925E-16,-1.));
#1236 = ADVANCED_FACE('',(#1237),#1256,.F.);
#1237 = FACE_BOUND('',#1238,.F.);
#1238 = EDGE_LOOP('',(#1239,#1240,#1248,#1255));
#1239 = ORIENTED_EDGE('',*,*,#298,.F.);
#1240 = ORIENTED_EDGE('',*,*,#1241,.T.);
#1241 = EDGE_CURVE('',#291,#1242,#1244,.T.);
#1242 = VERTEX_POINT('',#1243);
#1243 = CARTESIAN_POINT('',(17.,10.,5.));
#1244 = LINE('',#1245,#1246);
#1245 = CARTESIAN_POINT('',(17.,-10.,5.));
#1246 = VECTOR('',#1247,1.);
#1247 = DIRECTION('',(0.,1.,-2.22044604925E-16));
#1248 = ORIENTED_EDGE('',*,*,#1249,.T.);
#1249 = EDGE_CURVE('',#1242,#1219,#1250,.T.);
#1250 = CIRCLE('',#1251,3.);
#1251 = AXIS2_PLACEMENT_3D('',#1252,#1253,#1254);
#1252 = CARTESIAN_POINT('',(20.,10.,5.));
#1253 = DIRECTION('',(0.,-1.,2.22044604925E-16));
#1254 = DIRECTION('',(1.,0.,0.));
#1255 = ORIENTED_EDGE('',*,*,#1226,.F.);
#1256 = CYLINDRICAL_SURFACE('',#1257,3.);
#1257 = AXIS2_PLACEMENT_3D('',#1258,#1259,#1260);
#1258 = CARTESIAN_POINT('',(20.,-10.,5.));
#1259 = DIRECTION('',(0.,-1.,2.22044604925E-16));
#1260 = DIRECTION('',(1.,0.,0.));
#1261 = ADVANCED_FACE('',(#1262),#1280,.F.);
#1262 = FACE_BOUND('',#1263,.F.);
#1263 = EDGE_LOOP('',(#1264,#1265,#1273,#1279));
#1264 = ORIENTED_EDGE('',*,*,#290,.F.);
#1265 = ORIENTED_EDGE('',*,*,#1266,.T.);
#1266 = EDGE_CURVE('',#282,#1267,#1269,.T.);
#1267 = VERTEX_POINT('',#1268);
#1268 = CARTESIAN_POINT('',(17.,10.,14.));
#1269 = LINE('',#1270,#1271);
#1270 = CARTESIAN_POINT('',(17.,-10.,14.));
#1271 = VECTOR('',#1272,1.);
#1272 = DIRECTION('',(0.,1.,-2.22044604925E-16));
#1273 = ORIENTED_EDGE('',*,*,#1274,.T.);
#1274 = EDGE_CURVE('',#1267,#1242,#1275,.T.);
#1275 = LINE('',#1276,#1277);
#1276 = CARTESIAN_POINT('',(17.,10.,7.));
#1277 = VECTOR('',#1278,1.);
#1278 = DIRECTION('',(-0.,-0.,-1.));
#1279 = ORIENTED_EDGE('',*,*,#1241,.F.);
#1280 = PLANE('',#1281);
#1281 = AXIS2_PLACEMENT_3D('',#1282,#1283,#1284);
#1282 = CARTESIAN_POINT('',(17.,-10.,14.));
#1283 = DIRECTION('',(-1.,0.,0.));
#1284 = DIRECTION('',(0.,-2.22044604925E-16,-1.));
#1285 = ADVANCED_FACE('',(#1286),#1298,.F.);
#1286 = FACE_BOUND('',#1287,.F.);
#1287 = EDGE_LOOP('',(#1288,#1289,#1290,#1297));
#1288 = ORIENTED_EDGE('',*,*,#281,.F.);
#1289 = ORIENTED_EDGE('',*,*,#1210,.T.);
#1290 = ORIENTED_EDGE('',*,*,#1291,.T.);
#1291 = EDGE_CURVE('',#1211,#1267,#1292,.T.);
#1292 = CIRCLE('',#1293,3.);
#1293 = AXIS2_PLACEMENT_3D('',#1294,#1295,#1296);
#1294 = CARTESIAN_POINT('',(20.,10.,14.));
#1295 = DIRECTION('',(0.,-1.,2.22044604925E-16));
#1296 = DIRECTION('',(1.,0.,0.));
#1297 = ORIENTED_EDGE('',*,*,#1266,.F.);
#1298 = CYLINDRICAL_SURFACE('',#1299,3.);
#1299 = AXIS2_PLACEMENT_3D('',#1300,#1301,#1302);
#1300 = CARTESIAN_POINT('',(20.,-10.,14.));
#1301 = DIRECTION('',(0.,-1.,2.22044604925E-16));
#1302 = DIRECTION('',(1.,0.,0.));
#1303 = ADVANCED_FACE('',(#1304),#1329,.T.);
#1304 = FACE_BOUND('',#1305,.T.);
#1305 = EDGE_LOOP('',(#1306,#1307,#1315,#1323));
#1306 = ORIENTED_EDGE('',*,*,#307,.F.);
#1307 = ORIENTED_EDGE('',*,*,#1308,.T.);
#1308 = EDGE_CURVE('',#308,#1309,#1311,.T.);
#1309 = VERTEX_POINT('',#1310);
#1310 = CARTESIAN_POINT('',(43.000000000001,10.,14.00000000001));
#1311 = LINE('',#1312,#1313);
#1312 = CARTESIAN_POINT('',(43.000000000001,-10.,14.00000000001));
#1313 = VECTOR('',#1314,1.);
#1314 = DIRECTION('',(0.,1.,-2.22044604925E-16));
#1315 = ORIENTED_EDGE('',*,*,#1316,.T.);
#1316 = EDGE_CURVE('',#1309,#1317,#1319,.T.);
#1317 = VERTEX_POINT('',#1318);
#1318 = CARTESIAN_POINT('',(43.000000000008,10.,5.000000000058));
#1319 = LINE('',#1320,#1321);
#1320 = CARTESIAN_POINT('',(43.000000000013,10.,6.99999999994));
#1321 = VECTOR('',#1322,1.);
#1322 = DIRECTION('',(1.585299792682E-12,0.,-1.));
#1323 = ORIENTED_EDGE('',*,*,#1324,.F.);
#1324 = EDGE_CURVE('',#310,#1317,#1325,.T.);
#1325 = LINE('',#1326,#1327);
#1326 = CARTESIAN_POINT('',(43.000000000008,-10.,5.000000000058));
#1327 = VECTOR('',#1328,1.);
#1328 = DIRECTION('',(0.,1.,-2.22044604925E-16));
#1329 = PLANE('',#1330);
#1330 = AXIS2_PLACEMENT_3D('',#1331,#1332,#1333);
#1331 = CARTESIAN_POINT('',(43.000000000002,-10.,14.00000000001));
#1332 = DIRECTION('',(-1.,-3.520072661538E-28,-1.585299792682E-12));
#1333 = DIRECTION('',(1.585299792682E-12,-2.22044604925E-16,-1.));
#1334 = ADVANCED_FACE('',(#1335),#1354,.F.);
#1335 = FACE_BOUND('',#1336,.F.);
#1336 = EDGE_LOOP('',(#1337,#1338,#1346,#1353));
#1337 = ORIENTED_EDGE('',*,*,#334,.F.);
#1338 = ORIENTED_EDGE('',*,*,#1339,.T.);
#1339 = EDGE_CURVE('',#327,#1340,#1342,.T.);
#1340 = VERTEX_POINT('',#1341);
#1341 = CARTESIAN_POINT('',(37.,10.,5.));
#1342 = LINE('',#1343,#1344);
#1343 = CARTESIAN_POINT('',(37.,-10.,5.));
#1344 = VECTOR('',#1345,1.);
#1345 = DIRECTION('',(0.,1.,-2.22044604925E-16));
#1346 = ORIENTED_EDGE('',*,*,#1347,.T.);
#1347 = EDGE_CURVE('',#1340,#1317,#1348,.T.);
#1348 = CIRCLE('',#1349,3.);
#1349 = AXIS2_PLACEMENT_3D('',#1350,#1351,#1352);
#1350 = CARTESIAN_POINT('',(40.,10.,5.));
#1351 = DIRECTION('',(0.,-1.,2.22044604925E-16));
#1352 = DIRECTION('',(1.,0.,0.));
#1353 = ORIENTED_EDGE('',*,*,#1324,.F.);
#1354 = CYLINDRICAL_SURFACE('',#1355,3.);
#1355 = AXIS2_PLACEMENT_3D('',#1356,#1357,#1358);
#1356 = CARTESIAN_POINT('',(40.,-10.,5.));
#1357 = DIRECTION('',(0.,-1.,2.22044604925E-16));
#1358 = DIRECTION('',(1.,0.,0.));
#1359 = ADVANCED_FACE('',(#1360),#1378,.F.);
#1360 = FACE_BOUND('',#1361,.F.);
#1361 = EDGE_LOOP('',(#1362,#1363,#1371,#1377));
#1362 = ORIENTED_EDGE('',*,*,#326,.F.);
#1363 = ORIENTED_EDGE('',*,*,#1364,.T.);
#1364 = EDGE_CURVE('',#318,#1365,#1367,.T.);
#1365 = VERTEX_POINT('',#1366);
#1366 = CARTESIAN_POINT('',(37.,10.,14.));
#1367 = LINE('',#1368,#1369);
#1368 = CARTESIAN_POINT('',(37.,-10.,14.));
#1369 = VECTOR('',#1370,1.);
#1370 = DIRECTION('',(0.,1.,-2.22044604925E-16));
#1371 = ORIENTED_EDGE('',*,*,#1372,.T.);
#1372 = EDGE_CURVE('',#1365,#1340,#1373,.T.);
#1373 = LINE('',#1374,#1375);
#1374 = CARTESIAN_POINT('',(37.,10.,7.));
#1375 = VECTOR('',#1376,1.);
#1376 = DIRECTION('',(-0.,-0.,-1.));
#1377 = ORIENTED_EDGE('',*,*,#1339,.F.);
#1378 = PLANE('',#1379);
#1379 = AXIS2_PLACEMENT_3D('',#1380,#1381,#1382);
#1380 = CARTESIAN_POINT('',(37.,-10.,14.));
#1381 = DIRECTION('',(-1.,0.,0.));
#1382 = DIRECTION('',(0.,-2.22044604925E-16,-1.));
#1383 = ADVANCED_FACE('',(#1384),#1396,.F.);
#1384 = FACE_BOUND('',#1385,.F.);
#1385 = EDGE_LOOP('',(#1386,#1387,#1388,#1395));
#1386 = ORIENTED_EDGE('',*,*,#317,.F.);
#1387 = ORIENTED_EDGE('',*,*,#1308,.T.);
#1388 = ORIENTED_EDGE('',*,*,#1389,.T.);
#1389 = EDGE_CURVE('',#1309,#1365,#1390,.T.);
#1390 = CIRCLE('',#1391,3.);
#1391 = AXIS2_PLACEMENT_3D('',#1392,#1393,#1394);
#1392 = CARTESIAN_POINT('',(40.,10.,14.));
#1393 = DIRECTION('',(0.,-1.,2.22044604925E-16));
#1394 = DIRECTION('',(1.,0.,0.));
#1395 = ORIENTED_EDGE('',*,*,#1364,.F.);
#1396 = CYLINDRICAL_SURFACE('',#1397,3.);
#1397 = AXIS2_PLACEMENT_3D('',#1398,#1399,#1400);
#1398 = CARTESIAN_POINT('',(40.,-10.,14.));
#1399 = DIRECTION('',(0.,-1.,2.22044604925E-16));
#1400 = DIRECTION('',(1.,0.,0.));
#1401 = ADVANCED_FACE('',(#1402),#1427,.T.);
#1402 = FACE_BOUND('',#1403,.T.);
#1403 = EDGE_LOOP('',(#1404,#1405,#1413,#1421));
#1404 = ORIENTED_EDGE('',*,*,#343,.F.);
#1405 = ORIENTED_EDGE('',*,*,#1406,.T.);
#1406 = EDGE_CURVE('',#344,#1407,#1409,.T.);
#1407 = VERTEX_POINT('',#1408);
#1408 = CARTESIAN_POINT('',(63.000000000001,10.,14.00000000001));
#1409 = LINE('',#1410,#1411);
#1410 = CARTESIAN_POINT('',(63.000000000001,-10.,14.00000000001));
#1411 = VECTOR('',#1412,1.);
#1412 = DIRECTION('',(0.,1.,-2.22044604925E-16));
#1413 = ORIENTED_EDGE('',*,*,#1414,.T.);
#1414 = EDGE_CURVE('',#1407,#1415,#1417,.T.);
#1415 = VERTEX_POINT('',#1416);
#1416 = CARTESIAN_POINT('',(63.000000000008,10.,5.000000000058));
#1417 = LINE('',#1418,#1419);
#1418 = CARTESIAN_POINT('',(63.000000000013,10.,6.999999999956));
#1419 = VECTOR('',#1420,1.);
#1420 = DIRECTION('',(1.585299792682E-12,0.,-1.));
#1421 = ORIENTED_EDGE('',*,*,#1422,.F.);
#1422 = EDGE_CURVE('',#346,#1415,#1423,.T.);
#1423 = LINE('',#1424,#1425);
#1424 = CARTESIAN_POINT('',(63.000000000008,-10.,5.000000000058));
#1425 = VECTOR('',#1426,1.);
#1426 = DIRECTION('',(0.,1.,-2.22044604925E-16));
#1427 = PLANE('',#1428);
#1428 = AXIS2_PLACEMENT_3D('',#1429,#1430,#1431);
#1429 = CARTESIAN_POINT('',(63.000000000002,-10.,14.00000000001));
#1430 = DIRECTION('',(-1.,-3.520072661538E-28,-1.585299792682E-12));
#1431 = DIRECTION('',(1.585299792682E-12,-2.22044604925E-16,-1.));
#1432 = ADVANCED_FACE('',(#1433),#1452,.F.);
#1433 = FACE_BOUND('',#1434,.F.);
#1434 = EDGE_LOOP('',(#1435,#1436,#1444,#1451));
#1435 = ORIENTED_EDGE('',*,*,#370,.F.);
#1436 = ORIENTED_EDGE('',*,*,#1437,.T.);
#1437 = EDGE_CURVE('',#363,#1438,#1440,.T.);
#1438 = VERTEX_POINT('',#1439);
#1439 = CARTESIAN_POINT('',(57.,10.,5.));
#1440 = LINE('',#1441,#1442);
#1441 = CARTESIAN_POINT('',(57.,-10.,5.));
#1442 = VECTOR('',#1443,1.);
#1443 = DIRECTION('',(0.,1.,-2.22044604925E-16));
#1444 = ORIENTED_EDGE('',*,*,#1445,.T.);
#1445 = EDGE_CURVE('',#1438,#1415,#1446,.T.);
#1446 = CIRCLE('',#1447,3.);
#1447 = AXIS2_PLACEMENT_3D('',#1448,#1449,#1450);
#1448 = CARTESIAN_POINT('',(60.,10.,5.));
#1449 = DIRECTION('',(0.,-1.,2.22044604925E-16));
#1450 = DIRECTION('',(1.,0.,0.));
#1451 = ORIENTED_EDGE('',*,*,#1422,.F.);
#1452 = CYLINDRICAL_SURFACE('',#1453,3.);
#1453 = AXIS2_PLACEMENT_3D('',#1454,#1455,#1456);
#1454 = CARTESIAN_POINT('',(60.,-10.,5.));
#1455 = DIRECTION('',(0.,-1.,2.22044604925E-16));
#1456 = DIRECTION('',(1.,0.,0.));
#1457 = ADVANCED_FACE('',(#1458),#1476,.F.);
#1458 = FACE_BOUND('',#1459,.F.);
#1459 = EDGE_LOOP('',(#1460,#1461,#1469,#1475));
#1460 = ORIENTED_EDGE('',*,*,#362,.F.);
#1461 = ORIENTED_EDGE('',*,*,#1462,.T.);
#1462 = EDGE_CURVE('',#354,#1463,#1465,.T.);
#1463 = VERTEX_POINT('',#1464);
#1464 = CARTESIAN_POINT('',(57.,10.,14.));
#1465 = LINE('',#1466,#1467);
#1466 = CARTESIAN_POINT('',(57.,-10.,14.));
#1467 = VECTOR('',#1468,1.);
#1468 = DIRECTION('',(0.,1.,-2.22044604925E-16));
#1469 = ORIENTED_EDGE('',*,*,#1470,.T.);
#1470 = EDGE_CURVE('',#1463,#1438,#1471,.T.);
#1471 = LINE('',#1472,#1473);
#1472 = CARTESIAN_POINT('',(57.,10.,7.));
#1473 = VECTOR('',#1474,1.);
#1474 = DIRECTION('',(-0.,-0.,-1.));
#1475 = ORIENTED_EDGE('',*,*,#1437,.F.);
#1476 = PLANE('',#1477);
#1477 = AXIS2_PLACEMENT_3D('',#1478,#1479,#1480);
#1478 = CARTESIAN_POINT('',(57.,-10.,14.));
#1479 = DIRECTION('',(-1.,0.,0.));
#1480 = DIRECTION('',(0.,-2.22044604925E-16,-1.));
#1481 = ADVANCED_FACE('',(#1482),#1494,.F.);
#1482 = FACE_BOUND('',#1483,.F.);
#1483 = EDGE_LOOP('',(#1484,#1485,#1486,#1493));
#1484 = ORIENTED_EDGE('',*,*,#353,.F.);
#1485 = ORIENTED_EDGE('',*,*,#1406,.T.);
#1486 = ORIENTED_EDGE('',*,*,#1487,.T.);
#1487 = EDGE_CURVE('',#1407,#1463,#1488,.T.);
#1488 = CIRCLE('',#1489,3.);
#1489 = AXIS2_PLACEMENT_3D('',#1490,#1491,#1492);
#1490 = CARTESIAN_POINT('',(60.,10.,14.));
#1491 = DIRECTION('',(0.,-1.,2.22044604925E-16));
#1492 = DIRECTION('',(1.,0.,0.));
#1493 = ORIENTED_EDGE('',*,*,#1462,.F.);
#1494 = CYLINDRICAL_SURFACE('',#1495,3.);
#1495 = AXIS2_PLACEMENT_3D('',#1496,#1497,#1498);
#1496 = CARTESIAN_POINT('',(60.,-10.,14.));
#1497 = DIRECTION('',(0.,-1.,2.22044604925E-16));
#1498 = DIRECTION('',(1.,0.,0.));
#1499 = ADVANCED_FACE('',(#1500),#1525,.T.);
#1500 = FACE_BOUND('',#1501,.T.);
#1501 = EDGE_LOOP('',(#1502,#1503,#1511,#1519));
#1502 = ORIENTED_EDGE('',*,*,#379,.F.);
#1503 = ORIENTED_EDGE('',*,*,#1504,.T.);
#1504 = EDGE_CURVE('',#380,#1505,#1507,.T.);
#1505 = VERTEX_POINT('',#1506);
#1506 = CARTESIAN_POINT('',(83.000000000001,10.,14.00000000001));
#1507 = LINE('',#1508,#1509);
#1508 = CARTESIAN_POINT('',(83.000000000001,-10.,14.00000000001));
#1509 = VECTOR('',#1510,1.);
#1510 = DIRECTION('',(0.,1.,-2.22044604925E-16));
#1511 = ORIENTED_EDGE('',*,*,#1512,.T.);
#1512 = EDGE_CURVE('',#1505,#1513,#1515,.T.);
#1513 = VERTEX_POINT('',#1514);
#1514 = CARTESIAN_POINT('',(83.000000000008,10.,5.000000000058));
#1515 = LINE('',#1516,#1517);
#1516 = CARTESIAN_POINT('',(83.000000000013,10.,6.999999999972));
#1517 = VECTOR('',#1518,1.);
#1518 = DIRECTION('',(1.585299792682E-12,0.,-1.));
#1519 = ORIENTED_EDGE('',*,*,#1520,.F.);
#1520 = EDGE_CURVE('',#382,#1513,#1521,.T.);
#1521 = LINE('',#1522,#1523);
#1522 = CARTESIAN_POINT('',(83.000000000008,-10.,5.000000000058));
#1523 = VECTOR('',#1524,1.);
#1524 = DIRECTION('',(0.,1.,-2.22044604925E-16));
#1525 = PLANE('',#1526);
#1526 = AXIS2_PLACEMENT_3D('',#1527,#1528,#1529);
#1527 = CARTESIAN_POINT('',(83.000000000002,-10.,14.00000000001));
#1528 = DIRECTION('',(-1.,-3.520072661538E-28,-1.585299792682E-12));
#1529 = DIRECTION('',(1.585299792682E-12,-2.22044604925E-16,-1.));
#1530 = ADVANCED_FACE('',(#1531),#1550,.F.);
#1531 = FACE_BOUND('',#1532,.F.);
#1532 = EDGE_LOOP('',(#1533,#1534,#1542,#1549));
#1533 = ORIENTED_EDGE('',*,*,#406,.F.);
#1534 = ORIENTED_EDGE('',*,*,#1535,.T.);
#1535 = EDGE_CURVE('',#399,#1536,#1538,.T.);
#1536 = VERTEX_POINT('',#1537);
#1537 = CARTESIAN_POINT('',(77.,10.,5.));
#1538 = LINE('',#1539,#1540);
#1539 = CARTESIAN_POINT('',(77.,-10.,5.));
#1540 = VECTOR('',#1541,1.);
#1541 = DIRECTION('',(0.,1.,-2.22044604925E-16));
#1542 = ORIENTED_EDGE('',*,*,#1543,.T.);
#1543 = EDGE_CURVE('',#1536,#1513,#1544,.T.);
#1544 = CIRCLE('',#1545,3.);
#1545 = AXIS2_PLACEMENT_3D('',#1546,#1547,#1548);
#1546 = CARTESIAN_POINT('',(80.,10.,5.));
#1547 = DIRECTION('',(0.,-1.,2.22044604925E-16));
#1548 = DIRECTION('',(1.,0.,0.));
#1549 = ORIENTED_EDGE('',*,*,#1520,.F.);
#1550 = CYLINDRICAL_SURFACE('',#1551,3.);
#1551 = AXIS2_PLACEMENT_3D('',#1552,#1553,#1554);
#1552 = CARTESIAN_POINT('',(80.,-10.,5.));
#1553 = DIRECTION('',(0.,-1.,2.22044604925E-16));
#1554 = DIRECTION('',(1.,0.,0.));
#1555 = ADVANCED_FACE('',(#1556),#1574,.F.);
#1556 = FACE_BOUND('',#1557,.F.);
#1557 = EDGE_LOOP('',(#1558,#1559,#1567,#1573));
#1558 = ORIENTED_EDGE('',*,*,#398,.F.);
#1559 = ORIENTED_EDGE('',*,*,#1560,.T.);
#1560 = EDGE_CURVE('',#390,#1561,#1563,.T.);
#1561 = VERTEX_POINT('',#1562);
#1562 = CARTESIAN_POINT('',(77.,10.,14.));
#1563 = LINE('',#1564,#1565);
#1564 = CARTESIAN_POINT('',(77.,-10.,14.));
#1565 = VECTOR('',#1566,1.);
#1566 = DIRECTION('',(0.,1.,-2.22044604925E-16));
#1567 = ORIENTED_EDGE('',*,*,#1568,.T.);
#1568 = EDGE_CURVE('',#1561,#1536,#1569,.T.);
#1569 = LINE('',#1570,#1571);
#1570 = CARTESIAN_POINT('',(77.,10.,7.));
#1571 = VECTOR('',#1572,1.);
#1572 = DIRECTION('',(-0.,-0.,-1.));
#1573 = ORIENTED_EDGE('',*,*,#1535,.F.);
#1574 = PLANE('',#1575);
#1575 = AXIS2_PLACEMENT_3D('',#1576,#1577,#1578);
#1576 = CARTESIAN_POINT('',(77.,-10.,14.));
#1577 = DIRECTION('',(-1.,0.,0.));
#1578 = DIRECTION('',(0.,-2.22044604925E-16,-1.));
#1579 = ADVANCED_FACE('',(#1580),#1592,.F.);
#1580 = FACE_BOUND('',#1581,.F.);
#1581 = EDGE_LOOP('',(#1582,#1583,#1584,#1591));
#1582 = ORIENTED_EDGE('',*,*,#389,.F.);
#1583 = ORIENTED_EDGE('',*,*,#1504,.T.);
#1584 = ORIENTED_EDGE('',*,*,#1585,.T.);
#1585 = EDGE_CURVE('',#1505,#1561,#1586,.T.);
#1586 = CIRCLE('',#1587,3.);
#1587 = AXIS2_PLACEMENT_3D('',#1588,#1589,#1590);
#1588 = CARTESIAN_POINT('',(80.,10.,14.));
#1589 = DIRECTION('',(0.,-1.,2.22044604925E-16));
#1590 = DIRECTION('',(1.,0.,0.));
#1591 = ORIENTED_EDGE('',*,*,#1560,.F.);
#1592 = CYLINDRICAL_SURFACE('',#1593,3.);
#1593 = AXIS2_PLACEMENT_3D('',#1594,#1595,#1596);
#1594 = CARTESIAN_POINT('',(80.,-10.,14.));
#1595 = DIRECTION('',(0.,-1.,2.22044604925E-16));
#1596 = DIRECTION('',(1.,0.,0.));
#1597 = ADVANCED_FACE('',(#1598),#1623,.T.);
#1598 = FACE_BOUND('',#1599,.T.);
#1599 = EDGE_LOOP('',(#1600,#1601,#1609,#1617));
#1600 = ORIENTED_EDGE('',*,*,#415,.F.);
#1601 = ORIENTED_EDGE('',*,*,#1602,.T.);
#1602 = EDGE_CURVE('',#416,#1603,#1605,.T.);
#1603 = VERTEX_POINT('',#1604);
#1604 = CARTESIAN_POINT('',(103.,10.,14.00000000001));
#1605 = LINE('',#1606,#1607);
#1606 = CARTESIAN_POINT('',(103.,-10.,14.00000000001));
#1607 = VECTOR('',#1608,1.);
#1608 = DIRECTION('',(0.,1.,-2.22044604925E-16));
#1609 = ORIENTED_EDGE('',*,*,#1610,.T.);
#1610 = EDGE_CURVE('',#1603,#1611,#1613,.T.);
#1611 = VERTEX_POINT('',#1612);
#1612 = CARTESIAN_POINT('',(103.,10.,5.000000000058));
#1613 = LINE('',#1614,#1615);
#1614 = CARTESIAN_POINT('',(103.00000000001,10.,6.999999999988));
#1615 = VECTOR('',#1616,1.);
#1616 = DIRECTION('',(1.585299792682E-12,0.,-1.));
#1617 = ORIENTED_EDGE('',*,*,#1618,.F.);
#1618 = EDGE_CURVE('',#418,#1611,#1619,.T.);
#1619 = LINE('',#1620,#1621);
#1620 = CARTESIAN_POINT('',(103.,-10.,5.000000000058));
#1621 = VECTOR('',#1622,1.);
#1622 = DIRECTION('',(0.,1.,-2.22044604925E-16));
#1623 = PLANE('',#1624);
#1624 = AXIS2_PLACEMENT_3D('',#1625,#1626,#1627);
#1625 = CARTESIAN_POINT('',(103.,-10.,14.00000000001));
#1626 = DIRECTION('',(-1.,-3.520072661538E-28,-1.585299792682E-12));
#1627 = DIRECTION('',(1.585299792682E-12,-2.22044604925E-16,-1.));
#1628 = ADVANCED_FACE('',(#1629),#1648,.F.);
#1629 = FACE_BOUND('',#1630,.F.);
#1630 = EDGE_LOOP('',(#1631,#1632,#1640,#1647));
#1631 = ORIENTED_EDGE('',*,*,#442,.F.);
#1632 = ORIENTED_EDGE('',*,*,#1633,.T.);
#1633 = EDGE_CURVE('',#435,#1634,#1636,.T.);
#1634 = VERTEX_POINT('',#1635);
#1635 = CARTESIAN_POINT('',(97.,10.,5.));
#1636 = LINE('',#1637,#1638);
#1637 = CARTESIAN_POINT('',(97.,-10.,5.));
#1638 = VECTOR('',#1639,1.);
#1639 = DIRECTION('',(0.,1.,-2.22044604925E-16));
#1640 = ORIENTED_EDGE('',*,*,#1641,.T.);
#1641 = EDGE_CURVE('',#1634,#1611,#1642,.T.);
#1642 = CIRCLE('',#1643,3.);
#1643 = AXIS2_PLACEMENT_3D('',#1644,#1645,#1646);
#1644 = CARTESIAN_POINT('',(100.,10.,5.));
#1645 = DIRECTION('',(0.,-1.,2.22044604925E-16));
#1646 = DIRECTION('',(1.,0.,0.));
#1647 = ORIENTED_EDGE('',*,*,#1618,.F.);
#1648 = CYLINDRICAL_SURFACE('',#1649,3.);
#1649 = AXIS2_PLACEMENT_3D('',#1650,#1651,#1652);
#1650 = CARTESIAN_POINT('',(100.,-10.,5.));
#1651 = DIRECTION('',(0.,-1.,2.22044604925E-16));
#1652 = DIRECTION('',(1.,0.,0.));
#1653 = ADVANCED_FACE('',(#1654),#1672,.F.);
#1654 = FACE_BOUND('',#1655,.F.);
#1655 = EDGE_LOOP('',(#1656,#1657,#1665,#1671));
#1656 = ORIENTED_EDGE('',*,*,#434,.F.);
#1657 = ORIENTED_EDGE('',*,*,#1658,.T.);
#1658 = EDGE_CURVE('',#426,#1659,#1661,.T.);
#1659 = VERTEX_POINT('',#1660);
#1660 = CARTESIAN_POINT('',(97.,10.,14.));
#1661 = LINE('',#1662,#1663);
#1662 = CARTESIAN_POINT('',(97.,-10.,14.));
#1663 = VECTOR('',#1664,1.);
#1664 = DIRECTION('',(0.,1.,-2.22044604925E-16));
#1665 = ORIENTED_EDGE('',*,*,#1666,.T.);
#1666 = EDGE_CURVE('',#1659,#1634,#1667,.T.);
#1667 = LINE('',#1668,#1669);
#1668 = CARTESIAN_POINT('',(97.,10.,7.));
#1669 = VECTOR('',#1670,1.);
#1670 = DIRECTION('',(-0.,-0.,-1.));
#1671 = ORIENTED_EDGE('',*,*,#1633,.F.);
#1672 = PLANE('',#1673);
#1673 = AXIS2_PLACEMENT_3D('',#1674,#1675,#1676);
#1674 = CARTESIAN_POINT('',(97.,-10.,14.));
#1675 = DIRECTION('',(-1.,0.,0.));
#1676 = DIRECTION('',(0.,-2.22044604925E-16,-1.));
#1677 = ADVANCED_FACE('',(#1678),#1690,.F.);
#1678 = FACE_BOUND('',#1679,.F.);
#1679 = EDGE_LOOP('',(#1680,#1681,#1682,#1689));
#1680 = ORIENTED_EDGE('',*,*,#425,.F.);
#1681 = ORIENTED_EDGE('',*,*,#1602,.T.);
#1682 = ORIENTED_EDGE('',*,*,#1683,.T.);
#1683 = EDGE_CURVE('',#1603,#1659,#1684,.T.);
#1684 = CIRCLE('',#1685,3.);
#1685 = AXIS2_PLACEMENT_3D('',#1686,#1687,#1688);
#1686 = CARTESIAN_POINT('',(100.,10.,14.));
#1687 = DIRECTION('',(0.,-1.,2.22044604925E-16));
#1688 = DIRECTION('',(1.,0.,0.));
#1689 = ORIENTED_EDGE('',*,*,#1658,.F.);
#1690 = CYLINDRICAL_SURFACE('',#1691,3.);
#1691 = AXIS2_PLACEMENT_3D('',#1692,#1693,#1694);
#1692 = CARTESIAN_POINT('',(100.,-10.,14.));
#1693 = DIRECTION('',(0.,-1.,2.22044604925E-16));
#1694 = DIRECTION('',(1.,0.,0.));
#1695 = ADVANCED_FACE('',(#1696),#1714,.F.);
#1696 = FACE_BOUND('',#1697,.F.);
#1697 = EDGE_LOOP('',(#1698,#1699,#1707,#1713));
#1698 = ORIENTED_EDGE('',*,*,#498,.F.);
#1699 = ORIENTED_EDGE('',*,*,#1700,.T.);
#1700 = EDGE_CURVE('',#491,#1701,#1703,.T.);
#1701 = VERTEX_POINT('',#1702);
#1702 = CARTESIAN_POINT('',(-125.,8.,28.));
#1703 = LINE('',#1704,#1705);
#1704 = CARTESIAN_POINT('',(-125.,8.,0.));
#1705 = VECTOR('',#1706,1.);
#1706 = DIRECTION('',(0.,0.,1.));
#1707 = ORIENTED_EDGE('',*,*,#1708,.T.);
#1708 = EDGE_CURVE('',#1701,#545,#1709,.T.);
#1709 = LINE('',#1710,#1711);
#1710 = CARTESIAN_POINT('',(-125.,10.,28.));
#1711 = VECTOR('',#1712,1.);
#1712 = DIRECTION('',(0.,-1.,0.));
#1713 = ORIENTED_EDGE('',*,*,#552,.F.);
#1714 = PLANE('',#1715);
#1715 = AXIS2_PLACEMENT_3D('',#1716,#1717,#1718);
#1716 = CARTESIAN_POINT('',(-125.,10.,0.));
#1717 = DIRECTION('',(1.,0.,0.));
#1718 = DIRECTION('',(0.,-1.,0.));
#1719 = ADVANCED_FACE('',(#1720),#1738,.F.);
#1720 = FACE_BOUND('',#1721,.F.);
#1721 = EDGE_LOOP('',(#1722,#1723,#1724,#1732));
#1722 = ORIENTED_EDGE('',*,*,#466,.F.);
#1723 = ORIENTED_EDGE('',*,*,#576,.T.);
#1724 = ORIENTED_EDGE('',*,*,#1725,.T.);
#1725 = EDGE_CURVE('',#569,#1726,#1728,.T.);
#1726 = VERTEX_POINT('',#1727);
#1727 = CARTESIAN_POINT('',(125.,8.,28.));
#1728 = LINE('',#1729,#1730);
#1729 = CARTESIAN_POINT('',(125.,-10.,28.));
#1730 = VECTOR('',#1731,1.);
#1731 = DIRECTION('',(0.,1.,0.));
#1732 = ORIENTED_EDGE('',*,*,#1733,.F.);
#1733 = EDGE_CURVE('',#467,#1726,#1734,.T.);
#1734 = LINE('',#1735,#1736);
#1735 = CARTESIAN_POINT('',(125.,8.,0.));
#1736 = VECTOR('',#1737,1.);
#1737 = DIRECTION('',(0.,0.,1.));
#1738 = PLANE('',#1739);
#1739 = AXIS2_PLACEMENT_3D('',#1740,#1741,#1742);
#1740 = CARTESIAN_POINT('',(125.,-10.,0.));
#1741 = DIRECTION('',(-1.,0.,0.));
#1742 = DIRECTION('',(0.,1.,0.));
#1743 = ADVANCED_FACE('',(#1744),#1762,.T.);
#1744 = FACE_BOUND('',#1745,.T.);
#1745 = EDGE_LOOP('',(#1746,#1747,#1748,#1756));
#1746 = ORIENTED_EDGE('',*,*,#490,.F.);
#1747 = ORIENTED_EDGE('',*,*,#1700,.T.);
#1748 = ORIENTED_EDGE('',*,*,#1749,.T.);
#1749 = EDGE_CURVE('',#1701,#1750,#1752,.T.);
#1750 = VERTEX_POINT('',#1751);
#1751 = CARTESIAN_POINT('',(-123.,10.,28.));
#1752 = LINE('',#1753,#1754);
#1753 = CARTESIAN_POINT('',(-124.5,8.5,28.));
#1754 = VECTOR('',#1755,1.);
#1755 = DIRECTION('',(0.707106781187,0.707106781187,-4.326666044363E-15)
  );
#1756 = ORIENTED_EDGE('',*,*,#1757,.F.);
#1757 = EDGE_CURVE('',#483,#1750,#1758,.T.);
#1758 = LINE('',#1759,#1760);
#1759 = CARTESIAN_POINT('',(-123.,10.,0.));
#1760 = VECTOR('',#1761,1.);
#1761 = DIRECTION('',(0.,0.,1.));
#1762 = PLANE('',#1763);
#1763 = AXIS2_PLACEMENT_3D('',#1764,#1765,#1766);
#1764 = CARTESIAN_POINT('',(-124.,9.,0.));
#1765 = DIRECTION('',(-0.707106781187,0.707106781187,0.));
#1766 = DIRECTION('',(0.,0.,1.));
#1767 = ADVANCED_FACE('',(#1768),#1786,.T.);
#1768 = FACE_BOUND('',#1769,.F.);
#1769 = EDGE_LOOP('',(#1770,#1771,#1772,#1780));
#1770 = ORIENTED_EDGE('',*,*,#474,.F.);
#1771 = ORIENTED_EDGE('',*,*,#1733,.T.);
#1772 = ORIENTED_EDGE('',*,*,#1773,.T.);
#1773 = EDGE_CURVE('',#1726,#1774,#1776,.T.);
#1774 = VERTEX_POINT('',#1775);
#1775 = CARTESIAN_POINT('',(123.,10.,28.));
#1776 = LINE('',#1777,#1778);
#1777 = CARTESIAN_POINT('',(124.5,8.5,28.));
#1778 = VECTOR('',#1779,1.);
#1779 = DIRECTION('',(-0.707106781187,0.707106781187,-1.009555410351E-14
    ));
#1780 = ORIENTED_EDGE('',*,*,#1781,.F.);
#1781 = EDGE_CURVE('',#475,#1774,#1782,.T.);
#1782 = LINE('',#1783,#1784);
#1783 = CARTESIAN_POINT('',(123.,10.,0.));
#1784 = VECTOR('',#1785,1.);
#1785 = DIRECTION('',(0.,0.,1.));
#1786 = PLANE('',#1787);
#1787 = AXIS2_PLACEMENT_3D('',#1788,#1789,#1790);
#1788 = CARTESIAN_POINT('',(124.,9.,0.));
#1789 = DIRECTION('',(0.707106781187,0.707106781187,0.));
#1790 = DIRECTION('',(-0.,-0.,-1.));
#1791 = ADVANCED_FACE('',(#1792,#1803,#1809,#1815,#1821,#1827,#1833,
    #1839,#1845,#1851,#1857,#1863),#1869,.F.);
#1792 = FACE_BOUND('',#1793,.F.);
#1793 = EDGE_LOOP('',(#1794,#1795,#1796,#1802));
#1794 = ORIENTED_EDGE('',*,*,#482,.F.);
#1795 = ORIENTED_EDGE('',*,*,#1781,.T.);
#1796 = ORIENTED_EDGE('',*,*,#1797,.T.);
#1797 = EDGE_CURVE('',#1774,#1750,#1798,.T.);
#1798 = LINE('',#1799,#1800);
#1799 = CARTESIAN_POINT('',(125.,10.,28.));
#1800 = VECTOR('',#1801,1.);
#1801 = DIRECTION('',(-1.,0.,0.));
#1802 = ORIENTED_EDGE('',*,*,#1757,.F.);
#1803 = FACE_BOUND('',#1804,.F.);
#1804 = EDGE_LOOP('',(#1805,#1806,#1807,#1808));
#1805 = ORIENTED_EDGE('',*,*,#1683,.F.);
#1806 = ORIENTED_EDGE('',*,*,#1610,.T.);
#1807 = ORIENTED_EDGE('',*,*,#1641,.F.);
#1808 = ORIENTED_EDGE('',*,*,#1666,.F.);
#1809 = FACE_BOUND('',#1810,.F.);
#1810 = EDGE_LOOP('',(#1811,#1812,#1813,#1814));
#1811 = ORIENTED_EDGE('',*,*,#1585,.F.);
#1812 = ORIENTED_EDGE('',*,*,#1512,.T.);
#1813 = ORIENTED_EDGE('',*,*,#1543,.F.);
#1814 = ORIENTED_EDGE('',*,*,#1568,.F.);
#1815 = FACE_BOUND('',#1816,.F.);
#1816 = EDGE_LOOP('',(#1817,#1818,#1819,#1820));
#1817 = ORIENTED_EDGE('',*,*,#1487,.F.);
#1818 = ORIENTED_EDGE('',*,*,#1414,.T.);
#1819 = ORIENTED_EDGE('',*,*,#1445,.F.);
#1820 = ORIENTED_EDGE('',*,*,#1470,.F.);
#1821 = FACE_BOUND('',#1822,.F.);
#1822 = EDGE_LOOP('',(#1823,#1824,#1825,#1826));
#1823 = ORIENTED_EDGE('',*,*,#1389,.F.);
#1824 = ORIENTED_EDGE('',*,*,#1316,.T.);
#1825 = ORIENTED_EDGE('',*,*,#1347,.F.);
#1826 = ORIENTED_EDGE('',*,*,#1372,.F.);
#1827 = FACE_BOUND('',#1828,.F.);
#1828 = EDGE_LOOP('',(#1829,#1830,#1831,#1832));
#1829 = ORIENTED_EDGE('',*,*,#1291,.F.);
#1830 = ORIENTED_EDGE('',*,*,#1218,.T.);
#1831 = ORIENTED_EDGE('',*,*,#1249,.F.);
#1832 = ORIENTED_EDGE('',*,*,#1274,.F.);
#1833 = FACE_BOUND('',#1834,.F.);
#1834 = EDGE_LOOP('',(#1835,#1836,#1837,#1838));
#1835 = ORIENTED_EDGE('',*,*,#1193,.F.);
#1836 = ORIENTED_EDGE('',*,*,#1120,.T.);
#1837 = ORIENTED_EDGE('',*,*,#1151,.F.);
#1838 = ORIENTED_EDGE('',*,*,#1176,.F.);
#1839 = FACE_BOUND('',#1840,.F.);
#1840 = EDGE_LOOP('',(#1841,#1842,#1843,#1844));
#1841 = ORIENTED_EDGE('',*,*,#1095,.F.);
#1842 = ORIENTED_EDGE('',*,*,#1022,.T.);
#1843 = ORIENTED_EDGE('',*,*,#1053,.F.);
#1844 = ORIENTED_EDGE('',*,*,#1078,.F.);
#1845 = FACE_BOUND('',#1846,.F.);
#1846 = EDGE_LOOP('',(#1847,#1848,#1849,#1850));
#1847 = ORIENTED_EDGE('',*,*,#997,.F.);
#1848 = ORIENTED_EDGE('',*,*,#924,.T.);
#1849 = ORIENTED_EDGE('',*,*,#955,.F.);
#1850 = ORIENTED_EDGE('',*,*,#980,.F.);
#1851 = FACE_BOUND('',#1852,.F.);
#1852 = EDGE_LOOP('',(#1853,#1854,#1855,#1856));
#1853 = ORIENTED_EDGE('',*,*,#899,.F.);
#1854 = ORIENTED_EDGE('',*,*,#826,.T.);
#1855 = ORIENTED_EDGE('',*,*,#857,.F.);
#1856 = ORIENTED_EDGE('',*,*,#882,.F.);
#1857 = FACE_BOUND('',#1858,.F.);
#1858 = EDGE_LOOP('',(#1859,#1860,#1861,#1862));
#1859 = ORIENTED_EDGE('',*,*,#801,.F.);
#1860 = ORIENTED_EDGE('',*,*,#728,.T.);
#1861 = ORIENTED_EDGE('',*,*,#759,.F.);
#1862 = ORIENTED_EDGE('',*,*,#784,.F.);
#1863 = FACE_BOUND('',#1864,.F.);
#1864 = EDGE_LOOP('',(#1865,#1866,#1867,#1868));
#1865 = ORIENTED_EDGE('',*,*,#654,.F.);
#1866 = ORIENTED_EDGE('',*,*,#630,.T.);
#1867 = ORIENTED_EDGE('',*,*,#686,.F.);
#1868 = ORIENTED_EDGE('',*,*,#704,.F.);
#1869 = PLANE('',#1870);
#1870 = AXIS2_PLACEMENT_3D('',#1871,#1872,#1873);
#1871 = CARTESIAN_POINT('',(125.,10.,0.));
#1872 = DIRECTION('',(0.,-1.,0.));
#1873 = DIRECTION('',(-1.,0.,0.));
#1874 = ADVANCED_FACE('',(#1875),#1894,.F.);
#1875 = FACE_BOUND('',#1876,.T.);
#1876 = EDGE_LOOP('',(#1877,#1885,#1892,#1893));
#1877 = ORIENTED_EDGE('',*,*,#1878,.F.);
#1878 = EDGE_CURVE('',#1879,#515,#1881,.T.);
#1879 = VERTEX_POINT('',#1880);
#1880 = CARTESIAN_POINT('',(-113.4,0.,5.));
#1881 = LINE('',#1882,#1883);
#1882 = CARTESIAN_POINT('',(-113.4,0.,5.));
#1883 = VECTOR('',#1884,1.);
#1884 = DIRECTION('',(-6.177757436015E-17,0.,-1.));
#1885 = ORIENTED_EDGE('',*,*,#1886,.T.);
#1886 = EDGE_CURVE('',#1879,#1879,#1887,.T.);
#1887 = CIRCLE('',#1888,1.6);
#1888 = AXIS2_PLACEMENT_3D('',#1889,#1890,#1891);
#1889 = CARTESIAN_POINT('',(-115.,0.,5.));
#1890 = DIRECTION('',(0.,0.,1.));
#1891 = DIRECTION('',(1.,0.,0.));
#1892 = ORIENTED_EDGE('',*,*,#1878,.T.);
#1893 = ORIENTED_EDGE('',*,*,#514,.T.);
#1894 = CYLINDRICAL_SURFACE('',#1895,1.6);
#1895 = AXIS2_PLACEMENT_3D('',#1896,#1897,#1898);
#1896 = CARTESIAN_POINT('',(-115.,0.,5.));
#1897 = DIRECTION('',(-0.,-0.,-1.));
#1898 = DIRECTION('',(1.,0.,0.));
#1899 = ADVANCED_FACE('',(#1900),#1919,.F.);
#1900 = FACE_BOUND('',#1901,.T.);
#1901 = EDGE_LOOP('',(#1902,#1910,#1917,#1918));
#1902 = ORIENTED_EDGE('',*,*,#1903,.F.);
#1903 = EDGE_CURVE('',#1904,#526,#1906,.T.);
#1904 = VERTEX_POINT('',#1905);
#1905 = CARTESIAN_POINT('',(116.6,0.,5.));
#1906 = LINE('',#1907,#1908);
#1907 = CARTESIAN_POINT('',(116.6,0.,5.));
#1908 = VECTOR('',#1909,1.);
#1909 = DIRECTION('',(-6.177757436015E-17,0.,-1.));
#1910 = ORIENTED_EDGE('',*,*,#1911,.T.);
#1911 = EDGE_CURVE('',#1904,#1904,#1912,.T.);
#1912 = CIRCLE('',#1913,1.6);
#1913 = AXIS2_PLACEMENT_3D('',#1914,#1915,#1916);
#1914 = CARTESIAN_POINT('',(115.,0.,5.));
#1915 = DIRECTION('',(0.,0.,1.));
#1916 = DIRECTION('',(1.,0.,0.));
#1917 = ORIENTED_EDGE('',*,*,#1903,.T.);
#1918 = ORIENTED_EDGE('',*,*,#525,.T.);
#1919 = CYLINDRICAL_SURFACE('',#1920,1.6);
#1920 = AXIS2_PLACEMENT_3D('',#1921,#1922,#1923);
#1921 = CARTESIAN_POINT('',(115.,0.,5.));
#1922 = DIRECTION('',(-0.,-0.,-1.));
#1923 = DIRECTION('',(1.,0.,0.));
#1924 = ADVANCED_FACE('',(#1925),#1935,.T.);
#1925 = FACE_BOUND('',#1926,.T.);
#1926 = EDGE_LOOP('',(#1927,#1933,#1934));
#1927 = ORIENTED_EDGE('',*,*,#1928,.F.);
#1928 = EDGE_CURVE('',#545,#600,#1929,.T.);
#1929 = LINE('',#1930,#1931);
#1930 = CARTESIAN_POINT('',(-124.5,-8.,28.5));
#1931 = VECTOR('',#1932,1.);
#1932 = DIRECTION('',(0.707106781187,6.441924999385E-15,0.707106781187)
  );
#1933 = ORIENTED_EDGE('',*,*,#544,.T.);
#1934 = ORIENTED_EDGE('',*,*,#607,.F.);
#1935 = PLANE('',#1936);
#1936 = AXIS2_PLACEMENT_3D('',#1937,#1938,#1939);
#1937 = CARTESIAN_POINT('',(-125.,-8.,28.));
#1938 = DIRECTION('',(-0.57735026919,-0.57735026919,0.57735026919));
#1939 = DIRECTION('',(4.940492459582E-15,-0.707106781187,-0.707106781187
    ));
#1940 = ADVANCED_FACE('',(#1941),#1951,.F.);
#1941 = FACE_BOUND('',#1942,.F.);
#1942 = EDGE_LOOP('',(#1943,#1949,#1950));
#1943 = ORIENTED_EDGE('',*,*,#1944,.F.);
#1944 = EDGE_CURVE('',#569,#592,#1945,.T.);
#1945 = LINE('',#1946,#1947);
#1946 = CARTESIAN_POINT('',(124.5,-8.,28.5));
#1947 = VECTOR('',#1948,1.);
#1948 = DIRECTION('',(-0.707106781187,5.961184327789E-15,0.707106781187)
  );
#1949 = ORIENTED_EDGE('',*,*,#568,.T.);
#1950 = ORIENTED_EDGE('',*,*,#591,.F.);
#1951 = PLANE('',#1952);
#1952 = AXIS2_PLACEMENT_3D('',#1953,#1954,#1955);
#1953 = CARTESIAN_POINT('',(125.,-8.,28.));
#1954 = DIRECTION('',(-0.57735026919,0.57735026919,-0.57735026919));
#1955 = DIRECTION('',(0.,-0.707106781187,-0.707106781187));
#1956 = ADVANCED_FACE('',(#1957,#1982,#1993,#2004,#2015,#2026,#2037,
    #2048,#2059,#2070,#2081,#2092,#2103,#2114,#2125,#2136,#2147,#2158,
    #2169,#2180,#2191,#2202,#2213,#2224,#2235),#2246,.T.);
#1957 = FACE_BOUND('',#1958,.T.);
#1958 = EDGE_LOOP('',(#1959,#1960,#1968,#1976));
#1959 = ORIENTED_EDGE('',*,*,#599,.T.);
#1960 = ORIENTED_EDGE('',*,*,#1961,.T.);
#1961 = EDGE_CURVE('',#592,#1962,#1964,.T.);
#1962 = VERTEX_POINT('',#1963);
#1963 = CARTESIAN_POINT('',(123.,8.,30.));
#1964 = LINE('',#1965,#1966);
#1965 = CARTESIAN_POINT('',(123.,-10.,30.));
#1966 = VECTOR('',#1967,1.);
#1967 = DIRECTION('',(0.,1.,0.));
#1968 = ORIENTED_EDGE('',*,*,#1969,.T.);
#1969 = EDGE_CURVE('',#1962,#1970,#1972,.T.);
#1970 = VERTEX_POINT('',#1971);
#1971 = CARTESIAN_POINT('',(-123.,8.,30.));
#1972 = LINE('',#1973,#1974);
#1973 = CARTESIAN_POINT('',(125.,8.,30.));
#1974 = VECTOR('',#1975,1.);
#1975 = DIRECTION('',(-1.,0.,0.));
#1976 = ORIENTED_EDGE('',*,*,#1977,.T.);
#1977 = EDGE_CURVE('',#1970,#600,#1978,.T.);
#1978 = LINE('',#1979,#1980);
#1979 = CARTESIAN_POINT('',(-123.,10.,30.));
#1980 = VECTOR('',#1981,1.);
#1981 = DIRECTION('',(0.,-1.,0.));
#1982 = FACE_BOUND('',#1983,.T.);
#1983 = EDGE_LOOP('',(#1984));
#1984 = ORIENTED_EDGE('',*,*,#1985,.F.);
#1985 = EDGE_CURVE('',#1986,#1986,#1988,.T.);
#1986 = VERTEX_POINT('',#1987);
#1987 = CARTESIAN_POINT('',(-111.75,0.,30.));
#1988 = CIRCLE('',#1989,3.25);
#1989 = AXIS2_PLACEMENT_3D('',#1990,#1991,#1992);
#1990 = CARTESIAN_POINT('',(-115.,0.,30.));
#1991 = DIRECTION('',(0.,0.,1.));
#1992 = DIRECTION('',(1.,0.,0.));
#1993 = FACE_BOUND('',#1994,.T.);
#1994 = EDGE_LOOP('',(#1995));
#1995 = ORIENTED_EDGE('',*,*,#1996,.F.);
#1996 = EDGE_CURVE('',#1997,#1997,#1999,.T.);
#1997 = VERTEX_POINT('',#1998);
#1998 = CARTESIAN_POINT('',(-102.6,0.,30.));
#1999 = CIRCLE('',#2000,2.4);
#2000 = AXIS2_PLACEMENT_3D('',#2001,#2002,#2003);
#2001 = CARTESIAN_POINT('',(-105.,0.,30.));
#2002 = DIRECTION('',(0.,0.,1.));
#2003 = DIRECTION('',(1.,0.,0.));
#2004 = FACE_BOUND('',#2005,.T.);
#2005 = EDGE_LOOP('',(#2006));
#2006 = ORIENTED_EDGE('',*,*,#2007,.F.);
#2007 = EDGE_CURVE('',#2008,#2008,#2010,.T.);
#2008 = VERTEX_POINT('',#2009);
#2009 = CARTESIAN_POINT('',(-92.6,0.,30.));
#2010 = CIRCLE('',#2011,2.4);
#2011 = AXIS2_PLACEMENT_3D('',#2012,#2013,#2014);
#2012 = CARTESIAN_POINT('',(-95.,0.,30.));
#2013 = DIRECTION('',(0.,0.,1.));
#2014 = DIRECTION('',(1.,0.,0.));
#2015 = FACE_BOUND('',#2016,.T.);
#2016 = EDGE_LOOP('',(#2017));
#2017 = ORIENTED_EDGE('',*,*,#2018,.F.);
#2018 = EDGE_CURVE('',#2019,#2019,#2021,.T.);
#2019 = VERTEX_POINT('',#2020);
#2020 = CARTESIAN_POINT('',(-82.6,0.,30.));
#2021 = CIRCLE('',#2022,2.4);
#2022 = AXIS2_PLACEMENT_3D('',#2023,#2024,#2025);
#2023 = CARTESIAN_POINT('',(-85.,0.,30.));
#2024 = DIRECTION('',(0.,0.,1.));
#2025 = DIRECTION('',(1.,0.,0.));
#2026 = FACE_BOUND('',#2027,.T.);
#2027 = EDGE_LOOP('',(#2028));
#2028 = ORIENTED_EDGE('',*,*,#2029,.F.);
#2029 = EDGE_CURVE('',#2030,#2030,#2032,.T.);
#2030 = VERTEX_POINT('',#2031);
#2031 = CARTESIAN_POINT('',(-72.6,0.,30.));
#2032 = CIRCLE('',#2033,2.4);
#2033 = AXIS2_PLACEMENT_3D('',#2034,#2035,#2036);
#2034 = CARTESIAN_POINT('',(-75.,0.,30.));
#2035 = DIRECTION('',(0.,0.,1.));
#2036 = DIRECTION('',(1.,0.,0.));
#2037 = FACE_BOUND('',#2038,.T.);
#2038 = EDGE_LOOP('',(#2039));
#2039 = ORIENTED_EDGE('',*,*,#2040,.F.);
#2040 = EDGE_CURVE('',#2041,#2041,#2043,.T.);
#2041 = VERTEX_POINT('',#2042);
#2042 = CARTESIAN_POINT('',(-62.6,0.,30.));
#2043 = CIRCLE('',#2044,2.4);
#2044 = AXIS2_PLACEMENT_3D('',#2045,#2046,#2047);
#2045 = CARTESIAN_POINT('',(-65.,0.,30.));
#2046 = DIRECTION('',(0.,0.,1.));
#2047 = DIRECTION('',(1.,0.,0.));
#2048 = FACE_BOUND('',#2049,.T.);
#2049 = EDGE_LOOP('',(#2050));
#2050 = ORIENTED_EDGE('',*,*,#2051,.F.);
#2051 = EDGE_CURVE('',#2052,#2052,#2054,.T.);
#2052 = VERTEX_POINT('',#2053);
#2053 = CARTESIAN_POINT('',(-52.6,0.,30.));
#2054 = CIRCLE('',#2055,2.4);
#2055 = AXIS2_PLACEMENT_3D('',#2056,#2057,#2058);
#2056 = CARTESIAN_POINT('',(-55.,0.,30.));
#2057 = DIRECTION('',(0.,0.,1.));
#2058 = DIRECTION('',(1.,0.,0.));
#2059 = FACE_BOUND('',#2060,.T.);
#2060 = EDGE_LOOP('',(#2061));
#2061 = ORIENTED_EDGE('',*,*,#2062,.F.);
#2062 = EDGE_CURVE('',#2063,#2063,#2065,.T.);
#2063 = VERTEX_POINT('',#2064);
#2064 = CARTESIAN_POINT('',(-42.6,0.,30.));
#2065 = CIRCLE('',#2066,2.4);
#2066 = AXIS2_PLACEMENT_3D('',#2067,#2068,#2069);
#2067 = CARTESIAN_POINT('',(-45.,0.,30.));
#2068 = DIRECTION('',(0.,0.,1.));
#2069 = DIRECTION('',(1.,0.,0.));
#2070 = FACE_BOUND('',#2071,.T.);
#2071 = EDGE_LOOP('',(#2072));
#2072 = ORIENTED_EDGE('',*,*,#2073,.F.);
#2073 = EDGE_CURVE('',#2074,#2074,#2076,.T.);
#2074 = VERTEX_POINT('',#2075);
#2075 = CARTESIAN_POINT('',(-32.6,0.,30.));
#2076 = CIRCLE('',#2077,2.4);
#2077 = AXIS2_PLACEMENT_3D('',#2078,#2079,#2080);
#2078 = CARTESIAN_POINT('',(-35.,0.,30.));
#2079 = DIRECTION('',(0.,0.,1.));
#2080 = DIRECTION('',(1.,0.,0.));
#2081 = FACE_BOUND('',#2082,.T.);
#2082 = EDGE_LOOP('',(#2083));
#2083 = ORIENTED_EDGE('',*,*,#2084,.F.);
#2084 = EDGE_CURVE('',#2085,#2085,#2087,.T.);
#2085 = VERTEX_POINT('',#2086);
#2086 = CARTESIAN_POINT('',(-22.6,0.,30.));
#2087 = CIRCLE('',#2088,2.4);
#2088 = AXIS2_PLACEMENT_3D('',#2089,#2090,#2091);
#2089 = CARTESIAN_POINT('',(-25.,0.,30.));
#2090 = DIRECTION('',(0.,0.,1.));
#2091 = DIRECTION('',(1.,0.,0.));
#2092 = FACE_BOUND('',#2093,.T.);
#2093 = EDGE_LOOP('',(#2094));
#2094 = ORIENTED_EDGE('',*,*,#2095,.F.);
#2095 = EDGE_CURVE('',#2096,#2096,#2098,.T.);
#2096 = VERTEX_POINT('',#2097);
#2097 = CARTESIAN_POINT('',(-12.6,0.,30.));
#2098 = CIRCLE('',#2099,2.4);
#2099 = AXIS2_PLACEMENT_3D('',#2100,#2101,#2102);
#2100 = CARTESIAN_POINT('',(-15.,0.,30.));
#2101 = DIRECTION('',(0.,0.,1.));
#2102 = DIRECTION('',(1.,0.,0.));
#2103 = FACE_BOUND('',#2104,.T.);
#2104 = EDGE_LOOP('',(#2105));
#2105 = ORIENTED_EDGE('',*,*,#2106,.F.);
#2106 = EDGE_CURVE('',#2107,#2107,#2109,.T.);
#2107 = VERTEX_POINT('',#2108);
#2108 = CARTESIAN_POINT('',(-2.6,0.,30.));
#2109 = CIRCLE('',#2110,2.4);
#2110 = AXIS2_PLACEMENT_3D('',#2111,#2112,#2113);
#2111 = CARTESIAN_POINT('',(-5.,0.,30.));
#2112 = DIRECTION('',(0.,0.,1.));
#2113 = DIRECTION('',(1.,0.,0.));
#2114 = FACE_BOUND('',#2115,.T.);
#2115 = EDGE_LOOP('',(#2116));
#2116 = ORIENTED_EDGE('',*,*,#2117,.F.);
#2117 = EDGE_CURVE('',#2118,#2118,#2120,.T.);
#2118 = VERTEX_POINT('',#2119);
#2119 = CARTESIAN_POINT('',(7.4,0.,30.));
#2120 = CIRCLE('',#2121,2.4);
#2121 = AXIS2_PLACEMENT_3D('',#2122,#2123,#2124);
#2122 = CARTESIAN_POINT('',(5.,0.,30.));
#2123 = DIRECTION('',(0.,0.,1.));
#2124 = DIRECTION('',(1.,0.,0.));
#2125 = FACE_BOUND('',#2126,.T.);
#2126 = EDGE_LOOP('',(#2127));
#2127 = ORIENTED_EDGE('',*,*,#2128,.F.);
#2128 = EDGE_CURVE('',#2129,#2129,#2131,.T.);
#2129 = VERTEX_POINT('',#2130);
#2130 = CARTESIAN_POINT('',(17.4,0.,30.));
#2131 = CIRCLE('',#2132,2.4);
#2132 = AXIS2_PLACEMENT_3D('',#2133,#2134,#2135);
#2133 = CARTESIAN_POINT('',(15.,0.,30.));
#2134 = DIRECTION('',(0.,0.,1.));
#2135 = DIRECTION('',(1.,0.,0.));
#2136 = FACE_BOUND('',#2137,.T.);
#2137 = EDGE_LOOP('',(#2138));
#2138 = ORIENTED_EDGE('',*,*,#2139,.F.);
#2139 = EDGE_CURVE('',#2140,#2140,#2142,.T.);
#2140 = VERTEX_POINT('',#2141);
#2141 = CARTESIAN_POINT('',(27.4,0.,30.));
#2142 = CIRCLE('',#2143,2.4);
#2143 = AXIS2_PLACEMENT_3D('',#2144,#2145,#2146);
#2144 = CARTESIAN_POINT('',(25.,0.,30.));
#2145 = DIRECTION('',(0.,0.,1.));
#2146 = DIRECTION('',(1.,0.,0.));
#2147 = FACE_BOUND('',#2148,.T.);
#2148 = EDGE_LOOP('',(#2149));
#2149 = ORIENTED_EDGE('',*,*,#2150,.F.);
#2150 = EDGE_CURVE('',#2151,#2151,#2153,.T.);
#2151 = VERTEX_POINT('',#2152);
#2152 = CARTESIAN_POINT('',(37.4,0.,30.));
#2153 = CIRCLE('',#2154,2.4);
#2154 = AXIS2_PLACEMENT_3D('',#2155,#2156,#2157);
#2155 = CARTESIAN_POINT('',(35.,0.,30.));
#2156 = DIRECTION('',(0.,0.,1.));
#2157 = DIRECTION('',(1.,0.,0.));
#2158 = FACE_BOUND('',#2159,.T.);
#2159 = EDGE_LOOP('',(#2160));
#2160 = ORIENTED_EDGE('',*,*,#2161,.F.);
#2161 = EDGE_CURVE('',#2162,#2162,#2164,.T.);
#2162 = VERTEX_POINT('',#2163);
#2163 = CARTESIAN_POINT('',(47.4,0.,30.));
#2164 = CIRCLE('',#2165,2.4);
#2165 = AXIS2_PLACEMENT_3D('',#2166,#2167,#2168);
#2166 = CARTESIAN_POINT('',(45.,0.,30.));
#2167 = DIRECTION('',(0.,0.,1.));
#2168 = DIRECTION('',(1.,0.,0.));
#2169 = FACE_BOUND('',#2170,.T.);
#2170 = EDGE_LOOP('',(#2171));
#2171 = ORIENTED_EDGE('',*,*,#2172,.F.);
#2172 = EDGE_CURVE('',#2173,#2173,#2175,.T.);
#2173 = VERTEX_POINT('',#2174);
#2174 = CARTESIAN_POINT('',(57.4,0.,30.));
#2175 = CIRCLE('',#2176,2.4);
#2176 = AXIS2_PLACEMENT_3D('',#2177,#2178,#2179);
#2177 = CARTESIAN_POINT('',(55.,0.,30.));
#2178 = DIRECTION('',(0.,0.,1.));
#2179 = DIRECTION('',(1.,0.,0.));
#2180 = FACE_BOUND('',#2181,.T.);
#2181 = EDGE_LOOP('',(#2182));
#2182 = ORIENTED_EDGE('',*,*,#2183,.F.);
#2183 = EDGE_CURVE('',#2184,#2184,#2186,.T.);
#2184 = VERTEX_POINT('',#2185);
#2185 = CARTESIAN_POINT('',(67.4,0.,30.));
#2186 = CIRCLE('',#2187,2.4);
#2187 = AXIS2_PLACEMENT_3D('',#2188,#2189,#2190);
#2188 = CARTESIAN_POINT('',(65.,0.,30.));
#2189 = DIRECTION('',(0.,0.,1.));
#2190 = DIRECTION('',(1.,0.,0.));
#2191 = FACE_BOUND('',#2192,.T.);
#2192 = EDGE_LOOP('',(#2193));
#2193 = ORIENTED_EDGE('',*,*,#2194,.F.);
#2194 = EDGE_CURVE('',#2195,#2195,#2197,.T.);
#2195 = VERTEX_POINT('',#2196);
#2196 = CARTESIAN_POINT('',(77.4,0.,30.));
#2197 = CIRCLE('',#2198,2.4);
#2198 = AXIS2_PLACEMENT_3D('',#2199,#2200,#2201);
#2199 = CARTESIAN_POINT('',(75.,0.,30.));
#2200 = DIRECTION('',(0.,0.,1.));
#2201 = DIRECTION('',(1.,0.,0.));
#2202 = FACE_BOUND('',#2203,.T.);
#2203 = EDGE_LOOP('',(#2204));
#2204 = ORIENTED_EDGE('',*,*,#2205,.F.);
#2205 = EDGE_CURVE('',#2206,#2206,#2208,.T.);
#2206 = VERTEX_POINT('',#2207);
#2207 = CARTESIAN_POINT('',(87.4,0.,30.));
#2208 = CIRCLE('',#2209,2.4);
#2209 = AXIS2_PLACEMENT_3D('',#2210,#2211,#2212);
#2210 = CARTESIAN_POINT('',(85.,0.,30.));
#2211 = DIRECTION('',(0.,0.,1.));
#2212 = DIRECTION('',(1.,0.,0.));
#2213 = FACE_BOUND('',#2214,.T.);
#2214 = EDGE_LOOP('',(#2215));
#2215 = ORIENTED_EDGE('',*,*,#2216,.F.);
#2216 = EDGE_CURVE('',#2217,#2217,#2219,.T.);
#2217 = VERTEX_POINT('',#2218);
#2218 = CARTESIAN_POINT('',(97.4,0.,30.));
#2219 = CIRCLE('',#2220,2.4);
#2220 = AXIS2_PLACEMENT_3D('',#2221,#2222,#2223);
#2221 = CARTESIAN_POINT('',(95.,0.,30.));
#2222 = DIRECTION('',(0.,0.,1.));
#2223 = DIRECTION('',(1.,0.,0.));
#2224 = FACE_BOUND('',#2225,.T.);
#2225 = EDGE_LOOP('',(#2226));
#2226 = ORIENTED_EDGE('',*,*,#2227,.F.);
#2227 = EDGE_CURVE('',#2228,#2228,#2230,.T.);
#2228 = VERTEX_POINT('',#2229);
#2229 = CARTESIAN_POINT('',(107.4,0.,30.));
#2230 = CIRCLE('',#2231,2.4);
#2231 = AXIS2_PLACEMENT_3D('',#2232,#2233,#2234);
#2232 = CARTESIAN_POINT('',(105.,0.,30.));
#2233 = DIRECTION('',(0.,0.,1.));
#2234 = DIRECTION('',(1.,0.,0.));
#2235 = FACE_BOUND('',#2236,.T.);
#2236 = EDGE_LOOP('',(#2237));
#2237 = ORIENTED_EDGE('',*,*,#2238,.F.);
#2238 = EDGE_CURVE('',#2239,#2239,#2241,.T.);
#2239 = VERTEX_POINT('',#2240);
#2240 = CARTESIAN_POINT('',(118.25,0.,30.));
#2241 = CIRCLE('',#2242,3.25);
#2242 = AXIS2_PLACEMENT_3D('',#2243,#2244,#2245);
#2243 = CARTESIAN_POINT('',(115.,0.,30.));
#2244 = DIRECTION('',(0.,0.,1.));
#2245 = DIRECTION('',(1.,0.,0.));
#2246 = PLANE('',#2247);
#2247 = AXIS2_PLACEMENT_3D('',#2248,#2249,#2250);
#2248 = CARTESIAN_POINT('',(0.,0.,30.));
#2249 = DIRECTION('',(0.,0.,1.));
#2250 = DIRECTION('',(1.,0.,0.));
#2251 = ADVANCED_FACE('',(#2252),#2263,.F.);
#2252 = FACE_BOUND('',#2253,.T.);
#2253 = EDGE_LOOP('',(#2254,#2260,#2261,#2262));
#2254 = ORIENTED_EDGE('',*,*,#2255,.F.);
#2255 = EDGE_CURVE('',#1701,#1970,#2256,.T.);
#2256 = LINE('',#2257,#2258);
#2257 = CARTESIAN_POINT('',(-124.5,8.,28.5));
#2258 = VECTOR('',#2259,1.);
#2259 = DIRECTION('',(0.707106781187,-5.961184327789E-15,0.707106781187)
  );
#2260 = ORIENTED_EDGE('',*,*,#1708,.T.);
#2261 = ORIENTED_EDGE('',*,*,#1928,.T.);
#2262 = ORIENTED_EDGE('',*,*,#1977,.F.);
#2263 = PLANE('',#2264);
#2264 = AXIS2_PLACEMENT_3D('',#2265,#2266,#2267);
#2265 = CARTESIAN_POINT('',(-124.,10.,29.));
#2266 = DIRECTION('',(0.707106781187,0.,-0.707106781187));
#2267 = DIRECTION('',(-0.,1.,-0.));
#2268 = ADVANCED_FACE('',(#2269),#2280,.F.);
#2269 = FACE_BOUND('',#2270,.F.);
#2270 = EDGE_LOOP('',(#2271,#2272,#2273,#2279));
#2271 = ORIENTED_EDGE('',*,*,#1944,.T.);
#2272 = ORIENTED_EDGE('',*,*,#1961,.T.);
#2273 = ORIENTED_EDGE('',*,*,#2274,.F.);
#2274 = EDGE_CURVE('',#1726,#1962,#2275,.T.);
#2275 = LINE('',#2276,#2277);
#2276 = CARTESIAN_POINT('',(124.5,8.,28.5));
#2277 = VECTOR('',#2278,1.);
#2278 = DIRECTION('',(-0.707106781187,-6.441924999385E-15,0.707106781187
    ));
#2279 = ORIENTED_EDGE('',*,*,#1725,.F.);
#2280 = PLANE('',#2281);
#2281 = AXIS2_PLACEMENT_3D('',#2282,#2283,#2284);
#2282 = CARTESIAN_POINT('',(124.,-10.,29.));
#2283 = DIRECTION('',(-0.707106781187,0.,-0.707106781187));
#2284 = DIRECTION('',(0.,1.,0.));
#2285 = ADVANCED_FACE('',(#2286),#2296,.F.);
#2286 = FACE_BOUND('',#2287,.F.);
#2287 = EDGE_LOOP('',(#2288,#2289,#2290));
#2288 = ORIENTED_EDGE('',*,*,#2255,.F.);
#2289 = ORIENTED_EDGE('',*,*,#1749,.T.);
#2290 = ORIENTED_EDGE('',*,*,#2291,.F.);
#2291 = EDGE_CURVE('',#1970,#1750,#2292,.T.);
#2292 = LINE('',#2293,#2294);
#2293 = CARTESIAN_POINT('',(-123.,9.,29.));
#2294 = VECTOR('',#2295,1.);
#2295 = DIRECTION('',(-1.634518283426E-15,0.707106781187,-0.707106781187
    ));
#2296 = PLANE('',#2297);
#2297 = AXIS2_PLACEMENT_3D('',#2298,#2299,#2300);
#2298 = CARTESIAN_POINT('',(-125.,8.,28.));
#2299 = DIRECTION('',(0.57735026919,-0.57735026919,-0.57735026919));
#2300 = DIRECTION('',(0.,0.707106781187,-0.707106781187));
#2301 = ADVANCED_FACE('',(#2302),#2312,.T.);
#2302 = FACE_BOUND('',#2303,.T.);
#2303 = EDGE_LOOP('',(#2304,#2305,#2306));
#2304 = ORIENTED_EDGE('',*,*,#2274,.F.);
#2305 = ORIENTED_EDGE('',*,*,#1773,.T.);
#2306 = ORIENTED_EDGE('',*,*,#2307,.F.);
#2307 = EDGE_CURVE('',#1962,#1774,#2308,.T.);
#2308 = LINE('',#2309,#2310);
#2309 = CARTESIAN_POINT('',(123.,9.,29.));
#2310 = VECTOR('',#2311,1.);
#2311 = DIRECTION('',(-3.653629104129E-15,0.707106781187,-0.707106781187
    ));
#2312 = PLANE('',#2313);
#2313 = AXIS2_PLACEMENT_3D('',#2314,#2315,#2316);
#2314 = CARTESIAN_POINT('',(125.,8.,28.));
#2315 = DIRECTION('',(0.57735026919,0.57735026919,0.57735026919));
#2316 = DIRECTION('',(-4.940492459582E-15,0.707106781187,-0.707106781187
    ));
#2317 = ADVANCED_FACE('',(#2318),#2324,.F.);
#2318 = FACE_BOUND('',#2319,.F.);
#2319 = EDGE_LOOP('',(#2320,#2321,#2322,#2323));
#2320 = ORIENTED_EDGE('',*,*,#1969,.T.);
#2321 = ORIENTED_EDGE('',*,*,#2291,.T.);
#2322 = ORIENTED_EDGE('',*,*,#1797,.F.);
#2323 = ORIENTED_EDGE('',*,*,#2307,.F.);
#2324 = PLANE('',#2325);
#2325 = AXIS2_PLACEMENT_3D('',#2326,#2327,#2328);
#2326 = CARTESIAN_POINT('',(125.,9.,29.));
#2327 = DIRECTION('',(0.,-0.707106781187,-0.707106781187));
#2328 = DIRECTION('',(-1.,0.,0.));
#2329 = ADVANCED_FACE('',(#2330,#2341),#2344,.T.);
#2330 = FACE_BOUND('',#2331,.T.);
#2331 = EDGE_LOOP('',(#2332));
#2332 = ORIENTED_EDGE('',*,*,#2333,.T.);
#2333 = EDGE_CURVE('',#2334,#2334,#2336,.T.);
#2334 = VERTEX_POINT('',#2335);
#2335 = CARTESIAN_POINT('',(-111.75,0.,5.));
#2336 = CIRCLE('',#2337,3.25);
#2337 = AXIS2_PLACEMENT_3D('',#2338,#2339,#2340);
#2338 = CARTESIAN_POINT('',(-115.,0.,5.));
#2339 = DIRECTION('',(0.,0.,1.));
#2340 = DIRECTION('',(1.,0.,0.));
#2341 = FACE_BOUND('',#2342,.T.);
#2342 = EDGE_LOOP('',(#2343));
#2343 = ORIENTED_EDGE('',*,*,#1886,.F.);
#2344 = PLANE('',#2345);
#2345 = AXIS2_PLACEMENT_3D('',#2346,#2347,#2348);
#2346 = CARTESIAN_POINT('',(-115.,0.,5.));
#2347 = DIRECTION('',(0.,0.,1.));
#2348 = DIRECTION('',(1.,0.,0.));
#2349 = ADVANCED_FACE('',(#2350,#2361),#2364,.T.);
#2350 = FACE_BOUND('',#2351,.T.);
#2351 = EDGE_LOOP('',(#2352));
#2352 = ORIENTED_EDGE('',*,*,#2353,.T.);
#2353 = EDGE_CURVE('',#2354,#2354,#2356,.T.);
#2354 = VERTEX_POINT('',#2355);
#2355 = CARTESIAN_POINT('',(118.25,0.,5.));
#2356 = CIRCLE('',#2357,3.25);
#2357 = AXIS2_PLACEMENT_3D('',#2358,#2359,#2360);
#2358 = CARTESIAN_POINT('',(115.,0.,5.));
#2359 = DIRECTION('',(0.,0.,1.));
#2360 = DIRECTION('',(1.,0.,0.));
#2361 = FACE_BOUND('',#2362,.T.);
#2362 = EDGE_LOOP('',(#2363));
#2363 = ORIENTED_EDGE('',*,*,#1911,.F.);
#2364 = PLANE('',#2365);
#2365 = AXIS2_PLACEMENT_3D('',#2366,#2367,#2368);
#2366 = CARTESIAN_POINT('',(115.,0.,5.));
#2367 = DIRECTION('',(0.,0.,1.));
#2368 = DIRECTION('',(1.,0.,0.));
#2369 = ADVANCED_FACE('',(#2370),#2381,.F.);
#2370 = FACE_BOUND('',#2371,.T.);
#2371 = EDGE_LOOP('',(#2372,#2378,#2379,#2380));
#2372 = ORIENTED_EDGE('',*,*,#2373,.F.);
#2373 = EDGE_CURVE('',#1986,#2334,#2374,.T.);
#2374 = LINE('',#2375,#2376);
#2375 = CARTESIAN_POINT('',(-111.75,0.,30.));
#2376 = VECTOR('',#2377,1.);
#2377 = DIRECTION('',(0.,0.,-1.));
#2378 = ORIENTED_EDGE('',*,*,#1985,.T.);
#2379 = ORIENTED_EDGE('',*,*,#2373,.T.);
#2380 = ORIENTED_EDGE('',*,*,#2333,.F.);
#2381 = CYLINDRICAL_SURFACE('',#2382,3.25);
#2382 = AXIS2_PLACEMENT_3D('',#2383,#2384,#2385);
#2383 = CARTESIAN_POINT('',(-115.,0.,30.));
#2384 = DIRECTION('',(-0.,-0.,-1.));
#2385 = DIRECTION('',(1.,0.,0.));
#2386 = ADVANCED_FACE('',(#2387),#2406,.F.);
#2387 = FACE_BOUND('',#2388,.F.);
#2388 = EDGE_LOOP('',(#2389,#2397,#2404,#2405));
#2389 = ORIENTED_EDGE('',*,*,#2390,.T.);
#2390 = EDGE_CURVE('',#1997,#2391,#2393,.T.);
#2391 = VERTEX_POINT('',#2392);
#2392 = CARTESIAN_POINT('',(-102.6,0.,20.));
#2393 = LINE('',#2394,#2395);
#2394 = CARTESIAN_POINT('',(-102.6,0.,30.));
#2395 = VECTOR('',#2396,1.);
#2396 = DIRECTION('',(-0.,-0.,-1.));
#2397 = ORIENTED_EDGE('',*,*,#2398,.T.);
#2398 = EDGE_CURVE('',#2391,#2391,#2399,.T.);
#2399 = CIRCLE('',#2400,2.4);
#2400 = AXIS2_PLACEMENT_3D('',#2401,#2402,#2403);
#2401 = CARTESIAN_POINT('',(-105.,0.,20.));
#2402 = DIRECTION('',(0.,0.,1.));
#2403 = DIRECTION('',(1.,0.,0.));
#2404 = ORIENTED_EDGE('',*,*,#2390,.F.);
#2405 = ORIENTED_EDGE('',*,*,#1996,.F.);
#2406 = CYLINDRICAL_SURFACE('',#2407,2.4);
#2407 = AXIS2_PLACEMENT_3D('',#2408,#2409,#2410);
#2408 = CARTESIAN_POINT('',(-105.,0.,30.));
#2409 = DIRECTION('',(0.,0.,1.));
#2410 = DIRECTION('',(1.,0.,0.));
#2411 = ADVANCED_FACE('',(#2412),#2431,.F.);
#2412 = FACE_BOUND('',#2413,.F.);
#2413 = EDGE_LOOP('',(#2414,#2422,#2429,#2430));
#2414 = ORIENTED_EDGE('',*,*,#2415,.T.);
#2415 = EDGE_CURVE('',#2008,#2416,#2418,.T.);
#2416 = VERTEX_POINT('',#2417);
#2417 = CARTESIAN_POINT('',(-92.6,0.,20.));
#2418 = LINE('',#2419,#2420);
#2419 = CARTESIAN_POINT('',(-92.6,0.,30.));
#2420 = VECTOR('',#2421,1.);
#2421 = DIRECTION('',(-0.,-0.,-1.));
#2422 = ORIENTED_EDGE('',*,*,#2423,.T.);
#2423 = EDGE_CURVE('',#2416,#2416,#2424,.T.);
#2424 = CIRCLE('',#2425,2.4);
#2425 = AXIS2_PLACEMENT_3D('',#2426,#2427,#2428);
#2426 = CARTESIAN_POINT('',(-95.,0.,20.));
#2427 = DIRECTION('',(0.,0.,1.));
#2428 = DIRECTION('',(1.,0.,0.));
#2429 = ORIENTED_EDGE('',*,*,#2415,.F.);
#2430 = ORIENTED_EDGE('',*,*,#2007,.F.);
#2431 = CYLINDRICAL_SURFACE('',#2432,2.4);
#2432 = AXIS2_PLACEMENT_3D('',#2433,#2434,#2435);
#2433 = CARTESIAN_POINT('',(-95.,0.,30.));
#2434 = DIRECTION('',(0.,0.,1.));
#2435 = DIRECTION('',(1.,0.,0.));
#2436 = ADVANCED_FACE('',(#2437),#2456,.F.);
#2437 = FACE_BOUND('',#2438,.F.);
#2438 = EDGE_LOOP('',(#2439,#2447,#2454,#2455));
#2439 = ORIENTED_EDGE('',*,*,#2440,.T.);
#2440 = EDGE_CURVE('',#2019,#2441,#2443,.T.);
#2441 = VERTEX_POINT('',#2442);
#2442 = CARTESIAN_POINT('',(-82.6,0.,20.));
#2443 = LINE('',#2444,#2445);
#2444 = CARTESIAN_POINT('',(-82.6,0.,30.));
#2445 = VECTOR('',#2446,1.);
#2446 = DIRECTION('',(-0.,-0.,-1.));
#2447 = ORIENTED_EDGE('',*,*,#2448,.T.);
#2448 = EDGE_CURVE('',#2441,#2441,#2449,.T.);
#2449 = CIRCLE('',#2450,2.4);
#2450 = AXIS2_PLACEMENT_3D('',#2451,#2452,#2453);
#2451 = CARTESIAN_POINT('',(-85.,0.,20.));
#2452 = DIRECTION('',(0.,0.,1.));
#2453 = DIRECTION('',(1.,0.,0.));
#2454 = ORIENTED_EDGE('',*,*,#2440,.F.);
#2455 = ORIENTED_EDGE('',*,*,#2018,.F.);
#2456 = CYLINDRICAL_SURFACE('',#2457,2.4);
#2457 = AXIS2_PLACEMENT_3D('',#2458,#2459,#2460);
#2458 = CARTESIAN_POINT('',(-85.,0.,30.));
#2459 = DIRECTION('',(0.,0.,1.));
#2460 = DIRECTION('',(1.,0.,0.));
#2461 = ADVANCED_FACE('',(#2462),#2481,.F.);
#2462 = FACE_BOUND('',#2463,.F.);
#2463 = EDGE_LOOP('',(#2464,#2472,#2479,#2480));
#2464 = ORIENTED_EDGE('',*,*,#2465,.T.);
#2465 = EDGE_CURVE('',#2030,#2466,#2468,.T.);
#2466 = VERTEX_POINT('',#2467);
#2467 = CARTESIAN_POINT('',(-72.6,0.,20.));
#2468 = LINE('',#2469,#2470);
#2469 = CARTESIAN_POINT('',(-72.6,0.,30.));
#2470 = VECTOR('',#2471,1.);
#2471 = DIRECTION('',(-0.,-0.,-1.));
#2472 = ORIENTED_EDGE('',*,*,#2473,.T.);
#2473 = EDGE_CURVE('',#2466,#2466,#2474,.T.);
#2474 = CIRCLE('',#2475,2.4);
#2475 = AXIS2_PLACEMENT_3D('',#2476,#2477,#2478);
#2476 = CARTESIAN_POINT('',(-75.,0.,20.));
#2477 = DIRECTION('',(0.,0.,1.));
#2478 = DIRECTION('',(1.,0.,0.));
#2479 = ORIENTED_EDGE('',*,*,#2465,.F.);
#2480 = ORIENTED_EDGE('',*,*,#2029,.F.);
#2481 = CYLINDRICAL_SURFACE('',#2482,2.4);
#2482 = AXIS2_PLACEMENT_3D('',#2483,#2484,#2485);
#2483 = CARTESIAN_POINT('',(-75.,0.,30.));
#2484 = DIRECTION('',(0.,0.,1.));
#2485 = DIRECTION('',(1.,0.,0.));
#2486 = ADVANCED_FACE('',(#2487),#2506,.F.);
#2487 = FACE_BOUND('',#2488,.F.);
#2488 = EDGE_LOOP('',(#2489,#2497,#2504,#2505));
#2489 = ORIENTED_EDGE('',*,*,#2490,.T.);
#2490 = EDGE_CURVE('',#2041,#2491,#2493,.T.);
#2491 = VERTEX_POINT('',#2492);
#2492 = CARTESIAN_POINT('',(-62.6,0.,20.));
#2493 = LINE('',#2494,#2495);
#2494 = CARTESIAN_POINT('',(-62.6,0.,30.));
#2495 = VECTOR('',#2496,1.);
#2496 = DIRECTION('',(-0.,-0.,-1.));
#2497 = ORIENTED_EDGE('',*,*,#2498,.T.);
#2498 = EDGE_CURVE('',#2491,#2491,#2499,.T.);
#2499 = CIRCLE('',#2500,2.4);
#2500 = AXIS2_PLACEMENT_3D('',#2501,#2502,#2503);
#2501 = CARTESIAN_POINT('',(-65.,0.,20.));
#2502 = DIRECTION('',(0.,0.,1.));
#2503 = DIRECTION('',(1.,0.,0.));
#2504 = ORIENTED_EDGE('',*,*,#2490,.F.);
#2505 = ORIENTED_EDGE('',*,*,#2040,.F.);
#2506 = CYLINDRICAL_SURFACE('',#2507,2.4);
#2507 = AXIS2_PLACEMENT_3D('',#2508,#2509,#2510);
#2508 = CARTESIAN_POINT('',(-65.,0.,30.));
#2509 = DIRECTION('',(0.,0.,1.));
#2510 = DIRECTION('',(1.,0.,0.));
#2511 = ADVANCED_FACE('',(#2512),#2531,.F.);
#2512 = FACE_BOUND('',#2513,.F.);
#2513 = EDGE_LOOP('',(#2514,#2522,#2529,#2530));
#2514 = ORIENTED_EDGE('',*,*,#2515,.T.);
#2515 = EDGE_CURVE('',#2052,#2516,#2518,.T.);
#2516 = VERTEX_POINT('',#2517);
#2517 = CARTESIAN_POINT('',(-52.6,0.,20.));
#2518 = LINE('',#2519,#2520);
#2519 = CARTESIAN_POINT('',(-52.6,0.,30.));
#2520 = VECTOR('',#2521,1.);
#2521 = DIRECTION('',(-0.,-0.,-1.));
#2522 = ORIENTED_EDGE('',*,*,#2523,.T.);
#2523 = EDGE_CURVE('',#2516,#2516,#2524,.T.);
#2524 = CIRCLE('',#2525,2.4);
#2525 = AXIS2_PLACEMENT_3D('',#2526,#2527,#2528);
#2526 = CARTESIAN_POINT('',(-55.,0.,20.));
#2527 = DIRECTION('',(0.,0.,1.));
#2528 = DIRECTION('',(1.,0.,0.));
#2529 = ORIENTED_EDGE('',*,*,#2515,.F.);
#2530 = ORIENTED_EDGE('',*,*,#2051,.F.);
#2531 = CYLINDRICAL_SURFACE('',#2532,2.4);
#2532 = AXIS2_PLACEMENT_3D('',#2533,#2534,#2535);
#2533 = CARTESIAN_POINT('',(-55.,0.,30.));
#2534 = DIRECTION('',(0.,0.,1.));
#2535 = DIRECTION('',(1.,0.,0.));
#2536 = ADVANCED_FACE('',(#2537),#2556,.F.);
#2537 = FACE_BOUND('',#2538,.F.);
#2538 = EDGE_LOOP('',(#2539,#2547,#2554,#2555));
#2539 = ORIENTED_EDGE('',*,*,#2540,.T.);
#2540 = EDGE_CURVE('',#2063,#2541,#2543,.T.);
#2541 = VERTEX_POINT('',#2542);
#2542 = CARTESIAN_POINT('',(-42.6,0.,20.));
#2543 = LINE('',#2544,#2545);
#2544 = CARTESIAN_POINT('',(-42.6,0.,30.));
#2545 = VECTOR('',#2546,1.);
#2546 = DIRECTION('',(-0.,-0.,-1.));
#2547 = ORIENTED_EDGE('',*,*,#2548,.T.);
#2548 = EDGE_CURVE('',#2541,#2541,#2549,.T.);
#2549 = CIRCLE('',#2550,2.4);
#2550 = AXIS2_PLACEMENT_3D('',#2551,#2552,#2553);
#2551 = CARTESIAN_POINT('',(-45.,0.,20.));
#2552 = DIRECTION('',(0.,0.,1.));
#2553 = DIRECTION('',(1.,0.,0.));
#2554 = ORIENTED_EDGE('',*,*,#2540,.F.);
#2555 = ORIENTED_EDGE('',*,*,#2062,.F.);
#2556 = CYLINDRICAL_SURFACE('',#2557,2.4);
#2557 = AXIS2_PLACEMENT_3D('',#2558,#2559,#2560);
#2558 = CARTESIAN_POINT('',(-45.,0.,30.));
#2559 = DIRECTION('',(0.,0.,1.));
#2560 = DIRECTION('',(1.,0.,0.));
#2561 = ADVANCED_FACE('',(#2562),#2581,.F.);
#2562 = FACE_BOUND('',#2563,.F.);
#2563 = EDGE_LOOP('',(#2564,#2572,#2579,#2580));
#2564 = ORIENTED_EDGE('',*,*,#2565,.T.);
#2565 = EDGE_CURVE('',#2074,#2566,#2568,.T.);
#2566 = VERTEX_POINT('',#2567);
#2567 = CARTESIAN_POINT('',(-32.6,0.,20.));
#2568 = LINE('',#2569,#2570);
#2569 = CARTESIAN_POINT('',(-32.6,0.,30.));
#2570 = VECTOR('',#2571,1.);
#2571 = DIRECTION('',(-0.,-0.,-1.));
#2572 = ORIENTED_EDGE('',*,*,#2573,.T.);
#2573 = EDGE_CURVE('',#2566,#2566,#2574,.T.);
#2574 = CIRCLE('',#2575,2.4);
#2575 = AXIS2_PLACEMENT_3D('',#2576,#2577,#2578);
#2576 = CARTESIAN_POINT('',(-35.,0.,20.));
#2577 = DIRECTION('',(0.,0.,1.));
#2578 = DIRECTION('',(1.,0.,0.));
#2579 = ORIENTED_EDGE('',*,*,#2565,.F.);
#2580 = ORIENTED_EDGE('',*,*,#2073,.F.);
#2581 = CYLINDRICAL_SURFACE('',#2582,2.4);
#2582 = AXIS2_PLACEMENT_3D('',#2583,#2584,#2585);
#2583 = CARTESIAN_POINT('',(-35.,0.,30.));
#2584 = DIRECTION('',(0.,0.,1.));
#2585 = DIRECTION('',(1.,0.,0.));
#2586 = ADVANCED_FACE('',(#2587),#2606,.F.);
#2587 = FACE_BOUND('',#2588,.F.);
#2588 = EDGE_LOOP('',(#2589,#2597,#2604,#2605));
#2589 = ORIENTED_EDGE('',*,*,#2590,.T.);
#2590 = EDGE_CURVE('',#2085,#2591,#2593,.T.);
#2591 = VERTEX_POINT('',#2592);
#2592 = CARTESIAN_POINT('',(-22.6,0.,20.));
#2593 = LINE('',#2594,#2595);
#2594 = CARTESIAN_POINT('',(-22.6,0.,30.));
#2595 = VECTOR('',#2596,1.);
#2596 = DIRECTION('',(-0.,-0.,-1.));
#2597 = ORIENTED_EDGE('',*,*,#2598,.T.);
#2598 = EDGE_CURVE('',#2591,#2591,#2599,.T.);
#2599 = CIRCLE('',#2600,2.4);
#2600 = AXIS2_PLACEMENT_3D('',#2601,#2602,#2603);
#2601 = CARTESIAN_POINT('',(-25.,0.,20.));
#2602 = DIRECTION('',(0.,0.,1.));
#2603 = DIRECTION('',(1.,0.,0.));
#2604 = ORIENTED_EDGE('',*,*,#2590,.F.);
#2605 = ORIENTED_EDGE('',*,*,#2084,.F.);
#2606 = CYLINDRICAL_SURFACE('',#2607,2.4);
#2607 = AXIS2_PLACEMENT_3D('',#2608,#2609,#2610);
#2608 = CARTESIAN_POINT('',(-25.,0.,30.));
#2609 = DIRECTION('',(0.,0.,1.));
#2610 = DIRECTION('',(1.,0.,0.));
#2611 = ADVANCED_FACE('',(#2612),#2631,.F.);
#2612 = FACE_BOUND('',#2613,.F.);
#2613 = EDGE_LOOP('',(#2614,#2622,#2629,#2630));
#2614 = ORIENTED_EDGE('',*,*,#2615,.T.);
#2615 = EDGE_CURVE('',#2096,#2616,#2618,.T.);
#2616 = VERTEX_POINT('',#2617);
#2617 = CARTESIAN_POINT('',(-12.6,0.,20.));
#2618 = LINE('',#2619,#2620);
#2619 = CARTESIAN_POINT('',(-12.6,0.,30.));
#2620 = VECTOR('',#2621,1.);
#2621 = DIRECTION('',(-0.,-0.,-1.));
#2622 = ORIENTED_EDGE('',*,*,#2623,.T.);
#2623 = EDGE_CURVE('',#2616,#2616,#2624,.T.);
#2624 = CIRCLE('',#2625,2.4);
#2625 = AXIS2_PLACEMENT_3D('',#2626,#2627,#2628);
#2626 = CARTESIAN_POINT('',(-15.,0.,20.));
#2627 = DIRECTION('',(0.,0.,1.));
#2628 = DIRECTION('',(1.,0.,0.));
#2629 = ORIENTED_EDGE('',*,*,#2615,.F.);
#2630 = ORIENTED_EDGE('',*,*,#2095,.F.);
#2631 = CYLINDRICAL_SURFACE('',#2632,2.4);
#2632 = AXIS2_PLACEMENT_3D('',#2633,#2634,#2635);
#2633 = CARTESIAN_POINT('',(-15.,0.,30.));
#2634 = DIRECTION('',(0.,0.,1.));
#2635 = DIRECTION('',(1.,0.,0.));
#2636 = ADVANCED_FACE('',(#2637),#2656,.F.);
#2637 = FACE_BOUND('',#2638,.F.);
#2638 = EDGE_LOOP('',(#2639,#2647,#2654,#2655));
#2639 = ORIENTED_EDGE('',*,*,#2640,.T.);
#2640 = EDGE_CURVE('',#2107,#2641,#2643,.T.);
#2641 = VERTEX_POINT('',#2642);
#2642 = CARTESIAN_POINT('',(-2.6,0.,20.));
#2643 = LINE('',#2644,#2645);
#2644 = CARTESIAN_POINT('',(-2.6,0.,30.));
#2645 = VECTOR('',#2646,1.);
#2646 = DIRECTION('',(-0.,-0.,-1.));
#2647 = ORIENTED_EDGE('',*,*,#2648,.T.);
#2648 = EDGE_CURVE('',#2641,#2641,#2649,.T.);
#2649 = CIRCLE('',#2650,2.4);
#2650 = AXIS2_PLACEMENT_3D('',#2651,#2652,#2653);
#2651 = CARTESIAN_POINT('',(-5.,0.,20.));
#2652 = DIRECTION('',(0.,0.,1.));
#2653 = DIRECTION('',(1.,0.,0.));
#2654 = ORIENTED_EDGE('',*,*,#2640,.F.);
#2655 = ORIENTED_EDGE('',*,*,#2106,.F.);
#2656 = CYLINDRICAL_SURFACE('',#2657,2.4);
#2657 = AXIS2_PLACEMENT_3D('',#2658,#2659,#2660);
#2658 = CARTESIAN_POINT('',(-5.,0.,30.));
#2659 = DIRECTION('',(0.,0.,1.));
#2660 = DIRECTION('',(1.,0.,0.));
#2661 = ADVANCED_FACE('',(#2662),#2681,.F.);
#2662 = FACE_BOUND('',#2663,.F.);
#2663 = EDGE_LOOP('',(#2664,#2672,#2679,#2680));
#2664 = ORIENTED_EDGE('',*,*,#2665,.T.);
#2665 = EDGE_CURVE('',#2118,#2666,#2668,.T.);
#2666 = VERTEX_POINT('',#2667);
#2667 = CARTESIAN_POINT('',(7.4,0.,20.));
#2668 = LINE('',#2669,#2670);
#2669 = CARTESIAN_POINT('',(7.4,0.,30.));
#2670 = VECTOR('',#2671,1.);
#2671 = DIRECTION('',(-0.,-0.,-1.));
#2672 = ORIENTED_EDGE('',*,*,#2673,.T.);
#2673 = EDGE_CURVE('',#2666,#2666,#2674,.T.);
#2674 = CIRCLE('',#2675,2.4);
#2675 = AXIS2_PLACEMENT_3D('',#2676,#2677,#2678);
#2676 = CARTESIAN_POINT('',(5.,0.,20.));
#2677 = DIRECTION('',(0.,0.,1.));
#2678 = DIRECTION('',(1.,0.,0.));
#2679 = ORIENTED_EDGE('',*,*,#2665,.F.);
#2680 = ORIENTED_EDGE('',*,*,#2117,.F.);
#2681 = CYLINDRICAL_SURFACE('',#2682,2.4);
#2682 = AXIS2_PLACEMENT_3D('',#2683,#2684,#2685);
#2683 = CARTESIAN_POINT('',(5.,0.,30.));
#2684 = DIRECTION('',(0.,0.,1.));
#2685 = DIRECTION('',(1.,0.,0.));
#2686 = ADVANCED_FACE('',(#2687),#2706,.F.);
#2687 = FACE_BOUND('',#2688,.F.);
#2688 = EDGE_LOOP('',(#2689,#2697,#2704,#2705));
#2689 = ORIENTED_EDGE('',*,*,#2690,.T.);
#2690 = EDGE_CURVE('',#2129,#2691,#2693,.T.);
#2691 = VERTEX_POINT('',#2692);
#2692 = CARTESIAN_POINT('',(17.4,0.,20.));
#2693 = LINE('',#2694,#2695);
#2694 = CARTESIAN_POINT('',(17.4,0.,30.));
#2695 = VECTOR('',#2696,1.);
#2696 = DIRECTION('',(-0.,-0.,-1.));
#2697 = ORIENTED_EDGE('',*,*,#2698,.T.);
#2698 = EDGE_CURVE('',#2691,#2691,#2699,.T.);
#2699 = CIRCLE('',#2700,2.4);
#2700 = AXIS2_PLACEMENT_3D('',#2701,#2702,#2703);
#2701 = CARTESIAN_POINT('',(15.,0.,20.));
#2702 = DIRECTION('',(0.,0.,1.));
#2703 = DIRECTION('',(1.,0.,0.));
#2704 = ORIENTED_EDGE('',*,*,#2690,.F.);
#2705 = ORIENTED_EDGE('',*,*,#2128,.F.);
#2706 = CYLINDRICAL_SURFACE('',#2707,2.4);
#2707 = AXIS2_PLACEMENT_3D('',#2708,#2709,#2710);
#2708 = CARTESIAN_POINT('',(15.,0.,30.));
#2709 = DIRECTION('',(0.,0.,1.));
#2710 = DIRECTION('',(1.,0.,0.));
#2711 = ADVANCED_FACE('',(#2712),#2731,.F.);
#2712 = FACE_BOUND('',#2713,.F.);
#2713 = EDGE_LOOP('',(#2714,#2722,#2729,#2730));
#2714 = ORIENTED_EDGE('',*,*,#2715,.T.);
#2715 = EDGE_CURVE('',#2140,#2716,#2718,.T.);
#2716 = VERTEX_POINT('',#2717);
#2717 = CARTESIAN_POINT('',(27.4,0.,20.));
#2718 = LINE('',#2719,#2720);
#2719 = CARTESIAN_POINT('',(27.4,0.,30.));
#2720 = VECTOR('',#2721,1.);
#2721 = DIRECTION('',(-0.,-0.,-1.));
#2722 = ORIENTED_EDGE('',*,*,#2723,.T.);
#2723 = EDGE_CURVE('',#2716,#2716,#2724,.T.);
#2724 = CIRCLE('',#2725,2.4);
#2725 = AXIS2_PLACEMENT_3D('',#2726,#2727,#2728);
#2726 = CARTESIAN_POINT('',(25.,0.,20.));
#2727 = DIRECTION('',(0.,0.,1.));
#2728 = DIRECTION('',(1.,0.,0.));
#2729 = ORIENTED_EDGE('',*,*,#2715,.F.);
#2730 = ORIENTED_EDGE('',*,*,#2139,.F.);
#2731 = CYLINDRICAL_SURFACE('',#2732,2.4);
#2732 = AXIS2_PLACEMENT_3D('',#2733,#2734,#2735);
#2733 = CARTESIAN_POINT('',(25.,0.,30.));
#2734 = DIRECTION('',(0.,0.,1.));
#2735 = DIRECTION('',(1.,0.,0.));
#2736 = ADVANCED_FACE('',(#2737),#2756,.F.);
#2737 = FACE_BOUND('',#2738,.F.);
#2738 = EDGE_LOOP('',(#2739,#2747,#2754,#2755));
#2739 = ORIENTED_EDGE('',*,*,#2740,.T.);
#2740 = EDGE_CURVE('',#2151,#2741,#2743,.T.);
#2741 = VERTEX_POINT('',#2742);
#2742 = CARTESIAN_POINT('',(37.4,0.,20.));
#2743 = LINE('',#2744,#2745);
#2744 = CARTESIAN_POINT('',(37.4,0.,30.));
#2745 = VECTOR('',#2746,1.);
#2746 = DIRECTION('',(-0.,-0.,-1.));
#2747 = ORIENTED_EDGE('',*,*,#2748,.T.);
#2748 = EDGE_CURVE('',#2741,#2741,#2749,.T.);
#2749 = CIRCLE('',#2750,2.4);
#2750 = AXIS2_PLACEMENT_3D('',#2751,#2752,#2753);
#2751 = CARTESIAN_POINT('',(35.,0.,20.));
#2752 = DIRECTION('',(0.,0.,1.));
#2753 = DIRECTION('',(1.,0.,0.));
#2754 = ORIENTED_EDGE('',*,*,#2740,.F.);
#2755 = ORIENTED_EDGE('',*,*,#2150,.F.);
#2756 = CYLINDRICAL_SURFACE('',#2757,2.4);
#2757 = AXIS2_PLACEMENT_3D('',#2758,#2759,#2760);
#2758 = CARTESIAN_POINT('',(35.,0.,30.));
#2759 = DIRECTION('',(0.,0.,1.));
#2760 = DIRECTION('',(1.,0.,0.));
#2761 = ADVANCED_FACE('',(#2762),#2781,.F.);
#2762 = FACE_BOUND('',#2763,.F.);
#2763 = EDGE_LOOP('',(#2764,#2772,#2779,#2780));
#2764 = ORIENTED_EDGE('',*,*,#2765,.T.);
#2765 = EDGE_CURVE('',#2162,#2766,#2768,.T.);
#2766 = VERTEX_POINT('',#2767);
#2767 = CARTESIAN_POINT('',(47.4,0.,20.));
#2768 = LINE('',#2769,#2770);
#2769 = CARTESIAN_POINT('',(47.4,0.,30.));
#2770 = VECTOR('',#2771,1.);
#2771 = DIRECTION('',(-0.,-0.,-1.));
#2772 = ORIENTED_EDGE('',*,*,#2773,.T.);
#2773 = EDGE_CURVE('',#2766,#2766,#2774,.T.);
#2774 = CIRCLE('',#2775,2.4);
#2775 = AXIS2_PLACEMENT_3D('',#2776,#2777,#2778);
#2776 = CARTESIAN_POINT('',(45.,0.,20.));
#2777 = DIRECTION('',(0.,0.,1.));
#2778 = DIRECTION('',(1.,0.,0.));
#2779 = ORIENTED_EDGE('',*,*,#2765,.F.);
#2780 = ORIENTED_EDGE('',*,*,#2161,.F.);
#2781 = CYLINDRICAL_SURFACE('',#2782,2.4);
#2782 = AXIS2_PLACEMENT_3D('',#2783,#2784,#2785);
#2783 = CARTESIAN_POINT('',(45.,0.,30.));
#2784 = DIRECTION('',(0.,0.,1.));
#2785 = DIRECTION('',(1.,0.,0.));
#2786 = ADVANCED_FACE('',(#2787),#2806,.F.);
#2787 = FACE_BOUND('',#2788,.F.);
#2788 = EDGE_LOOP('',(#2789,#2797,#2804,#2805));
#2789 = ORIENTED_EDGE('',*,*,#2790,.T.);
#2790 = EDGE_CURVE('',#2173,#2791,#2793,.T.);
#2791 = VERTEX_POINT('',#2792);
#2792 = CARTESIAN_POINT('',(57.4,0.,20.));
#2793 = LINE('',#2794,#2795);
#2794 = CARTESIAN_POINT('',(57.4,0.,30.));
#2795 = VECTOR('',#2796,1.);
#2796 = DIRECTION('',(-0.,-0.,-1.));
#2797 = ORIENTED_EDGE('',*,*,#2798,.T.);
#2798 = EDGE_CURVE('',#2791,#2791,#2799,.T.);
#2799 = CIRCLE('',#2800,2.4);
#2800 = AXIS2_PLACEMENT_3D('',#2801,#2802,#2803);
#2801 = CARTESIAN_POINT('',(55.,0.,20.));
#2802 = DIRECTION('',(0.,0.,1.));
#2803 = DIRECTION('',(1.,0.,0.));
#2804 = ORIENTED_EDGE('',*,*,#2790,.F.);
#2805 = ORIENTED_EDGE('',*,*,#2172,.F.);
#2806 = CYLINDRICAL_SURFACE('',#2807,2.4);
#2807 = AXIS2_PLACEMENT_3D('',#2808,#2809,#2810);
#2808 = CARTESIAN_POINT('',(55.,0.,30.));
#2809 = DIRECTION('',(0.,0.,1.));
#2810 = DIRECTION('',(1.,0.,0.));
#2811 = ADVANCED_FACE('',(#2812),#2831,.F.);
#2812 = FACE_BOUND('',#2813,.F.);
#2813 = EDGE_LOOP('',(#2814,#2822,#2829,#2830));
#2814 = ORIENTED_EDGE('',*,*,#2815,.T.);
#2815 = EDGE_CURVE('',#2184,#2816,#2818,.T.);
#2816 = VERTEX_POINT('',#2817);
#2817 = CARTESIAN_POINT('',(67.4,0.,20.));
#2818 = LINE('',#2819,#2820);
#2819 = CARTESIAN_POINT('',(67.4,0.,30.));
#2820 = VECTOR('',#2821,1.);
#2821 = DIRECTION('',(-0.,-0.,-1.));
#2822 = ORIENTED_EDGE('',*,*,#2823,.T.);
#2823 = EDGE_CURVE('',#2816,#2816,#2824,.T.);
#2824 = CIRCLE('',#2825,2.4);
#2825 = AXIS2_PLACEMENT_3D('',#2826,#2827,#2828);
#2826 = CARTESIAN_POINT('',(65.,0.,20.));
#2827 = DIRECTION('',(0.,0.,1.));
#2828 = DIRECTION('',(1.,0.,0.));
#2829 = ORIENTED_EDGE('',*,*,#2815,.F.);
#2830 = ORIENTED_EDGE('',*,*,#2183,.F.);
#2831 = CYLINDRICAL_SURFACE('',#2832,2.4);
#2832 = AXIS2_PLACEMENT_3D('',#2833,#2834,#2835);
#2833 = CARTESIAN_POINT('',(65.,0.,30.));
#2834 = DIRECTION('',(0.,0.,1.));
#2835 = DIRECTION('',(1.,0.,0.));
#2836 = ADVANCED_FACE('',(#2837),#2856,.F.);
#2837 = FACE_BOUND('',#2838,.F.);
#2838 = EDGE_LOOP('',(#2839,#2847,#2854,#2855));
#2839 = ORIENTED_EDGE('',*,*,#2840,.T.);
#2840 = EDGE_CURVE('',#2195,#2841,#2843,.T.);
#2841 = VERTEX_POINT('',#2842);
#2842 = CARTESIAN_POINT('',(77.4,0.,20.));
#2843 = LINE('',#2844,#2845);
#2844 = CARTESIAN_POINT('',(77.4,0.,30.));
#2845 = VECTOR('',#2846,1.);
#2846 = DIRECTION('',(-0.,-0.,-1.));
#2847 = ORIENTED_EDGE('',*,*,#2848,.T.);
#2848 = EDGE_CURVE('',#2841,#2841,#2849,.T.);
#2849 = CIRCLE('',#2850,2.4);
#2850 = AXIS2_PLACEMENT_3D('',#2851,#2852,#2853);
#2851 = CARTESIAN_POINT('',(75.,0.,20.));
#2852 = DIRECTION('',(0.,0.,1.));
#2853 = DIRECTION('',(1.,0.,0.));
#2854 = ORIENTED_EDGE('',*,*,#2840,.F.);
#2855 = ORIENTED_EDGE('',*,*,#2194,.F.);
#2856 = CYLINDRICAL_SURFACE('',#2857,2.4);
#2857 = AXIS2_PLACEMENT_3D('',#2858,#2859,#2860);
#2858 = CARTESIAN_POINT('',(75.,0.,30.));
#2859 = DIRECTION('',(0.,0.,1.));
#2860 = DIRECTION('',(1.,0.,0.));
#2861 = ADVANCED_FACE('',(#2862),#2881,.F.);
#2862 = FACE_BOUND('',#2863,.F.);
#2863 = EDGE_LOOP('',(#2864,#2872,#2879,#2880));
#2864 = ORIENTED_EDGE('',*,*,#2865,.T.);
#2865 = EDGE_CURVE('',#2206,#2866,#2868,.T.);
#2866 = VERTEX_POINT('',#2867);
#2867 = CARTESIAN_POINT('',(87.4,0.,20.));
#2868 = LINE('',#2869,#2870);
#2869 = CARTESIAN_POINT('',(87.4,0.,30.));
#2870 = VECTOR('',#2871,1.);
#2871 = DIRECTION('',(-0.,-0.,-1.));
#2872 = ORIENTED_EDGE('',*,*,#2873,.T.);
#2873 = EDGE_CURVE('',#2866,#2866,#2874,.T.);
#2874 = CIRCLE('',#2875,2.4);
#2875 = AXIS2_PLACEMENT_3D('',#2876,#2877,#2878);
#2876 = CARTESIAN_POINT('',(85.,0.,20.));
#2877 = DIRECTION('',(0.,0.,1.));
#2878 = DIRECTION('',(1.,0.,0.));
#2879 = ORIENTED_EDGE('',*,*,#2865,.F.);
#2880 = ORIENTED_EDGE('',*,*,#2205,.F.);
#2881 = CYLINDRICAL_SURFACE('',#2882,2.4);
#2882 = AXIS2_PLACEMENT_3D('',#2883,#2884,#2885);
#2883 = CARTESIAN_POINT('',(85.,0.,30.));
#2884 = DIRECTION('',(0.,0.,1.));
#2885 = DIRECTION('',(1.,0.,0.));
#2886 = ADVANCED_FACE('',(#2887),#2906,.F.);
#2887 = FACE_BOUND('',#2888,.F.);
#2888 = EDGE_LOOP('',(#2889,#2897,#2904,#2905));
#2889 = ORIENTED_EDGE('',*,*,#2890,.T.);
#2890 = EDGE_CURVE('',#2217,#2891,#2893,.T.);
#2891 = VERTEX_POINT('',#2892);
#2892 = CARTESIAN_POINT('',(97.4,0.,20.));
#2893 = LINE('',#2894,#2895);
#2894 = CARTESIAN_POINT('',(97.4,0.,30.));
#2895 = VECTOR('',#2896,1.);
#2896 = DIRECTION('',(-0.,-0.,-1.));
#2897 = ORIENTED_EDGE('',*,*,#2898,.T.);
#2898 = EDGE_CURVE('',#2891,#2891,#2899,.T.);
#2899 = CIRCLE('',#2900,2.4);
#2900 = AXIS2_PLACEMENT_3D('',#2901,#2902,#2903);
#2901 = CARTESIAN_POINT('',(95.,0.,20.));
#2902 = DIRECTION('',(0.,0.,1.));
#2903 = DIRECTION('',(1.,0.,0.));
#2904 = ORIENTED_EDGE('',*,*,#2890,.F.);
#2905 = ORIENTED_EDGE('',*,*,#2216,.F.);
#2906 = CYLINDRICAL_SURFACE('',#2907,2.4);
#2907 = AXIS2_PLACEMENT_3D('',#2908,#2909,#2910);
#2908 = CARTESIAN_POINT('',(95.,0.,30.));
#2909 = DIRECTION('',(0.,0.,1.));
#2910 = DIRECTION('',(1.,0.,0.));
#2911 = ADVANCED_FACE('',(#2912),#2931,.F.);
#2912 = FACE_BOUND('',#2913,.F.);
#2913 = EDGE_LOOP('',(#2914,#2922,#2929,#2930));
#2914 = ORIENTED_EDGE('',*,*,#2915,.T.);
#2915 = EDGE_CURVE('',#2228,#2916,#2918,.T.);
#2916 = VERTEX_POINT('',#2917);
#2917 = CARTESIAN_POINT('',(107.4,0.,20.));
#2918 = LINE('',#2919,#2920);
#2919 = CARTESIAN_POINT('',(107.4,0.,30.));
#2920 = VECTOR('',#2921,1.);
#2921 = DIRECTION('',(-0.,-0.,-1.));
#2922 = ORIENTED_EDGE('',*,*,#2923,.T.);
#2923 = EDGE_CURVE('',#2916,#2916,#2924,.T.);
#2924 = CIRCLE('',#2925,2.4);
#2925 = AXIS2_PLACEMENT_3D('',#2926,#2927,#2928);
#2926 = CARTESIAN_POINT('',(105.,0.,20.));
#2927 = DIRECTION('',(0.,0.,1.));
#2928 = DIRECTION('',(1.,0.,0.));
#2929 = ORIENTED_EDGE('',*,*,#2915,.F.);
#2930 = ORIENTED_EDGE('',*,*,#2227,.F.);
#2931 = CYLINDRICAL_SURFACE('',#2932,2.4);
#2932 = AXIS2_PLACEMENT_3D('',#2933,#2934,#2935);
#2933 = CARTESIAN_POINT('',(105.,0.,30.));
#2934 = DIRECTION('',(0.,0.,1.));
#2935 = DIRECTION('',(1.,0.,0.));
#2936 = ADVANCED_FACE('',(#2937),#2948,.F.);
#2937 = FACE_BOUND('',#2938,.T.);
#2938 = EDGE_LOOP('',(#2939,#2945,#2946,#2947));
#2939 = ORIENTED_EDGE('',*,*,#2940,.F.);
#2940 = EDGE_CURVE('',#2239,#2354,#2941,.T.);
#2941 = LINE('',#2942,#2943);
#2942 = CARTESIAN_POINT('',(118.25,0.,30.));
#2943 = VECTOR('',#2944,1.);
#2944 = DIRECTION('',(0.,0.,-1.));
#2945 = ORIENTED_EDGE('',*,*,#2238,.T.);
#2946 = ORIENTED_EDGE('',*,*,#2940,.T.);
#2947 = ORIENTED_EDGE('',*,*,#2353,.F.);
#2948 = CYLINDRICAL_SURFACE('',#2949,3.25);
#2949 = AXIS2_PLACEMENT_3D('',#2950,#2951,#2952);
#2950 = CARTESIAN_POINT('',(115.,0.,30.));
#2951 = DIRECTION('',(-0.,-0.,-1.));
#2952 = DIRECTION('',(1.,0.,0.));
#2953 = ADVANCED_FACE('',(#2954),#2957,.T.);
#2954 = FACE_BOUND('',#2955,.T.);
#2955 = EDGE_LOOP('',(#2956));
#2956 = ORIENTED_EDGE('',*,*,#2398,.T.);
#2957 = PLANE('',#2958);
#2958 = AXIS2_PLACEMENT_3D('',#2959,#2960,#2961);
#2959 = CARTESIAN_POINT('',(-105.,3.293532974868E-16,20.));
#2960 = DIRECTION('',(0.,0.,1.));
#2961 = DIRECTION('',(1.,0.,0.));
#2962 = ADVANCED_FACE('',(#2963),#2966,.T.);
#2963 = FACE_BOUND('',#2964,.T.);
#2964 = EDGE_LOOP('',(#2965));
#2965 = ORIENTED_EDGE('',*,*,#2423,.T.);
#2966 = PLANE('',#2967);
#2967 = AXIS2_PLACEMENT_3D('',#2968,#2969,#2970);
#2968 = CARTESIAN_POINT('',(-95.,3.293532974868E-16,20.));
#2969 = DIRECTION('',(0.,0.,1.));
#2970 = DIRECTION('',(1.,0.,0.));
#2971 = ADVANCED_FACE('',(#2972),#2975,.T.);
#2972 = FACE_BOUND('',#2973,.T.);
#2973 = EDGE_LOOP('',(#2974));
#2974 = ORIENTED_EDGE('',*,*,#2448,.T.);
#2975 = PLANE('',#2976);
#2976 = AXIS2_PLACEMENT_3D('',#2977,#2978,#2979);
#2977 = CARTESIAN_POINT('',(-85.,3.293532974868E-16,20.));
#2978 = DIRECTION('',(0.,0.,1.));
#2979 = DIRECTION('',(1.,0.,0.));
#2980 = ADVANCED_FACE('',(#2981),#2984,.T.);
#2981 = FACE_BOUND('',#2982,.T.);
#2982 = EDGE_LOOP('',(#2983));
#2983 = ORIENTED_EDGE('',*,*,#2473,.T.);
#2984 = PLANE('',#2985);
#2985 = AXIS2_PLACEMENT_3D('',#2986,#2987,#2988);
#2986 = CARTESIAN_POINT('',(-75.,3.293532974868E-16,20.));
#2987 = DIRECTION('',(0.,0.,1.));
#2988 = DIRECTION('',(1.,0.,0.));
#2989 = ADVANCED_FACE('',(#2990),#2993,.T.);
#2990 = FACE_BOUND('',#2991,.T.);
#2991 = EDGE_LOOP('',(#2992));
#2992 = ORIENTED_EDGE('',*,*,#2498,.T.);
#2993 = PLANE('',#2994);
#2994 = AXIS2_PLACEMENT_3D('',#2995,#2996,#2997);
#2995 = CARTESIAN_POINT('',(-65.,3.293532974868E-16,20.));
#2996 = DIRECTION('',(0.,0.,1.));
#2997 = DIRECTION('',(1.,0.,0.));
#2998 = ADVANCED_FACE('',(#2999),#3002,.T.);
#2999 = FACE_BOUND('',#3000,.T.);
#3000 = EDGE_LOOP('',(#3001));
#3001 = ORIENTED_EDGE('',*,*,#2523,.T.);
#3002 = PLANE('',#3003);
#3003 = AXIS2_PLACEMENT_3D('',#3004,#3005,#3006);
#3004 = CARTESIAN_POINT('',(-55.,3.293532974868E-16,20.));
#3005 = DIRECTION('',(0.,0.,1.));
#3006 = DIRECTION('',(1.,0.,0.));
#3007 = ADVANCED_FACE('',(#3008),#3011,.T.);
#3008 = FACE_BOUND('',#3009,.T.);
#3009 = EDGE_LOOP('',(#3010));
#3010 = ORIENTED_EDGE('',*,*,#2548,.T.);
#3011 = PLANE('',#3012);
#3012 = AXIS2_PLACEMENT_3D('',#3013,#3014,#3015);
#3013 = CARTESIAN_POINT('',(-45.,3.293532974868E-16,20.));
#3014 = DIRECTION('',(0.,0.,1.));
#3015 = DIRECTION('',(1.,0.,0.));
#3016 = ADVANCED_FACE('',(#3017),#3020,.T.);
#3017 = FACE_BOUND('',#3018,.T.);
#3018 = EDGE_LOOP('',(#3019));
#3019 = ORIENTED_EDGE('',*,*,#2573,.T.);
#3020 = PLANE('',#3021);
#3021 = AXIS2_PLACEMENT_3D('',#3022,#3023,#3024);
#3022 = CARTESIAN_POINT('',(-35.,3.293532974868E-16,20.));
#3023 = DIRECTION('',(0.,0.,1.));
#3024 = DIRECTION('',(1.,0.,0.));
#3025 = ADVANCED_FACE('',(#3026),#3029,.T.);
#3026 = FACE_BOUND('',#3027,.T.);
#3027 = EDGE_LOOP('',(#3028));
#3028 = ORIENTED_EDGE('',*,*,#2598,.T.);
#3029 = PLANE('',#3030);
#3030 = AXIS2_PLACEMENT_3D('',#3031,#3032,#3033);
#3031 = CARTESIAN_POINT('',(-25.,3.293532974868E-16,20.));
#3032 = DIRECTION('',(0.,0.,1.));
#3033 = DIRECTION('',(1.,0.,0.));
#3034 = ADVANCED_FACE('',(#3035),#3038,.T.);
#3035 = FACE_BOUND('',#3036,.T.);
#3036 = EDGE_LOOP('',(#3037));
#3037 = ORIENTED_EDGE('',*,*,#2623,.T.);
#3038 = PLANE('',#3039);
#3039 = AXIS2_PLACEMENT_3D('',#3040,#3041,#3042);
#3040 = CARTESIAN_POINT('',(-15.,3.293532974868E-16,20.));
#3041 = DIRECTION('',(0.,0.,1.));
#3042 = DIRECTION('',(1.,0.,0.));
#3043 = ADVANCED_FACE('',(#3044),#3047,.T.);
#3044 = FACE_BOUND('',#3045,.T.);
#3045 = EDGE_LOOP('',(#3046));
#3046 = ORIENTED_EDGE('',*,*,#2648,.T.);
#3047 = PLANE('',#3048);
#3048 = AXIS2_PLACEMENT_3D('',#3049,#3050,#3051);
#3049 = CARTESIAN_POINT('',(-5.,3.293532974868E-16,20.));
#3050 = DIRECTION('',(0.,0.,1.));
#3051 = DIRECTION('',(1.,0.,0.));
#3052 = ADVANCED_FACE('',(#3053),#3056,.T.);
#3053 = FACE_BOUND('',#3054,.T.);
#3054 = EDGE_LOOP('',(#3055));
#3055 = ORIENTED_EDGE('',*,*,#2673,.T.);
#3056 = PLANE('',#3057);
#3057 = AXIS2_PLACEMENT_3D('',#3058,#3059,#3060);
#3058 = CARTESIAN_POINT('',(5.,3.293532974868E-16,20.));
#3059 = DIRECTION('',(0.,0.,1.));
#3060 = DIRECTION('',(1.,0.,0.));
#3061 = ADVANCED_FACE('',(#3062),#3065,.T.);
#3062 = FACE_BOUND('',#3063,.T.);
#3063 = EDGE_LOOP('',(#3064));
#3064 = ORIENTED_EDGE('',*,*,#2698,.T.);
#3065 = PLANE('',#3066);
#3066 = AXIS2_PLACEMENT_3D('',#3067,#3068,#3069);
#3067 = CARTESIAN_POINT('',(15.,3.293532974868E-16,20.));
#3068 = DIRECTION('',(0.,0.,1.));
#3069 = DIRECTION('',(1.,0.,0.));
#3070 = ADVANCED_FACE('',(#3071),#3074,.T.);
#3071 = FACE_BOUND('',#3072,.T.);
#3072 = EDGE_LOOP('',(#3073));
#3073 = ORIENTED_EDGE('',*,*,#2723,.T.);
#3074 = PLANE('',#3075);
#3075 = AXIS2_PLACEMENT_3D('',#3076,#3077,#3078);
#3076 = CARTESIAN_POINT('',(25.,3.293532974868E-16,20.));
#3077 = DIRECTION('',(0.,0.,1.));
#3078 = DIRECTION('',(1.,0.,0.));
#3079 = ADVANCED_FACE('',(#3080),#3083,.T.);
#3080 = FACE_BOUND('',#3081,.T.);
#3081 = EDGE_LOOP('',(#3082));
#3082 = ORIENTED_EDGE('',*,*,#2748,.T.);
#3083 = PLANE('',#3084);
#3084 = AXIS2_PLACEMENT_3D('',#3085,#3086,#3087);
#3085 = CARTESIAN_POINT('',(35.,3.293532974868E-16,20.));
#3086 = DIRECTION('',(0.,0.,1.));
#3087 = DIRECTION('',(1.,0.,0.));
#3088 = ADVANCED_FACE('',(#3089),#3092,.T.);
#3089 = FACE_BOUND('',#3090,.T.);
#3090 = EDGE_LOOP('',(#3091));
#3091 = ORIENTED_EDGE('',*,*,#2773,.T.);
#3092 = PLANE('',#3093);
#3093 = AXIS2_PLACEMENT_3D('',#3094,#3095,#3096);
#3094 = CARTESIAN_POINT('',(45.,3.293532974868E-16,20.));
#3095 = DIRECTION('',(0.,0.,1.));
#3096 = DIRECTION('',(1.,0.,0.));
#3097 = ADVANCED_FACE('',(#3098),#3101,.T.);
#3098 = FACE_BOUND('',#3099,.T.);
#3099 = EDGE_LOOP('',(#3100));
#3100 = ORIENTED_EDGE('',*,*,#2798,.T.);
#3101 = PLANE('',#3102);
#3102 = AXIS2_PLACEMENT_3D('',#3103,#3104,#3105);
#3103 = CARTESIAN_POINT('',(55.,3.293532974868E-16,20.));
#3104 = DIRECTION('',(0.,0.,1.));
#3105 = DIRECTION('',(1.,0.,0.));
#3106 = ADVANCED_FACE('',(#3107),#3110,.T.);
#3107 = FACE_BOUND('',#3108,.T.);
#3108 = EDGE_LOOP('',(#3109));
#3109 = ORIENTED_EDGE('',*,*,#2823,.T.);
#3110 = PLANE('',#3111);
#3111 = AXIS2_PLACEMENT_3D('',#3112,#3113,#3114);
#3112 = CARTESIAN_POINT('',(65.,3.293532974868E-16,20.));
#3113 = DIRECTION('',(0.,0.,1.));
#3114 = DIRECTION('',(1.,0.,0.));
#3115 = ADVANCED_FACE('',(#3116),#3119,.T.);
#3116 = FACE_BOUND('',#3117,.T.);
#3117 = EDGE_LOOP('',(#3118));
#3118 = ORIENTED_EDGE('',*,*,#2848,.T.);
#3119 = PLANE('',#3120);
#3120 = AXIS2_PLACEMENT_3D('',#3121,#3122,#3123);
#3121 = CARTESIAN_POINT('',(75.,3.293532974868E-16,20.));
#3122 = DIRECTION('',(0.,0.,1.));
#3123 = DIRECTION('',(1.,0.,0.));
#3124 = ADVANCED_FACE('',(#3125),#3128,.T.);
#3125 = FACE_BOUND('',#3126,.T.);
#3126 = EDGE_LOOP('',(#3127));
#3127 = ORIENTED_EDGE('',*,*,#2873,.T.);
#3128 = PLANE('',#3129);
#3129 = AXIS2_PLACEMENT_3D('',#3130,#3131,#3132);
#3130 = CARTESIAN_POINT('',(85.,3.293532974868E-16,20.));
#3131 = DIRECTION('',(0.,0.,1.));
#3132 = DIRECTION('',(1.,0.,0.));
#3133 = ADVANCED_FACE('',(#3134),#3137,.T.);
#3134 = FACE_BOUND('',#3135,.T.);
#3135 = EDGE_LOOP('',(#3136));
#3136 = ORIENTED_EDGE('',*,*,#2898,.T.);
#3137 = PLANE('',#3138);
#3138 = AXIS2_PLACEMENT_3D('',#3139,#3140,#3141);
#3139 = CARTESIAN_POINT('',(95.,3.293532974868E-16,20.));
#3140 = DIRECTION('',(0.,0.,1.));
#3141 = DIRECTION('',(1.,0.,0.));
#3142 = ADVANCED_FACE('',(#3143),#3146,.T.);
#3143 = FACE_BOUND('',#3144,.T.);
#3144 = EDGE_LOOP('',(#3145));
#3145 = ORIENTED_EDGE('',*,*,#2923,.T.);
#3146 = PLANE('',#3147);
#3147 = AXIS2_PLACEMENT_3D('',#3148,#3149,#3150);
#3148 = CARTESIAN_POINT('',(105.,3.293532974868E-16,20.));
#3149 = DIRECTION('',(0.,0.,1.));
#3150 = DIRECTION('',(1.,0.,0.));
#3151 = ( GEOMETRIC_REPRESENTATION_CONTEXT(3) 
GLOBAL_UNCERTAINTY_ASSIGNED_CONTEXT((#3155)) 
GLOBAL_UNIT_ASSIGNED_CONTEXT((#3152,#3153,#3154)) REPRESENTATION_CONTEXT
('Context #1','3D Context with UNIT and UNCERTAINTY') );
#3152 = ( LENGTH_UNIT() NAMED_UNIT(*) SI_UNIT(.MILLI.,.METRE.) );
#3153 = ( NAMED_UNIT(*) PLANE_ANGLE_UNIT() SI_UNIT($,.RADIAN.) );
#3154 = ( NAMED_UNIT(*) SI_UNIT($,.STERADIAN.) SOLID_ANGLE_UNIT() );
#3155 = UNCERTAINTY_MEASURE_WITH_UNIT(LENGTH_MEASURE(5.E-05),#3152,
  'distance_accuracy_value','confusion accuracy');
#3156 = PRODUCT_RELATED_PRODUCT_CATEGORY('part',$,(#7));
#3157 = MECHANICAL_DESIGN_GEOMETRIC_PRESENTATION_REPRESENTATION('',(
    #3158),#3151);
#3158 = STYLED_ITEM('color',(#3159),#15);
#3159 = PRESENTATION_STYLE_ASSIGNMENT((#3160,#3166));
#3160 = SURFACE_STYLE_USAGE(.BOTH.,#3161);
#3161 = SURFACE_SIDE_STYLE('',(#3162));
#3162 = SURFACE_STYLE_FILL_AREA(#3163);
#3163 = FILL_AREA_STYLE('',(#3164));
#3164 = FILL_AREA_STYLE_COLOUR('',#3165);
#3165 = COLOUR_RGB('',0.447059003357,0.474510015008,0.501960993452);
#3166 = CURVE_STYLE('',#3167,POSITIVE_LENGTH_MEASURE(0.1),#3168);
#3167 = DRAUGHTING_PRE_DEFINED_CURVE_FONT('continuous');
#3168 = COLOUR_RGB('',9.803921802644E-02,9.803921802644E-02,
  9.803921802644E-02);
ENDSEC;
END-ISO-10303-21;
