ISO-10303-21;
HEADER;
FILE_DESCRIPTION(('FreeCAD Model'),'2;1');
FILE_NAME('Open CASCADE Shape Model','2025-09-15T12:43:06',(''),(''),
  'Open CASCADE STEP processor 7.9','FreeCAD','Unknown');
FILE_SCHEMA(('AUTOMOTIVE_DESIGN { 1 0 10303 214 1 1 1 1 }'));
ENDSEC;
DATA;
#1 = APPLICATION_PROTOCOL_DEFINITION('international standard',
  'automotive_design',2000,#2);
#2 = APPLICATION_CONTEXT(
  'core data for automotive mechanical design processes');
#3 = SHAPE_DEFINITION_REPRESENTATION(#4,#10);
#4 = PRODUCT_DEFINITION_SHAPE('','',#5);
#5 = PRODUCT_DEFINITION('design','',#6,#9);
#6 = PRODUCT_DEFINITION_FORMATION('','',#7);
#7 = PRODUCT('ToolheadMount','ToolheadMount','',(#8));
#8 = PRODUCT_CONTEXT('',#2,'mechanical');
#9 = PRODUCT_DEFINITION_CONTEXT('part definition',#2,'design');
#10 = ADVANCED_BREP_SHAPE_REPRESENTATION('',(#11,#15),#3028);
#11 = AXIS2_PLACEMENT_3D('',#12,#13,#14);
#12 = CARTESIAN_POINT('',(0.,0.,0.));
#13 = DIRECTION('',(0.,0.,1.));
#14 = DIRECTION('',(1.,0.,-0.));
#15 = MANIFOLD_SOLID_BREP('',#16);
#16 = CLOSED_SHELL('',(#17,#43,#68,#158,#223,#487,#645,#684,#715,#739,
    #763,#787,#811,#828,#856,#887,#923,#947,#976,#1032,#1060,#1077,#1094
    ,#1156,#1187,#1211,#1235,#1259,#1283,#1300,#1331,#1355,#1379,#1403,
    #1427,#1444,#1469,#1494,#1519,#1544,#1576,#1608,#1632,#1656,#1689,
    #1720,#1753,#1784,#1808,#1833,#1865,#1890,#1915,#1940,#1956,#1968,
    #1984,#2015,#2051,#2075,#2104,#2120,#2237,#2268,#2292,#2316,#2340,
    #2364,#2381,#2395,#2409,#2443,#2469,#2496,#2515,#2541,#2568,#2587,
    #2613,#2625,#2649,#2661,#2673,#2690,#2724,#2754,#2789,#2799,#2840,
    #2909,#2941,#2954,#2971,#2984,#2996,#3010));
#17 = ADVANCED_FACE('',(#18),#38,.F.);
#18 = FACE_BOUND('',#19,.F.);
#19 = EDGE_LOOP('',(#20,#31));
#20 = ORIENTED_EDGE('',*,*,#21,.T.);
#21 = EDGE_CURVE('',#22,#24,#26,.T.);
#22 = VERTEX_POINT('',#23);
#23 = CARTESIAN_POINT('',(10.8,-13.2,13.8));
#24 = VERTEX_POINT('',#25);
#25 = CARTESIAN_POINT('',(14.2,-13.2,13.8));
#26 = CIRCLE('',#27,1.7);
#27 = AXIS2_PLACEMENT_3D('',#28,#29,#30);
#28 = CARTESIAN_POINT('',(12.5,-13.2,13.8));
#29 = DIRECTION('',(0.,1.,-0.));
#30 = DIRECTION('',(-1.,0.,0.));
#31 = ORIENTED_EDGE('',*,*,#32,.T.);
#32 = EDGE_CURVE('',#24,#22,#33,.T.);
#33 = CIRCLE('',#34,1.7);
#34 = AXIS2_PLACEMENT_3D('',#35,#36,#37);
#35 = CARTESIAN_POINT('',(12.5,-13.2,13.8));
#36 = DIRECTION('',(0.,1.,-0.));
#37 = DIRECTION('',(-1.,0.,0.));
#38 = PLANE('',#39);
#39 = AXIS2_PLACEMENT_3D('',#40,#41,#42);
#40 = CARTESIAN_POINT('',(-8.E-16,-13.2,13.8));
#41 = DIRECTION('',(0.,1.,0.));
#42 = DIRECTION('',(0.,0.,1.));
#43 = ADVANCED_FACE('',(#44),#63,.F.);
#44 = FACE_BOUND('',#45,.T.);
#45 = EDGE_LOOP('',(#46,#47,#54,#61,#62));
#46 = ORIENTED_EDGE('',*,*,#21,.T.);
#47 = ORIENTED_EDGE('',*,*,#48,.F.);
#48 = EDGE_CURVE('',#49,#24,#51,.T.);
#49 = VERTEX_POINT('',#50);
#50 = CARTESIAN_POINT('',(14.2,-25.,13.8));
#51 = B_SPLINE_CURVE_WITH_KNOTS('',1,(#52,#53),.UNSPECIFIED.,.F.,.F.,(2,
    2),(-4.5,7.3),.PIECEWISE_BEZIER_KNOTS.);
#52 = CARTESIAN_POINT('',(14.2,-25.,13.8));
#53 = CARTESIAN_POINT('',(14.2,-13.2,13.8));
#54 = ORIENTED_EDGE('',*,*,#55,.T.);
#55 = EDGE_CURVE('',#49,#49,#56,.T.);
#56 = CIRCLE('',#57,1.7);
#57 = AXIS2_PLACEMENT_3D('',#58,#59,#60);
#58 = CARTESIAN_POINT('',(12.5,-25.,13.8));
#59 = DIRECTION('',(0.,-1.,2.22044604925E-16));
#60 = DIRECTION('',(1.,0.,0.));
#61 = ORIENTED_EDGE('',*,*,#48,.T.);
#62 = ORIENTED_EDGE('',*,*,#32,.T.);
#63 = CYLINDRICAL_SURFACE('',#64,1.7);
#64 = AXIS2_PLACEMENT_3D('',#65,#66,#67);
#65 = CARTESIAN_POINT('',(12.5,-20.5,13.8));
#66 = DIRECTION('',(0.,1.,-2.22044604925E-16));
#67 = DIRECTION('',(1.,0.,0.));
#68 = ADVANCED_FACE('',(#69,#103),#153,.F.);
#69 = FACE_BOUND('',#70,.F.);
#70 = EDGE_LOOP('',(#71,#81,#89,#97));
#71 = ORIENTED_EDGE('',*,*,#72,.F.);
#72 = EDGE_CURVE('',#73,#75,#77,.T.);
#73 = VERTEX_POINT('',#74);
#74 = CARTESIAN_POINT('',(25.,-10.,-10.));
#75 = VERTEX_POINT('',#76);
#76 = CARTESIAN_POINT('',(25.,-20.5,-10.));
#77 = LINE('',#78,#79);
#78 = CARTESIAN_POINT('',(25.,-10.,-10.));
#79 = VECTOR('',#80,1.);
#80 = DIRECTION('',(0.,-1.,0.));
#81 = ORIENTED_EDGE('',*,*,#82,.T.);
#82 = EDGE_CURVE('',#73,#83,#85,.T.);
#83 = VERTEX_POINT('',#84);
#84 = CARTESIAN_POINT('',(9.5,-10.,-33.));
#85 = LINE('',#86,#87);
#86 = CARTESIAN_POINT('',(25.,-10.,-10.));
#87 = VECTOR('',#88,1.);
#88 = DIRECTION('',(-0.558853462072,-0.,-0.829266427591));
#89 = ORIENTED_EDGE('',*,*,#90,.F.);
#90 = EDGE_CURVE('',#91,#83,#93,.T.);
#91 = VERTEX_POINT('',#92);
#92 = CARTESIAN_POINT('',(9.5,-20.5,-33.));
#93 = LINE('',#94,#95);
#94 = CARTESIAN_POINT('',(9.5,-20.5,-33.));
#95 = VECTOR('',#96,1.);
#96 = DIRECTION('',(0.,1.,-2.2E-16));
#97 = ORIENTED_EDGE('',*,*,#98,.F.);
#98 = EDGE_CURVE('',#75,#91,#99,.T.);
#99 = LINE('',#100,#101);
#100 = CARTESIAN_POINT('',(25.,-20.5,-10.));
#101 = VECTOR('',#102,1.);
#102 = DIRECTION('',(-0.558853462072,-0.,-0.829266427591));
#103 = FACE_BOUND('',#104,.F.);
#104 = EDGE_LOOP('',(#105,#115,#123,#131,#139,#147));
#105 = ORIENTED_EDGE('',*,*,#106,.F.);
#106 = EDGE_CURVE('',#107,#109,#111,.T.);
#107 = VERTEX_POINT('',#108);
#108 = CARTESIAN_POINT('',(20.000000000019,-18.17542648053,
    -17.41935483868));
#109 = VERTEX_POINT('',#110);
#110 = CARTESIAN_POINT('',(22.749999999987,-16.58771324025,
    -13.33870967743));
#111 = LINE('',#112,#113);
#112 = CARTESIAN_POINT('',(21.631708470196,-17.23335915602,
    -14.99811001196));
#113 = VECTOR('',#114,1.);
#114 = DIRECTION('',(0.531854225138,0.307066180057,0.789203043753));
#115 = ORIENTED_EDGE('',*,*,#116,.F.);
#116 = EDGE_CURVE('',#117,#107,#119,.T.);
#117 = VERTEX_POINT('',#118);
#118 = CARTESIAN_POINT('',(17.249999999987,-16.58771324023,
    -21.50000000001));
#119 = LINE('',#120,#121);
#120 = CARTESIAN_POINT('',(21.492751890871,-19.03726718654,
    -15.2043036458));
#121 = VECTOR('',#122,1.);
#122 = DIRECTION('',(0.531854225138,-0.307066180054,0.789203043754));
#123 = ORIENTED_EDGE('',*,*,#124,.F.);
#124 = EDGE_CURVE('',#125,#117,#127,.T.);
#125 = VERTEX_POINT('',#126);
#126 = CARTESIAN_POINT('',(17.249999999989,-13.4122867597,
    -21.50000000001));
#127 = LINE('',#128,#129);
#128 = CARTESIAN_POINT('',(17.249999999986,-18.54385662011,
    -21.50000000002));
#129 = VECTOR('',#130,1.);
#130 = DIRECTION('',(-4.7214E-13,-1.,-7.0037E-13));
#131 = ORIENTED_EDGE('',*,*,#132,.F.);
#132 = EDGE_CURVE('',#133,#125,#135,.T.);
#133 = VERTEX_POINT('',#134);
#134 = CARTESIAN_POINT('',(20.000000000019,-11.82457351946,
    -17.41935483868));
#135 = LINE('',#136,#137);
#136 = CARTESIAN_POINT('',(20.07592942785,-11.78073564387,
    -17.30668536512));
#137 = VECTOR('',#138,1.);
#138 = DIRECTION('',(-0.53185422514,-0.307066180044,-0.789203043756));
#139 = ORIENTED_EDGE('',*,*,#140,.F.);
#140 = EDGE_CURVE('',#141,#133,#143,.T.);
#141 = VERTEX_POINT('',#142);
#142 = CARTESIAN_POINT('',(22.749999999987,-13.41228675974,
    -13.33870967743));
#143 = LINE('',#144,#145);
#144 = CARTESIAN_POINT('',(22.011344905002,-12.9858240418,
    -14.43477852806));
#145 = VECTOR('',#146,1.);
#146 = DIRECTION('',(-0.531854225138,0.307066180057,-0.789203043753));
#147 = ORIENTED_EDGE('',*,*,#148,.F.);
#148 = EDGE_CURVE('',#109,#141,#149,.T.);
#149 = LINE('',#150,#151);
#150 = CARTESIAN_POINT('',(22.749999999987,-16.95614337987,
    -13.33870967743));
#151 = VECTOR('',#152,1.);
#152 = DIRECTION('',(0.,1.,-2.2E-16));
#153 = PLANE('',#154);
#154 = AXIS2_PLACEMENT_3D('',#155,#156,#157);
#155 = CARTESIAN_POINT('',(25.,-20.5,-10.));
#156 = DIRECTION('',(-0.829266427591,1.2E-16,0.558853462072));
#157 = DIRECTION('',(-0.558853462072,-1.8E-16,-0.829266427591));
#158 = ADVANCED_FACE('',(#159,#184),#218,.T.);
#159 = FACE_BOUND('',#160,.T.);
#160 = EDGE_LOOP('',(#161,#169,#177,#183));
#161 = ORIENTED_EDGE('',*,*,#162,.T.);
#162 = EDGE_CURVE('',#73,#163,#165,.T.);
#163 = VERTEX_POINT('',#164);
#164 = CARTESIAN_POINT('',(25.,-10.,12.000000000001));
#165 = LINE('',#166,#167);
#166 = CARTESIAN_POINT('',(25.,-10.,10.));
#167 = VECTOR('',#168,1.);
#168 = DIRECTION('',(0.,2.2E-16,1.));
#169 = ORIENTED_EDGE('',*,*,#170,.F.);
#170 = EDGE_CURVE('',#171,#163,#173,.T.);
#171 = VERTEX_POINT('',#172);
#172 = CARTESIAN_POINT('',(25.,-20.5,12.000000000001));
#173 = LINE('',#174,#175);
#174 = CARTESIAN_POINT('',(25.,-20.5,12.000000000001));
#175 = VECTOR('',#176,1.);
#176 = DIRECTION('',(0.,1.,-2.2E-16));
#177 = ORIENTED_EDGE('',*,*,#178,.F.);
#178 = EDGE_CURVE('',#75,#171,#179,.T.);
#179 = LINE('',#180,#181);
#180 = CARTESIAN_POINT('',(25.,-20.5,-10.));
#181 = VECTOR('',#182,1.);
#182 = DIRECTION('',(0.,0.,1.));
#183 = ORIENTED_EDGE('',*,*,#72,.F.);
#184 = FACE_BOUND('',#185,.T.);
#185 = EDGE_LOOP('',(#186,#196,#204,#212));
#186 = ORIENTED_EDGE('',*,*,#187,.F.);
#187 = EDGE_CURVE('',#188,#190,#192,.T.);
#188 = VERTEX_POINT('',#189);
#189 = CARTESIAN_POINT('',(25.,-19.,8.5));
#190 = VERTEX_POINT('',#191);
#191 = CARTESIAN_POINT('',(25.,-19.,-6.5));
#192 = LINE('',#193,#194);
#193 = CARTESIAN_POINT('',(25.,-19.,8.5));
#194 = VECTOR('',#195,1.);
#195 = DIRECTION('',(-0.,-0.,-1.));
#196 = ORIENTED_EDGE('',*,*,#197,.F.);
#197 = EDGE_CURVE('',#198,#188,#200,.T.);
#198 = VERTEX_POINT('',#199);
#199 = CARTESIAN_POINT('',(25.,-11.,8.5));
#200 = LINE('',#201,#202);
#201 = CARTESIAN_POINT('',(25.,-11.,8.5));
#202 = VECTOR('',#203,1.);
#203 = DIRECTION('',(0.,-1.,0.));
#204 = ORIENTED_EDGE('',*,*,#205,.T.);
#205 = EDGE_CURVE('',#198,#206,#208,.T.);
#206 = VERTEX_POINT('',#207);
#207 = CARTESIAN_POINT('',(25.,-11.,-6.5));
#208 = LINE('',#209,#210);
#209 = CARTESIAN_POINT('',(25.,-11.,8.5));
#210 = VECTOR('',#211,1.);
#211 = DIRECTION('',(-0.,-0.,-1.));
#212 = ORIENTED_EDGE('',*,*,#213,.T.);
#213 = EDGE_CURVE('',#206,#190,#214,.T.);
#214 = LINE('',#215,#216);
#215 = CARTESIAN_POINT('',(25.,-11.,-6.5));
#216 = VECTOR('',#217,1.);
#217 = DIRECTION('',(0.,-1.,0.));
#218 = PLANE('',#219);
#219 = AXIS2_PLACEMENT_3D('',#220,#221,#222);
#220 = CARTESIAN_POINT('',(25.,-15.25,1.));
#221 = DIRECTION('',(1.,0.,0.));
#222 = DIRECTION('',(0.,0.,1.));
#223 = ADVANCED_FACE('',(#224,#318,#368,#418,#438,#449,#460,#471),#482,
  .T.);
#224 = FACE_BOUND('',#225,.T.);
#225 = EDGE_LOOP('',(#226,#236,#244,#253,#261,#270,#279,#287,#296,#302,
    #303,#304,#312));
#226 = ORIENTED_EDGE('',*,*,#227,.T.);
#227 = EDGE_CURVE('',#228,#230,#232,.T.);
#228 = VERTEX_POINT('',#229);
#229 = CARTESIAN_POINT('',(-25.,-10.,-10.));
#230 = VERTEX_POINT('',#231);
#231 = CARTESIAN_POINT('',(-25.,-10.,12.000000000001));
#232 = LINE('',#233,#234);
#233 = CARTESIAN_POINT('',(-25.,-10.,-10.));
#234 = VECTOR('',#235,1.);
#235 = DIRECTION('',(0.,0.,1.));
#236 = ORIENTED_EDGE('',*,*,#237,.T.);
#237 = EDGE_CURVE('',#230,#238,#240,.T.);
#238 = VERTEX_POINT('',#239);
#239 = CARTESIAN_POINT('',(-16.67731971484,-10.,12.000000000001));
#240 = LINE('',#241,#242);
#241 = CARTESIAN_POINT('',(-25.,-10.,12.000000000001));
#242 = VECTOR('',#243,1.);
#243 = DIRECTION('',(1.,0.,0.));
#244 = ORIENTED_EDGE('',*,*,#245,.F.);
#245 = EDGE_CURVE('',#246,#238,#248,.T.);
#246 = VERTEX_POINT('',#247);
#247 = CARTESIAN_POINT('',(-15.25884691443,-10.,17.416457341477));
#248 = CIRCLE('',#249,4.548626166218);
#249 = AXIS2_PLACEMENT_3D('',#250,#251,#252);
#250 = CARTESIAN_POINT('',(-12.5,-10.,13.8));
#251 = DIRECTION('',(0.,-1.,0.));
#252 = DIRECTION('',(1.,-0.,-0.));
#253 = ORIENTED_EDGE('',*,*,#254,.F.);
#254 = EDGE_CURVE('',#255,#246,#257,.T.);
#255 = VERTEX_POINT('',#256);
#256 = CARTESIAN_POINT('',(-2.48674477432,-10.,27.159769996088));
#257 = LINE('',#258,#259);
#258 = CARTESIAN_POINT('',(-2.48674477432,-10.,27.159769996088));
#259 = VECTOR('',#260,1.);
#260 = DIRECTION('',(-0.795065852704,0.,-0.606523115688));
#261 = ORIENTED_EDGE('',*,*,#262,.F.);
#262 = EDGE_CURVE('',#263,#255,#265,.T.);
#263 = VERTEX_POINT('',#264);
#264 = CARTESIAN_POINT('',(0.,-10.,28.));
#265 = CIRCLE('',#266,4.1);
#266 = AXIS2_PLACEMENT_3D('',#267,#268,#269);
#267 = CARTESIAN_POINT('',(0.,-10.,23.9));
#268 = DIRECTION('',(0.,-1.,0.));
#269 = DIRECTION('',(1.,-0.,-0.));
#270 = ORIENTED_EDGE('',*,*,#271,.T.);
#271 = EDGE_CURVE('',#263,#272,#274,.T.);
#272 = VERTEX_POINT('',#273);
#273 = CARTESIAN_POINT('',(2.48674477432,-10.,27.159769996088));
#274 = CIRCLE('',#275,4.1);
#275 = AXIS2_PLACEMENT_3D('',#276,#277,#278);
#276 = CARTESIAN_POINT('',(0.,-10.,23.9));
#277 = DIRECTION('',(0.,1.,-0.));
#278 = DIRECTION('',(-1.,0.,0.));
#279 = ORIENTED_EDGE('',*,*,#280,.T.);
#280 = EDGE_CURVE('',#272,#281,#283,.T.);
#281 = VERTEX_POINT('',#282);
#282 = CARTESIAN_POINT('',(15.258846914433,-10.,17.416457341477));
#283 = LINE('',#284,#285);
#284 = CARTESIAN_POINT('',(2.48674477432,-10.,27.159769996088));
#285 = VECTOR('',#286,1.);
#286 = DIRECTION('',(0.795065852704,0.,-0.606523115688));
#287 = ORIENTED_EDGE('',*,*,#288,.T.);
#288 = EDGE_CURVE('',#281,#289,#291,.T.);
#289 = VERTEX_POINT('',#290);
#290 = CARTESIAN_POINT('',(16.677319714841,-10.,12.000000000001));
#291 = CIRCLE('',#292,4.548626166218);
#292 = AXIS2_PLACEMENT_3D('',#293,#294,#295);
#293 = CARTESIAN_POINT('',(12.5,-10.,13.8));
#294 = DIRECTION('',(0.,1.,-0.));
#295 = DIRECTION('',(-1.,0.,0.));
#296 = ORIENTED_EDGE('',*,*,#297,.F.);
#297 = EDGE_CURVE('',#163,#289,#298,.T.);
#298 = LINE('',#299,#300);
#299 = CARTESIAN_POINT('',(25.,-10.,12.000000000001));
#300 = VECTOR('',#301,1.);
#301 = DIRECTION('',(-1.,0.,0.));
#302 = ORIENTED_EDGE('',*,*,#162,.F.);
#303 = ORIENTED_EDGE('',*,*,#82,.T.);
#304 = ORIENTED_EDGE('',*,*,#305,.T.);
#305 = EDGE_CURVE('',#83,#306,#308,.T.);
#306 = VERTEX_POINT('',#307);
#307 = CARTESIAN_POINT('',(-9.5,-10.,-33.));
#308 = LINE('',#309,#310);
#309 = CARTESIAN_POINT('',(9.5,-10.,-33.));
#310 = VECTOR('',#311,1.);
#311 = DIRECTION('',(-1.,0.,0.));
#312 = ORIENTED_EDGE('',*,*,#313,.F.);
#313 = EDGE_CURVE('',#228,#306,#314,.T.);
#314 = LINE('',#315,#316);
#315 = CARTESIAN_POINT('',(-25.,-10.,-10.));
#316 = VECTOR('',#317,1.);
#317 = DIRECTION('',(0.558853462072,0.,-0.829266427591));
#318 = FACE_BOUND('',#319,.T.);
#319 = EDGE_LOOP('',(#320,#330,#338,#346,#354,#362));
#320 = ORIENTED_EDGE('',*,*,#321,.F.);
#321 = EDGE_CURVE('',#322,#324,#326,.T.);
#322 = VERTEX_POINT('',#323);
#323 = CARTESIAN_POINT('',(9.75,-10.,15.387713240271));
#324 = VERTEX_POINT('',#325);
#325 = CARTESIAN_POINT('',(12.5,-10.,16.975426480543));
#326 = LINE('',#327,#328);
#327 = CARTESIAN_POINT('',(9.75,-10.,15.387713240271));
#328 = VECTOR('',#329,1.);
#329 = DIRECTION('',(0.866025403784,0.,0.5));
#330 = ORIENTED_EDGE('',*,*,#331,.F.);
#331 = EDGE_CURVE('',#332,#322,#334,.T.);
#332 = VERTEX_POINT('',#333);
#333 = CARTESIAN_POINT('',(9.75,-10.,12.212286759729));
#334 = LINE('',#335,#336);
#335 = CARTESIAN_POINT('',(9.75,-10.,12.212286759729));
#336 = VECTOR('',#337,1.);
#337 = DIRECTION('',(0.,0.,1.));
#338 = ORIENTED_EDGE('',*,*,#339,.F.);
#339 = EDGE_CURVE('',#340,#332,#342,.T.);
#340 = VERTEX_POINT('',#341);
#341 = CARTESIAN_POINT('',(12.5,-10.,10.624573519457));
#342 = LINE('',#343,#344);
#343 = CARTESIAN_POINT('',(12.5,-10.,10.624573519457));
#344 = VECTOR('',#345,1.);
#345 = DIRECTION('',(-0.866025403784,0.,0.5));
#346 = ORIENTED_EDGE('',*,*,#347,.F.);
#347 = EDGE_CURVE('',#348,#340,#350,.T.);
#348 = VERTEX_POINT('',#349);
#349 = CARTESIAN_POINT('',(15.25,-10.,12.212286759729));
#350 = LINE('',#351,#352);
#351 = CARTESIAN_POINT('',(15.25,-10.,12.212286759729));
#352 = VECTOR('',#353,1.);
#353 = DIRECTION('',(-0.866025403784,0.,-0.5));
#354 = ORIENTED_EDGE('',*,*,#355,.F.);
#355 = EDGE_CURVE('',#356,#348,#358,.T.);
#356 = VERTEX_POINT('',#357);
#357 = CARTESIAN_POINT('',(15.25,-10.,15.387713240271));
#358 = LINE('',#359,#360);
#359 = CARTESIAN_POINT('',(15.25,-10.,15.387713240271));
#360 = VECTOR('',#361,1.);
#361 = DIRECTION('',(0.,0.,-1.));
#362 = ORIENTED_EDGE('',*,*,#363,.F.);
#363 = EDGE_CURVE('',#324,#356,#364,.T.);
#364 = LINE('',#365,#366);
#365 = CARTESIAN_POINT('',(12.5,-10.,16.975426480543));
#366 = VECTOR('',#367,1.);
#367 = DIRECTION('',(0.866025403784,0.,-0.5));
#368 = FACE_BOUND('',#369,.T.);
#369 = EDGE_LOOP('',(#370,#380,#388,#396,#404,#412));
#370 = ORIENTED_EDGE('',*,*,#371,.T.);
#371 = EDGE_CURVE('',#372,#374,#376,.T.);
#372 = VERTEX_POINT('',#373);
#373 = CARTESIAN_POINT('',(-9.75,-10.,15.387713240271));
#374 = VERTEX_POINT('',#375);
#375 = CARTESIAN_POINT('',(-12.5,-10.,16.975426480543));
#376 = LINE('',#377,#378);
#377 = CARTESIAN_POINT('',(-9.75,-10.,15.387713240271));
#378 = VECTOR('',#379,1.);
#379 = DIRECTION('',(-0.866025403784,0.,0.5));
#380 = ORIENTED_EDGE('',*,*,#381,.T.);
#381 = EDGE_CURVE('',#374,#382,#384,.T.);
#382 = VERTEX_POINT('',#383);
#383 = CARTESIAN_POINT('',(-15.25,-10.,15.387713240271));
#384 = LINE('',#385,#386);
#385 = CARTESIAN_POINT('',(-12.5,-10.,16.975426480543));
#386 = VECTOR('',#387,1.);
#387 = DIRECTION('',(-0.866025403784,0.,-0.5));
#388 = ORIENTED_EDGE('',*,*,#389,.T.);
#389 = EDGE_CURVE('',#382,#390,#392,.T.);
#390 = VERTEX_POINT('',#391);
#391 = CARTESIAN_POINT('',(-15.25,-10.,12.212286759729));
#392 = LINE('',#393,#394);
#393 = CARTESIAN_POINT('',(-15.25,-10.,15.387713240271));
#394 = VECTOR('',#395,1.);
#395 = DIRECTION('',(0.,-0.,-1.));
#396 = ORIENTED_EDGE('',*,*,#397,.T.);
#397 = EDGE_CURVE('',#390,#398,#400,.T.);
#398 = VERTEX_POINT('',#399);
#399 = CARTESIAN_POINT('',(-12.5,-10.,10.624573519457));
#400 = LINE('',#401,#402);
#401 = CARTESIAN_POINT('',(-15.25,-10.,12.212286759729));
#402 = VECTOR('',#403,1.);
#403 = DIRECTION('',(0.866025403784,-0.,-0.5));
#404 = ORIENTED_EDGE('',*,*,#405,.T.);
#405 = EDGE_CURVE('',#398,#406,#408,.T.);
#406 = VERTEX_POINT('',#407);
#407 = CARTESIAN_POINT('',(-9.75,-10.,12.212286759729));
#408 = LINE('',#409,#410);
#409 = CARTESIAN_POINT('',(-12.5,-10.,10.624573519457));
#410 = VECTOR('',#411,1.);
#411 = DIRECTION('',(0.866025403784,0.,0.5));
#412 = ORIENTED_EDGE('',*,*,#413,.T.);
#413 = EDGE_CURVE('',#406,#372,#414,.T.);
#414 = LINE('',#415,#416);
#415 = CARTESIAN_POINT('',(-9.75,-10.,12.212286759729));
#416 = VECTOR('',#417,1.);
#417 = DIRECTION('',(0.,0.,1.));
#418 = FACE_BOUND('',#419,.T.);
#419 = EDGE_LOOP('',(#420,#431));
#420 = ORIENTED_EDGE('',*,*,#421,.F.);
#421 = EDGE_CURVE('',#422,#424,#426,.T.);
#422 = VERTEX_POINT('',#423);
#423 = CARTESIAN_POINT('',(0.,-10.,25.6));
#424 = VERTEX_POINT('',#425);
#425 = CARTESIAN_POINT('',(0.,-10.,22.2));
#426 = CIRCLE('',#427,1.7);
#427 = AXIS2_PLACEMENT_3D('',#428,#429,#430);
#428 = CARTESIAN_POINT('',(0.,-10.,23.9));
#429 = DIRECTION('',(0.,1.,-2.2E-16));
#430 = DIRECTION('',(-1.,0.,0.));
#431 = ORIENTED_EDGE('',*,*,#432,.T.);
#432 = EDGE_CURVE('',#422,#424,#433,.T.);
#433 = CIRCLE('',#434,1.7);
#434 = AXIS2_PLACEMENT_3D('',#435,#436,#437);
#435 = CARTESIAN_POINT('',(0.,-10.,23.9));
#436 = DIRECTION('',(0.,-1.,2.2E-16));
#437 = DIRECTION('',(1.,0.,0.));
#438 = FACE_BOUND('',#439,.T.);
#439 = EDGE_LOOP('',(#440));
#440 = ORIENTED_EDGE('',*,*,#441,.F.);
#441 = EDGE_CURVE('',#442,#442,#444,.T.);
#442 = VERTEX_POINT('',#443);
#443 = CARTESIAN_POINT('',(6.4,-10.,-7.5));
#444 = CIRCLE('',#445,1.6);
#445 = AXIS2_PLACEMENT_3D('',#446,#447,#448);
#446 = CARTESIAN_POINT('',(8.,-10.,-7.5));
#447 = DIRECTION('',(0.,1.,-2.2E-16));
#448 = DIRECTION('',(-1.,0.,0.));
#449 = FACE_BOUND('',#450,.T.);
#450 = EDGE_LOOP('',(#451));
#451 = ORIENTED_EDGE('',*,*,#452,.F.);
#452 = EDGE_CURVE('',#453,#453,#455,.T.);
#453 = VERTEX_POINT('',#454);
#454 = CARTESIAN_POINT('',(6.4,-10.,7.5));
#455 = CIRCLE('',#456,1.6);
#456 = AXIS2_PLACEMENT_3D('',#457,#458,#459);
#457 = CARTESIAN_POINT('',(8.,-10.,7.5));
#458 = DIRECTION('',(0.,1.,-2.2E-16));
#459 = DIRECTION('',(-1.,0.,0.));
#460 = FACE_BOUND('',#461,.T.);
#461 = EDGE_LOOP('',(#462));
#462 = ORIENTED_EDGE('',*,*,#463,.F.);
#463 = EDGE_CURVE('',#464,#464,#466,.T.);
#464 = VERTEX_POINT('',#465);
#465 = CARTESIAN_POINT('',(-9.6,-10.,-7.5));
#466 = CIRCLE('',#467,1.6);
#467 = AXIS2_PLACEMENT_3D('',#468,#469,#470);
#468 = CARTESIAN_POINT('',(-8.,-10.,-7.5));
#469 = DIRECTION('',(0.,1.,-2.2E-16));
#470 = DIRECTION('',(-1.,0.,0.));
#471 = FACE_BOUND('',#472,.T.);
#472 = EDGE_LOOP('',(#473));
#473 = ORIENTED_EDGE('',*,*,#474,.F.);
#474 = EDGE_CURVE('',#475,#475,#477,.T.);
#475 = VERTEX_POINT('',#476);
#476 = CARTESIAN_POINT('',(-9.6,-10.,7.5));
#477 = CIRCLE('',#478,1.6);
#478 = AXIS2_PLACEMENT_3D('',#479,#480,#481);
#479 = CARTESIAN_POINT('',(-8.,-10.,7.5));
#480 = DIRECTION('',(0.,1.,-2.2E-16));
#481 = DIRECTION('',(-1.,0.,0.));
#482 = PLANE('',#483);
#483 = AXIS2_PLACEMENT_3D('',#484,#485,#486);
#484 = CARTESIAN_POINT('',(-9.2E-16,-10.,-2.895559448283));
#485 = DIRECTION('',(0.,1.,0.));
#486 = DIRECTION('',(0.,0.,1.));
#487 = ADVANCED_FACE('',(#488),#640,.T.);
#488 = FACE_BOUND('',#489,.T.);
#489 = EDGE_LOOP('',(#490,#491,#492,#500,#509,#518,#527,#535,#543,#551,
    #559,#567,#575,#583,#592,#601,#610,#618,#626,#634));
#490 = ORIENTED_EDGE('',*,*,#98,.F.);
#491 = ORIENTED_EDGE('',*,*,#178,.T.);
#492 = ORIENTED_EDGE('',*,*,#493,.T.);
#493 = EDGE_CURVE('',#171,#494,#496,.T.);
#494 = VERTEX_POINT('',#495);
#495 = CARTESIAN_POINT('',(16.677319714841,-20.5,12.000000000001));
#496 = LINE('',#497,#498);
#497 = CARTESIAN_POINT('',(25.,-20.5,12.000000000001));
#498 = VECTOR('',#499,1.);
#499 = DIRECTION('',(-1.,0.,0.));
#500 = ORIENTED_EDGE('',*,*,#501,.F.);
#501 = EDGE_CURVE('',#502,#494,#504,.T.);
#502 = VERTEX_POINT('',#503);
#503 = CARTESIAN_POINT('',(15.258846914433,-20.5,17.416457341477));
#504 = CIRCLE('',#505,4.548626166218);
#505 = AXIS2_PLACEMENT_3D('',#506,#507,#508);
#506 = CARTESIAN_POINT('',(12.5,-20.5,13.8));
#507 = DIRECTION('',(0.,1.,-0.));
#508 = DIRECTION('',(-1.,0.,0.));
#509 = ORIENTED_EDGE('',*,*,#510,.F.);
#510 = EDGE_CURVE('',#511,#502,#513,.T.);
#511 = VERTEX_POINT('',#512);
#512 = CARTESIAN_POINT('',(8.92220366283,-20.5,16.529354020595));
#513 = CIRCLE('',#514,4.5);
#514 = AXIS2_PLACEMENT_3D('',#515,#516,#517);
#515 = CARTESIAN_POINT('',(12.529284010502,-20.5,13.838820362481));
#516 = DIRECTION('',(0.,-1.,2.22044604925E-16));
#517 = DIRECTION('',(1.,0.,0.));
#518 = ORIENTED_EDGE('',*,*,#519,.T.);
#519 = EDGE_CURVE('',#511,#520,#522,.T.);
#520 = VERTEX_POINT('',#521);
#521 = CARTESIAN_POINT('',(15.677319714841,-20.5,10.613365501084));
#522 = CIRCLE('',#523,4.5);
#523 = AXIS2_PLACEMENT_3D('',#524,#525,#526);
#524 = CARTESIAN_POINT('',(12.5,-20.5,13.8));
#525 = DIRECTION('',(0.,-1.,0.));
#526 = DIRECTION('',(1.,0.,0.));
#527 = ORIENTED_EDGE('',*,*,#528,.F.);
#528 = EDGE_CURVE('',#529,#520,#531,.T.);
#529 = VERTEX_POINT('',#530);
#530 = CARTESIAN_POINT('',(15.677319714841,-20.5,-9.398170745719));
#531 = LINE('',#532,#533);
#532 = CARTESIAN_POINT('',(15.677319714841,-20.5,-9.398170745719));
#533 = VECTOR('',#534,1.);
#534 = DIRECTION('',(0.,0.,1.));
#535 = ORIENTED_EDGE('',*,*,#536,.F.);
#536 = EDGE_CURVE('',#537,#529,#539,.T.);
#537 = VERTEX_POINT('',#538);
#538 = CARTESIAN_POINT('',(5.5,-20.5,-24.5));
#539 = LINE('',#540,#541);
#540 = CARTESIAN_POINT('',(5.5,-20.5,-24.5));
#541 = VECTOR('',#542,1.);
#542 = DIRECTION('',(0.558853462072,0.,0.829266427591));
#543 = ORIENTED_EDGE('',*,*,#544,.F.);
#544 = EDGE_CURVE('',#545,#537,#547,.T.);
#545 = VERTEX_POINT('',#546);
#546 = CARTESIAN_POINT('',(3.5,-20.5,-24.5));
#547 = LINE('',#548,#549);
#548 = CARTESIAN_POINT('',(3.5,-20.5,-24.5));
#549 = VECTOR('',#550,1.);
#550 = DIRECTION('',(1.,0.,0.));
#551 = ORIENTED_EDGE('',*,*,#552,.T.);
#552 = EDGE_CURVE('',#545,#553,#555,.T.);
#553 = VERTEX_POINT('',#554);
#554 = CARTESIAN_POINT('',(-3.5,-20.5,-24.5));
#555 = LINE('',#556,#557);
#556 = CARTESIAN_POINT('',(5.5,-20.5,-24.5));
#557 = VECTOR('',#558,1.);
#558 = DIRECTION('',(-1.,0.,0.));
#559 = ORIENTED_EDGE('',*,*,#560,.T.);
#560 = EDGE_CURVE('',#553,#561,#563,.T.);
#561 = VERTEX_POINT('',#562);
#562 = CARTESIAN_POINT('',(-5.5,-20.5,-24.5));
#563 = LINE('',#564,#565);
#564 = CARTESIAN_POINT('',(-3.5,-20.5,-24.5));
#565 = VECTOR('',#566,1.);
#566 = DIRECTION('',(-1.,-0.,-0.));
#567 = ORIENTED_EDGE('',*,*,#568,.T.);
#568 = EDGE_CURVE('',#561,#569,#571,.T.);
#569 = VERTEX_POINT('',#570);
#570 = CARTESIAN_POINT('',(-15.67731971484,-20.5,-9.398170745719));
#571 = LINE('',#572,#573);
#572 = CARTESIAN_POINT('',(-5.5,-20.5,-24.5));
#573 = VECTOR('',#574,1.);
#574 = DIRECTION('',(-0.558853462072,0.,0.829266427591));
#575 = ORIENTED_EDGE('',*,*,#576,.T.);
#576 = EDGE_CURVE('',#569,#577,#579,.T.);
#577 = VERTEX_POINT('',#578);
#578 = CARTESIAN_POINT('',(-15.67731971484,-20.5,10.613365501084));
#579 = LINE('',#580,#581);
#580 = CARTESIAN_POINT('',(-15.67731971484,-20.5,-9.398170745719));
#581 = VECTOR('',#582,1.);
#582 = DIRECTION('',(0.,0.,1.));
#583 = ORIENTED_EDGE('',*,*,#584,.F.);
#584 = EDGE_CURVE('',#585,#577,#587,.T.);
#585 = VERTEX_POINT('',#586);
#586 = CARTESIAN_POINT('',(-8.92220366283,-20.5,16.529354020595));
#587 = CIRCLE('',#588,4.5);
#588 = AXIS2_PLACEMENT_3D('',#589,#590,#591);
#589 = CARTESIAN_POINT('',(-12.5,-20.5,13.8));
#590 = DIRECTION('',(0.,1.,-0.));
#591 = DIRECTION('',(-1.,0.,-0.));
#592 = ORIENTED_EDGE('',*,*,#593,.F.);
#593 = EDGE_CURVE('',#594,#585,#596,.T.);
#594 = VERTEX_POINT('',#595);
#595 = CARTESIAN_POINT('',(-15.25884691443,-20.5,17.416457341477));
#596 = CIRCLE('',#597,4.5);
#597 = AXIS2_PLACEMENT_3D('',#598,#599,#600);
#598 = CARTESIAN_POINT('',(-12.5292840105,-20.5,13.838820362481));
#599 = DIRECTION('',(0.,-1.,2.22044604925E-16));
#600 = DIRECTION('',(1.,0.,0.));
#601 = ORIENTED_EDGE('',*,*,#602,.T.);
#602 = EDGE_CURVE('',#594,#603,#605,.T.);
#603 = VERTEX_POINT('',#604);
#604 = CARTESIAN_POINT('',(-16.67731971484,-20.5,12.000000000001));
#605 = CIRCLE('',#606,4.548626166218);
#606 = AXIS2_PLACEMENT_3D('',#607,#608,#609);
#607 = CARTESIAN_POINT('',(-12.5,-20.5,13.8));
#608 = DIRECTION('',(0.,-1.,0.));
#609 = DIRECTION('',(1.,-0.,-0.));
#610 = ORIENTED_EDGE('',*,*,#611,.F.);
#611 = EDGE_CURVE('',#612,#603,#614,.T.);
#612 = VERTEX_POINT('',#613);
#613 = CARTESIAN_POINT('',(-25.,-20.5,12.000000000001));
#614 = LINE('',#615,#616);
#615 = CARTESIAN_POINT('',(-25.,-20.5,12.000000000001));
#616 = VECTOR('',#617,1.);
#617 = DIRECTION('',(1.,0.,0.));
#618 = ORIENTED_EDGE('',*,*,#619,.F.);
#619 = EDGE_CURVE('',#620,#612,#622,.T.);
#620 = VERTEX_POINT('',#621);
#621 = CARTESIAN_POINT('',(-25.,-20.5,-10.));
#622 = LINE('',#623,#624);
#623 = CARTESIAN_POINT('',(-25.,-20.5,10.));
#624 = VECTOR('',#625,1.);
#625 = DIRECTION('',(0.,2.2E-16,1.));
#626 = ORIENTED_EDGE('',*,*,#627,.T.);
#627 = EDGE_CURVE('',#620,#628,#630,.T.);
#628 = VERTEX_POINT('',#629);
#629 = CARTESIAN_POINT('',(-9.5,-20.5,-33.));
#630 = LINE('',#631,#632);
#631 = CARTESIAN_POINT('',(-25.,-20.5,-10.));
#632 = VECTOR('',#633,1.);
#633 = DIRECTION('',(0.558853462072,0.,-0.829266427591));
#634 = ORIENTED_EDGE('',*,*,#635,.T.);
#635 = EDGE_CURVE('',#628,#91,#636,.T.);
#636 = LINE('',#637,#638);
#637 = CARTESIAN_POINT('',(-9.5,-20.5,-33.));
#638 = VECTOR('',#639,1.);
#639 = DIRECTION('',(1.,0.,0.));
#640 = PLANE('',#641);
#641 = AXIS2_PLACEMENT_3D('',#642,#643,#644);
#642 = CARTESIAN_POINT('',(-3.1E-16,-20.5,-2.895559448283));
#643 = DIRECTION('',(-0.,-1.,-0.));
#644 = DIRECTION('',(0.,0.,-1.));
#645 = ADVANCED_FACE('',(#646,#657,#668),#679,.T.);
#646 = FACE_BOUND('',#647,.T.);
#647 = EDGE_LOOP('',(#648,#649,#650,#656));
#648 = ORIENTED_EDGE('',*,*,#90,.F.);
#649 = ORIENTED_EDGE('',*,*,#635,.F.);
#650 = ORIENTED_EDGE('',*,*,#651,.T.);
#651 = EDGE_CURVE('',#628,#306,#652,.T.);
#652 = LINE('',#653,#654);
#653 = CARTESIAN_POINT('',(-9.5,-20.5,-33.));
#654 = VECTOR('',#655,1.);
#655 = DIRECTION('',(0.,1.,-2.2E-16));
#656 = ORIENTED_EDGE('',*,*,#305,.F.);
#657 = FACE_BOUND('',#658,.T.);
#658 = EDGE_LOOP('',(#659));
#659 = ORIENTED_EDGE('',*,*,#660,.F.);
#660 = EDGE_CURVE('',#661,#661,#663,.T.);
#661 = VERTEX_POINT('',#662);
#662 = CARTESIAN_POINT('',(7.5,-14.25,-33.));
#663 = CIRCLE('',#664,3.);
#664 = AXIS2_PLACEMENT_3D('',#665,#666,#667);
#665 = CARTESIAN_POINT('',(4.5,-14.25,-33.));
#666 = DIRECTION('',(0.,0.,-1.));
#667 = DIRECTION('',(1.,0.,0.));
#668 = FACE_BOUND('',#669,.T.);
#669 = EDGE_LOOP('',(#670));
#670 = ORIENTED_EDGE('',*,*,#671,.T.);
#671 = EDGE_CURVE('',#672,#672,#674,.T.);
#672 = VERTEX_POINT('',#673);
#673 = CARTESIAN_POINT('',(-7.5,-14.25,-33.));
#674 = CIRCLE('',#675,3.);
#675 = AXIS2_PLACEMENT_3D('',#676,#677,#678);
#676 = CARTESIAN_POINT('',(-4.5,-14.25,-33.));
#677 = DIRECTION('',(0.,0.,1.));
#678 = DIRECTION('',(-1.,0.,0.));
#679 = PLANE('',#680);
#680 = AXIS2_PLACEMENT_3D('',#681,#682,#683);
#681 = CARTESIAN_POINT('',(0.,-15.25,-33.));
#682 = DIRECTION('',(-0.,-0.,-1.));
#683 = DIRECTION('',(-1.,0.,0.));
#684 = ADVANCED_FACE('',(#685),#710,.F.);
#685 = FACE_BOUND('',#686,.F.);
#686 = EDGE_LOOP('',(#687,#688,#696,#704));
#687 = ORIENTED_EDGE('',*,*,#106,.T.);
#688 = ORIENTED_EDGE('',*,*,#689,.T.);
#689 = EDGE_CURVE('',#109,#690,#692,.T.);
#690 = VERTEX_POINT('',#691);
#691 = CARTESIAN_POINT('',(22.749999999987,-16.58771324025,-12.));
#692 = LINE('',#693,#694);
#693 = CARTESIAN_POINT('',(22.749999999987,-16.58771324025,-22.));
#694 = VECTOR('',#695,1.);
#695 = DIRECTION('',(0.,1.2E-16,1.));
#696 = ORIENTED_EDGE('',*,*,#697,.T.);
#697 = EDGE_CURVE('',#690,#698,#700,.T.);
#698 = VERTEX_POINT('',#699);
#699 = CARTESIAN_POINT('',(20.000000000019,-18.17542648053,-12.));
#700 = LINE('',#701,#702);
#701 = CARTESIAN_POINT('',(22.749999999987,-16.58771324025,-12.));
#702 = VECTOR('',#703,1.);
#703 = DIRECTION('',(-0.866025403782,-0.500000000005,0.));
#704 = ORIENTED_EDGE('',*,*,#705,.F.);
#705 = EDGE_CURVE('',#107,#698,#706,.T.);
#706 = LINE('',#707,#708);
#707 = CARTESIAN_POINT('',(20.000000000019,-18.17542648053,-22.));
#708 = VECTOR('',#709,1.);
#709 = DIRECTION('',(0.,1.2E-16,1.));
#710 = PLANE('',#711);
#711 = AXIS2_PLACEMENT_3D('',#712,#713,#714);
#712 = CARTESIAN_POINT('',(22.749999999987,-16.58771324025,-22.));
#713 = DIRECTION('',(0.500000000005,-0.866025403782,1.1E-16));
#714 = DIRECTION('',(-0.866025403782,-0.500000000005,6.E-17));
#715 = ADVANCED_FACE('',(#716),#734,.F.);
#716 = FACE_BOUND('',#717,.F.);
#717 = EDGE_LOOP('',(#718,#719,#727,#733));
#718 = ORIENTED_EDGE('',*,*,#148,.T.);
#719 = ORIENTED_EDGE('',*,*,#720,.T.);
#720 = EDGE_CURVE('',#141,#721,#723,.T.);
#721 = VERTEX_POINT('',#722);
#722 = CARTESIAN_POINT('',(22.749999999987,-13.41228675974,-12.));
#723 = LINE('',#724,#725);
#724 = CARTESIAN_POINT('',(22.749999999987,-13.41228675974,-22.));
#725 = VECTOR('',#726,1.);
#726 = DIRECTION('',(0.,1.2E-16,1.));
#727 = ORIENTED_EDGE('',*,*,#728,.T.);
#728 = EDGE_CURVE('',#721,#690,#729,.T.);
#729 = LINE('',#730,#731);
#730 = CARTESIAN_POINT('',(22.749999999987,-13.41228675974,-12.));
#731 = VECTOR('',#732,1.);
#732 = DIRECTION('',(0.,-1.,0.));
#733 = ORIENTED_EDGE('',*,*,#689,.F.);
#734 = PLANE('',#735);
#735 = AXIS2_PLACEMENT_3D('',#736,#737,#738);
#736 = CARTESIAN_POINT('',(22.749999999987,-13.41228675974,-22.));
#737 = DIRECTION('',(1.,0.,0.));
#738 = DIRECTION('',(0.,-1.,1.2E-16));
#739 = ADVANCED_FACE('',(#740),#758,.F.);
#740 = FACE_BOUND('',#741,.F.);
#741 = EDGE_LOOP('',(#742,#743,#751,#757));
#742 = ORIENTED_EDGE('',*,*,#140,.T.);
#743 = ORIENTED_EDGE('',*,*,#744,.T.);
#744 = EDGE_CURVE('',#133,#745,#747,.T.);
#745 = VERTEX_POINT('',#746);
#746 = CARTESIAN_POINT('',(20.000000000019,-11.82457351946,-12.));
#747 = LINE('',#748,#749);
#748 = CARTESIAN_POINT('',(20.000000000019,-11.82457351946,-22.));
#749 = VECTOR('',#750,1.);
#750 = DIRECTION('',(0.,1.2E-16,1.));
#751 = ORIENTED_EDGE('',*,*,#752,.T.);
#752 = EDGE_CURVE('',#745,#721,#753,.T.);
#753 = LINE('',#754,#755);
#754 = CARTESIAN_POINT('',(20.000000000019,-11.82457351946,-12.));
#755 = VECTOR('',#756,1.);
#756 = DIRECTION('',(0.866025403782,-0.500000000005,0.));
#757 = ORIENTED_EDGE('',*,*,#720,.F.);
#758 = PLANE('',#759);
#759 = AXIS2_PLACEMENT_3D('',#760,#761,#762);
#760 = CARTESIAN_POINT('',(20.000000000019,-11.82457351946,-22.));
#761 = DIRECTION('',(0.500000000005,0.866025403782,-1.1E-16));
#762 = DIRECTION('',(0.866025403782,-0.500000000005,6.E-17));
#763 = ADVANCED_FACE('',(#764),#782,.F.);
#764 = FACE_BOUND('',#765,.F.);
#765 = EDGE_LOOP('',(#766,#767,#775,#781));
#766 = ORIENTED_EDGE('',*,*,#132,.T.);
#767 = ORIENTED_EDGE('',*,*,#768,.T.);
#768 = EDGE_CURVE('',#125,#769,#771,.T.);
#769 = VERTEX_POINT('',#770);
#770 = CARTESIAN_POINT('',(17.249999999989,-13.4122867597,-12.));
#771 = LINE('',#772,#773);
#772 = CARTESIAN_POINT('',(17.249999999989,-13.4122867597,-22.));
#773 = VECTOR('',#774,1.);
#774 = DIRECTION('',(0.,1.2E-16,1.));
#775 = ORIENTED_EDGE('',*,*,#776,.T.);
#776 = EDGE_CURVE('',#769,#745,#777,.T.);
#777 = LINE('',#778,#779);
#778 = CARTESIAN_POINT('',(17.249999999989,-13.4122867597,-12.));
#779 = VECTOR('',#780,1.);
#780 = DIRECTION('',(0.866025403792,0.499999999987,0.));
#781 = ORIENTED_EDGE('',*,*,#744,.F.);
#782 = PLANE('',#783);
#783 = AXIS2_PLACEMENT_3D('',#784,#785,#786);
#784 = CARTESIAN_POINT('',(17.249999999989,-13.4122867597,-22.));
#785 = DIRECTION('',(-0.499999999987,0.866025403792,-1.1E-16));
#786 = DIRECTION('',(0.866025403792,0.499999999987,-6.E-17));
#787 = ADVANCED_FACE('',(#788),#806,.F.);
#788 = FACE_BOUND('',#789,.F.);
#789 = EDGE_LOOP('',(#790,#791,#799,#805));
#790 = ORIENTED_EDGE('',*,*,#124,.T.);
#791 = ORIENTED_EDGE('',*,*,#792,.T.);
#792 = EDGE_CURVE('',#117,#793,#795,.T.);
#793 = VERTEX_POINT('',#794);
#794 = CARTESIAN_POINT('',(17.249999999987,-16.58771324023,-12.));
#795 = LINE('',#796,#797);
#796 = CARTESIAN_POINT('',(17.249999999987,-16.58771324023,-22.));
#797 = VECTOR('',#798,1.);
#798 = DIRECTION('',(0.,1.2E-16,1.));
#799 = ORIENTED_EDGE('',*,*,#800,.T.);
#800 = EDGE_CURVE('',#793,#769,#801,.T.);
#801 = LINE('',#802,#803);
#802 = CARTESIAN_POINT('',(17.249999999987,-16.58771324023,-12.));
#803 = VECTOR('',#804,1.);
#804 = DIRECTION('',(4.7214E-13,1.,0.));
#805 = ORIENTED_EDGE('',*,*,#768,.F.);
#806 = PLANE('',#807);
#807 = AXIS2_PLACEMENT_3D('',#808,#809,#810);
#808 = CARTESIAN_POINT('',(17.249999999987,-16.58771324023,-22.));
#809 = DIRECTION('',(-1.,4.7214E-13,0.));
#810 = DIRECTION('',(4.7214E-13,1.,-1.2E-16));
#811 = ADVANCED_FACE('',(#812),#823,.F.);
#812 = FACE_BOUND('',#813,.F.);
#813 = EDGE_LOOP('',(#814,#815,#816,#822));
#814 = ORIENTED_EDGE('',*,*,#116,.T.);
#815 = ORIENTED_EDGE('',*,*,#705,.T.);
#816 = ORIENTED_EDGE('',*,*,#817,.T.);
#817 = EDGE_CURVE('',#698,#793,#818,.T.);
#818 = LINE('',#819,#820);
#819 = CARTESIAN_POINT('',(20.000000000019,-18.17542648053,-12.));
#820 = VECTOR('',#821,1.);
#821 = DIRECTION('',(-0.866025403784,0.500000000001,-0.));
#822 = ORIENTED_EDGE('',*,*,#792,.F.);
#823 = PLANE('',#824);
#824 = AXIS2_PLACEMENT_3D('',#825,#826,#827);
#825 = CARTESIAN_POINT('',(20.000000000019,-18.17542648053,-22.));
#826 = DIRECTION('',(-0.500000000001,-0.866025403784,1.1E-16));
#827 = DIRECTION('',(-0.866025403784,0.500000000001,-6.E-17));
#828 = ADVANCED_FACE('',(#829,#840),#851,.T.);
#829 = FACE_BOUND('',#830,.T.);
#830 = EDGE_LOOP('',(#831,#832,#833,#839));
#831 = ORIENTED_EDGE('',*,*,#170,.T.);
#832 = ORIENTED_EDGE('',*,*,#297,.T.);
#833 = ORIENTED_EDGE('',*,*,#834,.F.);
#834 = EDGE_CURVE('',#494,#289,#835,.T.);
#835 = LINE('',#836,#837);
#836 = CARTESIAN_POINT('',(16.677319714841,-20.5,12.000000000001));
#837 = VECTOR('',#838,1.);
#838 = DIRECTION('',(0.,1.,-2.2E-16));
#839 = ORIENTED_EDGE('',*,*,#493,.F.);
#840 = FACE_BOUND('',#841,.T.);
#841 = EDGE_LOOP('',(#842));
#842 = ORIENTED_EDGE('',*,*,#843,.F.);
#843 = EDGE_CURVE('',#844,#844,#846,.T.);
#844 = VERTEX_POINT('',#845);
#845 = CARTESIAN_POINT('',(21.7,-15.,12.000000000001));
#846 = CIRCLE('',#847,1.7);
#847 = AXIS2_PLACEMENT_3D('',#848,#849,#850);
#848 = CARTESIAN_POINT('',(20.,-15.,12.000000000001));
#849 = DIRECTION('',(0.,0.,1.));
#850 = DIRECTION('',(1.,0.,0.));
#851 = PLANE('',#852);
#852 = AXIS2_PLACEMENT_3D('',#853,#854,#855);
#853 = CARTESIAN_POINT('',(25.,-20.5,12.000000000001));
#854 = DIRECTION('',(0.,2.2E-16,1.));
#855 = DIRECTION('',(-1.,0.,0.));
#856 = ADVANCED_FACE('',(#857),#882,.T.);
#857 = FACE_BOUND('',#858,.T.);
#858 = EDGE_LOOP('',(#859,#860,#868,#876));
#859 = ORIENTED_EDGE('',*,*,#187,.T.);
#860 = ORIENTED_EDGE('',*,*,#861,.T.);
#861 = EDGE_CURVE('',#190,#862,#864,.T.);
#862 = VERTEX_POINT('',#863);
#863 = CARTESIAN_POINT('',(20.,-19.,-6.5));
#864 = LINE('',#865,#866);
#865 = CARTESIAN_POINT('',(25.,-19.,-6.5));
#866 = VECTOR('',#867,1.);
#867 = DIRECTION('',(-1.,0.,0.));
#868 = ORIENTED_EDGE('',*,*,#869,.F.);
#869 = EDGE_CURVE('',#870,#862,#872,.T.);
#870 = VERTEX_POINT('',#871);
#871 = CARTESIAN_POINT('',(20.,-19.,8.5));
#872 = LINE('',#873,#874);
#873 = CARTESIAN_POINT('',(20.,-19.,8.5));
#874 = VECTOR('',#875,1.);
#875 = DIRECTION('',(-0.,-0.,-1.));
#876 = ORIENTED_EDGE('',*,*,#877,.F.);
#877 = EDGE_CURVE('',#188,#870,#878,.T.);
#878 = LINE('',#879,#880);
#879 = CARTESIAN_POINT('',(25.,-19.,8.5));
#880 = VECTOR('',#881,1.);
#881 = DIRECTION('',(-1.,0.,0.));
#882 = PLANE('',#883);
#883 = AXIS2_PLACEMENT_3D('',#884,#885,#886);
#884 = CARTESIAN_POINT('',(25.,-19.,8.5));
#885 = DIRECTION('',(0.,1.,0.));
#886 = DIRECTION('',(-1.,0.,0.));
#887 = ADVANCED_FACE('',(#888,#907),#918,.F.);
#888 = FACE_BOUND('',#889,.F.);
#889 = EDGE_LOOP('',(#890,#899,#900,#901));
#890 = ORIENTED_EDGE('',*,*,#891,.T.);
#891 = EDGE_CURVE('',#892,#870,#894,.T.);
#892 = VERTEX_POINT('',#893);
#893 = CARTESIAN_POINT('',(20.,-11.,8.5));
#894 = CIRCLE('',#895,4.);
#895 = AXIS2_PLACEMENT_3D('',#896,#897,#898);
#896 = CARTESIAN_POINT('',(20.,-15.,8.5));
#897 = DIRECTION('',(0.,0.,1.));
#898 = DIRECTION('',(1.,0.,0.));
#899 = ORIENTED_EDGE('',*,*,#877,.F.);
#900 = ORIENTED_EDGE('',*,*,#197,.F.);
#901 = ORIENTED_EDGE('',*,*,#902,.F.);
#902 = EDGE_CURVE('',#892,#198,#903,.T.);
#903 = LINE('',#904,#905);
#904 = CARTESIAN_POINT('',(20.,-11.,8.5));
#905 = VECTOR('',#906,1.);
#906 = DIRECTION('',(1.,0.,0.));
#907 = FACE_BOUND('',#908,.F.);
#908 = EDGE_LOOP('',(#909));
#909 = ORIENTED_EDGE('',*,*,#910,.T.);
#910 = EDGE_CURVE('',#911,#911,#913,.T.);
#911 = VERTEX_POINT('',#912);
#912 = CARTESIAN_POINT('',(21.7,-15.,8.5));
#913 = CIRCLE('',#914,1.7);
#914 = AXIS2_PLACEMENT_3D('',#915,#916,#917);
#915 = CARTESIAN_POINT('',(20.,-15.,8.5));
#916 = DIRECTION('',(0.,0.,-1.));
#917 = DIRECTION('',(1.,0.,0.));
#918 = PLANE('',#919);
#919 = AXIS2_PLACEMENT_3D('',#920,#921,#922);
#920 = CARTESIAN_POINT('',(21.242906235963,-15.,8.5));
#921 = DIRECTION('',(0.,0.,1.));
#922 = DIRECTION('',(1.,0.,0.));
#923 = ADVANCED_FACE('',(#924),#942,.T.);
#924 = FACE_BOUND('',#925,.T.);
#925 = EDGE_LOOP('',(#926,#934,#940,#941));
#926 = ORIENTED_EDGE('',*,*,#927,.T.);
#927 = EDGE_CURVE('',#892,#928,#930,.T.);
#928 = VERTEX_POINT('',#929);
#929 = CARTESIAN_POINT('',(20.,-11.,-6.5));
#930 = LINE('',#931,#932);
#931 = CARTESIAN_POINT('',(20.,-11.,8.5));
#932 = VECTOR('',#933,1.);
#933 = DIRECTION('',(-0.,-0.,-1.));
#934 = ORIENTED_EDGE('',*,*,#935,.T.);
#935 = EDGE_CURVE('',#928,#206,#936,.T.);
#936 = LINE('',#937,#938);
#937 = CARTESIAN_POINT('',(20.,-11.,-6.5));
#938 = VECTOR('',#939,1.);
#939 = DIRECTION('',(1.,0.,0.));
#940 = ORIENTED_EDGE('',*,*,#205,.F.);
#941 = ORIENTED_EDGE('',*,*,#902,.F.);
#942 = PLANE('',#943);
#943 = AXIS2_PLACEMENT_3D('',#944,#945,#946);
#944 = CARTESIAN_POINT('',(20.,-11.,8.5));
#945 = DIRECTION('',(0.,-1.,0.));
#946 = DIRECTION('',(1.,0.,0.));
#947 = ADVANCED_FACE('',(#948,#960),#971,.T.);
#948 = FACE_BOUND('',#949,.T.);
#949 = EDGE_LOOP('',(#950,#957,#958,#959));
#950 = ORIENTED_EDGE('',*,*,#951,.T.);
#951 = EDGE_CURVE('',#928,#862,#952,.T.);
#952 = CIRCLE('',#953,4.);
#953 = AXIS2_PLACEMENT_3D('',#954,#955,#956);
#954 = CARTESIAN_POINT('',(20.,-15.,-6.5));
#955 = DIRECTION('',(0.,0.,1.));
#956 = DIRECTION('',(1.,0.,0.));
#957 = ORIENTED_EDGE('',*,*,#861,.F.);
#958 = ORIENTED_EDGE('',*,*,#213,.F.);
#959 = ORIENTED_EDGE('',*,*,#935,.F.);
#960 = FACE_BOUND('',#961,.T.);
#961 = EDGE_LOOP('',(#962));
#962 = ORIENTED_EDGE('',*,*,#963,.T.);
#963 = EDGE_CURVE('',#964,#964,#966,.T.);
#964 = VERTEX_POINT('',#965);
#965 = CARTESIAN_POINT('',(21.7,-15.,-6.5));
#966 = CIRCLE('',#967,1.7);
#967 = AXIS2_PLACEMENT_3D('',#968,#969,#970);
#968 = CARTESIAN_POINT('',(20.,-15.,-6.5));
#969 = DIRECTION('',(0.,0.,-1.));
#970 = DIRECTION('',(1.,0.,0.));
#971 = PLANE('',#972);
#972 = AXIS2_PLACEMENT_3D('',#973,#974,#975);
#973 = CARTESIAN_POINT('',(21.242906235963,-15.,-6.5));
#974 = DIRECTION('',(0.,0.,1.));
#975 = DIRECTION('',(1.,0.,0.));
#976 = ADVANCED_FACE('',(#977,#993),#1027,.T.);
#977 = FACE_BOUND('',#978,.T.);
#978 = EDGE_LOOP('',(#979,#980,#986,#987));
#979 = ORIENTED_EDGE('',*,*,#227,.F.);
#980 = ORIENTED_EDGE('',*,*,#981,.T.);
#981 = EDGE_CURVE('',#228,#620,#982,.T.);
#982 = LINE('',#983,#984);
#983 = CARTESIAN_POINT('',(-25.,-10.,-10.));
#984 = VECTOR('',#985,1.);
#985 = DIRECTION('',(-0.,-1.,-0.));
#986 = ORIENTED_EDGE('',*,*,#619,.T.);
#987 = ORIENTED_EDGE('',*,*,#988,.T.);
#988 = EDGE_CURVE('',#612,#230,#989,.T.);
#989 = LINE('',#990,#991);
#990 = CARTESIAN_POINT('',(-25.,-20.5,12.000000000001));
#991 = VECTOR('',#992,1.);
#992 = DIRECTION('',(0.,1.,-2.2E-16));
#993 = FACE_BOUND('',#994,.T.);
#994 = EDGE_LOOP('',(#995,#1005,#1013,#1021));
#995 = ORIENTED_EDGE('',*,*,#996,.T.);
#996 = EDGE_CURVE('',#997,#999,#1001,.T.);
#997 = VERTEX_POINT('',#998);
#998 = CARTESIAN_POINT('',(-25.,-19.,8.5));
#999 = VERTEX_POINT('',#1000);
#1000 = CARTESIAN_POINT('',(-25.,-19.,-6.5));
#1001 = LINE('',#1002,#1003);
#1002 = CARTESIAN_POINT('',(-25.,-19.,8.5));
#1003 = VECTOR('',#1004,1.);
#1004 = DIRECTION('',(0.,0.,-1.));
#1005 = ORIENTED_EDGE('',*,*,#1006,.F.);
#1006 = EDGE_CURVE('',#1007,#999,#1009,.T.);
#1007 = VERTEX_POINT('',#1008);
#1008 = CARTESIAN_POINT('',(-25.,-11.,-6.5));
#1009 = LINE('',#1010,#1011);
#1010 = CARTESIAN_POINT('',(-25.,-11.,-6.5));
#1011 = VECTOR('',#1012,1.);
#1012 = DIRECTION('',(-0.,-1.,-0.));
#1013 = ORIENTED_EDGE('',*,*,#1014,.F.);
#1014 = EDGE_CURVE('',#1015,#1007,#1017,.T.);
#1015 = VERTEX_POINT('',#1016);
#1016 = CARTESIAN_POINT('',(-25.,-11.,8.5));
#1017 = LINE('',#1018,#1019);
#1018 = CARTESIAN_POINT('',(-25.,-11.,8.5));
#1019 = VECTOR('',#1020,1.);
#1020 = DIRECTION('',(0.,0.,-1.));
#1021 = ORIENTED_EDGE('',*,*,#1022,.T.);
#1022 = EDGE_CURVE('',#1015,#997,#1023,.T.);
#1023 = LINE('',#1024,#1025);
#1024 = CARTESIAN_POINT('',(-25.,-11.,8.5));
#1025 = VECTOR('',#1026,1.);
#1026 = DIRECTION('',(-0.,-1.,-0.));
#1027 = PLANE('',#1028);
#1028 = AXIS2_PLACEMENT_3D('',#1029,#1030,#1031);
#1029 = CARTESIAN_POINT('',(-25.,-15.25,1.));
#1030 = DIRECTION('',(-1.,-0.,-0.));
#1031 = DIRECTION('',(0.,0.,-1.));
#1032 = ADVANCED_FACE('',(#1033,#1044),#1055,.T.);
#1033 = FACE_BOUND('',#1034,.F.);
#1034 = EDGE_LOOP('',(#1035,#1036,#1037,#1043));
#1035 = ORIENTED_EDGE('',*,*,#988,.T.);
#1036 = ORIENTED_EDGE('',*,*,#237,.T.);
#1037 = ORIENTED_EDGE('',*,*,#1038,.F.);
#1038 = EDGE_CURVE('',#603,#238,#1039,.T.);
#1039 = LINE('',#1040,#1041);
#1040 = CARTESIAN_POINT('',(-16.67731971484,-20.5,12.000000000001));
#1041 = VECTOR('',#1042,1.);
#1042 = DIRECTION('',(0.,1.,-2.2E-16));
#1043 = ORIENTED_EDGE('',*,*,#611,.F.);
#1044 = FACE_BOUND('',#1045,.F.);
#1045 = EDGE_LOOP('',(#1046));
#1046 = ORIENTED_EDGE('',*,*,#1047,.F.);
#1047 = EDGE_CURVE('',#1048,#1048,#1050,.T.);
#1048 = VERTEX_POINT('',#1049);
#1049 = CARTESIAN_POINT('',(-21.7,-15.,12.000000000001));
#1050 = CIRCLE('',#1051,1.7);
#1051 = AXIS2_PLACEMENT_3D('',#1052,#1053,#1054);
#1052 = CARTESIAN_POINT('',(-20.,-15.,12.000000000001));
#1053 = DIRECTION('',(0.,0.,-1.));
#1054 = DIRECTION('',(-1.,-0.,-0.));
#1055 = PLANE('',#1056);
#1056 = AXIS2_PLACEMENT_3D('',#1057,#1058,#1059);
#1057 = CARTESIAN_POINT('',(-25.,-20.5,12.000000000001));
#1058 = DIRECTION('',(0.,2.2E-16,1.));
#1059 = DIRECTION('',(-1.,-0.,-0.));
#1060 = ADVANCED_FACE('',(#1061),#1072,.T.);
#1061 = FACE_BOUND('',#1062,.F.);
#1062 = EDGE_LOOP('',(#1063,#1064,#1070,#1071));
#1063 = ORIENTED_EDGE('',*,*,#245,.F.);
#1064 = ORIENTED_EDGE('',*,*,#1065,.T.);
#1065 = EDGE_CURVE('',#246,#594,#1066,.T.);
#1066 = LINE('',#1067,#1068);
#1067 = CARTESIAN_POINT('',(-15.25884691443,-10.,17.416457341477));
#1068 = VECTOR('',#1069,1.);
#1069 = DIRECTION('',(0.,-1.,2.2E-16));
#1070 = ORIENTED_EDGE('',*,*,#602,.T.);
#1071 = ORIENTED_EDGE('',*,*,#1038,.T.);
#1072 = CYLINDRICAL_SURFACE('',#1073,4.548626166218);
#1073 = AXIS2_PLACEMENT_3D('',#1074,#1075,#1076);
#1074 = CARTESIAN_POINT('',(-12.5,-10.,13.8));
#1075 = DIRECTION('',(0.,1.,-2.2E-16));
#1076 = DIRECTION('',(1.,0.,0.));
#1077 = ADVANCED_FACE('',(#1078),#1089,.T.);
#1078 = FACE_BOUND('',#1079,.T.);
#1079 = EDGE_LOOP('',(#1080,#1081,#1087,#1088));
#1080 = ORIENTED_EDGE('',*,*,#288,.F.);
#1081 = ORIENTED_EDGE('',*,*,#1082,.T.);
#1082 = EDGE_CURVE('',#281,#502,#1083,.T.);
#1083 = LINE('',#1084,#1085);
#1084 = CARTESIAN_POINT('',(15.258846914433,-10.,17.416457341477));
#1085 = VECTOR('',#1086,1.);
#1086 = DIRECTION('',(0.,-1.,2.2E-16));
#1087 = ORIENTED_EDGE('',*,*,#501,.T.);
#1088 = ORIENTED_EDGE('',*,*,#834,.T.);
#1089 = CYLINDRICAL_SURFACE('',#1090,4.548626166218);
#1090 = AXIS2_PLACEMENT_3D('',#1091,#1092,#1093);
#1091 = CARTESIAN_POINT('',(12.5,-10.,13.8));
#1092 = DIRECTION('',(0.,1.,-2.2E-16));
#1093 = DIRECTION('',(-1.,0.,0.));
#1094 = ADVANCED_FACE('',(#1095,#1101),#1151,.F.);
#1095 = FACE_BOUND('',#1096,.T.);
#1096 = EDGE_LOOP('',(#1097,#1098,#1099,#1100));
#1097 = ORIENTED_EDGE('',*,*,#981,.F.);
#1098 = ORIENTED_EDGE('',*,*,#313,.T.);
#1099 = ORIENTED_EDGE('',*,*,#651,.F.);
#1100 = ORIENTED_EDGE('',*,*,#627,.F.);
#1101 = FACE_BOUND('',#1102,.T.);
#1102 = EDGE_LOOP('',(#1103,#1113,#1121,#1129,#1137,#1145));
#1103 = ORIENTED_EDGE('',*,*,#1104,.F.);
#1104 = EDGE_CURVE('',#1105,#1107,#1109,.T.);
#1105 = VERTEX_POINT('',#1106);
#1106 = CARTESIAN_POINT('',(-17.25000000002,-16.58771324025,
    -21.49999999995));
#1107 = VERTEX_POINT('',#1108);
#1108 = CARTESIAN_POINT('',(-20.,-18.17542648051,-17.41935483871));
#1109 = LINE('',#1110,#1111);
#1110 = CARTESIAN_POINT('',(-20.97415887674,-18.73785737023,
    -15.97382876354));
#1111 = VECTOR('',#1112,1.);
#1112 = DIRECTION('',(-0.531854225138,-0.307066180053,0.789203043754));
#1113 = ORIENTED_EDGE('',*,*,#1114,.F.);
#1114 = EDGE_CURVE('',#1115,#1105,#1117,.T.);
#1115 = VERTEX_POINT('',#1116);
#1116 = CARTESIAN_POINT('',(-17.25000000002,-13.41228675974,
    -21.49999999995));
#1117 = LINE('',#1118,#1119);
#1118 = CARTESIAN_POINT('',(-17.25000000002,-16.95614337987,
    -21.49999999995));
#1119 = VECTOR('',#1120,1.);
#1120 = DIRECTION('',(0.,-1.,2.2E-16));
#1121 = ORIENTED_EDGE('',*,*,#1122,.F.);
#1122 = EDGE_CURVE('',#1123,#1115,#1125,.T.);
#1123 = VERTEX_POINT('',#1124);
#1124 = CARTESIAN_POINT('',(-20.,-11.82457351948,-17.41935483871));
#1125 = LINE('',#1126,#1127);
#1126 = CARTESIAN_POINT('',(-20.59452244194,-11.48132582759,
    -16.53716024743));
#1127 = VECTOR('',#1128,1.);
#1128 = DIRECTION('',(0.531854225138,-0.307066180053,-0.789203043754));
#1129 = ORIENTED_EDGE('',*,*,#1130,.F.);
#1130 = EDGE_CURVE('',#1131,#1123,#1133,.T.);
#1131 = VERTEX_POINT('',#1132);
#1132 = CARTESIAN_POINT('',(-22.74999999997,-13.41228675974,
    -13.33870967746));
#1133 = LINE('',#1134,#1135);
#1134 = CARTESIAN_POINT('',(-22.52993791911,-13.28523385812,
    -13.66525341034));
#1135 = VECTOR('',#1136,1.);
#1136 = DIRECTION('',(0.531854225138,0.307066180053,-0.789203043754));
#1137 = ORIENTED_EDGE('',*,*,#1138,.F.);
#1138 = EDGE_CURVE('',#1139,#1131,#1141,.T.);
#1139 = VERTEX_POINT('',#1140);
#1140 = CARTESIAN_POINT('',(-22.74999999997,-16.58771324025,
    -13.33870967746));
#1141 = LINE('',#1142,#1143);
#1142 = CARTESIAN_POINT('',(-22.74999999997,-18.54385662012,
    -13.33870967746));
#1143 = VECTOR('',#1144,1.);
#1144 = DIRECTION('',(0.,1.,-2.2E-16));
#1145 = ORIENTED_EDGE('',*,*,#1146,.F.);
#1146 = EDGE_CURVE('',#1107,#1139,#1147,.T.);
#1147 = LINE('',#1148,#1149);
#1148 = CARTESIAN_POINT('',(-21.11311545607,-17.53276897231,
    -15.7676351297));
#1149 = VECTOR('',#1150,1.);
#1150 = DIRECTION('',(-0.531854225138,0.307066180053,0.789203043754));
#1151 = PLANE('',#1152);
#1152 = AXIS2_PLACEMENT_3D('',#1153,#1154,#1155);
#1153 = CARTESIAN_POINT('',(-25.,-20.5,-10.));
#1154 = DIRECTION('',(0.829266427591,1.2E-16,0.558853462072));
#1155 = DIRECTION('',(-0.558853462072,1.8E-16,0.829266427591));
#1156 = ADVANCED_FACE('',(#1157),#1182,.F.);
#1157 = FACE_BOUND('',#1158,.F.);
#1158 = EDGE_LOOP('',(#1159,#1167,#1175,#1181));
#1159 = ORIENTED_EDGE('',*,*,#1160,.T.);
#1160 = EDGE_CURVE('',#322,#1161,#1163,.T.);
#1161 = VERTEX_POINT('',#1162);
#1162 = CARTESIAN_POINT('',(9.75,-13.,15.387713240271));
#1163 = LINE('',#1164,#1165);
#1164 = CARTESIAN_POINT('',(9.75,-10.,15.387713240271));
#1165 = VECTOR('',#1166,1.);
#1166 = DIRECTION('',(0.,-1.,2.2E-16));
#1167 = ORIENTED_EDGE('',*,*,#1168,.T.);
#1168 = EDGE_CURVE('',#1161,#1169,#1171,.T.);
#1169 = VERTEX_POINT('',#1170);
#1170 = CARTESIAN_POINT('',(12.5,-13.,16.975426480543));
#1171 = LINE('',#1172,#1173);
#1172 = CARTESIAN_POINT('',(9.75,-13.,15.387713240271));
#1173 = VECTOR('',#1174,1.);
#1174 = DIRECTION('',(0.866025403784,0.,0.5));
#1175 = ORIENTED_EDGE('',*,*,#1176,.F.);
#1176 = EDGE_CURVE('',#324,#1169,#1177,.T.);
#1177 = LINE('',#1178,#1179);
#1178 = CARTESIAN_POINT('',(12.5,-10.,16.975426480543));
#1179 = VECTOR('',#1180,1.);
#1180 = DIRECTION('',(0.,-1.,2.2E-16));
#1181 = ORIENTED_EDGE('',*,*,#321,.F.);
#1182 = PLANE('',#1183);
#1183 = AXIS2_PLACEMENT_3D('',#1184,#1185,#1186);
#1184 = CARTESIAN_POINT('',(9.75,-10.,15.387713240271));
#1185 = DIRECTION('',(-0.5,1.9E-16,0.866025403784));
#1186 = DIRECTION('',(0.866025403784,1.1E-16,0.5));
#1187 = ADVANCED_FACE('',(#1188),#1206,.F.);
#1188 = FACE_BOUND('',#1189,.F.);
#1189 = EDGE_LOOP('',(#1190,#1198,#1204,#1205));
#1190 = ORIENTED_EDGE('',*,*,#1191,.T.);
#1191 = EDGE_CURVE('',#332,#1192,#1194,.T.);
#1192 = VERTEX_POINT('',#1193);
#1193 = CARTESIAN_POINT('',(9.75,-13.,12.212286759729));
#1194 = LINE('',#1195,#1196);
#1195 = CARTESIAN_POINT('',(9.75,-10.,12.212286759729));
#1196 = VECTOR('',#1197,1.);
#1197 = DIRECTION('',(0.,-1.,2.2E-16));
#1198 = ORIENTED_EDGE('',*,*,#1199,.T.);
#1199 = EDGE_CURVE('',#1192,#1161,#1200,.T.);
#1200 = LINE('',#1201,#1202);
#1201 = CARTESIAN_POINT('',(9.75,-13.,12.212286759729));
#1202 = VECTOR('',#1203,1.);
#1203 = DIRECTION('',(0.,0.,1.));
#1204 = ORIENTED_EDGE('',*,*,#1160,.F.);
#1205 = ORIENTED_EDGE('',*,*,#331,.F.);
#1206 = PLANE('',#1207);
#1207 = AXIS2_PLACEMENT_3D('',#1208,#1209,#1210);
#1208 = CARTESIAN_POINT('',(9.75,-10.,12.212286759729));
#1209 = DIRECTION('',(-1.,0.,0.));
#1210 = DIRECTION('',(0.,2.2E-16,1.));
#1211 = ADVANCED_FACE('',(#1212),#1230,.F.);
#1212 = FACE_BOUND('',#1213,.F.);
#1213 = EDGE_LOOP('',(#1214,#1222,#1228,#1229));
#1214 = ORIENTED_EDGE('',*,*,#1215,.T.);
#1215 = EDGE_CURVE('',#340,#1216,#1218,.T.);
#1216 = VERTEX_POINT('',#1217);
#1217 = CARTESIAN_POINT('',(12.5,-13.,10.624573519457));
#1218 = LINE('',#1219,#1220);
#1219 = CARTESIAN_POINT('',(12.5,-10.,10.624573519457));
#1220 = VECTOR('',#1221,1.);
#1221 = DIRECTION('',(0.,-1.,2.2E-16));
#1222 = ORIENTED_EDGE('',*,*,#1223,.T.);
#1223 = EDGE_CURVE('',#1216,#1192,#1224,.T.);
#1224 = LINE('',#1225,#1226);
#1225 = CARTESIAN_POINT('',(12.5,-13.,10.624573519457));
#1226 = VECTOR('',#1227,1.);
#1227 = DIRECTION('',(-0.866025403784,0.,0.5));
#1228 = ORIENTED_EDGE('',*,*,#1191,.F.);
#1229 = ORIENTED_EDGE('',*,*,#339,.F.);
#1230 = PLANE('',#1231);
#1231 = AXIS2_PLACEMENT_3D('',#1232,#1233,#1234);
#1232 = CARTESIAN_POINT('',(12.5,-10.,10.624573519457));
#1233 = DIRECTION('',(-0.5,-1.9E-16,-0.866025403784));
#1234 = DIRECTION('',(-0.866025403784,1.1E-16,0.5));
#1235 = ADVANCED_FACE('',(#1236),#1254,.F.);
#1236 = FACE_BOUND('',#1237,.F.);
#1237 = EDGE_LOOP('',(#1238,#1246,#1252,#1253));
#1238 = ORIENTED_EDGE('',*,*,#1239,.T.);
#1239 = EDGE_CURVE('',#348,#1240,#1242,.T.);
#1240 = VERTEX_POINT('',#1241);
#1241 = CARTESIAN_POINT('',(15.25,-13.,12.212286759729));
#1242 = LINE('',#1243,#1244);
#1243 = CARTESIAN_POINT('',(15.25,-10.,12.212286759729));
#1244 = VECTOR('',#1245,1.);
#1245 = DIRECTION('',(0.,-1.,2.2E-16));
#1246 = ORIENTED_EDGE('',*,*,#1247,.T.);
#1247 = EDGE_CURVE('',#1240,#1216,#1248,.T.);
#1248 = LINE('',#1249,#1250);
#1249 = CARTESIAN_POINT('',(15.25,-13.,12.212286759729));
#1250 = VECTOR('',#1251,1.);
#1251 = DIRECTION('',(-0.866025403784,0.,-0.5));
#1252 = ORIENTED_EDGE('',*,*,#1215,.F.);
#1253 = ORIENTED_EDGE('',*,*,#347,.F.);
#1254 = PLANE('',#1255);
#1255 = AXIS2_PLACEMENT_3D('',#1256,#1257,#1258);
#1256 = CARTESIAN_POINT('',(15.25,-10.,12.212286759729));
#1257 = DIRECTION('',(0.5,-1.9E-16,-0.866025403784));
#1258 = DIRECTION('',(-0.866025403784,-1.1E-16,-0.5));
#1259 = ADVANCED_FACE('',(#1260),#1278,.F.);
#1260 = FACE_BOUND('',#1261,.F.);
#1261 = EDGE_LOOP('',(#1262,#1270,#1276,#1277));
#1262 = ORIENTED_EDGE('',*,*,#1263,.T.);
#1263 = EDGE_CURVE('',#356,#1264,#1266,.T.);
#1264 = VERTEX_POINT('',#1265);
#1265 = CARTESIAN_POINT('',(15.25,-13.,15.387713240271));
#1266 = LINE('',#1267,#1268);
#1267 = CARTESIAN_POINT('',(15.25,-10.,15.387713240271));
#1268 = VECTOR('',#1269,1.);
#1269 = DIRECTION('',(0.,-1.,2.2E-16));
#1270 = ORIENTED_EDGE('',*,*,#1271,.T.);
#1271 = EDGE_CURVE('',#1264,#1240,#1272,.T.);
#1272 = LINE('',#1273,#1274);
#1273 = CARTESIAN_POINT('',(15.25,-13.,15.387713240271));
#1274 = VECTOR('',#1275,1.);
#1275 = DIRECTION('',(0.,0.,-1.));
#1276 = ORIENTED_EDGE('',*,*,#1239,.F.);
#1277 = ORIENTED_EDGE('',*,*,#355,.F.);
#1278 = PLANE('',#1279);
#1279 = AXIS2_PLACEMENT_3D('',#1280,#1281,#1282);
#1280 = CARTESIAN_POINT('',(15.25,-10.,15.387713240271));
#1281 = DIRECTION('',(1.,0.,0.));
#1282 = DIRECTION('',(0.,-2.2E-16,-1.));
#1283 = ADVANCED_FACE('',(#1284),#1295,.F.);
#1284 = FACE_BOUND('',#1285,.F.);
#1285 = EDGE_LOOP('',(#1286,#1287,#1293,#1294));
#1286 = ORIENTED_EDGE('',*,*,#1176,.T.);
#1287 = ORIENTED_EDGE('',*,*,#1288,.T.);
#1288 = EDGE_CURVE('',#1169,#1264,#1289,.T.);
#1289 = LINE('',#1290,#1291);
#1290 = CARTESIAN_POINT('',(12.5,-13.,16.975426480543));
#1291 = VECTOR('',#1292,1.);
#1292 = DIRECTION('',(0.866025403784,0.,-0.5));
#1293 = ORIENTED_EDGE('',*,*,#1263,.F.);
#1294 = ORIENTED_EDGE('',*,*,#363,.F.);
#1295 = PLANE('',#1296);
#1296 = AXIS2_PLACEMENT_3D('',#1297,#1298,#1299);
#1297 = CARTESIAN_POINT('',(12.5,-10.,16.975426480543));
#1298 = DIRECTION('',(0.5,1.9E-16,0.866025403784));
#1299 = DIRECTION('',(0.866025403784,-1.1E-16,-0.5));
#1300 = ADVANCED_FACE('',(#1301),#1326,.F.);
#1301 = FACE_BOUND('',#1302,.T.);
#1302 = EDGE_LOOP('',(#1303,#1311,#1319,#1325));
#1303 = ORIENTED_EDGE('',*,*,#1304,.T.);
#1304 = EDGE_CURVE('',#372,#1305,#1307,.T.);
#1305 = VERTEX_POINT('',#1306);
#1306 = CARTESIAN_POINT('',(-9.75,-13.,15.387713240271));
#1307 = LINE('',#1308,#1309);
#1308 = CARTESIAN_POINT('',(-9.75,-10.,15.387713240271));
#1309 = VECTOR('',#1310,1.);
#1310 = DIRECTION('',(0.,-1.,2.2E-16));
#1311 = ORIENTED_EDGE('',*,*,#1312,.T.);
#1312 = EDGE_CURVE('',#1305,#1313,#1315,.T.);
#1313 = VERTEX_POINT('',#1314);
#1314 = CARTESIAN_POINT('',(-12.5,-13.,16.975426480543));
#1315 = LINE('',#1316,#1317);
#1316 = CARTESIAN_POINT('',(-9.75,-13.,15.387713240271));
#1317 = VECTOR('',#1318,1.);
#1318 = DIRECTION('',(-0.866025403784,0.,0.5));
#1319 = ORIENTED_EDGE('',*,*,#1320,.F.);
#1320 = EDGE_CURVE('',#374,#1313,#1321,.T.);
#1321 = LINE('',#1322,#1323);
#1322 = CARTESIAN_POINT('',(-12.5,-10.,16.975426480543));
#1323 = VECTOR('',#1324,1.);
#1324 = DIRECTION('',(0.,-1.,2.2E-16));
#1325 = ORIENTED_EDGE('',*,*,#371,.F.);
#1326 = PLANE('',#1327);
#1327 = AXIS2_PLACEMENT_3D('',#1328,#1329,#1330);
#1328 = CARTESIAN_POINT('',(-9.75,-10.,15.387713240271));
#1329 = DIRECTION('',(0.5,1.9E-16,0.866025403784));
#1330 = DIRECTION('',(0.866025403784,-1.1E-16,-0.5));
#1331 = ADVANCED_FACE('',(#1332),#1350,.F.);
#1332 = FACE_BOUND('',#1333,.T.);
#1333 = EDGE_LOOP('',(#1334,#1335,#1343,#1349));
#1334 = ORIENTED_EDGE('',*,*,#1320,.T.);
#1335 = ORIENTED_EDGE('',*,*,#1336,.T.);
#1336 = EDGE_CURVE('',#1313,#1337,#1339,.T.);
#1337 = VERTEX_POINT('',#1338);
#1338 = CARTESIAN_POINT('',(-15.25,-13.,15.387713240271));
#1339 = LINE('',#1340,#1341);
#1340 = CARTESIAN_POINT('',(-12.5,-13.,16.975426480543));
#1341 = VECTOR('',#1342,1.);
#1342 = DIRECTION('',(-0.866025403784,0.,-0.5));
#1343 = ORIENTED_EDGE('',*,*,#1344,.F.);
#1344 = EDGE_CURVE('',#382,#1337,#1345,.T.);
#1345 = LINE('',#1346,#1347);
#1346 = CARTESIAN_POINT('',(-15.25,-10.,15.387713240271));
#1347 = VECTOR('',#1348,1.);
#1348 = DIRECTION('',(0.,-1.,2.2E-16));
#1349 = ORIENTED_EDGE('',*,*,#381,.F.);
#1350 = PLANE('',#1351);
#1351 = AXIS2_PLACEMENT_3D('',#1352,#1353,#1354);
#1352 = CARTESIAN_POINT('',(-12.5,-10.,16.975426480543));
#1353 = DIRECTION('',(-0.5,1.9E-16,0.866025403784));
#1354 = DIRECTION('',(0.866025403784,1.1E-16,0.5));
#1355 = ADVANCED_FACE('',(#1356),#1374,.F.);
#1356 = FACE_BOUND('',#1357,.T.);
#1357 = EDGE_LOOP('',(#1358,#1359,#1367,#1373));
#1358 = ORIENTED_EDGE('',*,*,#1344,.T.);
#1359 = ORIENTED_EDGE('',*,*,#1360,.T.);
#1360 = EDGE_CURVE('',#1337,#1361,#1363,.T.);
#1361 = VERTEX_POINT('',#1362);
#1362 = CARTESIAN_POINT('',(-15.25,-13.,12.212286759729));
#1363 = LINE('',#1364,#1365);
#1364 = CARTESIAN_POINT('',(-15.25,-13.,15.387713240271));
#1365 = VECTOR('',#1366,1.);
#1366 = DIRECTION('',(0.,-0.,-1.));
#1367 = ORIENTED_EDGE('',*,*,#1368,.F.);
#1368 = EDGE_CURVE('',#390,#1361,#1369,.T.);
#1369 = LINE('',#1370,#1371);
#1370 = CARTESIAN_POINT('',(-15.25,-10.,12.212286759729));
#1371 = VECTOR('',#1372,1.);
#1372 = DIRECTION('',(0.,-1.,2.2E-16));
#1373 = ORIENTED_EDGE('',*,*,#389,.F.);
#1374 = PLANE('',#1375);
#1375 = AXIS2_PLACEMENT_3D('',#1376,#1377,#1378);
#1376 = CARTESIAN_POINT('',(-15.25,-10.,15.387713240271));
#1377 = DIRECTION('',(-1.,-0.,-0.));
#1378 = DIRECTION('',(0.,2.2E-16,1.));
#1379 = ADVANCED_FACE('',(#1380),#1398,.F.);
#1380 = FACE_BOUND('',#1381,.T.);
#1381 = EDGE_LOOP('',(#1382,#1383,#1391,#1397));
#1382 = ORIENTED_EDGE('',*,*,#1368,.T.);
#1383 = ORIENTED_EDGE('',*,*,#1384,.T.);
#1384 = EDGE_CURVE('',#1361,#1385,#1387,.T.);
#1385 = VERTEX_POINT('',#1386);
#1386 = CARTESIAN_POINT('',(-12.5,-13.,10.624573519457));
#1387 = LINE('',#1388,#1389);
#1388 = CARTESIAN_POINT('',(-15.25,-13.,12.212286759729));
#1389 = VECTOR('',#1390,1.);
#1390 = DIRECTION('',(0.866025403784,-0.,-0.5));
#1391 = ORIENTED_EDGE('',*,*,#1392,.F.);
#1392 = EDGE_CURVE('',#398,#1385,#1393,.T.);
#1393 = LINE('',#1394,#1395);
#1394 = CARTESIAN_POINT('',(-12.5,-10.,10.624573519457));
#1395 = VECTOR('',#1396,1.);
#1396 = DIRECTION('',(0.,-1.,2.2E-16));
#1397 = ORIENTED_EDGE('',*,*,#397,.F.);
#1398 = PLANE('',#1399);
#1399 = AXIS2_PLACEMENT_3D('',#1400,#1401,#1402);
#1400 = CARTESIAN_POINT('',(-15.25,-10.,12.212286759729));
#1401 = DIRECTION('',(-0.5,-1.9E-16,-0.866025403784));
#1402 = DIRECTION('',(-0.866025403784,1.1E-16,0.5));
#1403 = ADVANCED_FACE('',(#1404),#1422,.F.);
#1404 = FACE_BOUND('',#1405,.T.);
#1405 = EDGE_LOOP('',(#1406,#1407,#1415,#1421));
#1406 = ORIENTED_EDGE('',*,*,#1392,.T.);
#1407 = ORIENTED_EDGE('',*,*,#1408,.T.);
#1408 = EDGE_CURVE('',#1385,#1409,#1411,.T.);
#1409 = VERTEX_POINT('',#1410);
#1410 = CARTESIAN_POINT('',(-9.75,-13.,12.212286759729));
#1411 = LINE('',#1412,#1413);
#1412 = CARTESIAN_POINT('',(-12.5,-13.,10.624573519457));
#1413 = VECTOR('',#1414,1.);
#1414 = DIRECTION('',(0.866025403784,0.,0.5));
#1415 = ORIENTED_EDGE('',*,*,#1416,.F.);
#1416 = EDGE_CURVE('',#406,#1409,#1417,.T.);
#1417 = LINE('',#1418,#1419);
#1418 = CARTESIAN_POINT('',(-9.75,-10.,12.212286759729));
#1419 = VECTOR('',#1420,1.);
#1420 = DIRECTION('',(0.,-1.,2.2E-16));
#1421 = ORIENTED_EDGE('',*,*,#405,.F.);
#1422 = PLANE('',#1423);
#1423 = AXIS2_PLACEMENT_3D('',#1424,#1425,#1426);
#1424 = CARTESIAN_POINT('',(-12.5,-10.,10.624573519457));
#1425 = DIRECTION('',(0.5,-1.9E-16,-0.866025403784));
#1426 = DIRECTION('',(-0.866025403784,-1.1E-16,-0.5));
#1427 = ADVANCED_FACE('',(#1428),#1439,.F.);
#1428 = FACE_BOUND('',#1429,.T.);
#1429 = EDGE_LOOP('',(#1430,#1431,#1437,#1438));
#1430 = ORIENTED_EDGE('',*,*,#1416,.T.);
#1431 = ORIENTED_EDGE('',*,*,#1432,.T.);
#1432 = EDGE_CURVE('',#1409,#1305,#1433,.T.);
#1433 = LINE('',#1434,#1435);
#1434 = CARTESIAN_POINT('',(-9.75,-13.,12.212286759729));
#1435 = VECTOR('',#1436,1.);
#1436 = DIRECTION('',(0.,0.,1.));
#1437 = ORIENTED_EDGE('',*,*,#1304,.F.);
#1438 = ORIENTED_EDGE('',*,*,#413,.F.);
#1439 = PLANE('',#1440);
#1440 = AXIS2_PLACEMENT_3D('',#1441,#1442,#1443);
#1441 = CARTESIAN_POINT('',(-9.75,-10.,12.212286759729));
#1442 = DIRECTION('',(1.,0.,0.));
#1443 = DIRECTION('',(-0.,-2.2E-16,-1.));
#1444 = ADVANCED_FACE('',(#1445),#1464,.F.);
#1445 = FACE_BOUND('',#1446,.T.);
#1446 = EDGE_LOOP('',(#1447,#1456,#1462,#1463));
#1447 = ORIENTED_EDGE('',*,*,#1448,.F.);
#1448 = EDGE_CURVE('',#1449,#1449,#1451,.T.);
#1449 = VERTEX_POINT('',#1450);
#1450 = CARTESIAN_POINT('',(6.4,-17.5,-7.5));
#1451 = CIRCLE('',#1452,1.6);
#1452 = AXIS2_PLACEMENT_3D('',#1453,#1454,#1455);
#1453 = CARTESIAN_POINT('',(8.,-17.5,-7.5));
#1454 = DIRECTION('',(0.,1.,-2.2E-16));
#1455 = DIRECTION('',(-1.,0.,0.));
#1456 = ORIENTED_EDGE('',*,*,#1457,.T.);
#1457 = EDGE_CURVE('',#1449,#442,#1458,.T.);
#1458 = LINE('',#1459,#1460);
#1459 = CARTESIAN_POINT('',(6.4,-30.5,-7.5));
#1460 = VECTOR('',#1461,1.);
#1461 = DIRECTION('',(6.E-17,1.,-2.2E-16));
#1462 = ORIENTED_EDGE('',*,*,#441,.T.);
#1463 = ORIENTED_EDGE('',*,*,#1457,.F.);
#1464 = CYLINDRICAL_SURFACE('',#1465,1.6);
#1465 = AXIS2_PLACEMENT_3D('',#1466,#1467,#1468);
#1466 = CARTESIAN_POINT('',(8.,-30.5,-7.5));
#1467 = DIRECTION('',(0.,1.,-2.2E-16));
#1468 = DIRECTION('',(-1.,0.,0.));
#1469 = ADVANCED_FACE('',(#1470),#1489,.F.);
#1470 = FACE_BOUND('',#1471,.T.);
#1471 = EDGE_LOOP('',(#1472,#1481,#1487,#1488));
#1472 = ORIENTED_EDGE('',*,*,#1473,.F.);
#1473 = EDGE_CURVE('',#1474,#1474,#1476,.T.);
#1474 = VERTEX_POINT('',#1475);
#1475 = CARTESIAN_POINT('',(6.4,-17.5,7.5));
#1476 = CIRCLE('',#1477,1.6);
#1477 = AXIS2_PLACEMENT_3D('',#1478,#1479,#1480);
#1478 = CARTESIAN_POINT('',(8.,-17.5,7.5));
#1479 = DIRECTION('',(0.,1.,-2.2E-16));
#1480 = DIRECTION('',(-1.,0.,0.));
#1481 = ORIENTED_EDGE('',*,*,#1482,.T.);
#1482 = EDGE_CURVE('',#1474,#453,#1483,.T.);
#1483 = LINE('',#1484,#1485);
#1484 = CARTESIAN_POINT('',(6.4,-30.5,7.5));
#1485 = VECTOR('',#1486,1.);
#1486 = DIRECTION('',(6.E-17,1.,-2.2E-16));
#1487 = ORIENTED_EDGE('',*,*,#452,.T.);
#1488 = ORIENTED_EDGE('',*,*,#1482,.F.);
#1489 = CYLINDRICAL_SURFACE('',#1490,1.6);
#1490 = AXIS2_PLACEMENT_3D('',#1491,#1492,#1493);
#1491 = CARTESIAN_POINT('',(8.,-30.5,7.5));
#1492 = DIRECTION('',(0.,1.,-2.2E-16));
#1493 = DIRECTION('',(-1.,0.,0.));
#1494 = ADVANCED_FACE('',(#1495),#1514,.F.);
#1495 = FACE_BOUND('',#1496,.T.);
#1496 = EDGE_LOOP('',(#1497,#1506,#1512,#1513));
#1497 = ORIENTED_EDGE('',*,*,#1498,.F.);
#1498 = EDGE_CURVE('',#1499,#1499,#1501,.T.);
#1499 = VERTEX_POINT('',#1500);
#1500 = CARTESIAN_POINT('',(-9.6,-17.5,-7.5));
#1501 = CIRCLE('',#1502,1.6);
#1502 = AXIS2_PLACEMENT_3D('',#1503,#1504,#1505);
#1503 = CARTESIAN_POINT('',(-8.,-17.5,-7.5));
#1504 = DIRECTION('',(0.,1.,-2.2E-16));
#1505 = DIRECTION('',(-1.,0.,0.));
#1506 = ORIENTED_EDGE('',*,*,#1507,.T.);
#1507 = EDGE_CURVE('',#1499,#464,#1508,.T.);
#1508 = LINE('',#1509,#1510);
#1509 = CARTESIAN_POINT('',(-9.6,-30.5,-7.5));
#1510 = VECTOR('',#1511,1.);
#1511 = DIRECTION('',(6.E-17,1.,-2.2E-16));
#1512 = ORIENTED_EDGE('',*,*,#463,.T.);
#1513 = ORIENTED_EDGE('',*,*,#1507,.F.);
#1514 = CYLINDRICAL_SURFACE('',#1515,1.6);
#1515 = AXIS2_PLACEMENT_3D('',#1516,#1517,#1518);
#1516 = CARTESIAN_POINT('',(-8.,-30.5,-7.5));
#1517 = DIRECTION('',(0.,1.,-2.2E-16));
#1518 = DIRECTION('',(-1.,0.,0.));
#1519 = ADVANCED_FACE('',(#1520),#1539,.F.);
#1520 = FACE_BOUND('',#1521,.T.);
#1521 = EDGE_LOOP('',(#1522,#1531,#1537,#1538));
#1522 = ORIENTED_EDGE('',*,*,#1523,.F.);
#1523 = EDGE_CURVE('',#1524,#1524,#1526,.T.);
#1524 = VERTEX_POINT('',#1525);
#1525 = CARTESIAN_POINT('',(-9.6,-17.5,7.5));
#1526 = CIRCLE('',#1527,1.6);
#1527 = AXIS2_PLACEMENT_3D('',#1528,#1529,#1530);
#1528 = CARTESIAN_POINT('',(-8.,-17.5,7.5));
#1529 = DIRECTION('',(0.,1.,-2.2E-16));
#1530 = DIRECTION('',(-1.,0.,0.));
#1531 = ORIENTED_EDGE('',*,*,#1532,.T.);
#1532 = EDGE_CURVE('',#1524,#475,#1533,.T.);
#1533 = LINE('',#1534,#1535);
#1534 = CARTESIAN_POINT('',(-9.6,-30.5,7.5));
#1535 = VECTOR('',#1536,1.);
#1536 = DIRECTION('',(6.E-17,1.,-2.2E-16));
#1537 = ORIENTED_EDGE('',*,*,#474,.T.);
#1538 = ORIENTED_EDGE('',*,*,#1532,.F.);
#1539 = CYLINDRICAL_SURFACE('',#1540,1.6);
#1540 = AXIS2_PLACEMENT_3D('',#1541,#1542,#1543);
#1541 = CARTESIAN_POINT('',(-8.,-30.5,7.5));
#1542 = DIRECTION('',(0.,1.,-2.2E-16));
#1543 = DIRECTION('',(-1.,0.,0.));
#1544 = ADVANCED_FACE('',(#1545),#1571,.T.);
#1545 = FACE_BOUND('',#1546,.F.);
#1546 = EDGE_LOOP('',(#1547,#1555,#1564,#1570));
#1547 = ORIENTED_EDGE('',*,*,#1548,.T.);
#1548 = EDGE_CURVE('',#594,#1549,#1551,.T.);
#1549 = VERTEX_POINT('',#1550);
#1550 = CARTESIAN_POINT('',(-15.25884691443,-25.,17.416457341477));
#1551 = LINE('',#1552,#1553);
#1552 = CARTESIAN_POINT('',(-15.25884691443,-20.5,17.416457341477));
#1553 = VECTOR('',#1554,1.);
#1554 = DIRECTION('',(0.,-1.,2.22044604925E-16));
#1555 = ORIENTED_EDGE('',*,*,#1556,.T.);
#1556 = EDGE_CURVE('',#1549,#1557,#1559,.T.);
#1557 = VERTEX_POINT('',#1558);
#1558 = CARTESIAN_POINT('',(-8.92220366283,-25.,16.529354020595));
#1559 = CIRCLE('',#1560,4.5);
#1560 = AXIS2_PLACEMENT_3D('',#1561,#1562,#1563);
#1561 = CARTESIAN_POINT('',(-12.5292840105,-25.,13.838820362481));
#1562 = DIRECTION('',(0.,-1.,2.22044604925E-16));
#1563 = DIRECTION('',(1.,0.,0.));
#1564 = ORIENTED_EDGE('',*,*,#1565,.F.);
#1565 = EDGE_CURVE('',#585,#1557,#1566,.T.);
#1566 = LINE('',#1567,#1568);
#1567 = CARTESIAN_POINT('',(-8.92220366283,-20.5,16.529354020595));
#1568 = VECTOR('',#1569,1.);
#1569 = DIRECTION('',(0.,-1.,2.22044604925E-16));
#1570 = ORIENTED_EDGE('',*,*,#593,.F.);
#1571 = CYLINDRICAL_SURFACE('',#1572,4.5);
#1572 = AXIS2_PLACEMENT_3D('',#1573,#1574,#1575);
#1573 = CARTESIAN_POINT('',(-12.5292840105,-20.5,13.838820362481));
#1574 = DIRECTION('',(0.,1.,-2.22044604925E-16));
#1575 = DIRECTION('',(1.,0.,0.));
#1576 = ADVANCED_FACE('',(#1577),#1603,.T.);
#1577 = FACE_BOUND('',#1578,.F.);
#1578 = EDGE_LOOP('',(#1579,#1587,#1596,#1602));
#1579 = ORIENTED_EDGE('',*,*,#1580,.T.);
#1580 = EDGE_CURVE('',#585,#1581,#1583,.T.);
#1581 = VERTEX_POINT('',#1582);
#1582 = CARTESIAN_POINT('',(-8.92220366283,-17.5,16.529354020595));
#1583 = LINE('',#1584,#1585);
#1584 = CARTESIAN_POINT('',(-8.92220366283,-20.5,16.529354020595));
#1585 = VECTOR('',#1586,1.);
#1586 = DIRECTION('',(0.,1.,-2.2E-16));
#1587 = ORIENTED_EDGE('',*,*,#1588,.T.);
#1588 = EDGE_CURVE('',#1581,#1589,#1591,.T.);
#1589 = VERTEX_POINT('',#1590);
#1590 = CARTESIAN_POINT('',(-15.67731971484,-17.5,10.613365501084));
#1591 = CIRCLE('',#1592,4.5);
#1592 = AXIS2_PLACEMENT_3D('',#1593,#1594,#1595);
#1593 = CARTESIAN_POINT('',(-12.5,-17.5,13.8));
#1594 = DIRECTION('',(0.,1.,-0.));
#1595 = DIRECTION('',(-1.,0.,-0.));
#1596 = ORIENTED_EDGE('',*,*,#1597,.F.);
#1597 = EDGE_CURVE('',#577,#1589,#1598,.T.);
#1598 = LINE('',#1599,#1600);
#1599 = CARTESIAN_POINT('',(-15.67731971484,-20.5,10.613365501084));
#1600 = VECTOR('',#1601,1.);
#1601 = DIRECTION('',(0.,1.,-2.2E-16));
#1602 = ORIENTED_EDGE('',*,*,#584,.F.);
#1603 = CYLINDRICAL_SURFACE('',#1604,4.5);
#1604 = AXIS2_PLACEMENT_3D('',#1605,#1606,#1607);
#1605 = CARTESIAN_POINT('',(-12.5,-20.5,13.8));
#1606 = DIRECTION('',(0.,-1.,2.2E-16));
#1607 = DIRECTION('',(-1.,0.,0.));
#1608 = ADVANCED_FACE('',(#1609),#1627,.F.);
#1609 = FACE_BOUND('',#1610,.T.);
#1610 = EDGE_LOOP('',(#1611,#1619,#1625,#1626));
#1611 = ORIENTED_EDGE('',*,*,#1612,.T.);
#1612 = EDGE_CURVE('',#569,#1613,#1615,.T.);
#1613 = VERTEX_POINT('',#1614);
#1614 = CARTESIAN_POINT('',(-15.67731971484,-17.5,-9.398170745719));
#1615 = LINE('',#1616,#1617);
#1616 = CARTESIAN_POINT('',(-15.67731971484,-20.5,-9.398170745719));
#1617 = VECTOR('',#1618,1.);
#1618 = DIRECTION('',(0.,1.,-2.2E-16));
#1619 = ORIENTED_EDGE('',*,*,#1620,.T.);
#1620 = EDGE_CURVE('',#1613,#1589,#1621,.T.);
#1621 = LINE('',#1622,#1623);
#1622 = CARTESIAN_POINT('',(-15.67731971484,-17.5,-9.398170745719));
#1623 = VECTOR('',#1624,1.);
#1624 = DIRECTION('',(0.,0.,1.));
#1625 = ORIENTED_EDGE('',*,*,#1597,.F.);
#1626 = ORIENTED_EDGE('',*,*,#576,.F.);
#1627 = PLANE('',#1628);
#1628 = AXIS2_PLACEMENT_3D('',#1629,#1630,#1631);
#1629 = CARTESIAN_POINT('',(-15.67731971484,-20.5,-9.398170745719));
#1630 = DIRECTION('',(-1.,-0.,-0.));
#1631 = DIRECTION('',(-0.,-2.2E-16,-1.));
#1632 = ADVANCED_FACE('',(#1633),#1651,.F.);
#1633 = FACE_BOUND('',#1634,.T.);
#1634 = EDGE_LOOP('',(#1635,#1643,#1649,#1650));
#1635 = ORIENTED_EDGE('',*,*,#1636,.T.);
#1636 = EDGE_CURVE('',#561,#1637,#1639,.T.);
#1637 = VERTEX_POINT('',#1638);
#1638 = CARTESIAN_POINT('',(-5.5,-17.5,-24.5));
#1639 = LINE('',#1640,#1641);
#1640 = CARTESIAN_POINT('',(-5.5,-20.5,-24.5));
#1641 = VECTOR('',#1642,1.);
#1642 = DIRECTION('',(0.,1.,-2.2E-16));
#1643 = ORIENTED_EDGE('',*,*,#1644,.T.);
#1644 = EDGE_CURVE('',#1637,#1613,#1645,.T.);
#1645 = LINE('',#1646,#1647);
#1646 = CARTESIAN_POINT('',(-5.5,-17.5,-24.5));
#1647 = VECTOR('',#1648,1.);
#1648 = DIRECTION('',(-0.558853462072,0.,0.829266427591));
#1649 = ORIENTED_EDGE('',*,*,#1612,.F.);
#1650 = ORIENTED_EDGE('',*,*,#568,.F.);
#1651 = PLANE('',#1652);
#1652 = AXIS2_PLACEMENT_3D('',#1653,#1654,#1655);
#1653 = CARTESIAN_POINT('',(-5.5,-20.5,-24.5));
#1654 = DIRECTION('',(-0.829266427591,-1.2E-16,-0.558853462072));
#1655 = DIRECTION('',(0.558853462072,-1.8E-16,-0.829266427591));
#1656 = ADVANCED_FACE('',(#1657),#1684,.T.);
#1657 = FACE_BOUND('',#1658,.F.);
#1658 = EDGE_LOOP('',(#1659,#1660,#1669,#1677));
#1659 = ORIENTED_EDGE('',*,*,#560,.T.);
#1660 = ORIENTED_EDGE('',*,*,#1661,.T.);
#1661 = EDGE_CURVE('',#561,#1662,#1664,.T.);
#1662 = VERTEX_POINT('',#1663);
#1663 = CARTESIAN_POINT('',(-5.5,-15.,-30.));
#1664 = CIRCLE('',#1665,5.5);
#1665 = AXIS2_PLACEMENT_3D('',#1666,#1667,#1668);
#1666 = CARTESIAN_POINT('',(-5.5,-20.5,-30.));
#1667 = DIRECTION('',(-1.,0.,0.));
#1668 = DIRECTION('',(0.,-1.,0.));
#1669 = ORIENTED_EDGE('',*,*,#1670,.F.);
#1670 = EDGE_CURVE('',#1671,#1662,#1673,.T.);
#1671 = VERTEX_POINT('',#1672);
#1672 = CARTESIAN_POINT('',(-3.5,-15.,-30.));
#1673 = LINE('',#1674,#1675);
#1674 = CARTESIAN_POINT('',(-3.5,-15.,-30.));
#1675 = VECTOR('',#1676,1.);
#1676 = DIRECTION('',(-1.,-0.,-0.));
#1677 = ORIENTED_EDGE('',*,*,#1678,.F.);
#1678 = EDGE_CURVE('',#553,#1671,#1679,.T.);
#1679 = CIRCLE('',#1680,5.5);
#1680 = AXIS2_PLACEMENT_3D('',#1681,#1682,#1683);
#1681 = CARTESIAN_POINT('',(-3.5,-20.5,-30.));
#1682 = DIRECTION('',(-1.,0.,0.));
#1683 = DIRECTION('',(0.,-1.,0.));
#1684 = CYLINDRICAL_SURFACE('',#1685,5.5);
#1685 = AXIS2_PLACEMENT_3D('',#1686,#1687,#1688);
#1686 = CARTESIAN_POINT('',(-3.5,-20.5,-30.));
#1687 = DIRECTION('',(1.,0.,0.));
#1688 = DIRECTION('',(0.,-1.,0.));
#1689 = ADVANCED_FACE('',(#1690),#1715,.T.);
#1690 = FACE_BOUND('',#1691,.T.);
#1691 = EDGE_LOOP('',(#1692,#1693,#1701,#1709));
#1692 = ORIENTED_EDGE('',*,*,#552,.F.);
#1693 = ORIENTED_EDGE('',*,*,#1694,.F.);
#1694 = EDGE_CURVE('',#1695,#545,#1697,.T.);
#1695 = VERTEX_POINT('',#1696);
#1696 = CARTESIAN_POINT('',(3.5,-17.5,-24.5));
#1697 = LINE('',#1698,#1699);
#1698 = CARTESIAN_POINT('',(3.5,-18.50411276334,-24.5));
#1699 = VECTOR('',#1700,1.);
#1700 = DIRECTION('',(0.,-1.,2.2E-16));
#1701 = ORIENTED_EDGE('',*,*,#1702,.T.);
#1702 = EDGE_CURVE('',#1695,#1703,#1705,.T.);
#1703 = VERTEX_POINT('',#1704);
#1704 = CARTESIAN_POINT('',(-3.5,-17.5,-24.5));
#1705 = LINE('',#1706,#1707);
#1706 = CARTESIAN_POINT('',(5.5,-17.5,-24.5));
#1707 = VECTOR('',#1708,1.);
#1708 = DIRECTION('',(-1.,0.,0.));
#1709 = ORIENTED_EDGE('',*,*,#1710,.F.);
#1710 = EDGE_CURVE('',#553,#1703,#1711,.T.);
#1711 = LINE('',#1712,#1713);
#1712 = CARTESIAN_POINT('',(-3.5,-18.50411276334,-24.5));
#1713 = VECTOR('',#1714,1.);
#1714 = DIRECTION('',(0.,1.,-2.2E-16));
#1715 = PLANE('',#1716);
#1716 = AXIS2_PLACEMENT_3D('',#1717,#1718,#1719);
#1717 = CARTESIAN_POINT('',(-9.E-17,-19.,-24.5));
#1718 = DIRECTION('',(0.,0.,1.));
#1719 = DIRECTION('',(1.,0.,0.));
#1720 = ADVANCED_FACE('',(#1721),#1748,.T.);
#1721 = FACE_BOUND('',#1722,.T.);
#1722 = EDGE_LOOP('',(#1723,#1724,#1733,#1741));
#1723 = ORIENTED_EDGE('',*,*,#544,.T.);
#1724 = ORIENTED_EDGE('',*,*,#1725,.T.);
#1725 = EDGE_CURVE('',#537,#1726,#1728,.T.);
#1726 = VERTEX_POINT('',#1727);
#1727 = CARTESIAN_POINT('',(5.5,-15.,-30.));
#1728 = CIRCLE('',#1729,5.5);
#1729 = AXIS2_PLACEMENT_3D('',#1730,#1731,#1732);
#1730 = CARTESIAN_POINT('',(5.5,-20.5,-30.));
#1731 = DIRECTION('',(-1.,0.,0.));
#1732 = DIRECTION('',(0.,-1.,0.));
#1733 = ORIENTED_EDGE('',*,*,#1734,.F.);
#1734 = EDGE_CURVE('',#1735,#1726,#1737,.T.);
#1735 = VERTEX_POINT('',#1736);
#1736 = CARTESIAN_POINT('',(3.5,-15.,-30.));
#1737 = LINE('',#1738,#1739);
#1738 = CARTESIAN_POINT('',(3.5,-15.,-30.));
#1739 = VECTOR('',#1740,1.);
#1740 = DIRECTION('',(1.,0.,0.));
#1741 = ORIENTED_EDGE('',*,*,#1742,.F.);
#1742 = EDGE_CURVE('',#545,#1735,#1743,.T.);
#1743 = CIRCLE('',#1744,5.5);
#1744 = AXIS2_PLACEMENT_3D('',#1745,#1746,#1747);
#1745 = CARTESIAN_POINT('',(3.5,-20.5,-30.));
#1746 = DIRECTION('',(-1.,0.,0.));
#1747 = DIRECTION('',(0.,-1.,0.));
#1748 = CYLINDRICAL_SURFACE('',#1749,5.5);
#1749 = AXIS2_PLACEMENT_3D('',#1750,#1751,#1752);
#1750 = CARTESIAN_POINT('',(3.5,-20.5,-30.));
#1751 = DIRECTION('',(-1.,0.,0.));
#1752 = DIRECTION('',(0.,-1.,0.));
#1753 = ADVANCED_FACE('',(#1754),#1779,.F.);
#1754 = FACE_BOUND('',#1755,.F.);
#1755 = EDGE_LOOP('',(#1756,#1764,#1772,#1778));
#1756 = ORIENTED_EDGE('',*,*,#1757,.T.);
#1757 = EDGE_CURVE('',#537,#1758,#1760,.T.);
#1758 = VERTEX_POINT('',#1759);
#1759 = CARTESIAN_POINT('',(5.5,-17.5,-24.5));
#1760 = LINE('',#1761,#1762);
#1761 = CARTESIAN_POINT('',(5.5,-20.5,-24.5));
#1762 = VECTOR('',#1763,1.);
#1763 = DIRECTION('',(0.,1.,-2.2E-16));
#1764 = ORIENTED_EDGE('',*,*,#1765,.T.);
#1765 = EDGE_CURVE('',#1758,#1766,#1768,.T.);
#1766 = VERTEX_POINT('',#1767);
#1767 = CARTESIAN_POINT('',(15.677319714841,-17.5,-9.398170745719));
#1768 = LINE('',#1769,#1770);
#1769 = CARTESIAN_POINT('',(5.5,-17.5,-24.5));
#1770 = VECTOR('',#1771,1.);
#1771 = DIRECTION('',(0.558853462072,0.,0.829266427591));
#1772 = ORIENTED_EDGE('',*,*,#1773,.F.);
#1773 = EDGE_CURVE('',#529,#1766,#1774,.T.);
#1774 = LINE('',#1775,#1776);
#1775 = CARTESIAN_POINT('',(15.677319714841,-20.5,-9.398170745719));
#1776 = VECTOR('',#1777,1.);
#1777 = DIRECTION('',(0.,1.,-2.2E-16));
#1778 = ORIENTED_EDGE('',*,*,#536,.F.);
#1779 = PLANE('',#1780);
#1780 = AXIS2_PLACEMENT_3D('',#1781,#1782,#1783);
#1781 = CARTESIAN_POINT('',(5.5,-20.5,-24.5));
#1782 = DIRECTION('',(0.829266427591,-1.2E-16,-0.558853462072));
#1783 = DIRECTION('',(0.558853462072,1.8E-16,0.829266427591));
#1784 = ADVANCED_FACE('',(#1785),#1803,.F.);
#1785 = FACE_BOUND('',#1786,.F.);
#1786 = EDGE_LOOP('',(#1787,#1788,#1796,#1802));
#1787 = ORIENTED_EDGE('',*,*,#1773,.T.);
#1788 = ORIENTED_EDGE('',*,*,#1789,.T.);
#1789 = EDGE_CURVE('',#1766,#1790,#1792,.T.);
#1790 = VERTEX_POINT('',#1791);
#1791 = CARTESIAN_POINT('',(15.677319714841,-17.5,10.613365501084));
#1792 = LINE('',#1793,#1794);
#1793 = CARTESIAN_POINT('',(15.677319714841,-17.5,-9.398170745719));
#1794 = VECTOR('',#1795,1.);
#1795 = DIRECTION('',(0.,0.,1.));
#1796 = ORIENTED_EDGE('',*,*,#1797,.F.);
#1797 = EDGE_CURVE('',#520,#1790,#1798,.T.);
#1798 = LINE('',#1799,#1800);
#1799 = CARTESIAN_POINT('',(15.677319714841,-20.5,10.613365501084));
#1800 = VECTOR('',#1801,1.);
#1801 = DIRECTION('',(0.,1.,-2.2E-16));
#1802 = ORIENTED_EDGE('',*,*,#528,.F.);
#1803 = PLANE('',#1804);
#1804 = AXIS2_PLACEMENT_3D('',#1805,#1806,#1807);
#1805 = CARTESIAN_POINT('',(15.677319714841,-20.5,-9.398170745719));
#1806 = DIRECTION('',(1.,0.,0.));
#1807 = DIRECTION('',(0.,2.2E-16,1.));
#1808 = ADVANCED_FACE('',(#1809),#1828,.T.);
#1809 = FACE_BOUND('',#1810,.T.);
#1810 = EDGE_LOOP('',(#1811,#1819,#1826,#1827));
#1811 = ORIENTED_EDGE('',*,*,#1812,.T.);
#1812 = EDGE_CURVE('',#511,#1813,#1815,.T.);
#1813 = VERTEX_POINT('',#1814);
#1814 = CARTESIAN_POINT('',(8.92220366283,-17.5,16.529354020595));
#1815 = LINE('',#1816,#1817);
#1816 = CARTESIAN_POINT('',(8.92220366283,-20.5,16.529354020595));
#1817 = VECTOR('',#1818,1.);
#1818 = DIRECTION('',(0.,1.,-2.2E-16));
#1819 = ORIENTED_EDGE('',*,*,#1820,.T.);
#1820 = EDGE_CURVE('',#1813,#1790,#1821,.T.);
#1821 = CIRCLE('',#1822,4.5);
#1822 = AXIS2_PLACEMENT_3D('',#1823,#1824,#1825);
#1823 = CARTESIAN_POINT('',(12.5,-17.5,13.8));
#1824 = DIRECTION('',(0.,-1.,0.));
#1825 = DIRECTION('',(1.,0.,0.));
#1826 = ORIENTED_EDGE('',*,*,#1797,.F.);
#1827 = ORIENTED_EDGE('',*,*,#519,.F.);
#1828 = CYLINDRICAL_SURFACE('',#1829,4.5);
#1829 = AXIS2_PLACEMENT_3D('',#1830,#1831,#1832);
#1830 = CARTESIAN_POINT('',(12.5,-20.5,13.8));
#1831 = DIRECTION('',(0.,-1.,2.2E-16));
#1832 = DIRECTION('',(1.,0.,0.));
#1833 = ADVANCED_FACE('',(#1834),#1860,.T.);
#1834 = FACE_BOUND('',#1835,.F.);
#1835 = EDGE_LOOP('',(#1836,#1844,#1853,#1859));
#1836 = ORIENTED_EDGE('',*,*,#1837,.T.);
#1837 = EDGE_CURVE('',#511,#1838,#1840,.T.);
#1838 = VERTEX_POINT('',#1839);
#1839 = CARTESIAN_POINT('',(8.92220366283,-25.,16.529354020595));
#1840 = LINE('',#1841,#1842);
#1841 = CARTESIAN_POINT('',(8.92220366283,-20.5,16.529354020595));
#1842 = VECTOR('',#1843,1.);
#1843 = DIRECTION('',(0.,-1.,2.22044604925E-16));
#1844 = ORIENTED_EDGE('',*,*,#1845,.T.);
#1845 = EDGE_CURVE('',#1838,#1846,#1848,.T.);
#1846 = VERTEX_POINT('',#1847);
#1847 = CARTESIAN_POINT('',(15.258846914433,-25.,17.416457341477));
#1848 = CIRCLE('',#1849,4.5);
#1849 = AXIS2_PLACEMENT_3D('',#1850,#1851,#1852);
#1850 = CARTESIAN_POINT('',(12.529284010502,-25.,13.838820362481));
#1851 = DIRECTION('',(0.,-1.,2.22044604925E-16));
#1852 = DIRECTION('',(1.,0.,0.));
#1853 = ORIENTED_EDGE('',*,*,#1854,.F.);
#1854 = EDGE_CURVE('',#502,#1846,#1855,.T.);
#1855 = LINE('',#1856,#1857);
#1856 = CARTESIAN_POINT('',(15.258846914433,-20.5,17.416457341477));
#1857 = VECTOR('',#1858,1.);
#1858 = DIRECTION('',(0.,-1.,2.22044604925E-16));
#1859 = ORIENTED_EDGE('',*,*,#510,.F.);
#1860 = CYLINDRICAL_SURFACE('',#1861,4.5);
#1861 = AXIS2_PLACEMENT_3D('',#1862,#1863,#1864);
#1862 = CARTESIAN_POINT('',(12.529284010502,-20.5,13.838820362481));
#1863 = DIRECTION('',(0.,1.,-2.22044604925E-16));
#1864 = DIRECTION('',(1.,0.,0.));
#1865 = ADVANCED_FACE('',(#1866),#1885,.F.);
#1866 = FACE_BOUND('',#1867,.F.);
#1867 = EDGE_LOOP('',(#1868,#1876,#1883,#1884));
#1868 = ORIENTED_EDGE('',*,*,#1869,.T.);
#1869 = EDGE_CURVE('',#661,#1870,#1872,.T.);
#1870 = VERTEX_POINT('',#1871);
#1871 = CARTESIAN_POINT('',(7.5,-14.25,-30.));
#1872 = LINE('',#1873,#1874);
#1873 = CARTESIAN_POINT('',(7.5,-14.25,-33.));
#1874 = VECTOR('',#1875,1.);
#1875 = DIRECTION('',(0.,0.,1.));
#1876 = ORIENTED_EDGE('',*,*,#1877,.T.);
#1877 = EDGE_CURVE('',#1870,#1870,#1878,.T.);
#1878 = CIRCLE('',#1879,3.);
#1879 = AXIS2_PLACEMENT_3D('',#1880,#1881,#1882);
#1880 = CARTESIAN_POINT('',(4.5,-14.25,-30.));
#1881 = DIRECTION('',(0.,0.,-1.));
#1882 = DIRECTION('',(1.,0.,0.));
#1883 = ORIENTED_EDGE('',*,*,#1869,.F.);
#1884 = ORIENTED_EDGE('',*,*,#660,.F.);
#1885 = CYLINDRICAL_SURFACE('',#1886,3.);
#1886 = AXIS2_PLACEMENT_3D('',#1887,#1888,#1889);
#1887 = CARTESIAN_POINT('',(4.5,-14.25,-33.));
#1888 = DIRECTION('',(0.,0.,-1.));
#1889 = DIRECTION('',(1.,0.,0.));
#1890 = ADVANCED_FACE('',(#1891),#1910,.F.);
#1891 = FACE_BOUND('',#1892,.T.);
#1892 = EDGE_LOOP('',(#1893,#1901,#1908,#1909));
#1893 = ORIENTED_EDGE('',*,*,#1894,.T.);
#1894 = EDGE_CURVE('',#672,#1895,#1897,.T.);
#1895 = VERTEX_POINT('',#1896);
#1896 = CARTESIAN_POINT('',(-7.5,-14.25,-30.));
#1897 = LINE('',#1898,#1899);
#1898 = CARTESIAN_POINT('',(-7.5,-14.25,-33.));
#1899 = VECTOR('',#1900,1.);
#1900 = DIRECTION('',(0.,0.,1.));
#1901 = ORIENTED_EDGE('',*,*,#1902,.T.);
#1902 = EDGE_CURVE('',#1895,#1895,#1903,.T.);
#1903 = CIRCLE('',#1904,3.);
#1904 = AXIS2_PLACEMENT_3D('',#1905,#1906,#1907);
#1905 = CARTESIAN_POINT('',(-4.5,-14.25,-30.));
#1906 = DIRECTION('',(0.,0.,1.));
#1907 = DIRECTION('',(-1.,0.,0.));
#1908 = ORIENTED_EDGE('',*,*,#1894,.F.);
#1909 = ORIENTED_EDGE('',*,*,#671,.F.);
#1910 = CYLINDRICAL_SURFACE('',#1911,3.);
#1911 = AXIS2_PLACEMENT_3D('',#1912,#1913,#1914);
#1912 = CARTESIAN_POINT('',(-4.5,-14.25,-33.));
#1913 = DIRECTION('',(-0.,-0.,-1.));
#1914 = DIRECTION('',(-1.,0.,0.));
#1915 = ADVANCED_FACE('',(#1916,#1924),#1935,.F.);
#1916 = FACE_BOUND('',#1917,.F.);
#1917 = EDGE_LOOP('',(#1918,#1919,#1920,#1921,#1922,#1923));
#1918 = ORIENTED_EDGE('',*,*,#697,.F.);
#1919 = ORIENTED_EDGE('',*,*,#728,.F.);
#1920 = ORIENTED_EDGE('',*,*,#752,.F.);
#1921 = ORIENTED_EDGE('',*,*,#776,.F.);
#1922 = ORIENTED_EDGE('',*,*,#800,.F.);
#1923 = ORIENTED_EDGE('',*,*,#817,.F.);
#1924 = FACE_BOUND('',#1925,.F.);
#1925 = EDGE_LOOP('',(#1926));
#1926 = ORIENTED_EDGE('',*,*,#1927,.F.);
#1927 = EDGE_CURVE('',#1928,#1928,#1930,.T.);
#1928 = VERTEX_POINT('',#1929);
#1929 = CARTESIAN_POINT('',(21.7,-15.,-12.));
#1930 = CIRCLE('',#1931,1.7);
#1931 = AXIS2_PLACEMENT_3D('',#1932,#1933,#1934);
#1932 = CARTESIAN_POINT('',(20.,-15.,-12.));
#1933 = DIRECTION('',(0.,0.,1.));
#1934 = DIRECTION('',(1.,0.,0.));
#1935 = PLANE('',#1936);
#1936 = AXIS2_PLACEMENT_3D('',#1937,#1938,#1939);
#1937 = CARTESIAN_POINT('',(7.102571E-11,-14.99999999999,-12.));
#1938 = DIRECTION('',(0.,7.5E-16,1.));
#1939 = DIRECTION('',(0.,1.,-7.5E-16));
#1940 = ADVANCED_FACE('',(#1941),#1951,.F.);
#1941 = FACE_BOUND('',#1942,.F.);
#1942 = EDGE_LOOP('',(#1943,#1944,#1949,#1950));
#1943 = ORIENTED_EDGE('',*,*,#910,.F.);
#1944 = ORIENTED_EDGE('',*,*,#1945,.T.);
#1945 = EDGE_CURVE('',#911,#844,#1946,.T.);
#1946 = B_SPLINE_CURVE_WITH_KNOTS('',1,(#1947,#1948),.UNSPECIFIED.,.F.,
  .F.,(2,2),(-3.500000000001,0.),.PIECEWISE_BEZIER_KNOTS.);
#1947 = CARTESIAN_POINT('',(21.7,-15.,8.5));
#1948 = CARTESIAN_POINT('',(21.7,-15.,12.000000000001));
#1949 = ORIENTED_EDGE('',*,*,#843,.F.);
#1950 = ORIENTED_EDGE('',*,*,#1945,.F.);
#1951 = CYLINDRICAL_SURFACE('',#1952,1.7);
#1952 = AXIS2_PLACEMENT_3D('',#1953,#1954,#1955);
#1953 = CARTESIAN_POINT('',(20.,-15.,12.000000000001));
#1954 = DIRECTION('',(0.,0.,1.));
#1955 = DIRECTION('',(1.,0.,0.));
#1956 = ADVANCED_FACE('',(#1957),#1963,.F.);
#1957 = FACE_BOUND('',#1958,.F.);
#1958 = EDGE_LOOP('',(#1959,#1960,#1961,#1962));
#1959 = ORIENTED_EDGE('',*,*,#927,.T.);
#1960 = ORIENTED_EDGE('',*,*,#951,.T.);
#1961 = ORIENTED_EDGE('',*,*,#869,.F.);
#1962 = ORIENTED_EDGE('',*,*,#891,.F.);
#1963 = CYLINDRICAL_SURFACE('',#1964,4.);
#1964 = AXIS2_PLACEMENT_3D('',#1965,#1966,#1967);
#1965 = CARTESIAN_POINT('',(20.,-15.,8.5));
#1966 = DIRECTION('',(0.,0.,1.));
#1967 = DIRECTION('',(1.,0.,0.));
#1968 = ADVANCED_FACE('',(#1969),#1979,.F.);
#1969 = FACE_BOUND('',#1970,.T.);
#1970 = EDGE_LOOP('',(#1971,#1972,#1977,#1978));
#1971 = ORIENTED_EDGE('',*,*,#963,.F.);
#1972 = ORIENTED_EDGE('',*,*,#1973,.T.);
#1973 = EDGE_CURVE('',#964,#1928,#1974,.T.);
#1974 = B_SPLINE_CURVE_WITH_KNOTS('',1,(#1975,#1976),.UNSPECIFIED.,.F.,
  .F.,(2,2),(-3.5,2.),.PIECEWISE_BEZIER_KNOTS.);
#1975 = CARTESIAN_POINT('',(21.7,-15.,-6.5));
#1976 = CARTESIAN_POINT('',(21.7,-15.,-12.));
#1977 = ORIENTED_EDGE('',*,*,#1927,.F.);
#1978 = ORIENTED_EDGE('',*,*,#1973,.F.);
#1979 = CYLINDRICAL_SURFACE('',#1980,1.7);
#1980 = AXIS2_PLACEMENT_3D('',#1981,#1982,#1983);
#1981 = CARTESIAN_POINT('',(20.,-15.,-10.));
#1982 = DIRECTION('',(-0.,-0.,-1.));
#1983 = DIRECTION('',(1.,0.,0.));
#1984 = ADVANCED_FACE('',(#1985),#2010,.T.);
#1985 = FACE_BOUND('',#1986,.F.);
#1986 = EDGE_LOOP('',(#1987,#1988,#1996,#2004));
#1987 = ORIENTED_EDGE('',*,*,#996,.T.);
#1988 = ORIENTED_EDGE('',*,*,#1989,.T.);
#1989 = EDGE_CURVE('',#999,#1990,#1992,.T.);
#1990 = VERTEX_POINT('',#1991);
#1991 = CARTESIAN_POINT('',(-20.,-19.,-6.5));
#1992 = LINE('',#1993,#1994);
#1993 = CARTESIAN_POINT('',(-25.,-19.,-6.5));
#1994 = VECTOR('',#1995,1.);
#1995 = DIRECTION('',(1.,0.,0.));
#1996 = ORIENTED_EDGE('',*,*,#1997,.F.);
#1997 = EDGE_CURVE('',#1998,#1990,#2000,.T.);
#1998 = VERTEX_POINT('',#1999);
#1999 = CARTESIAN_POINT('',(-20.,-19.,8.5));
#2000 = LINE('',#2001,#2002);
#2001 = CARTESIAN_POINT('',(-20.,-19.,8.5));
#2002 = VECTOR('',#2003,1.);
#2003 = DIRECTION('',(0.,0.,-1.));
#2004 = ORIENTED_EDGE('',*,*,#2005,.F.);
#2005 = EDGE_CURVE('',#997,#1998,#2006,.T.);
#2006 = LINE('',#2007,#2008);
#2007 = CARTESIAN_POINT('',(-25.,-19.,8.5));
#2008 = VECTOR('',#2009,1.);
#2009 = DIRECTION('',(1.,0.,0.));
#2010 = PLANE('',#2011);
#2011 = AXIS2_PLACEMENT_3D('',#2012,#2013,#2014);
#2012 = CARTESIAN_POINT('',(-25.,-19.,8.5));
#2013 = DIRECTION('',(0.,1.,0.));
#2014 = DIRECTION('',(-1.,-0.,-0.));
#2015 = ADVANCED_FACE('',(#2016,#2035),#2046,.T.);
#2016 = FACE_BOUND('',#2017,.F.);
#2017 = EDGE_LOOP('',(#2018,#2027,#2028,#2029));
#2018 = ORIENTED_EDGE('',*,*,#2019,.T.);
#2019 = EDGE_CURVE('',#2020,#1990,#2022,.T.);
#2020 = VERTEX_POINT('',#2021);
#2021 = CARTESIAN_POINT('',(-20.,-11.,-6.5));
#2022 = CIRCLE('',#2023,4.);
#2023 = AXIS2_PLACEMENT_3D('',#2024,#2025,#2026);
#2024 = CARTESIAN_POINT('',(-20.,-15.,-6.5));
#2025 = DIRECTION('',(0.,0.,-1.));
#2026 = DIRECTION('',(-1.,-0.,-0.));
#2027 = ORIENTED_EDGE('',*,*,#1989,.F.);
#2028 = ORIENTED_EDGE('',*,*,#1006,.F.);
#2029 = ORIENTED_EDGE('',*,*,#2030,.F.);
#2030 = EDGE_CURVE('',#2020,#1007,#2031,.T.);
#2031 = LINE('',#2032,#2033);
#2032 = CARTESIAN_POINT('',(-20.,-11.,-6.5));
#2033 = VECTOR('',#2034,1.);
#2034 = DIRECTION('',(-1.,-0.,-0.));
#2035 = FACE_BOUND('',#2036,.F.);
#2036 = EDGE_LOOP('',(#2037));
#2037 = ORIENTED_EDGE('',*,*,#2038,.F.);
#2038 = EDGE_CURVE('',#2039,#2039,#2041,.T.);
#2039 = VERTEX_POINT('',#2040);
#2040 = CARTESIAN_POINT('',(-21.7,-15.,-6.5));
#2041 = CIRCLE('',#2042,1.7);
#2042 = AXIS2_PLACEMENT_3D('',#2043,#2044,#2045);
#2043 = CARTESIAN_POINT('',(-20.,-15.,-6.5));
#2044 = DIRECTION('',(0.,0.,-1.));
#2045 = DIRECTION('',(-1.,-0.,-0.));
#2046 = PLANE('',#2047);
#2047 = AXIS2_PLACEMENT_3D('',#2048,#2049,#2050);
#2048 = CARTESIAN_POINT('',(-21.24290623596,-15.,-6.5));
#2049 = DIRECTION('',(0.,0.,1.));
#2050 = DIRECTION('',(1.,0.,0.));
#2051 = ADVANCED_FACE('',(#2052),#2070,.T.);
#2052 = FACE_BOUND('',#2053,.F.);
#2053 = EDGE_LOOP('',(#2054,#2062,#2063,#2064));
#2054 = ORIENTED_EDGE('',*,*,#2055,.T.);
#2055 = EDGE_CURVE('',#2056,#2020,#2058,.T.);
#2056 = VERTEX_POINT('',#2057);
#2057 = CARTESIAN_POINT('',(-20.,-11.,8.5));
#2058 = LINE('',#2059,#2060);
#2059 = CARTESIAN_POINT('',(-20.,-11.,8.5));
#2060 = VECTOR('',#2061,1.);
#2061 = DIRECTION('',(0.,0.,-1.));
#2062 = ORIENTED_EDGE('',*,*,#2030,.T.);
#2063 = ORIENTED_EDGE('',*,*,#1014,.F.);
#2064 = ORIENTED_EDGE('',*,*,#2065,.F.);
#2065 = EDGE_CURVE('',#2056,#1015,#2066,.T.);
#2066 = LINE('',#2067,#2068);
#2067 = CARTESIAN_POINT('',(-20.,-11.,8.5));
#2068 = VECTOR('',#2069,1.);
#2069 = DIRECTION('',(-1.,-0.,-0.));
#2070 = PLANE('',#2071);
#2071 = AXIS2_PLACEMENT_3D('',#2072,#2073,#2074);
#2072 = CARTESIAN_POINT('',(-20.,-11.,8.5));
#2073 = DIRECTION('',(-0.,-1.,-0.));
#2074 = DIRECTION('',(1.,0.,0.));
#2075 = ADVANCED_FACE('',(#2076,#2088),#2099,.F.);
#2076 = FACE_BOUND('',#2077,.T.);
#2077 = EDGE_LOOP('',(#2078,#2085,#2086,#2087));
#2078 = ORIENTED_EDGE('',*,*,#2079,.T.);
#2079 = EDGE_CURVE('',#2056,#1998,#2080,.T.);
#2080 = CIRCLE('',#2081,4.);
#2081 = AXIS2_PLACEMENT_3D('',#2082,#2083,#2084);
#2082 = CARTESIAN_POINT('',(-20.,-15.,8.5));
#2083 = DIRECTION('',(0.,0.,-1.));
#2084 = DIRECTION('',(-1.,-0.,-0.));
#2085 = ORIENTED_EDGE('',*,*,#2005,.F.);
#2086 = ORIENTED_EDGE('',*,*,#1022,.F.);
#2087 = ORIENTED_EDGE('',*,*,#2065,.F.);
#2088 = FACE_BOUND('',#2089,.T.);
#2089 = EDGE_LOOP('',(#2090));
#2090 = ORIENTED_EDGE('',*,*,#2091,.F.);
#2091 = EDGE_CURVE('',#2092,#2092,#2094,.T.);
#2092 = VERTEX_POINT('',#2093);
#2093 = CARTESIAN_POINT('',(-21.7,-15.,8.5));
#2094 = CIRCLE('',#2095,1.7);
#2095 = AXIS2_PLACEMENT_3D('',#2096,#2097,#2098);
#2096 = CARTESIAN_POINT('',(-20.,-15.,8.5));
#2097 = DIRECTION('',(0.,0.,-1.));
#2098 = DIRECTION('',(-1.,-0.,-0.));
#2099 = PLANE('',#2100);
#2100 = AXIS2_PLACEMENT_3D('',#2101,#2102,#2103);
#2101 = CARTESIAN_POINT('',(-21.24290623596,-15.,8.5));
#2102 = DIRECTION('',(0.,0.,1.));
#2103 = DIRECTION('',(1.,0.,0.));
#2104 = ADVANCED_FACE('',(#2105),#2115,.F.);
#2105 = FACE_BOUND('',#2106,.F.);
#2106 = EDGE_LOOP('',(#2107,#2108,#2113,#2114));
#2107 = ORIENTED_EDGE('',*,*,#1047,.T.);
#2108 = ORIENTED_EDGE('',*,*,#2109,.T.);
#2109 = EDGE_CURVE('',#1048,#2092,#2110,.T.);
#2110 = B_SPLINE_CURVE_WITH_KNOTS('',1,(#2111,#2112),.UNSPECIFIED.,.F.,
  .F.,(2,2),(-22.,-18.5),.PIECEWISE_BEZIER_KNOTS.);
#2111 = CARTESIAN_POINT('',(-21.7,-15.,12.000000000001));
#2112 = CARTESIAN_POINT('',(-21.7,-15.,8.5));
#2113 = ORIENTED_EDGE('',*,*,#2091,.F.);
#2114 = ORIENTED_EDGE('',*,*,#2109,.F.);
#2115 = CYLINDRICAL_SURFACE('',#2116,1.7);
#2116 = AXIS2_PLACEMENT_3D('',#2117,#2118,#2119);
#2117 = CARTESIAN_POINT('',(-20.,-15.,-10.));
#2118 = DIRECTION('',(0.,0.,-1.));
#2119 = DIRECTION('',(-1.,0.,0.));
#2120 = ADVANCED_FACE('',(#2121,#2220,#2223,#2226,#2229),#2232,.T.);
#2121 = FACE_BOUND('',#2122,.T.);
#2122 = EDGE_LOOP('',(#2123,#2124,#2132,#2140,#2146,#2147,#2155,#2163,
    #2169,#2170,#2171,#2172,#2180,#2188,#2196,#2204,#2212,#2218,#2219));
#2123 = ORIENTED_EDGE('',*,*,#1644,.F.);
#2124 = ORIENTED_EDGE('',*,*,#2125,.F.);
#2125 = EDGE_CURVE('',#2126,#1637,#2128,.T.);
#2126 = VERTEX_POINT('',#2127);
#2127 = CARTESIAN_POINT('',(-5.5,-17.5,-23.12613645756));
#2128 = LINE('',#2129,#2130);
#2129 = CARTESIAN_POINT('',(-5.5,-17.5,-13.31098520282));
#2130 = VECTOR('',#2131,1.);
#2131 = DIRECTION('',(0.,-2.7E-16,-1.));
#2132 = ORIENTED_EDGE('',*,*,#2133,.T.);
#2133 = EDGE_CURVE('',#2126,#2134,#2136,.T.);
#2134 = VERTEX_POINT('',#2135);
#2135 = CARTESIAN_POINT('',(-3.5,-17.5,-23.12613645756));
#2136 = LINE('',#2137,#2138);
#2137 = CARTESIAN_POINT('',(-3.5,-17.5,-23.12613645756));
#2138 = VECTOR('',#2139,1.);
#2139 = DIRECTION('',(1.,0.,0.));
#2140 = ORIENTED_EDGE('',*,*,#2141,.T.);
#2141 = EDGE_CURVE('',#2134,#1703,#2142,.T.);
#2142 = LINE('',#2143,#2144);
#2143 = CARTESIAN_POINT('',(-3.5,-17.5,-13.31098520282));
#2144 = VECTOR('',#2145,1.);
#2145 = DIRECTION('',(0.,-2.7E-16,-1.));
#2146 = ORIENTED_EDGE('',*,*,#1702,.F.);
#2147 = ORIENTED_EDGE('',*,*,#2148,.T.);
#2148 = EDGE_CURVE('',#1695,#2149,#2151,.T.);
#2149 = VERTEX_POINT('',#2150);
#2150 = CARTESIAN_POINT('',(3.5,-17.5,-23.12613645756));
#2151 = LINE('',#2152,#2153);
#2152 = CARTESIAN_POINT('',(3.5,-17.5,-13.31098520282));
#2153 = VECTOR('',#2154,1.);
#2154 = DIRECTION('',(0.,2.7E-16,1.));
#2155 = ORIENTED_EDGE('',*,*,#2156,.F.);
#2156 = EDGE_CURVE('',#2157,#2149,#2159,.T.);
#2157 = VERTEX_POINT('',#2158);
#2158 = CARTESIAN_POINT('',(5.5,-17.5,-23.12613645756));
#2159 = LINE('',#2160,#2161);
#2160 = CARTESIAN_POINT('',(3.5,-17.5,-23.12613645756));
#2161 = VECTOR('',#2162,1.);
#2162 = DIRECTION('',(-1.,0.,0.));
#2163 = ORIENTED_EDGE('',*,*,#2164,.F.);
#2164 = EDGE_CURVE('',#1758,#2157,#2165,.T.);
#2165 = LINE('',#2166,#2167);
#2166 = CARTESIAN_POINT('',(5.5,-17.5,-13.31098520282));
#2167 = VECTOR('',#2168,1.);
#2168 = DIRECTION('',(0.,2.7E-16,1.));
#2169 = ORIENTED_EDGE('',*,*,#1765,.T.);
#2170 = ORIENTED_EDGE('',*,*,#1789,.T.);
#2171 = ORIENTED_EDGE('',*,*,#1820,.F.);
#2172 = ORIENTED_EDGE('',*,*,#2173,.F.);
#2173 = EDGE_CURVE('',#2174,#1813,#2176,.T.);
#2174 = VERTEX_POINT('',#2175);
#2175 = CARTESIAN_POINT('',(11.681050577263,-17.5,20.145811362072));
#2176 = LINE('',#2177,#2178);
#2177 = CARTESIAN_POINT('',(11.681050577263,-17.5,20.145811362072));
#2178 = VECTOR('',#2179,1.);
#2179 = DIRECTION('',(-0.606523115688,-0.,-0.795065852704));
#2180 = ORIENTED_EDGE('',*,*,#2181,.F.);
#2181 = EDGE_CURVE('',#2182,#2174,#2184,.T.);
#2182 = VERTEX_POINT('',#2183);
#2183 = CARTESIAN_POINT('',(7.705721313742,-17.5,23.17842694051));
#2184 = LINE('',#2185,#2186);
#2185 = CARTESIAN_POINT('',(7.705721313742,-17.5,23.17842694051));
#2186 = VECTOR('',#2187,1.);
#2187 = DIRECTION('',(0.795065852704,0.,-0.606523115688));
#2188 = ORIENTED_EDGE('',*,*,#2189,.T.);
#2189 = EDGE_CURVE('',#2182,#2190,#2192,.T.);
#2190 = VERTEX_POINT('',#2191);
#2191 = CARTESIAN_POINT('',(0.,-17.5,13.077318295924));
#2192 = LINE('',#2193,#2194);
#2193 = CARTESIAN_POINT('',(7.705721313742,-17.5,23.17842694051));
#2194 = VECTOR('',#2195,1.);
#2195 = DIRECTION('',(-0.606523115688,-0.,-0.795065852704));
#2196 = ORIENTED_EDGE('',*,*,#2197,.F.);
#2197 = EDGE_CURVE('',#2198,#2190,#2200,.T.);
#2198 = VERTEX_POINT('',#2199);
#2199 = CARTESIAN_POINT('',(-7.705721313742,-17.5,23.17842694051));
#2200 = LINE('',#2201,#2202);
#2201 = CARTESIAN_POINT('',(-7.705721313742,-17.5,23.17842694051));
#2202 = VECTOR('',#2203,1.);
#2203 = DIRECTION('',(0.606523115688,0.,-0.795065852704));
#2204 = ORIENTED_EDGE('',*,*,#2205,.T.);
#2205 = EDGE_CURVE('',#2198,#2206,#2208,.T.);
#2206 = VERTEX_POINT('',#2207);
#2207 = CARTESIAN_POINT('',(-11.68105057726,-17.5,20.145811362072));
#2208 = LINE('',#2209,#2210);
#2209 = CARTESIAN_POINT('',(-7.705721313742,-17.5,23.17842694051));
#2210 = VECTOR('',#2211,1.);
#2211 = DIRECTION('',(-0.795065852704,0.,-0.606523115688));
#2212 = ORIENTED_EDGE('',*,*,#2213,.T.);
#2213 = EDGE_CURVE('',#2206,#1581,#2214,.T.);
#2214 = LINE('',#2215,#2216);
#2215 = CARTESIAN_POINT('',(-11.68105057726,-17.5,20.145811362072));
#2216 = VECTOR('',#2217,1.);
#2217 = DIRECTION('',(0.606523115688,0.,-0.795065852704));
#2218 = ORIENTED_EDGE('',*,*,#1588,.T.);
#2219 = ORIENTED_EDGE('',*,*,#1620,.F.);
#2220 = FACE_BOUND('',#2221,.T.);
#2221 = EDGE_LOOP('',(#2222));
#2222 = ORIENTED_EDGE('',*,*,#1498,.T.);
#2223 = FACE_BOUND('',#2224,.T.);
#2224 = EDGE_LOOP('',(#2225));
#2225 = ORIENTED_EDGE('',*,*,#1523,.T.);
#2226 = FACE_BOUND('',#2227,.T.);
#2227 = EDGE_LOOP('',(#2228));
#2228 = ORIENTED_EDGE('',*,*,#1448,.T.);
#2229 = FACE_BOUND('',#2230,.T.);
#2230 = EDGE_LOOP('',(#2231));
#2231 = ORIENTED_EDGE('',*,*,#1473,.T.);
#2232 = PLANE('',#2233);
#2233 = AXIS2_PLACEMENT_3D('',#2234,#2235,#2236);
#2234 = CARTESIAN_POINT('',(0.,-17.5,0.984378561479));
#2235 = DIRECTION('',(0.,-1.,2.5E-16));
#2236 = DIRECTION('',(0.,-2.5E-16,-1.));
#2237 = ADVANCED_FACE('',(#2238),#2263,.F.);
#2238 = FACE_BOUND('',#2239,.F.);
#2239 = EDGE_LOOP('',(#2240,#2241,#2249,#2257));
#2240 = ORIENTED_EDGE('',*,*,#1104,.F.);
#2241 = ORIENTED_EDGE('',*,*,#2242,.T.);
#2242 = EDGE_CURVE('',#1105,#2243,#2245,.T.);
#2243 = VERTEX_POINT('',#2244);
#2244 = CARTESIAN_POINT('',(-17.25000000002,-16.58771324025,-12.));
#2245 = LINE('',#2246,#2247);
#2246 = CARTESIAN_POINT('',(-17.25000000002,-16.58771324025,-22.));
#2247 = VECTOR('',#2248,1.);
#2248 = DIRECTION('',(0.,1.2E-16,1.));
#2249 = ORIENTED_EDGE('',*,*,#2250,.T.);
#2250 = EDGE_CURVE('',#2243,#2251,#2253,.T.);
#2251 = VERTEX_POINT('',#2252);
#2252 = CARTESIAN_POINT('',(-20.,-18.17542648051,-12.));
#2253 = LINE('',#2254,#2255);
#2254 = CARTESIAN_POINT('',(-17.25000000002,-16.58771324025,-12.));
#2255 = VECTOR('',#2256,1.);
#2256 = DIRECTION('',(-0.866025403784,-0.5,0.));
#2257 = ORIENTED_EDGE('',*,*,#2258,.F.);
#2258 = EDGE_CURVE('',#1107,#2251,#2259,.T.);
#2259 = LINE('',#2260,#2261);
#2260 = CARTESIAN_POINT('',(-20.,-18.17542648051,-22.));
#2261 = VECTOR('',#2262,1.);
#2262 = DIRECTION('',(0.,1.2E-16,1.));
#2263 = PLANE('',#2264);
#2264 = AXIS2_PLACEMENT_3D('',#2265,#2266,#2267);
#2265 = CARTESIAN_POINT('',(-17.25000000002,-16.58771324025,-22.));
#2266 = DIRECTION('',(0.5,-0.866025403784,1.1E-16));
#2267 = DIRECTION('',(-0.866025403784,-0.5,6.E-17));
#2268 = ADVANCED_FACE('',(#2269),#2287,.F.);
#2269 = FACE_BOUND('',#2270,.F.);
#2270 = EDGE_LOOP('',(#2271,#2272,#2273,#2281));
#2271 = ORIENTED_EDGE('',*,*,#1146,.F.);
#2272 = ORIENTED_EDGE('',*,*,#2258,.T.);
#2273 = ORIENTED_EDGE('',*,*,#2274,.T.);
#2274 = EDGE_CURVE('',#2251,#2275,#2277,.T.);
#2275 = VERTEX_POINT('',#2276);
#2276 = CARTESIAN_POINT('',(-22.74999999997,-16.58771324025,-12.));
#2277 = LINE('',#2278,#2279);
#2278 = CARTESIAN_POINT('',(-20.,-18.17542648051,-12.));
#2279 = VECTOR('',#2280,1.);
#2280 = DIRECTION('',(-0.866025403784,0.5,-0.));
#2281 = ORIENTED_EDGE('',*,*,#2282,.F.);
#2282 = EDGE_CURVE('',#1139,#2275,#2283,.T.);
#2283 = LINE('',#2284,#2285);
#2284 = CARTESIAN_POINT('',(-22.74999999997,-16.58771324025,-22.));
#2285 = VECTOR('',#2286,1.);
#2286 = DIRECTION('',(0.,1.2E-16,1.));
#2287 = PLANE('',#2288);
#2288 = AXIS2_PLACEMENT_3D('',#2289,#2290,#2291);
#2289 = CARTESIAN_POINT('',(-20.,-18.17542648051,-22.));
#2290 = DIRECTION('',(-0.5,-0.866025403784,1.1E-16));
#2291 = DIRECTION('',(-0.866025403784,0.5,-6.E-17));
#2292 = ADVANCED_FACE('',(#2293),#2311,.F.);
#2293 = FACE_BOUND('',#2294,.F.);
#2294 = EDGE_LOOP('',(#2295,#2296,#2297,#2305));
#2295 = ORIENTED_EDGE('',*,*,#1138,.F.);
#2296 = ORIENTED_EDGE('',*,*,#2282,.T.);
#2297 = ORIENTED_EDGE('',*,*,#2298,.T.);
#2298 = EDGE_CURVE('',#2275,#2299,#2301,.T.);
#2299 = VERTEX_POINT('',#2300);
#2300 = CARTESIAN_POINT('',(-22.74999999997,-13.41228675974,-12.));
#2301 = LINE('',#2302,#2303);
#2302 = CARTESIAN_POINT('',(-22.74999999997,-16.58771324025,-12.));
#2303 = VECTOR('',#2304,1.);
#2304 = DIRECTION('',(0.,1.,0.));
#2305 = ORIENTED_EDGE('',*,*,#2306,.F.);
#2306 = EDGE_CURVE('',#1131,#2299,#2307,.T.);
#2307 = LINE('',#2308,#2309);
#2308 = CARTESIAN_POINT('',(-22.74999999997,-13.41228675974,-22.));
#2309 = VECTOR('',#2310,1.);
#2310 = DIRECTION('',(0.,1.2E-16,1.));
#2311 = PLANE('',#2312);
#2312 = AXIS2_PLACEMENT_3D('',#2313,#2314,#2315);
#2313 = CARTESIAN_POINT('',(-22.74999999997,-16.58771324025,-22.));
#2314 = DIRECTION('',(-1.,0.,0.));
#2315 = DIRECTION('',(0.,1.,-1.2E-16));
#2316 = ADVANCED_FACE('',(#2317),#2335,.F.);
#2317 = FACE_BOUND('',#2318,.F.);
#2318 = EDGE_LOOP('',(#2319,#2320,#2321,#2329));
#2319 = ORIENTED_EDGE('',*,*,#1130,.F.);
#2320 = ORIENTED_EDGE('',*,*,#2306,.T.);
#2321 = ORIENTED_EDGE('',*,*,#2322,.T.);
#2322 = EDGE_CURVE('',#2299,#2323,#2325,.T.);
#2323 = VERTEX_POINT('',#2324);
#2324 = CARTESIAN_POINT('',(-20.,-11.82457351948,-12.));
#2325 = LINE('',#2326,#2327);
#2326 = CARTESIAN_POINT('',(-22.74999999997,-13.41228675974,-12.));
#2327 = VECTOR('',#2328,1.);
#2328 = DIRECTION('',(0.866025403784,0.5,0.));
#2329 = ORIENTED_EDGE('',*,*,#2330,.F.);
#2330 = EDGE_CURVE('',#1123,#2323,#2331,.T.);
#2331 = LINE('',#2332,#2333);
#2332 = CARTESIAN_POINT('',(-20.,-11.82457351948,-22.));
#2333 = VECTOR('',#2334,1.);
#2334 = DIRECTION('',(0.,1.2E-16,1.));
#2335 = PLANE('',#2336);
#2336 = AXIS2_PLACEMENT_3D('',#2337,#2338,#2339);
#2337 = CARTESIAN_POINT('',(-22.74999999997,-13.41228675974,-22.));
#2338 = DIRECTION('',(-0.5,0.866025403784,-1.1E-16));
#2339 = DIRECTION('',(0.866025403784,0.5,-6.E-17));
#2340 = ADVANCED_FACE('',(#2341),#2359,.F.);
#2341 = FACE_BOUND('',#2342,.F.);
#2342 = EDGE_LOOP('',(#2343,#2344,#2345,#2353));
#2343 = ORIENTED_EDGE('',*,*,#1122,.F.);
#2344 = ORIENTED_EDGE('',*,*,#2330,.T.);
#2345 = ORIENTED_EDGE('',*,*,#2346,.T.);
#2346 = EDGE_CURVE('',#2323,#2347,#2349,.T.);
#2347 = VERTEX_POINT('',#2348);
#2348 = CARTESIAN_POINT('',(-17.25000000002,-13.41228675974,-12.));
#2349 = LINE('',#2350,#2351);
#2350 = CARTESIAN_POINT('',(-20.,-11.82457351948,-12.));
#2351 = VECTOR('',#2352,1.);
#2352 = DIRECTION('',(0.866025403784,-0.5,0.));
#2353 = ORIENTED_EDGE('',*,*,#2354,.F.);
#2354 = EDGE_CURVE('',#1115,#2347,#2355,.T.);
#2355 = LINE('',#2356,#2357);
#2356 = CARTESIAN_POINT('',(-17.25000000002,-13.41228675974,-22.));
#2357 = VECTOR('',#2358,1.);
#2358 = DIRECTION('',(0.,1.2E-16,1.));
#2359 = PLANE('',#2360);
#2360 = AXIS2_PLACEMENT_3D('',#2361,#2362,#2363);
#2361 = CARTESIAN_POINT('',(-20.,-11.82457351948,-22.));
#2362 = DIRECTION('',(0.5,0.866025403784,-1.1E-16));
#2363 = DIRECTION('',(0.866025403784,-0.5,6.E-17));
#2364 = ADVANCED_FACE('',(#2365),#2376,.F.);
#2365 = FACE_BOUND('',#2366,.F.);
#2366 = EDGE_LOOP('',(#2367,#2368,#2369,#2375));
#2367 = ORIENTED_EDGE('',*,*,#1114,.F.);
#2368 = ORIENTED_EDGE('',*,*,#2354,.T.);
#2369 = ORIENTED_EDGE('',*,*,#2370,.T.);
#2370 = EDGE_CURVE('',#2347,#2243,#2371,.T.);
#2371 = LINE('',#2372,#2373);
#2372 = CARTESIAN_POINT('',(-17.25000000002,-13.41228675974,-12.));
#2373 = VECTOR('',#2374,1.);
#2374 = DIRECTION('',(0.,-1.,0.));
#2375 = ORIENTED_EDGE('',*,*,#2242,.F.);
#2376 = PLANE('',#2377);
#2377 = AXIS2_PLACEMENT_3D('',#2378,#2379,#2380);
#2378 = CARTESIAN_POINT('',(-17.25000000002,-13.41228675974,-22.));
#2379 = DIRECTION('',(1.,0.,0.));
#2380 = DIRECTION('',(0.,-1.,1.2E-16));
#2381 = ADVANCED_FACE('',(#2382),#2390,.T.);
#2382 = FACE_BOUND('',#2383,.T.);
#2383 = EDGE_LOOP('',(#2384,#2385,#2386,#2387,#2388,#2389));
#2384 = ORIENTED_EDGE('',*,*,#1168,.T.);
#2385 = ORIENTED_EDGE('',*,*,#1288,.T.);
#2386 = ORIENTED_EDGE('',*,*,#1271,.T.);
#2387 = ORIENTED_EDGE('',*,*,#1247,.T.);
#2388 = ORIENTED_EDGE('',*,*,#1223,.T.);
#2389 = ORIENTED_EDGE('',*,*,#1199,.T.);
#2390 = PLANE('',#2391);
#2391 = AXIS2_PLACEMENT_3D('',#2392,#2393,#2394);
#2392 = CARTESIAN_POINT('',(12.5,-13.,13.8));
#2393 = DIRECTION('',(0.,1.,0.));
#2394 = DIRECTION('',(0.,0.,1.));
#2395 = ADVANCED_FACE('',(#2396),#2404,.T.);
#2396 = FACE_BOUND('',#2397,.T.);
#2397 = EDGE_LOOP('',(#2398,#2399,#2400,#2401,#2402,#2403));
#2398 = ORIENTED_EDGE('',*,*,#1312,.F.);
#2399 = ORIENTED_EDGE('',*,*,#1432,.F.);
#2400 = ORIENTED_EDGE('',*,*,#1408,.F.);
#2401 = ORIENTED_EDGE('',*,*,#1384,.F.);
#2402 = ORIENTED_EDGE('',*,*,#1360,.F.);
#2403 = ORIENTED_EDGE('',*,*,#1336,.F.);
#2404 = PLANE('',#2405);
#2405 = AXIS2_PLACEMENT_3D('',#2406,#2407,#2408);
#2406 = CARTESIAN_POINT('',(-12.5,-13.,13.8));
#2407 = DIRECTION('',(0.,1.,0.));
#2408 = DIRECTION('',(0.,0.,1.));
#2409 = ADVANCED_FACE('',(#2410,#2427),#2438,.F.);
#2410 = FACE_BOUND('',#2411,.T.);
#2411 = EDGE_LOOP('',(#2412,#2413,#2421));
#2412 = ORIENTED_EDGE('',*,*,#1556,.T.);
#2413 = ORIENTED_EDGE('',*,*,#2414,.F.);
#2414 = EDGE_CURVE('',#2415,#1557,#2417,.T.);
#2415 = VERTEX_POINT('',#2416);
#2416 = CARTESIAN_POINT('',(-11.68105057726,-25.,20.145811362072));
#2417 = LINE('',#2418,#2419);
#2418 = CARTESIAN_POINT('',(-11.68105057726,-25.,20.145811362072));
#2419 = VECTOR('',#2420,1.);
#2420 = DIRECTION('',(0.606523115688,-1.765400831531E-16,-0.795065852704
    ));
#2421 = ORIENTED_EDGE('',*,*,#2422,.F.);
#2422 = EDGE_CURVE('',#1549,#2415,#2423,.T.);
#2423 = LINE('',#2424,#2425);
#2424 = CARTESIAN_POINT('',(-15.25884691443,-25.,17.416457341477));
#2425 = VECTOR('',#2426,1.);
#2426 = DIRECTION('',(0.795065852704,1.346751856008E-16,0.606523115688)
  );
#2427 = FACE_BOUND('',#2428,.F.);
#2428 = EDGE_LOOP('',(#2429));
#2429 = ORIENTED_EDGE('',*,*,#2430,.T.);
#2430 = EDGE_CURVE('',#2431,#2431,#2433,.T.);
#2431 = VERTEX_POINT('',#2432);
#2432 = CARTESIAN_POINT('',(-10.87791089416,-25.,13.838820362481));
#2433 = CIRCLE('',#2434,1.651373116341);
#2434 = AXIS2_PLACEMENT_3D('',#2435,#2436,#2437);
#2435 = CARTESIAN_POINT('',(-12.5292840105,-25.,13.838820362481));
#2436 = DIRECTION('',(0.,-1.,2.22044604925E-16));
#2437 = DIRECTION('',(1.,0.,0.));
#2438 = PLANE('',#2439);
#2439 = AXIS2_PLACEMENT_3D('',#2440,#2441,#2442);
#2440 = CARTESIAN_POINT('',(2.301205417747E-02,-25.,17.521231746394));
#2441 = DIRECTION('',(0.,1.,0.));
#2442 = DIRECTION('',(0.,0.,1.));
#2443 = ADVANCED_FACE('',(#2444),#2464,.F.);
#2444 = FACE_BOUND('',#2445,.T.);
#2445 = EDGE_LOOP('',(#2446,#2447,#2448,#2456,#2463));
#2446 = ORIENTED_EDGE('',*,*,#1636,.F.);
#2447 = ORIENTED_EDGE('',*,*,#1661,.T.);
#2448 = ORIENTED_EDGE('',*,*,#2449,.F.);
#2449 = EDGE_CURVE('',#2450,#1662,#2452,.T.);
#2450 = VERTEX_POINT('',#2451);
#2451 = CARTESIAN_POINT('',(-5.5,-13.,-30.));
#2452 = LINE('',#2453,#2454);
#2453 = CARTESIAN_POINT('',(-5.5,-13.,-30.));
#2454 = VECTOR('',#2455,1.);
#2455 = DIRECTION('',(0.,-1.,0.));
#2456 = ORIENTED_EDGE('',*,*,#2457,.F.);
#2457 = EDGE_CURVE('',#2126,#2450,#2458,.T.);
#2458 = CIRCLE('',#2459,7.5);
#2459 = AXIS2_PLACEMENT_3D('',#2460,#2461,#2462);
#2460 = CARTESIAN_POINT('',(-5.5,-20.5,-30.));
#2461 = DIRECTION('',(-1.,0.,0.));
#2462 = DIRECTION('',(0.,-1.,0.));
#2463 = ORIENTED_EDGE('',*,*,#2125,.T.);
#2464 = PLANE('',#2465);
#2465 = AXIS2_PLACEMENT_3D('',#2466,#2467,#2468);
#2466 = CARTESIAN_POINT('',(-5.5,-16.50822552669,-26.00822552669));
#2467 = DIRECTION('',(-1.,-0.,-0.));
#2468 = DIRECTION('',(-0.,-0.,-1.));
#2469 = ADVANCED_FACE('',(#2470,#2473),#2491,.F.);
#2470 = FACE_BOUND('',#2471,.T.);
#2471 = EDGE_LOOP('',(#2472));
#2472 = ORIENTED_EDGE('',*,*,#1902,.F.);
#2473 = FACE_BOUND('',#2474,.T.);
#2474 = EDGE_LOOP('',(#2475,#2476,#2484,#2490));
#2475 = ORIENTED_EDGE('',*,*,#1670,.F.);
#2476 = ORIENTED_EDGE('',*,*,#2477,.F.);
#2477 = EDGE_CURVE('',#2478,#1671,#2480,.T.);
#2478 = VERTEX_POINT('',#2479);
#2479 = CARTESIAN_POINT('',(-3.5,-13.,-30.));
#2480 = LINE('',#2481,#2482);
#2481 = CARTESIAN_POINT('',(-3.5,-13.,-30.));
#2482 = VECTOR('',#2483,1.);
#2483 = DIRECTION('',(0.,-1.,0.));
#2484 = ORIENTED_EDGE('',*,*,#2485,.T.);
#2485 = EDGE_CURVE('',#2478,#2450,#2486,.T.);
#2486 = LINE('',#2487,#2488);
#2487 = CARTESIAN_POINT('',(-3.5,-13.,-30.));
#2488 = VECTOR('',#2489,1.);
#2489 = DIRECTION('',(-1.,-0.,-0.));
#2490 = ORIENTED_EDGE('',*,*,#2449,.T.);
#2491 = PLANE('',#2492);
#2492 = AXIS2_PLACEMENT_3D('',#2493,#2494,#2495);
#2493 = CARTESIAN_POINT('',(-4.5,-14.25,-30.));
#2494 = DIRECTION('',(0.,0.,1.));
#2495 = DIRECTION('',(1.,0.,0.));
#2496 = ADVANCED_FACE('',(#2497),#2510,.T.);
#2497 = FACE_BOUND('',#2498,.F.);
#2498 = EDGE_LOOP('',(#2499,#2500,#2501,#2502,#2509));
#2499 = ORIENTED_EDGE('',*,*,#1710,.F.);
#2500 = ORIENTED_EDGE('',*,*,#1678,.T.);
#2501 = ORIENTED_EDGE('',*,*,#2477,.F.);
#2502 = ORIENTED_EDGE('',*,*,#2503,.F.);
#2503 = EDGE_CURVE('',#2134,#2478,#2504,.T.);
#2504 = CIRCLE('',#2505,7.5);
#2505 = AXIS2_PLACEMENT_3D('',#2506,#2507,#2508);
#2506 = CARTESIAN_POINT('',(-3.5,-20.5,-30.));
#2507 = DIRECTION('',(-1.,0.,0.));
#2508 = DIRECTION('',(0.,-1.,0.));
#2509 = ORIENTED_EDGE('',*,*,#2141,.T.);
#2510 = PLANE('',#2511);
#2511 = AXIS2_PLACEMENT_3D('',#2512,#2513,#2514);
#2512 = CARTESIAN_POINT('',(-3.5,-16.50822552669,-26.00822552669));
#2513 = DIRECTION('',(-1.,-0.,-0.));
#2514 = DIRECTION('',(-0.,-0.,-1.));
#2515 = ADVANCED_FACE('',(#2516),#2536,.T.);
#2516 = FACE_BOUND('',#2517,.T.);
#2517 = EDGE_LOOP('',(#2518,#2519,#2520,#2528,#2535));
#2518 = ORIENTED_EDGE('',*,*,#1694,.T.);
#2519 = ORIENTED_EDGE('',*,*,#1742,.T.);
#2520 = ORIENTED_EDGE('',*,*,#2521,.F.);
#2521 = EDGE_CURVE('',#2522,#1735,#2524,.T.);
#2522 = VERTEX_POINT('',#2523);
#2523 = CARTESIAN_POINT('',(3.5,-13.,-30.));
#2524 = LINE('',#2525,#2526);
#2525 = CARTESIAN_POINT('',(3.5,-13.,-30.));
#2526 = VECTOR('',#2527,1.);
#2527 = DIRECTION('',(0.,-1.,0.));
#2528 = ORIENTED_EDGE('',*,*,#2529,.F.);
#2529 = EDGE_CURVE('',#2149,#2522,#2530,.T.);
#2530 = CIRCLE('',#2531,7.5);
#2531 = AXIS2_PLACEMENT_3D('',#2532,#2533,#2534);
#2532 = CARTESIAN_POINT('',(3.5,-20.5,-30.));
#2533 = DIRECTION('',(-1.,0.,0.));
#2534 = DIRECTION('',(0.,-1.,0.));
#2535 = ORIENTED_EDGE('',*,*,#2148,.F.);
#2536 = PLANE('',#2537);
#2537 = AXIS2_PLACEMENT_3D('',#2538,#2539,#2540);
#2538 = CARTESIAN_POINT('',(3.5,-16.50822552669,-26.00822552669));
#2539 = DIRECTION('',(1.,0.,0.));
#2540 = DIRECTION('',(0.,0.,1.));
#2541 = ADVANCED_FACE('',(#2542,#2545),#2563,.F.);
#2542 = FACE_BOUND('',#2543,.F.);
#2543 = EDGE_LOOP('',(#2544));
#2544 = ORIENTED_EDGE('',*,*,#1877,.F.);
#2545 = FACE_BOUND('',#2546,.F.);
#2546 = EDGE_LOOP('',(#2547,#2548,#2549,#2557));
#2547 = ORIENTED_EDGE('',*,*,#1734,.F.);
#2548 = ORIENTED_EDGE('',*,*,#2521,.F.);
#2549 = ORIENTED_EDGE('',*,*,#2550,.T.);
#2550 = EDGE_CURVE('',#2522,#2551,#2553,.T.);
#2551 = VERTEX_POINT('',#2552);
#2552 = CARTESIAN_POINT('',(5.5,-13.,-30.));
#2553 = LINE('',#2554,#2555);
#2554 = CARTESIAN_POINT('',(3.5,-13.,-30.));
#2555 = VECTOR('',#2556,1.);
#2556 = DIRECTION('',(1.,0.,0.));
#2557 = ORIENTED_EDGE('',*,*,#2558,.T.);
#2558 = EDGE_CURVE('',#2551,#1726,#2559,.T.);
#2559 = LINE('',#2560,#2561);
#2560 = CARTESIAN_POINT('',(5.5,-13.,-30.));
#2561 = VECTOR('',#2562,1.);
#2562 = DIRECTION('',(0.,-1.,0.));
#2563 = PLANE('',#2564);
#2564 = AXIS2_PLACEMENT_3D('',#2565,#2566,#2567);
#2565 = CARTESIAN_POINT('',(4.5,-14.25,-30.));
#2566 = DIRECTION('',(0.,0.,1.));
#2567 = DIRECTION('',(1.,0.,0.));
#2568 = ADVANCED_FACE('',(#2569),#2582,.F.);
#2569 = FACE_BOUND('',#2570,.F.);
#2570 = EDGE_LOOP('',(#2571,#2572,#2573,#2574,#2581));
#2571 = ORIENTED_EDGE('',*,*,#1757,.F.);
#2572 = ORIENTED_EDGE('',*,*,#1725,.T.);
#2573 = ORIENTED_EDGE('',*,*,#2558,.F.);
#2574 = ORIENTED_EDGE('',*,*,#2575,.F.);
#2575 = EDGE_CURVE('',#2157,#2551,#2576,.T.);
#2576 = CIRCLE('',#2577,7.5);
#2577 = AXIS2_PLACEMENT_3D('',#2578,#2579,#2580);
#2578 = CARTESIAN_POINT('',(5.5,-20.5,-30.));
#2579 = DIRECTION('',(-1.,0.,0.));
#2580 = DIRECTION('',(0.,-1.,0.));
#2581 = ORIENTED_EDGE('',*,*,#2164,.F.);
#2582 = PLANE('',#2583);
#2583 = AXIS2_PLACEMENT_3D('',#2584,#2585,#2586);
#2584 = CARTESIAN_POINT('',(5.5,-16.50822552669,-26.00822552669));
#2585 = DIRECTION('',(1.,0.,0.));
#2586 = DIRECTION('',(0.,0.,1.));
#2587 = ADVANCED_FACE('',(#2588,#2605),#2608,.F.);
#2588 = FACE_BOUND('',#2589,.F.);
#2589 = EDGE_LOOP('',(#2590,#2598,#2604));
#2590 = ORIENTED_EDGE('',*,*,#2591,.T.);
#2591 = EDGE_CURVE('',#1838,#2592,#2594,.T.);
#2592 = VERTEX_POINT('',#2593);
#2593 = CARTESIAN_POINT('',(11.681050577263,-25.,20.145811362072));
#2594 = LINE('',#2595,#2596);
#2595 = CARTESIAN_POINT('',(8.92220366283,-25.,16.529354020595));
#2596 = VECTOR('',#2597,1.);
#2597 = DIRECTION('',(0.606523115688,1.765400831531E-16,0.795065852704)
  );
#2598 = ORIENTED_EDGE('',*,*,#2599,.T.);
#2599 = EDGE_CURVE('',#2592,#1846,#2600,.T.);
#2600 = LINE('',#2601,#2602);
#2601 = CARTESIAN_POINT('',(11.681050577263,-25.,20.145811362072));
#2602 = VECTOR('',#2603,1.);
#2603 = DIRECTION('',(0.795065852704,-1.346751856008E-16,-0.606523115688
    ));
#2604 = ORIENTED_EDGE('',*,*,#1845,.F.);
#2605 = FACE_BOUND('',#2606,.F.);
#2606 = EDGE_LOOP('',(#2607));
#2607 = ORIENTED_EDGE('',*,*,#55,.T.);
#2608 = PLANE('',#2609);
#2609 = AXIS2_PLACEMENT_3D('',#2610,#2611,#2612);
#2610 = CARTESIAN_POINT('',(2.301205417747E-02,-25.,17.521231746394));
#2611 = DIRECTION('',(0.,1.,0.));
#2612 = DIRECTION('',(0.,0.,1.));
#2613 = ADVANCED_FACE('',(#2614),#2620,.F.);
#2614 = FACE_BOUND('',#2615,.T.);
#2615 = EDGE_LOOP('',(#2616,#2617,#2618,#2619));
#2616 = ORIENTED_EDGE('',*,*,#2055,.T.);
#2617 = ORIENTED_EDGE('',*,*,#2019,.T.);
#2618 = ORIENTED_EDGE('',*,*,#1997,.F.);
#2619 = ORIENTED_EDGE('',*,*,#2079,.F.);
#2620 = CYLINDRICAL_SURFACE('',#2621,4.);
#2621 = AXIS2_PLACEMENT_3D('',#2622,#2623,#2624);
#2622 = CARTESIAN_POINT('',(-20.,-15.,8.5));
#2623 = DIRECTION('',(0.,0.,1.));
#2624 = DIRECTION('',(-1.,0.,0.));
#2625 = ADVANCED_FACE('',(#2626),#2644,.F.);
#2626 = FACE_BOUND('',#2627,.F.);
#2627 = EDGE_LOOP('',(#2628,#2629,#2636,#2643));
#2628 = ORIENTED_EDGE('',*,*,#2038,.T.);
#2629 = ORIENTED_EDGE('',*,*,#2630,.T.);
#2630 = EDGE_CURVE('',#2039,#2631,#2633,.T.);
#2631 = VERTEX_POINT('',#2632);
#2632 = CARTESIAN_POINT('',(-21.7,-15.,-12.));
#2633 = B_SPLINE_CURVE_WITH_KNOTS('',1,(#2634,#2635),.UNSPECIFIED.,.F.,
  .F.,(2,2),(-3.5,2.),.PIECEWISE_BEZIER_KNOTS.);
#2634 = CARTESIAN_POINT('',(-21.7,-15.,-6.5));
#2635 = CARTESIAN_POINT('',(-21.7,-15.,-12.));
#2636 = ORIENTED_EDGE('',*,*,#2637,.T.);
#2637 = EDGE_CURVE('',#2631,#2631,#2638,.T.);
#2638 = CIRCLE('',#2639,1.7);
#2639 = AXIS2_PLACEMENT_3D('',#2640,#2641,#2642);
#2640 = CARTESIAN_POINT('',(-20.,-15.,-12.));
#2641 = DIRECTION('',(0.,0.,1.));
#2642 = DIRECTION('',(-1.,0.,0.));
#2643 = ORIENTED_EDGE('',*,*,#2630,.F.);
#2644 = CYLINDRICAL_SURFACE('',#2645,1.7);
#2645 = AXIS2_PLACEMENT_3D('',#2646,#2647,#2648);
#2646 = CARTESIAN_POINT('',(-20.,-15.,-10.));
#2647 = DIRECTION('',(0.,0.,-1.));
#2648 = DIRECTION('',(-1.,0.,0.));
#2649 = ADVANCED_FACE('',(#2650),#2656,.F.);
#2650 = FACE_BOUND('',#2651,.T.);
#2651 = EDGE_LOOP('',(#2652,#2653,#2654,#2655));
#2652 = ORIENTED_EDGE('',*,*,#2503,.F.);
#2653 = ORIENTED_EDGE('',*,*,#2133,.F.);
#2654 = ORIENTED_EDGE('',*,*,#2457,.T.);
#2655 = ORIENTED_EDGE('',*,*,#2485,.F.);
#2656 = CYLINDRICAL_SURFACE('',#2657,7.5);
#2657 = AXIS2_PLACEMENT_3D('',#2658,#2659,#2660);
#2658 = CARTESIAN_POINT('',(-3.5,-20.5,-30.));
#2659 = DIRECTION('',(1.,0.,0.));
#2660 = DIRECTION('',(0.,-1.,0.));
#2661 = ADVANCED_FACE('',(#2662),#2668,.F.);
#2662 = FACE_BOUND('',#2663,.F.);
#2663 = EDGE_LOOP('',(#2664,#2665,#2666,#2667));
#2664 = ORIENTED_EDGE('',*,*,#2529,.F.);
#2665 = ORIENTED_EDGE('',*,*,#2156,.F.);
#2666 = ORIENTED_EDGE('',*,*,#2575,.T.);
#2667 = ORIENTED_EDGE('',*,*,#2550,.F.);
#2668 = CYLINDRICAL_SURFACE('',#2669,7.5);
#2669 = AXIS2_PLACEMENT_3D('',#2670,#2671,#2672);
#2670 = CARTESIAN_POINT('',(3.5,-20.5,-30.));
#2671 = DIRECTION('',(-1.,0.,0.));
#2672 = DIRECTION('',(0.,-1.,0.));
#2673 = ADVANCED_FACE('',(#2674,#2682),#2685,.F.);
#2674 = FACE_BOUND('',#2675,.F.);
#2675 = EDGE_LOOP('',(#2676,#2677,#2678,#2679,#2680,#2681));
#2676 = ORIENTED_EDGE('',*,*,#2250,.F.);
#2677 = ORIENTED_EDGE('',*,*,#2370,.F.);
#2678 = ORIENTED_EDGE('',*,*,#2346,.F.);
#2679 = ORIENTED_EDGE('',*,*,#2322,.F.);
#2680 = ORIENTED_EDGE('',*,*,#2298,.F.);
#2681 = ORIENTED_EDGE('',*,*,#2274,.F.);
#2682 = FACE_BOUND('',#2683,.F.);
#2683 = EDGE_LOOP('',(#2684));
#2684 = ORIENTED_EDGE('',*,*,#2637,.F.);
#2685 = PLANE('',#2686);
#2686 = AXIS2_PLACEMENT_3D('',#2687,#2688,#2689);
#2687 = CARTESIAN_POINT('',(7.102571E-11,-14.99999999999,-12.));
#2688 = DIRECTION('',(0.,7.5E-16,1.));
#2689 = DIRECTION('',(0.,1.,-7.5E-16));
#2690 = ADVANCED_FACE('',(#2691),#2719,.F.);
#2691 = FACE_BOUND('',#2692,.T.);
#2692 = EDGE_LOOP('',(#2693,#2704,#2710,#2711,#2712));
#2693 = ORIENTED_EDGE('',*,*,#2694,.F.);
#2694 = EDGE_CURVE('',#2695,#2697,#2699,.T.);
#2695 = VERTEX_POINT('',#2696);
#2696 = CARTESIAN_POINT('',(-10.87791089416,-20.5,13.838820362481));
#2697 = VERTEX_POINT('',#2698);
#2698 = CARTESIAN_POINT('',(-13.52377173359,-20.5,15.157163010655));
#2699 = CIRCLE('',#2700,1.651373116341);
#2700 = AXIS2_PLACEMENT_3D('',#2701,#2702,#2703);
#2701 = CARTESIAN_POINT('',(-12.5292840105,-20.5,13.838820362481));
#2702 = DIRECTION('',(0.,-1.,2.22044604925E-16));
#2703 = DIRECTION('',(1.,0.,0.));
#2704 = ORIENTED_EDGE('',*,*,#2705,.T.);
#2705 = EDGE_CURVE('',#2695,#2431,#2706,.T.);
#2706 = LINE('',#2707,#2708);
#2707 = CARTESIAN_POINT('',(-10.87791089416,-20.5,13.838820362481));
#2708 = VECTOR('',#2709,1.);
#2709 = DIRECTION('',(0.,-1.,2.22044604925E-16));
#2710 = ORIENTED_EDGE('',*,*,#2430,.T.);
#2711 = ORIENTED_EDGE('',*,*,#2705,.F.);
#2712 = ORIENTED_EDGE('',*,*,#2713,.F.);
#2713 = EDGE_CURVE('',#2697,#2695,#2714,.T.);
#2714 = CIRCLE('',#2715,1.651373116341);
#2715 = AXIS2_PLACEMENT_3D('',#2716,#2717,#2718);
#2716 = CARTESIAN_POINT('',(-12.5292840105,-20.5,13.838820362481));
#2717 = DIRECTION('',(0.,-1.,2.22044604925E-16));
#2718 = DIRECTION('',(1.,0.,0.));
#2719 = CYLINDRICAL_SURFACE('',#2720,1.651373116341);
#2720 = AXIS2_PLACEMENT_3D('',#2721,#2722,#2723);
#2721 = CARTESIAN_POINT('',(-12.5292840105,-20.5,13.838820362481));
#2722 = DIRECTION('',(0.,1.,-2.22044604925E-16));
#2723 = DIRECTION('',(1.,0.,0.));
#2724 = ADVANCED_FACE('',(#2725,#2745),#2749,.T.);
#2725 = FACE_BOUND('',#2726,.T.);
#2726 = EDGE_LOOP('',(#2727,#2738));
#2727 = ORIENTED_EDGE('',*,*,#2728,.F.);
#2728 = EDGE_CURVE('',#2729,#2731,#2733,.T.);
#2729 = VERTEX_POINT('',#2730);
#2730 = CARTESIAN_POINT('',(-13.52377173359,-20.5,15.157163010655));
#2731 = VERTEX_POINT('',#2732);
#2732 = CARTESIAN_POINT('',(-10.8,-20.5,13.8));
#2733 = CIRCLE('',#2734,1.7);
#2734 = AXIS2_PLACEMENT_3D('',#2735,#2736,#2737);
#2735 = CARTESIAN_POINT('',(-12.5,-20.5,13.8));
#2736 = DIRECTION('',(0.,-1.,0.));
#2737 = DIRECTION('',(1.,-0.,-0.));
#2738 = ORIENTED_EDGE('',*,*,#2739,.F.);
#2739 = EDGE_CURVE('',#2731,#2729,#2740,.T.);
#2740 = CIRCLE('',#2741,1.7);
#2741 = AXIS2_PLACEMENT_3D('',#2742,#2743,#2744);
#2742 = CARTESIAN_POINT('',(-12.5,-20.5,13.8));
#2743 = DIRECTION('',(0.,-1.,0.));
#2744 = DIRECTION('',(1.,-0.,-0.));
#2745 = FACE_BOUND('',#2746,.T.);
#2746 = EDGE_LOOP('',(#2747,#2748));
#2747 = ORIENTED_EDGE('',*,*,#2713,.T.);
#2748 = ORIENTED_EDGE('',*,*,#2694,.T.);
#2749 = PLANE('',#2750);
#2750 = AXIS2_PLACEMENT_3D('',#2751,#2752,#2753);
#2751 = CARTESIAN_POINT('',(2.301205417747E-02,-20.5,17.521231746394));
#2752 = DIRECTION('',(0.,1.,0.));
#2753 = DIRECTION('',(0.,0.,1.));
#2754 = ADVANCED_FACE('',(#2755),#2784,.F.);
#2755 = FACE_BOUND('',#2756,.T.);
#2756 = EDGE_LOOP('',(#2757,#2768,#2775,#2781,#2782,#2783));
#2757 = ORIENTED_EDGE('',*,*,#2758,.T.);
#2758 = EDGE_CURVE('',#2759,#2761,#2763,.T.);
#2759 = VERTEX_POINT('',#2760);
#2760 = CARTESIAN_POINT('',(-10.8,-13.2,13.8));
#2761 = VERTEX_POINT('',#2762);
#2762 = CARTESIAN_POINT('',(-14.2,-13.2,13.8));
#2763 = CIRCLE('',#2764,1.7);
#2764 = AXIS2_PLACEMENT_3D('',#2765,#2766,#2767);
#2765 = CARTESIAN_POINT('',(-12.5,-13.2,13.8));
#2766 = DIRECTION('',(0.,1.,-0.));
#2767 = DIRECTION('',(-1.,0.,0.));
#2768 = ORIENTED_EDGE('',*,*,#2769,.T.);
#2769 = EDGE_CURVE('',#2761,#2759,#2770,.T.);
#2770 = CIRCLE('',#2771,1.7);
#2771 = AXIS2_PLACEMENT_3D('',#2772,#2773,#2774);
#2772 = CARTESIAN_POINT('',(-12.5,-13.2,13.8));
#2773 = DIRECTION('',(0.,1.,-0.));
#2774 = DIRECTION('',(-1.,0.,0.));
#2775 = ORIENTED_EDGE('',*,*,#2776,.T.);
#2776 = EDGE_CURVE('',#2759,#2731,#2777,.T.);
#2777 = LINE('',#2778,#2779);
#2778 = CARTESIAN_POINT('',(-10.8,-10.,13.8));
#2779 = VECTOR('',#2780,1.);
#2780 = DIRECTION('',(0.,-1.,2.2E-16));
#2781 = ORIENTED_EDGE('',*,*,#2739,.T.);
#2782 = ORIENTED_EDGE('',*,*,#2728,.T.);
#2783 = ORIENTED_EDGE('',*,*,#2776,.F.);
#2784 = CYLINDRICAL_SURFACE('',#2785,1.7);
#2785 = AXIS2_PLACEMENT_3D('',#2786,#2787,#2788);
#2786 = CARTESIAN_POINT('',(-12.5,-10.,13.8));
#2787 = DIRECTION('',(0.,1.,-2.2E-16));
#2788 = DIRECTION('',(1.,0.,0.));
#2789 = ADVANCED_FACE('',(#2790),#2794,.F.);
#2790 = FACE_BOUND('',#2791,.F.);
#2791 = EDGE_LOOP('',(#2792,#2793));
#2792 = ORIENTED_EDGE('',*,*,#2769,.T.);
#2793 = ORIENTED_EDGE('',*,*,#2758,.T.);
#2794 = PLANE('',#2795);
#2795 = AXIS2_PLACEMENT_3D('',#2796,#2797,#2798);
#2796 = CARTESIAN_POINT('',(-8.E-16,-13.2,13.8));
#2797 = DIRECTION('',(0.,1.,0.));
#2798 = DIRECTION('',(0.,0.,1.));
#2799 = ADVANCED_FACE('',(#2800),#2835,.T.);
#2800 = FACE_BOUND('',#2801,.T.);
#2801 = EDGE_LOOP('',(#2802,#2803,#2804,#2805,#2806,#2812,#2813,#2821,
    #2829));
#2802 = ORIENTED_EDGE('',*,*,#254,.T.);
#2803 = ORIENTED_EDGE('',*,*,#1065,.T.);
#2804 = ORIENTED_EDGE('',*,*,#1548,.T.);
#2805 = ORIENTED_EDGE('',*,*,#2422,.T.);
#2806 = ORIENTED_EDGE('',*,*,#2807,.F.);
#2807 = EDGE_CURVE('',#2206,#2415,#2808,.T.);
#2808 = LINE('',#2809,#2810);
#2809 = CARTESIAN_POINT('',(-11.68105057726,-20.5,20.145811362072));
#2810 = VECTOR('',#2811,1.);
#2811 = DIRECTION('',(0.,-1.,2.22044604925E-16));
#2812 = ORIENTED_EDGE('',*,*,#2205,.F.);
#2813 = ORIENTED_EDGE('',*,*,#2814,.F.);
#2814 = EDGE_CURVE('',#2815,#2198,#2817,.T.);
#2815 = VERTEX_POINT('',#2816);
#2816 = CARTESIAN_POINT('',(-7.705721313742,-25.,23.17842694051));
#2817 = LINE('',#2818,#2819);
#2818 = CARTESIAN_POINT('',(-7.705721313742,-20.5,23.17842694051));
#2819 = VECTOR('',#2820,1.);
#2820 = DIRECTION('',(0.,1.,-2.2E-16));
#2821 = ORIENTED_EDGE('',*,*,#2822,.T.);
#2822 = EDGE_CURVE('',#2815,#2823,#2825,.T.);
#2823 = VERTEX_POINT('',#2824);
#2824 = CARTESIAN_POINT('',(-2.48674477432,-25.,27.159769996088));
#2825 = LINE('',#2826,#2827);
#2826 = CARTESIAN_POINT('',(-7.705721313742,-25.,23.17842694051));
#2827 = VECTOR('',#2828,1.);
#2828 = DIRECTION('',(0.795065852704,1.346751856008E-16,0.606523115688)
  );
#2829 = ORIENTED_EDGE('',*,*,#2830,.F.);
#2830 = EDGE_CURVE('',#255,#2823,#2831,.T.);
#2831 = LINE('',#2832,#2833);
#2832 = CARTESIAN_POINT('',(-2.48674477432,-20.5,27.159769996088));
#2833 = VECTOR('',#2834,1.);
#2834 = DIRECTION('',(0.,-1.,2.22044604925E-16));
#2835 = PLANE('',#2836);
#2836 = AXIS2_PLACEMENT_3D('',#2837,#2838,#2839);
#2837 = CARTESIAN_POINT('',(-9.032384911459,-17.74310107272,
    22.166369717803));
#2838 = DIRECTION('',(-0.606523115688,2.099015405932E-16,0.795065852704)
  );
#2839 = DIRECTION('',(0.795065852704,0.,0.606523115688));
#2840 = ADVANCED_FACE('',(#2841,#2884),#2904,.F.);
#2841 = FACE_BOUND('',#2842,.T.);
#2842 = EDGE_LOOP('',(#2843,#2854,#2861,#2862,#2870,#2878));
#2843 = ORIENTED_EDGE('',*,*,#2844,.T.);
#2844 = EDGE_CURVE('',#2845,#2847,#2849,.T.);
#2845 = VERTEX_POINT('',#2846);
#2846 = CARTESIAN_POINT('',(2.48674477432,-25.,27.159769996088));
#2847 = VERTEX_POINT('',#2848);
#2848 = CARTESIAN_POINT('',(1.24435682318E-15,-25.,28.));
#2849 = CIRCLE('',#2850,4.1);
#2850 = AXIS2_PLACEMENT_3D('',#2851,#2852,#2853);
#2851 = CARTESIAN_POINT('',(-7.44540174304E-16,-25.,23.9));
#2852 = DIRECTION('',(0.,-1.,2.22044604925E-16));
#2853 = DIRECTION('',(1.,0.,0.));
#2854 = ORIENTED_EDGE('',*,*,#2855,.T.);
#2855 = EDGE_CURVE('',#2847,#2823,#2856,.T.);
#2856 = CIRCLE('',#2857,4.1);
#2857 = AXIS2_PLACEMENT_3D('',#2858,#2859,#2860);
#2858 = CARTESIAN_POINT('',(-1.909522125779E-31,-25.,23.9));
#2859 = DIRECTION('',(0.,-1.,2.22044604925E-16));
#2860 = DIRECTION('',(1.,0.,0.));
#2861 = ORIENTED_EDGE('',*,*,#2822,.F.);
#2862 = ORIENTED_EDGE('',*,*,#2863,.F.);
#2863 = EDGE_CURVE('',#2864,#2815,#2866,.T.);
#2864 = VERTEX_POINT('',#2865);
#2865 = CARTESIAN_POINT('',(8.881784197001E-16,-25.,13.077318295924));
#2866 = LINE('',#2867,#2868);
#2867 = CARTESIAN_POINT('',(8.881784197001E-16,-25.,13.077318295924));
#2868 = VECTOR('',#2869,1.);
#2869 = DIRECTION('',(-0.606523115688,1.765400831531E-16,0.795065852704)
  );
#2870 = ORIENTED_EDGE('',*,*,#2871,.F.);
#2871 = EDGE_CURVE('',#2872,#2864,#2874,.T.);
#2872 = VERTEX_POINT('',#2873);
#2873 = CARTESIAN_POINT('',(7.705721313742,-25.,23.17842694051));
#2874 = LINE('',#2875,#2876);
#2875 = CARTESIAN_POINT('',(7.705721313742,-25.,23.17842694051));
#2876 = VECTOR('',#2877,1.);
#2877 = DIRECTION('',(-0.606523115688,-1.765400831531E-16,
    -0.795065852704));
#2878 = ORIENTED_EDGE('',*,*,#2879,.F.);
#2879 = EDGE_CURVE('',#2845,#2872,#2880,.T.);
#2880 = LINE('',#2881,#2882);
#2881 = CARTESIAN_POINT('',(2.48674477432,-25.,27.159769996088));
#2882 = VECTOR('',#2883,1.);
#2883 = DIRECTION('',(0.795065852704,-1.346751856008E-16,-0.606523115688
    ));
#2884 = FACE_BOUND('',#2885,.F.);
#2885 = EDGE_LOOP('',(#2886,#2897));
#2886 = ORIENTED_EDGE('',*,*,#2887,.T.);
#2887 = EDGE_CURVE('',#2888,#2890,#2892,.T.);
#2888 = VERTEX_POINT('',#2889);
#2889 = CARTESIAN_POINT('',(1.7,-25.,23.9));
#2890 = VERTEX_POINT('',#2891);
#2891 = CARTESIAN_POINT('',(-1.040949779275E-16,-25.,22.2));
#2892 = CIRCLE('',#2893,1.7);
#2893 = AXIS2_PLACEMENT_3D('',#2894,#2895,#2896);
#2894 = CARTESIAN_POINT('',(-7.44540174304E-16,-25.,23.9));
#2895 = DIRECTION('',(0.,-1.,2.22044604925E-16));
#2896 = DIRECTION('',(1.,0.,0.));
#2897 = ORIENTED_EDGE('',*,*,#2898,.T.);
#2898 = EDGE_CURVE('',#2890,#2888,#2899,.T.);
#2899 = CIRCLE('',#2900,1.7);
#2900 = AXIS2_PLACEMENT_3D('',#2901,#2902,#2903);
#2901 = CARTESIAN_POINT('',(-7.44540174304E-16,-25.,23.9));
#2902 = DIRECTION('',(0.,-1.,2.22044604925E-16));
#2903 = DIRECTION('',(1.,0.,0.));
#2904 = PLANE('',#2905);
#2905 = AXIS2_PLACEMENT_3D('',#2906,#2907,#2908);
#2906 = CARTESIAN_POINT('',(2.301205417747E-02,-25.,17.521231746394));
#2907 = DIRECTION('',(0.,1.,0.));
#2908 = DIRECTION('',(0.,0.,1.));
#2909 = ADVANCED_FACE('',(#2910),#2936,.T.);
#2910 = FACE_BOUND('',#2911,.T.);
#2911 = EDGE_LOOP('',(#2912,#2913,#2919,#2920,#2926,#2927,#2933,#2934,
    #2935));
#2912 = ORIENTED_EDGE('',*,*,#280,.F.);
#2913 = ORIENTED_EDGE('',*,*,#2914,.T.);
#2914 = EDGE_CURVE('',#272,#2845,#2915,.T.);
#2915 = LINE('',#2916,#2917);
#2916 = CARTESIAN_POINT('',(2.48674477432,-10.,27.159769996088));
#2917 = VECTOR('',#2918,1.);
#2918 = DIRECTION('',(0.,-1.,2.2E-16));
#2919 = ORIENTED_EDGE('',*,*,#2879,.T.);
#2920 = ORIENTED_EDGE('',*,*,#2921,.F.);
#2921 = EDGE_CURVE('',#2182,#2872,#2922,.T.);
#2922 = LINE('',#2923,#2924);
#2923 = CARTESIAN_POINT('',(7.705721313742,-20.5,23.17842694051));
#2924 = VECTOR('',#2925,1.);
#2925 = DIRECTION('',(0.,-1.,2.22044604925E-16));
#2926 = ORIENTED_EDGE('',*,*,#2181,.T.);
#2927 = ORIENTED_EDGE('',*,*,#2928,.F.);
#2928 = EDGE_CURVE('',#2592,#2174,#2929,.T.);
#2929 = LINE('',#2930,#2931);
#2930 = CARTESIAN_POINT('',(11.681050577263,-20.5,20.145811362072));
#2931 = VECTOR('',#2932,1.);
#2932 = DIRECTION('',(0.,1.,-2.2E-16));
#2933 = ORIENTED_EDGE('',*,*,#2599,.T.);
#2934 = ORIENTED_EDGE('',*,*,#1854,.F.);
#2935 = ORIENTED_EDGE('',*,*,#1082,.F.);
#2936 = PLANE('',#2937);
#2937 = AXIS2_PLACEMENT_3D('',#2938,#2939,#2940);
#2938 = CARTESIAN_POINT('',(9.032384911459,-17.74310107272,
    22.166369717803));
#2939 = DIRECTION('',(0.606523115688,2.20665701644E-16,0.795065852704));
#2940 = DIRECTION('',(0.795065852704,0.,-0.606523115688));
#2941 = ADVANCED_FACE('',(#2942),#2949,.T.);
#2942 = FACE_BOUND('',#2943,.T.);
#2943 = EDGE_LOOP('',(#2944,#2945,#2946,#2947,#2948));
#2944 = ORIENTED_EDGE('',*,*,#2807,.T.);
#2945 = ORIENTED_EDGE('',*,*,#2414,.T.);
#2946 = ORIENTED_EDGE('',*,*,#1565,.F.);
#2947 = ORIENTED_EDGE('',*,*,#1580,.T.);
#2948 = ORIENTED_EDGE('',*,*,#2213,.F.);
#2949 = PLANE('',#2950);
#2950 = AXIS2_PLACEMENT_3D('',#2951,#2952,#2953);
#2951 = CARTESIAN_POINT('',(-10.30162712004,-21.25,18.337582691333));
#2952 = DIRECTION('',(0.795065852704,-1.486954308378E-16,0.606523115688)
  );
#2953 = DIRECTION('',(-0.606523115688,0.,0.795065852704));
#2954 = ADVANCED_FACE('',(#2955),#2966,.T.);
#2955 = FACE_BOUND('',#2956,.T.);
#2956 = EDGE_LOOP('',(#2957,#2958,#2959,#2965));
#2957 = ORIENTED_EDGE('',*,*,#2814,.T.);
#2958 = ORIENTED_EDGE('',*,*,#2197,.T.);
#2959 = ORIENTED_EDGE('',*,*,#2960,.F.);
#2960 = EDGE_CURVE('',#2864,#2190,#2961,.T.);
#2961 = LINE('',#2962,#2963);
#2962 = CARTESIAN_POINT('',(4.4E-16,-20.5,13.077318295924));
#2963 = VECTOR('',#2964,1.);
#2964 = DIRECTION('',(0.,1.,-2.2E-16));
#2965 = ORIENTED_EDGE('',*,*,#2863,.T.);
#2966 = PLANE('',#2967);
#2967 = AXIS2_PLACEMENT_3D('',#2968,#2969,#2970);
#2968 = CARTESIAN_POINT('',(-3.852860656871,-21.25,18.127872618217));
#2969 = DIRECTION('',(-0.795065852704,-2.115108259729E-16,
    -0.606523115688));
#2970 = DIRECTION('',(0.606523115688,1.232595164408E-32,-0.795065852704)
  );
#2971 = ADVANCED_FACE('',(#2972),#2979,.T.);
#2972 = FACE_BOUND('',#2973,.T.);
#2973 = EDGE_LOOP('',(#2974,#2975,#2976,#2977,#2978));
#2974 = ORIENTED_EDGE('',*,*,#2928,.T.);
#2975 = ORIENTED_EDGE('',*,*,#2173,.T.);
#2976 = ORIENTED_EDGE('',*,*,#1812,.F.);
#2977 = ORIENTED_EDGE('',*,*,#1837,.T.);
#2978 = ORIENTED_EDGE('',*,*,#2591,.T.);
#2979 = PLANE('',#2980);
#2980 = AXIS2_PLACEMENT_3D('',#2981,#2982,#2983);
#2981 = CARTESIAN_POINT('',(10.301627120047,-21.25,18.337582691333));
#2982 = DIRECTION('',(-0.795065852704,-2.194898801241E-16,0.606523115688
    ));
#2983 = DIRECTION('',(-0.606523115688,0.,-0.795065852704));
#2984 = ADVANCED_FACE('',(#2985),#2991,.T.);
#2985 = FACE_BOUND('',#2986,.T.);
#2986 = EDGE_LOOP('',(#2987,#2988,#2989,#2990));
#2987 = ORIENTED_EDGE('',*,*,#2921,.T.);
#2988 = ORIENTED_EDGE('',*,*,#2871,.T.);
#2989 = ORIENTED_EDGE('',*,*,#2960,.T.);
#2990 = ORIENTED_EDGE('',*,*,#2189,.F.);
#2991 = PLANE('',#2992);
#2992 = AXIS2_PLACEMENT_3D('',#2993,#2994,#2995);
#2993 = CARTESIAN_POINT('',(3.852860656871,-21.25,18.127872618217));
#2994 = DIRECTION('',(0.795065852704,-1.465509986901E-16,-0.606523115688
    ));
#2995 = DIRECTION('',(0.606523115688,0.,0.795065852704));
#2996 = ADVANCED_FACE('',(#2997),#3005,.T.);
#2997 = FACE_BOUND('',#2998,.T.);
#2998 = EDGE_LOOP('',(#2999,#3000,#3001,#3002,#3003,#3004));
#2999 = ORIENTED_EDGE('',*,*,#2855,.F.);
#3000 = ORIENTED_EDGE('',*,*,#2844,.F.);
#3001 = ORIENTED_EDGE('',*,*,#2914,.F.);
#3002 = ORIENTED_EDGE('',*,*,#271,.F.);
#3003 = ORIENTED_EDGE('',*,*,#262,.T.);
#3004 = ORIENTED_EDGE('',*,*,#2830,.T.);
#3005 = CYLINDRICAL_SURFACE('',#3006,4.1);
#3006 = AXIS2_PLACEMENT_3D('',#3007,#3008,#3009);
#3007 = CARTESIAN_POINT('',(0.,-10.,23.9));
#3008 = DIRECTION('',(0.,1.,-2.2E-16));
#3009 = DIRECTION('',(-1.,0.,0.));
#3010 = ADVANCED_FACE('',(#3011),#3023,.F.);
#3011 = FACE_BOUND('',#3012,.F.);
#3012 = EDGE_LOOP('',(#3013,#3014,#3019,#3020,#3021,#3022));
#3013 = ORIENTED_EDGE('',*,*,#432,.T.);
#3014 = ORIENTED_EDGE('',*,*,#3015,.F.);
#3015 = EDGE_CURVE('',#2890,#424,#3016,.T.);
#3016 = B_SPLINE_CURVE_WITH_KNOTS('',1,(#3017,#3018),.UNSPECIFIED.,.F.,
  .F.,(2,2),(-15.,0.),.PIECEWISE_BEZIER_KNOTS.);
#3017 = CARTESIAN_POINT('',(3.122849337826E-16,-25.,22.2));
#3018 = CARTESIAN_POINT('',(3.122849337826E-16,-10.,22.2));
#3019 = ORIENTED_EDGE('',*,*,#2887,.F.);
#3020 = ORIENTED_EDGE('',*,*,#2898,.F.);
#3021 = ORIENTED_EDGE('',*,*,#3015,.T.);
#3022 = ORIENTED_EDGE('',*,*,#421,.F.);
#3023 = CYLINDRICAL_SURFACE('',#3024,1.7);
#3024 = AXIS2_PLACEMENT_3D('',#3025,#3026,#3027);
#3025 = CARTESIAN_POINT('',(0.,-10.,23.9));
#3026 = DIRECTION('',(0.,1.,-2.2E-16));
#3027 = DIRECTION('',(-1.,0.,0.));
#3028 = ( GEOMETRIC_REPRESENTATION_CONTEXT(3) 
GLOBAL_UNCERTAINTY_ASSIGNED_CONTEXT((#3032)) 
GLOBAL_UNIT_ASSIGNED_CONTEXT((#3029,#3030,#3031)) REPRESENTATION_CONTEXT
('Context #1','3D Context with UNIT and UNCERTAINTY') );
#3029 = ( LENGTH_UNIT() NAMED_UNIT(*) SI_UNIT(.MILLI.,.METRE.) );
#3030 = ( NAMED_UNIT(*) PLANE_ANGLE_UNIT() SI_UNIT($,.RADIAN.) );
#3031 = ( NAMED_UNIT(*) SI_UNIT($,.STERADIAN.) SOLID_ANGLE_UNIT() );
#3032 = UNCERTAINTY_MEASURE_WITH_UNIT(LENGTH_MEASURE(1.E-05),#3029,
  'distance_accuracy_value','confusion accuracy');
#3033 = PRODUCT_RELATED_PRODUCT_CATEGORY('part',$,(#7));
#3034 = MECHANICAL_DESIGN_GEOMETRIC_PRESENTATION_REPRESENTATION('',(
    #3035),#3028);
#3035 = STYLED_ITEM('color',(#3036),#15);
#3036 = PRESENTATION_STYLE_ASSIGNMENT((#3037,#3045));
#3037 = SURFACE_STYLE_USAGE(.BOTH.,#3038);
#3038 = SURFACE_SIDE_STYLE('',(#3039,#3043));
#3039 = SURFACE_STYLE_FILL_AREA(#3040);
#3040 = FILL_AREA_STYLE('',(#3041));
#3041 = FILL_AREA_STYLE_COLOUR('',#3042);
#3042 = COLOUR_RGB('',0.596078458879,0.,0.584313743644);
#3043 = SURFACE_STYLE_RENDERING_WITH_PROPERTIES(.NORMAL_SHADING.,#3042,(
    #3044));
#3044 = SURFACE_STYLE_TRANSPARENT(0.5);
#3045 = CURVE_STYLE('',#3046,POSITIVE_LENGTH_MEASURE(0.1),#3047);
#3046 = DRAUGHTING_PRE_DEFINED_CURVE_FONT('continuous');
#3047 = COLOUR_RGB('',9.803921802644E-02,9.803921802644E-02,
  9.803921802644E-02);
ENDSEC;
END-ISO-10303-21;
