ISO-10303-21;
HEADER;
FILE_DESCRIPTION(('FreeCAD Model'),'2;1');
FILE_NAME('Open CASCADE Shape Model','2025-09-19T09:57:09',(''),(''),
  'Open CASCADE STEP processor 7.9','FreeCAD','Unknown');
FILE_SCHEMA(('AUTOMOTIVE_DESIGN { 1 0 10303 214 1 1 1 1 }'));
ENDSEC;
DATA;
#1 = APPLICATION_PROTOCOL_DEFINITION('international standard',
  'automotive_design',2000,#2);
#2 = APPLICATION_CONTEXT(
  'core data for automotive mechanical design processes');
#3 = SHAPE_DEFINITION_REPRESENTATION(#4,#10);
#4 = PRODUCT_DEFINITION_SHAPE('','',#5);
#5 = PRODUCT_DEFINITION('design','',#6,#9);
#6 = PRODUCT_DEFINITION_FORMATION('','',#7);
#7 = PRODUCT('Rudy2','Rudy2','',(#8));
#8 = PRODUCT_CONTEXT('',#2,'mechanical');
#9 = PRODUCT_DEFINITION_CONTEXT('part definition',#2,'design');
#10 = SHAPE_REPRESENTATION('',(#11,#15,#19,#23,#27,#31,#35,#39,#43),#47
  );
#11 = AXIS2_PLACEMENT_3D('',#12,#13,#14);
#12 = CARTESIAN_POINT('',(0.,0.,0.));
#13 = DIRECTION('',(0.,0.,1.));
#14 = DIRECTION('',(1.,0.,-0.));
#15 = AXIS2_PLACEMENT_3D('',#16,#17,#18);
#16 = CARTESIAN_POINT('',(75.,-95.,-25.));
#17 = DIRECTION('',(0.,0.,1.));
#18 = DIRECTION('',(1.,0.,0.));
#19 = AXIS2_PLACEMENT_3D('',#20,#21,#22);
#20 = CARTESIAN_POINT('',(0.,0.,0.));
#21 = DIRECTION('',(0.,0.,1.));
#22 = DIRECTION('',(1.,0.,0.));
#23 = AXIS2_PLACEMENT_3D('',#24,#25,#26);
#24 = CARTESIAN_POINT('',(75.,55.,-25.));
#25 = DIRECTION('',(0.,0.,1.));
#26 = DIRECTION('',(1.,0.,0.));
#27 = AXIS2_PLACEMENT_3D('',#28,#29,#30);
#28 = CARTESIAN_POINT('',(0.,0.,0.));
#29 = DIRECTION('',(0.,0.,1.));
#30 = DIRECTION('',(1.,0.,0.));
#31 = AXIS2_PLACEMENT_3D('',#32,#33,#34);
#32 = CARTESIAN_POINT('',(-85.,-20.,-20.));
#33 = DIRECTION('',(0.,0.,1.));
#34 = DIRECTION('',(-2.22044604925E-16,-1.,0.));
#35 = AXIS2_PLACEMENT_3D('',#36,#37,#38);
#36 = CARTESIAN_POINT('',(85.,-20.,-20.));
#37 = DIRECTION('',(0.,0.,1.));
#38 = DIRECTION('',(-2.22044604925E-16,-1.,0.));
#39 = AXIS2_PLACEMENT_3D('',#40,#41,#42);
#40 = CARTESIAN_POINT('',(0.,-105.,-20.));
#41 = DIRECTION('',(0.,0.,1.));
#42 = DIRECTION('',(1.,0.,0.));
#43 = AXIS2_PLACEMENT_3D('',#44,#45,#46);
#44 = CARTESIAN_POINT('',(0.,65.,-20.));
#45 = DIRECTION('',(0.,0.,1.));
#46 = DIRECTION('',(1.,0.,0.));
#47 = ( GEOMETRIC_REPRESENTATION_CONTEXT(3) 
GLOBAL_UNCERTAINTY_ASSIGNED_CONTEXT((#51)) GLOBAL_UNIT_ASSIGNED_CONTEXT(
(#48,#49,#50)) REPRESENTATION_CONTEXT('Context #1',
  '3D Context with UNIT and UNCERTAINTY') );
#48 = ( LENGTH_UNIT() NAMED_UNIT(*) SI_UNIT(.MILLI.,.METRE.) );
#49 = ( NAMED_UNIT(*) PLANE_ANGLE_UNIT() SI_UNIT($,.RADIAN.) );
#50 = ( NAMED_UNIT(*) SI_UNIT($,.STERADIAN.) SOLID_ANGLE_UNIT() );
#51 = UNCERTAINTY_MEASURE_WITH_UNIT(LENGTH_MEASURE(5.E-03),#48,
  'distance_accuracy_value','confusion accuracy');
#52 = PRODUCT_RELATED_PRODUCT_CATEGORY('part',$,(#7));
#53 = SHAPE_DEFINITION_REPRESENTATION(#54,#60);
#54 = PRODUCT_DEFINITION_SHAPE('','',#55);
#55 = PRODUCT_DEFINITION('design','',#56,#59);
#56 = PRODUCT_DEFINITION_FORMATION('','',#57);
#57 = PRODUCT('BedCornerFrontRight','BedCornerFrontRight','',(#58));
#58 = PRODUCT_CONTEXT('',#2,'mechanical');
#59 = PRODUCT_DEFINITION_CONTEXT('part definition',#2,'design');
#60 = ADVANCED_BREP_SHAPE_REPRESENTATION('',(#11,#61),#2649);
#61 = MANIFOLD_SOLID_BREP('',#62);
#62 = CLOSED_SHELL('',(#63,#88,#159,#271,#295,#327,#344,#368,#400,#417,
    #451,#462,#678,#695,#729,#740,#771,#810,#850,#889,#913,#979,#1027,
    #1123,#1219,#1250,#1324,#1348,#1372,#1396,#1413,#1473,#1536,#1635,
    #1713,#1730,#1747,#1774,#1836,#1846,#1870,#1925,#1936,#1953,#2015,
    #2025,#2049,#2104,#2115,#2132,#2163,#2187,#2211,#2235,#2259,#2276,
    #2298,#2315,#2327,#2344,#2392,#2440,#2452,#2469,#2492,#2503,#2519,
    #2537,#2548,#2559,#2582,#2593,#2609,#2627,#2638));
#63 = ADVANCED_FACE('',(#64),#83,.T.);
#64 = FACE_BOUND('',#65,.T.);
#65 = EDGE_LOOP('',(#66,#76));
#66 = ORIENTED_EDGE('',*,*,#67,.T.);
#67 = EDGE_CURVE('',#68,#70,#72,.T.);
#68 = VERTEX_POINT('',#69);
#69 = CARTESIAN_POINT('',(11.6,9.90336756548,2.));
#70 = VERTEX_POINT('',#71);
#71 = CARTESIAN_POINT('',(11.6,15.09663243452,2.));
#72 = LINE('',#73,#74);
#73 = CARTESIAN_POINT('',(11.6,11.20168378274,2.));
#74 = VECTOR('',#75,1.);
#75 = DIRECTION('',(0.,1.,0.));
#76 = ORIENTED_EDGE('',*,*,#77,.T.);
#77 = EDGE_CURVE('',#70,#68,#78,.T.);
#78 = CIRCLE('',#79,3.05);
#79 = AXIS2_PLACEMENT_3D('',#80,#81,#82);
#80 = CARTESIAN_POINT('',(10.,12.5,2.));
#81 = DIRECTION('',(0.,0.,-1.));
#82 = DIRECTION('',(-1.,0.,0.));
#83 = PLANE('',#84);
#84 = AXIS2_PLACEMENT_3D('',#85,#86,#87);
#85 = CARTESIAN_POINT('',(10.,12.5,2.));
#86 = DIRECTION('',(0.,0.,-1.));
#87 = DIRECTION('',(-1.,0.,0.));
#88 = ADVANCED_FACE('',(#89),#154,.T.);
#89 = FACE_BOUND('',#90,.T.);
#90 = EDGE_LOOP('',(#91,#92,#100,#108,#116,#124,#132,#140,#148));
#91 = ORIENTED_EDGE('',*,*,#67,.F.);
#92 = ORIENTED_EDGE('',*,*,#93,.T.);
#93 = EDGE_CURVE('',#68,#94,#96,.T.);
#94 = VERTEX_POINT('',#95);
#95 = CARTESIAN_POINT('',(11.6,9.90336756548,2.2));
#96 = LINE('',#97,#98);
#97 = CARTESIAN_POINT('',(11.6,9.90336756548,0.));
#98 = VECTOR('',#99,1.);
#99 = DIRECTION('',(0.,0.,1.));
#100 = ORIENTED_EDGE('',*,*,#101,.T.);
#101 = EDGE_CURVE('',#94,#102,#104,.T.);
#102 = VERTEX_POINT('',#103);
#103 = CARTESIAN_POINT('',(11.6,10.9,2.2));
#104 = LINE('',#105,#106);
#105 = CARTESIAN_POINT('',(11.6,9.90336756548,2.2));
#106 = VECTOR('',#107,1.);
#107 = DIRECTION('',(0.,1.,0.));
#108 = ORIENTED_EDGE('',*,*,#109,.T.);
#109 = EDGE_CURVE('',#102,#110,#112,.T.);
#110 = VERTEX_POINT('',#111);
#111 = CARTESIAN_POINT('',(11.6,10.9,2.4));
#112 = LINE('',#113,#114);
#113 = CARTESIAN_POINT('',(11.6,10.9,0.));
#114 = VECTOR('',#115,1.);
#115 = DIRECTION('',(0.,0.,1.));
#116 = ORIENTED_EDGE('',*,*,#117,.T.);
#117 = EDGE_CURVE('',#110,#118,#120,.T.);
#118 = VERTEX_POINT('',#119);
#119 = CARTESIAN_POINT('',(11.6,12.5,2.4));
#120 = LINE('',#121,#122);
#121 = CARTESIAN_POINT('',(11.6,10.9,2.4));
#122 = VECTOR('',#123,1.);
#123 = DIRECTION('',(0.,1.,0.));
#124 = ORIENTED_EDGE('',*,*,#125,.T.);
#125 = EDGE_CURVE('',#118,#126,#128,.T.);
#126 = VERTEX_POINT('',#127);
#127 = CARTESIAN_POINT('',(11.6,14.1,2.4));
#128 = LINE('',#129,#130);
#129 = CARTESIAN_POINT('',(11.6,10.9,2.4));
#130 = VECTOR('',#131,1.);
#131 = DIRECTION('',(0.,1.,0.));
#132 = ORIENTED_EDGE('',*,*,#133,.F.);
#133 = EDGE_CURVE('',#134,#126,#136,.T.);
#134 = VERTEX_POINT('',#135);
#135 = CARTESIAN_POINT('',(11.6,14.1,2.2));
#136 = LINE('',#137,#138);
#137 = CARTESIAN_POINT('',(11.6,14.1,0.));
#138 = VECTOR('',#139,1.);
#139 = DIRECTION('',(0.,0.,1.));
#140 = ORIENTED_EDGE('',*,*,#141,.T.);
#141 = EDGE_CURVE('',#134,#142,#144,.T.);
#142 = VERTEX_POINT('',#143);
#143 = CARTESIAN_POINT('',(11.6,15.09663243452,2.2));
#144 = LINE('',#145,#146);
#145 = CARTESIAN_POINT('',(11.6,9.90336756548,2.2));
#146 = VECTOR('',#147,1.);
#147 = DIRECTION('',(0.,1.,0.));
#148 = ORIENTED_EDGE('',*,*,#149,.F.);
#149 = EDGE_CURVE('',#70,#142,#150,.T.);
#150 = LINE('',#151,#152);
#151 = CARTESIAN_POINT('',(11.6,15.09663243452,0.));
#152 = VECTOR('',#153,1.);
#153 = DIRECTION('',(0.,0.,1.));
#154 = PLANE('',#155);
#155 = AXIS2_PLACEMENT_3D('',#156,#157,#158);
#156 = CARTESIAN_POINT('',(11.6,12.5,2.164363123941));
#157 = DIRECTION('',(-1.,-0.,-0.));
#158 = DIRECTION('',(0.,0.,-1.));
#159 = ADVANCED_FACE('',(#160),#266,.F.);
#160 = FACE_BOUND('',#161,.T.);
#161 = EDGE_LOOP('',(#162,#163,#164,#165,#174,#182,#191,#198,#207,#216,
    #225,#234,#241,#242,#251,#259));
#162 = ORIENTED_EDGE('',*,*,#93,.F.);
#163 = ORIENTED_EDGE('',*,*,#77,.F.);
#164 = ORIENTED_EDGE('',*,*,#149,.T.);
#165 = ORIENTED_EDGE('',*,*,#166,.F.);
#166 = EDGE_CURVE('',#167,#142,#169,.T.);
#167 = VERTEX_POINT('',#168);
#168 = CARTESIAN_POINT('',(8.4,15.09663243452,2.2));
#169 = CIRCLE('',#170,3.05);
#170 = AXIS2_PLACEMENT_3D('',#171,#172,#173);
#171 = CARTESIAN_POINT('',(10.,12.5,2.2));
#172 = DIRECTION('',(0.,0.,-1.));
#173 = DIRECTION('',(1.,0.,0.));
#174 = ORIENTED_EDGE('',*,*,#175,.F.);
#175 = EDGE_CURVE('',#176,#167,#178,.T.);
#176 = VERTEX_POINT('',#177);
#177 = CARTESIAN_POINT('',(8.4,15.09663243452,2.));
#178 = LINE('',#179,#180);
#179 = CARTESIAN_POINT('',(8.4,15.09663243452,0.));
#180 = VECTOR('',#181,1.);
#181 = DIRECTION('',(0.,0.,1.));
#182 = ORIENTED_EDGE('',*,*,#183,.F.);
#183 = EDGE_CURVE('',#184,#176,#186,.T.);
#184 = VERTEX_POINT('',#185);
#185 = CARTESIAN_POINT('',(6.95,12.5,2.));
#186 = CIRCLE('',#187,3.05);
#187 = AXIS2_PLACEMENT_3D('',#188,#189,#190);
#188 = CARTESIAN_POINT('',(10.,12.5,2.));
#189 = DIRECTION('',(0.,0.,-1.));
#190 = DIRECTION('',(-1.,0.,0.));
#191 = ORIENTED_EDGE('',*,*,#192,.F.);
#192 = EDGE_CURVE('',#193,#184,#195,.T.);
#193 = VERTEX_POINT('',#194);
#194 = CARTESIAN_POINT('',(6.95,12.5,0.));
#195 = B_SPLINE_CURVE_WITH_KNOTS('',1,(#196,#197),.UNSPECIFIED.,.F.,.F.,
  (2,2),(0.,2.),.PIECEWISE_BEZIER_KNOTS.);
#196 = CARTESIAN_POINT('',(6.95,12.5,0.));
#197 = CARTESIAN_POINT('',(6.95,12.5,2.));
#198 = ORIENTED_EDGE('',*,*,#199,.T.);
#199 = EDGE_CURVE('',#193,#200,#202,.T.);
#200 = VERTEX_POINT('',#201);
#201 = CARTESIAN_POINT('',(8.4,15.09663243452,0.));
#202 = CIRCLE('',#203,3.05);
#203 = AXIS2_PLACEMENT_3D('',#204,#205,#206);
#204 = CARTESIAN_POINT('',(10.,12.5,0.));
#205 = DIRECTION('',(0.,0.,-1.));
#206 = DIRECTION('',(-1.,0.,0.));
#207 = ORIENTED_EDGE('',*,*,#208,.T.);
#208 = EDGE_CURVE('',#200,#209,#211,.T.);
#209 = VERTEX_POINT('',#210);
#210 = CARTESIAN_POINT('',(11.6,15.09663243452,0.));
#211 = CIRCLE('',#212,3.05);
#212 = AXIS2_PLACEMENT_3D('',#213,#214,#215);
#213 = CARTESIAN_POINT('',(10.,12.5,0.));
#214 = DIRECTION('',(0.,0.,-1.));
#215 = DIRECTION('',(-1.,0.,0.));
#216 = ORIENTED_EDGE('',*,*,#217,.T.);
#217 = EDGE_CURVE('',#209,#218,#220,.T.);
#218 = VERTEX_POINT('',#219);
#219 = CARTESIAN_POINT('',(11.6,9.90336756548,0.));
#220 = CIRCLE('',#221,3.05);
#221 = AXIS2_PLACEMENT_3D('',#222,#223,#224);
#222 = CARTESIAN_POINT('',(10.,12.5,0.));
#223 = DIRECTION('',(0.,0.,-1.));
#224 = DIRECTION('',(-1.,0.,0.));
#225 = ORIENTED_EDGE('',*,*,#226,.T.);
#226 = EDGE_CURVE('',#218,#227,#229,.T.);
#227 = VERTEX_POINT('',#228);
#228 = CARTESIAN_POINT('',(8.4,9.90336756548,0.));
#229 = CIRCLE('',#230,3.05);
#230 = AXIS2_PLACEMENT_3D('',#231,#232,#233);
#231 = CARTESIAN_POINT('',(10.,12.5,0.));
#232 = DIRECTION('',(0.,0.,-1.));
#233 = DIRECTION('',(-1.,0.,0.));
#234 = ORIENTED_EDGE('',*,*,#235,.T.);
#235 = EDGE_CURVE('',#227,#193,#236,.T.);
#236 = CIRCLE('',#237,3.05);
#237 = AXIS2_PLACEMENT_3D('',#238,#239,#240);
#238 = CARTESIAN_POINT('',(10.,12.5,0.));
#239 = DIRECTION('',(0.,0.,-1.));
#240 = DIRECTION('',(-1.,0.,0.));
#241 = ORIENTED_EDGE('',*,*,#192,.T.);
#242 = ORIENTED_EDGE('',*,*,#243,.F.);
#243 = EDGE_CURVE('',#244,#184,#246,.T.);
#244 = VERTEX_POINT('',#245);
#245 = CARTESIAN_POINT('',(8.4,9.90336756548,2.));
#246 = CIRCLE('',#247,3.05);
#247 = AXIS2_PLACEMENT_3D('',#248,#249,#250);
#248 = CARTESIAN_POINT('',(10.,12.5,2.));
#249 = DIRECTION('',(0.,0.,-1.));
#250 = DIRECTION('',(-1.,0.,0.));
#251 = ORIENTED_EDGE('',*,*,#252,.T.);
#252 = EDGE_CURVE('',#244,#253,#255,.T.);
#253 = VERTEX_POINT('',#254);
#254 = CARTESIAN_POINT('',(8.4,9.90336756548,2.2));
#255 = LINE('',#256,#257);
#256 = CARTESIAN_POINT('',(8.4,9.90336756548,0.));
#257 = VECTOR('',#258,1.);
#258 = DIRECTION('',(0.,0.,1.));
#259 = ORIENTED_EDGE('',*,*,#260,.F.);
#260 = EDGE_CURVE('',#94,#253,#261,.T.);
#261 = CIRCLE('',#262,3.05);
#262 = AXIS2_PLACEMENT_3D('',#263,#264,#265);
#263 = CARTESIAN_POINT('',(10.,12.5,2.2));
#264 = DIRECTION('',(0.,0.,-1.));
#265 = DIRECTION('',(1.,0.,0.));
#266 = CYLINDRICAL_SURFACE('',#267,3.05);
#267 = AXIS2_PLACEMENT_3D('',#268,#269,#270);
#268 = CARTESIAN_POINT('',(10.,12.5,0.));
#269 = DIRECTION('',(0.,0.,1.));
#270 = DIRECTION('',(-1.,0.,0.));
#271 = ADVANCED_FACE('',(#272),#290,.F.);
#272 = FACE_BOUND('',#273,.F.);
#273 = EDGE_LOOP('',(#274,#275,#276,#284));
#274 = ORIENTED_EDGE('',*,*,#260,.F.);
#275 = ORIENTED_EDGE('',*,*,#101,.T.);
#276 = ORIENTED_EDGE('',*,*,#277,.T.);
#277 = EDGE_CURVE('',#102,#278,#280,.T.);
#278 = VERTEX_POINT('',#279);
#279 = CARTESIAN_POINT('',(8.4,10.9,2.2));
#280 = LINE('',#281,#282);
#281 = CARTESIAN_POINT('',(3.333333333858E-02,10.9,2.2));
#282 = VECTOR('',#283,1.);
#283 = DIRECTION('',(-1.,0.,0.));
#284 = ORIENTED_EDGE('',*,*,#285,.F.);
#285 = EDGE_CURVE('',#253,#278,#286,.T.);
#286 = LINE('',#287,#288);
#287 = CARTESIAN_POINT('',(8.4,9.90336756548,2.2));
#288 = VECTOR('',#289,1.);
#289 = DIRECTION('',(0.,1.,0.));
#290 = PLANE('',#291);
#291 = AXIS2_PLACEMENT_3D('',#292,#293,#294);
#292 = CARTESIAN_POINT('',(-8.333333333323,-2.499999999994,2.2));
#293 = DIRECTION('',(0.,0.,1.));
#294 = DIRECTION('',(1.,0.,0.));
#295 = ADVANCED_FACE('',(#296),#322,.T.);
#296 = FACE_BOUND('',#297,.T.);
#297 = EDGE_LOOP('',(#298,#299,#307,#315,#321));
#298 = ORIENTED_EDGE('',*,*,#277,.T.);
#299 = ORIENTED_EDGE('',*,*,#300,.T.);
#300 = EDGE_CURVE('',#278,#301,#303,.T.);
#301 = VERTEX_POINT('',#302);
#302 = CARTESIAN_POINT('',(8.4,10.9,2.4));
#303 = LINE('',#304,#305);
#304 = CARTESIAN_POINT('',(8.4,10.9,0.));
#305 = VECTOR('',#306,1.);
#306 = DIRECTION('',(0.,0.,1.));
#307 = ORIENTED_EDGE('',*,*,#308,.T.);
#308 = EDGE_CURVE('',#301,#309,#311,.T.);
#309 = VERTEX_POINT('',#310);
#310 = CARTESIAN_POINT('',(10.,10.9,2.4));
#311 = LINE('',#312,#313);
#312 = CARTESIAN_POINT('',(8.4,10.9,2.4));
#313 = VECTOR('',#314,1.);
#314 = DIRECTION('',(1.,0.,0.));
#315 = ORIENTED_EDGE('',*,*,#316,.T.);
#316 = EDGE_CURVE('',#309,#110,#317,.T.);
#317 = LINE('',#318,#319);
#318 = CARTESIAN_POINT('',(8.4,10.9,2.4));
#319 = VECTOR('',#320,1.);
#320 = DIRECTION('',(1.,0.,0.));
#321 = ORIENTED_EDGE('',*,*,#109,.F.);
#322 = PLANE('',#323);
#323 = AXIS2_PLACEMENT_3D('',#324,#325,#326);
#324 = CARTESIAN_POINT('',(10.,10.9,2.3));
#325 = DIRECTION('',(0.,1.,-8.36E-15));
#326 = DIRECTION('',(0.,8.36E-15,1.));
#327 = ADVANCED_FACE('',(#328),#339,.F.);
#328 = FACE_BOUND('',#329,.F.);
#329 = EDGE_LOOP('',(#330,#337,#338));
#330 = ORIENTED_EDGE('',*,*,#331,.F.);
#331 = EDGE_CURVE('',#309,#118,#332,.T.);
#332 = CIRCLE('',#333,1.6);
#333 = AXIS2_PLACEMENT_3D('',#334,#335,#336);
#334 = CARTESIAN_POINT('',(10.,12.5,2.4));
#335 = DIRECTION('',(0.,0.,1.));
#336 = DIRECTION('',(-1.,0.,0.));
#337 = ORIENTED_EDGE('',*,*,#316,.T.);
#338 = ORIENTED_EDGE('',*,*,#117,.T.);
#339 = PLANE('',#340);
#340 = AXIS2_PLACEMENT_3D('',#341,#342,#343);
#341 = CARTESIAN_POINT('',(-8.333333333333,-2.5,2.4));
#342 = DIRECTION('',(0.,0.,1.));
#343 = DIRECTION('',(1.,0.,0.));
#344 = ADVANCED_FACE('',(#345),#363,.F.);
#345 = FACE_BOUND('',#346,.F.);
#346 = EDGE_LOOP('',(#347,#356,#357));
#347 = ORIENTED_EDGE('',*,*,#348,.F.);
#348 = EDGE_CURVE('',#118,#349,#351,.T.);
#349 = VERTEX_POINT('',#350);
#350 = CARTESIAN_POINT('',(10.,14.1,2.4));
#351 = CIRCLE('',#352,1.6);
#352 = AXIS2_PLACEMENT_3D('',#353,#354,#355);
#353 = CARTESIAN_POINT('',(10.,12.5,2.4));
#354 = DIRECTION('',(0.,0.,1.));
#355 = DIRECTION('',(-1.,0.,0.));
#356 = ORIENTED_EDGE('',*,*,#125,.T.);
#357 = ORIENTED_EDGE('',*,*,#358,.T.);
#358 = EDGE_CURVE('',#126,#349,#359,.T.);
#359 = LINE('',#360,#361);
#360 = CARTESIAN_POINT('',(11.6,14.1,2.4));
#361 = VECTOR('',#362,1.);
#362 = DIRECTION('',(-1.,0.,0.));
#363 = PLANE('',#364);
#364 = AXIS2_PLACEMENT_3D('',#365,#366,#367);
#365 = CARTESIAN_POINT('',(-8.333333333333,-2.5,2.4));
#366 = DIRECTION('',(0.,0.,1.));
#367 = DIRECTION('',(1.,0.,0.));
#368 = ADVANCED_FACE('',(#369),#395,.T.);
#369 = FACE_BOUND('',#370,.T.);
#370 = EDGE_LOOP('',(#371,#379,#380,#381,#389));
#371 = ORIENTED_EDGE('',*,*,#372,.T.);
#372 = EDGE_CURVE('',#373,#134,#375,.T.);
#373 = VERTEX_POINT('',#374);
#374 = CARTESIAN_POINT('',(8.4,14.1,2.2));
#375 = LINE('',#376,#377);
#376 = CARTESIAN_POINT('',(1.633333333339,14.1,2.2));
#377 = VECTOR('',#378,1.);
#378 = DIRECTION('',(1.,0.,0.));
#379 = ORIENTED_EDGE('',*,*,#133,.T.);
#380 = ORIENTED_EDGE('',*,*,#358,.T.);
#381 = ORIENTED_EDGE('',*,*,#382,.T.);
#382 = EDGE_CURVE('',#349,#383,#385,.T.);
#383 = VERTEX_POINT('',#384);
#384 = CARTESIAN_POINT('',(8.4,14.1,2.4));
#385 = LINE('',#386,#387);
#386 = CARTESIAN_POINT('',(11.6,14.1,2.4));
#387 = VECTOR('',#388,1.);
#388 = DIRECTION('',(-1.,0.,0.));
#389 = ORIENTED_EDGE('',*,*,#390,.F.);
#390 = EDGE_CURVE('',#373,#383,#391,.T.);
#391 = LINE('',#392,#393);
#392 = CARTESIAN_POINT('',(8.4,14.1,0.));
#393 = VECTOR('',#394,1.);
#394 = DIRECTION('',(0.,0.,1.));
#395 = PLANE('',#396);
#396 = AXIS2_PLACEMENT_3D('',#397,#398,#399);
#397 = CARTESIAN_POINT('',(10.,14.1,2.3));
#398 = DIRECTION('',(0.,-1.,8.36E-15));
#399 = DIRECTION('',(0.,-8.36E-15,-1.));
#400 = ADVANCED_FACE('',(#401),#412,.F.);
#401 = FACE_BOUND('',#402,.F.);
#402 = EDGE_LOOP('',(#403,#409,#410,#411));
#403 = ORIENTED_EDGE('',*,*,#404,.F.);
#404 = EDGE_CURVE('',#373,#167,#405,.T.);
#405 = LINE('',#406,#407);
#406 = CARTESIAN_POINT('',(8.4,9.90336756548,2.2));
#407 = VECTOR('',#408,1.);
#408 = DIRECTION('',(0.,1.,0.));
#409 = ORIENTED_EDGE('',*,*,#372,.T.);
#410 = ORIENTED_EDGE('',*,*,#141,.T.);
#411 = ORIENTED_EDGE('',*,*,#166,.F.);
#412 = PLANE('',#413);
#413 = AXIS2_PLACEMENT_3D('',#414,#415,#416);
#414 = CARTESIAN_POINT('',(-8.333333333323,-2.499999999994,2.2));
#415 = DIRECTION('',(0.,0.,1.));
#416 = DIRECTION('',(1.,0.,0.));
#417 = ADVANCED_FACE('',(#418),#446,.T.);
#418 = FACE_BOUND('',#419,.T.);
#419 = EDGE_LOOP('',(#420,#421,#422,#430,#436,#437,#438,#439,#445));
#420 = ORIENTED_EDGE('',*,*,#404,.F.);
#421 = ORIENTED_EDGE('',*,*,#390,.T.);
#422 = ORIENTED_EDGE('',*,*,#423,.T.);
#423 = EDGE_CURVE('',#383,#424,#426,.T.);
#424 = VERTEX_POINT('',#425);
#425 = CARTESIAN_POINT('',(8.4,12.5,2.4));
#426 = LINE('',#427,#428);
#427 = CARTESIAN_POINT('',(8.4,14.1,2.4));
#428 = VECTOR('',#429,1.);
#429 = DIRECTION('',(0.,-1.,0.));
#430 = ORIENTED_EDGE('',*,*,#431,.T.);
#431 = EDGE_CURVE('',#424,#301,#432,.T.);
#432 = LINE('',#433,#434);
#433 = CARTESIAN_POINT('',(8.4,14.1,2.4));
#434 = VECTOR('',#435,1.);
#435 = DIRECTION('',(0.,-1.,0.));
#436 = ORIENTED_EDGE('',*,*,#300,.F.);
#437 = ORIENTED_EDGE('',*,*,#285,.F.);
#438 = ORIENTED_EDGE('',*,*,#252,.F.);
#439 = ORIENTED_EDGE('',*,*,#440,.T.);
#440 = EDGE_CURVE('',#244,#176,#441,.T.);
#441 = LINE('',#442,#443);
#442 = CARTESIAN_POINT('',(8.4,11.20168378274,2.));
#443 = VECTOR('',#444,1.);
#444 = DIRECTION('',(0.,1.,0.));
#445 = ORIENTED_EDGE('',*,*,#175,.T.);
#446 = PLANE('',#447);
#447 = AXIS2_PLACEMENT_3D('',#448,#449,#450);
#448 = CARTESIAN_POINT('',(8.4,12.5,2.164363123941));
#449 = DIRECTION('',(1.,0.,0.));
#450 = DIRECTION('',(0.,0.,1.));
#451 = ADVANCED_FACE('',(#452),#457,.T.);
#452 = FACE_BOUND('',#453,.T.);
#453 = EDGE_LOOP('',(#454,#455,#456));
#454 = ORIENTED_EDGE('',*,*,#243,.T.);
#455 = ORIENTED_EDGE('',*,*,#183,.T.);
#456 = ORIENTED_EDGE('',*,*,#440,.F.);
#457 = PLANE('',#458);
#458 = AXIS2_PLACEMENT_3D('',#459,#460,#461);
#459 = CARTESIAN_POINT('',(10.,12.5,2.));
#460 = DIRECTION('',(0.,0.,-1.));
#461 = DIRECTION('',(-1.,0.,0.));
#462 = ADVANCED_FACE('',(#463,#522,#569,#616,#623),#673,.F.);
#463 = FACE_BOUND('',#464,.F.);
#464 = EDGE_LOOP('',(#465,#475,#483,#491,#500,#508,#516));
#465 = ORIENTED_EDGE('',*,*,#466,.T.);
#466 = EDGE_CURVE('',#467,#469,#471,.T.);
#467 = VERTEX_POINT('',#468);
#468 = CARTESIAN_POINT('',(-30.,0.,0.));
#469 = VERTEX_POINT('',#470);
#470 = CARTESIAN_POINT('',(-30.,-20.,0.));
#471 = LINE('',#472,#473);
#472 = CARTESIAN_POINT('',(-30.,0.,0.));
#473 = VECTOR('',#474,1.);
#474 = DIRECTION('',(0.,-1.,0.));
#475 = ORIENTED_EDGE('',*,*,#476,.T.);
#476 = EDGE_CURVE('',#469,#477,#479,.T.);
#477 = VERTEX_POINT('',#478);
#478 = CARTESIAN_POINT('',(29.38477631085,-20.,0.));
#479 = LINE('',#480,#481);
#480 = CARTESIAN_POINT('',(-30.,-20.,0.));
#481 = VECTOR('',#482,1.);
#482 = DIRECTION('',(1.,0.,0.));
#483 = ORIENTED_EDGE('',*,*,#484,.F.);
#484 = EDGE_CURVE('',#485,#477,#487,.T.);
#485 = VERTEX_POINT('',#486);
#486 = CARTESIAN_POINT('',(50.192388155425,0.807611844575,0.));
#487 = LINE('',#488,#489);
#488 = CARTESIAN_POINT('',(50.192388155425,0.807611844575,0.));
#489 = VECTOR('',#490,1.);
#490 = DIRECTION('',(-0.707106781187,-0.707106781187,0.));
#491 = ORIENTED_EDGE('',*,*,#492,.T.);
#492 = EDGE_CURVE('',#485,#493,#495,.T.);
#493 = VERTEX_POINT('',#494);
#494 = CARTESIAN_POINT('',(41.,23.,0.));
#495 = CIRCLE('',#496,13.);
#496 = AXIS2_PLACEMENT_3D('',#497,#498,#499);
#497 = CARTESIAN_POINT('',(41.,10.,0.));
#498 = DIRECTION('',(0.,0.,1.));
#499 = DIRECTION('',(1.,0.,0.));
#500 = ORIENTED_EDGE('',*,*,#501,.F.);
#501 = EDGE_CURVE('',#502,#493,#504,.T.);
#502 = VERTEX_POINT('',#503);
#503 = CARTESIAN_POINT('',(0.,23.,0.));
#504 = LINE('',#505,#506);
#505 = CARTESIAN_POINT('',(0.,23.,0.));
#506 = VECTOR('',#507,1.);
#507 = DIRECTION('',(1.,0.,0.));
#508 = ORIENTED_EDGE('',*,*,#509,.F.);
#509 = EDGE_CURVE('',#510,#502,#512,.T.);
#510 = VERTEX_POINT('',#511);
#511 = CARTESIAN_POINT('',(0.,0.,0.));
#512 = LINE('',#513,#514);
#513 = CARTESIAN_POINT('',(0.,0.,0.));
#514 = VECTOR('',#515,1.);
#515 = DIRECTION('',(0.,1.,0.));
#516 = ORIENTED_EDGE('',*,*,#517,.F.);
#517 = EDGE_CURVE('',#467,#510,#518,.T.);
#518 = LINE('',#519,#520);
#519 = CARTESIAN_POINT('',(-30.,0.,0.));
#520 = VECTOR('',#521,1.);
#521 = DIRECTION('',(1.,0.,0.));
#522 = FACE_BOUND('',#523,.F.);
#523 = EDGE_LOOP('',(#524,#535,#544,#553,#562));
#524 = ORIENTED_EDGE('',*,*,#525,.T.);
#525 = EDGE_CURVE('',#526,#528,#530,.T.);
#526 = VERTEX_POINT('',#527);
#527 = CARTESIAN_POINT('',(-28.05,-10.,0.));
#528 = VERTEX_POINT('',#529);
#529 = CARTESIAN_POINT('',(-26.6,-7.40336756548,0.));
#530 = CIRCLE('',#531,3.05);
#531 = AXIS2_PLACEMENT_3D('',#532,#533,#534);
#532 = CARTESIAN_POINT('',(-25.,-10.,0.));
#533 = DIRECTION('',(0.,0.,-1.));
#534 = DIRECTION('',(-1.,0.,0.));
#535 = ORIENTED_EDGE('',*,*,#536,.T.);
#536 = EDGE_CURVE('',#528,#537,#539,.T.);
#537 = VERTEX_POINT('',#538);
#538 = CARTESIAN_POINT('',(-23.4,-7.40336756548,0.));
#539 = CIRCLE('',#540,3.05);
#540 = AXIS2_PLACEMENT_3D('',#541,#542,#543);
#541 = CARTESIAN_POINT('',(-25.,-10.,0.));
#542 = DIRECTION('',(0.,0.,-1.));
#543 = DIRECTION('',(-1.,0.,0.));
#544 = ORIENTED_EDGE('',*,*,#545,.T.);
#545 = EDGE_CURVE('',#537,#546,#548,.T.);
#546 = VERTEX_POINT('',#547);
#547 = CARTESIAN_POINT('',(-23.40000000006,-12.59663243454,0.));
#548 = CIRCLE('',#549,3.05);
#549 = AXIS2_PLACEMENT_3D('',#550,#551,#552);
#550 = CARTESIAN_POINT('',(-25.,-10.,0.));
#551 = DIRECTION('',(0.,0.,-1.));
#552 = DIRECTION('',(-1.,0.,0.));
#553 = ORIENTED_EDGE('',*,*,#554,.T.);
#554 = EDGE_CURVE('',#546,#555,#557,.T.);
#555 = VERTEX_POINT('',#556);
#556 = CARTESIAN_POINT('',(-26.60000000007,-12.59663243442,0.));
#557 = CIRCLE('',#558,3.05);
#558 = AXIS2_PLACEMENT_3D('',#559,#560,#561);
#559 = CARTESIAN_POINT('',(-25.,-10.,0.));
#560 = DIRECTION('',(0.,0.,-1.));
#561 = DIRECTION('',(-1.,0.,0.));
#562 = ORIENTED_EDGE('',*,*,#563,.T.);
#563 = EDGE_CURVE('',#555,#526,#564,.T.);
#564 = CIRCLE('',#565,3.05);
#565 = AXIS2_PLACEMENT_3D('',#566,#567,#568);
#566 = CARTESIAN_POINT('',(-25.,-10.,0.));
#567 = DIRECTION('',(0.,0.,-1.));
#568 = DIRECTION('',(-1.,0.,0.));
#569 = FACE_BOUND('',#570,.F.);
#570 = EDGE_LOOP('',(#571,#582,#591,#600,#609));
#571 = ORIENTED_EDGE('',*,*,#572,.T.);
#572 = EDGE_CURVE('',#573,#575,#577,.T.);
#573 = VERTEX_POINT('',#574);
#574 = CARTESIAN_POINT('',(-13.05,-10.,0.));
#575 = VERTEX_POINT('',#576);
#576 = CARTESIAN_POINT('',(-11.60000000008,-7.40336756554,0.));
#577 = CIRCLE('',#578,3.05);
#578 = AXIS2_PLACEMENT_3D('',#579,#580,#581);
#579 = CARTESIAN_POINT('',(-10.,-10.,0.));
#580 = DIRECTION('',(0.,0.,-1.));
#581 = DIRECTION('',(-1.,0.,0.));
#582 = ORIENTED_EDGE('',*,*,#583,.T.);
#583 = EDGE_CURVE('',#575,#584,#586,.T.);
#584 = VERTEX_POINT('',#585);
#585 = CARTESIAN_POINT('',(-8.399999999906,-7.40336756555,0.));
#586 = CIRCLE('',#587,3.05);
#587 = AXIS2_PLACEMENT_3D('',#588,#589,#590);
#588 = CARTESIAN_POINT('',(-10.,-10.,0.));
#589 = DIRECTION('',(0.,0.,-1.));
#590 = DIRECTION('',(-1.,0.,0.));
#591 = ORIENTED_EDGE('',*,*,#592,.T.);
#592 = EDGE_CURVE('',#584,#593,#595,.T.);
#593 = VERTEX_POINT('',#594);
#594 = CARTESIAN_POINT('',(-8.4,-12.59663243452,0.));
#595 = CIRCLE('',#596,3.05);
#596 = AXIS2_PLACEMENT_3D('',#597,#598,#599);
#597 = CARTESIAN_POINT('',(-10.,-10.,0.));
#598 = DIRECTION('',(0.,0.,-1.));
#599 = DIRECTION('',(-1.,0.,0.));
#600 = ORIENTED_EDGE('',*,*,#601,.T.);
#601 = EDGE_CURVE('',#593,#602,#604,.T.);
#602 = VERTEX_POINT('',#603);
#603 = CARTESIAN_POINT('',(-11.6,-12.59663243452,0.));
#604 = CIRCLE('',#605,3.05);
#605 = AXIS2_PLACEMENT_3D('',#606,#607,#608);
#606 = CARTESIAN_POINT('',(-10.,-10.,0.));
#607 = DIRECTION('',(0.,0.,-1.));
#608 = DIRECTION('',(-1.,0.,0.));
#609 = ORIENTED_EDGE('',*,*,#610,.T.);
#610 = EDGE_CURVE('',#602,#573,#611,.T.);
#611 = CIRCLE('',#612,3.05);
#612 = AXIS2_PLACEMENT_3D('',#613,#614,#615);
#613 = CARTESIAN_POINT('',(-10.,-10.,0.));
#614 = DIRECTION('',(0.,0.,-1.));
#615 = DIRECTION('',(-1.,0.,0.));
#616 = FACE_BOUND('',#617,.F.);
#617 = EDGE_LOOP('',(#618,#619,#620,#621,#622));
#618 = ORIENTED_EDGE('',*,*,#199,.T.);
#619 = ORIENTED_EDGE('',*,*,#208,.T.);
#620 = ORIENTED_EDGE('',*,*,#217,.T.);
#621 = ORIENTED_EDGE('',*,*,#226,.T.);
#622 = ORIENTED_EDGE('',*,*,#235,.T.);
#623 = FACE_BOUND('',#624,.F.);
#624 = EDGE_LOOP('',(#625,#635,#643,#651,#659,#667));
#625 = ORIENTED_EDGE('',*,*,#626,.F.);
#626 = EDGE_CURVE('',#627,#629,#631,.T.);
#627 = VERTEX_POINT('',#628);
#628 = CARTESIAN_POINT('',(36.669872981078,17.5,0.));
#629 = VERTEX_POINT('',#630);
#630 = CARTESIAN_POINT('',(32.339745962157,10.,0.));
#631 = LINE('',#632,#633);
#632 = CARTESIAN_POINT('',(36.669872981078,17.5,0.));
#633 = VECTOR('',#634,1.);
#634 = DIRECTION('',(-0.5,-0.866025403785,0.));
#635 = ORIENTED_EDGE('',*,*,#636,.F.);
#636 = EDGE_CURVE('',#637,#627,#639,.T.);
#637 = VERTEX_POINT('',#638);
#638 = CARTESIAN_POINT('',(45.330127018918,17.5,0.));
#639 = LINE('',#640,#641);
#640 = CARTESIAN_POINT('',(45.330127018918,17.5,0.));
#641 = VECTOR('',#642,1.);
#642 = DIRECTION('',(-1.,0.,0.));
#643 = ORIENTED_EDGE('',*,*,#644,.F.);
#644 = EDGE_CURVE('',#645,#637,#647,.T.);
#645 = VERTEX_POINT('',#646);
#646 = CARTESIAN_POINT('',(49.660254037841,10.000000000004,0.));
#647 = LINE('',#648,#649);
#648 = CARTESIAN_POINT('',(49.660254037841,10.000000000004,0.));
#649 = VECTOR('',#650,1.);
#650 = DIRECTION('',(-0.5,0.866025403784,0.));
#651 = ORIENTED_EDGE('',*,*,#652,.F.);
#652 = EDGE_CURVE('',#653,#645,#655,.T.);
#653 = VERTEX_POINT('',#654);
#654 = CARTESIAN_POINT('',(45.330127018921,2.500000000003,0.));
#655 = LINE('',#656,#657);
#656 = CARTESIAN_POINT('',(45.330127018921,2.500000000003,0.));
#657 = VECTOR('',#658,1.);
#658 = DIRECTION('',(0.5,0.866025403785,0.));
#659 = ORIENTED_EDGE('',*,*,#660,.F.);
#660 = EDGE_CURVE('',#661,#653,#663,.T.);
#661 = VERTEX_POINT('',#662);
#662 = CARTESIAN_POINT('',(36.669872981079,2.500000000002,0.));
#663 = LINE('',#664,#665);
#664 = CARTESIAN_POINT('',(36.669872981079,2.500000000002,0.));
#665 = VECTOR('',#666,1.);
#666 = DIRECTION('',(1.,1.1133E-13,0.));
#667 = ORIENTED_EDGE('',*,*,#668,.F.);
#668 = EDGE_CURVE('',#629,#661,#669,.T.);
#669 = LINE('',#670,#671);
#670 = CARTESIAN_POINT('',(32.339745962157,10.,0.));
#671 = VECTOR('',#672,1.);
#672 = DIRECTION('',(0.5,-0.866025403784,0.));
#673 = PLANE('',#674);
#674 = AXIS2_PLACEMENT_3D('',#675,#676,#677);
#675 = CARTESIAN_POINT('',(16.03478166802,1.637033777117,0.));
#676 = DIRECTION('',(0.,0.,1.));
#677 = DIRECTION('',(1.,0.,0.));
#678 = ADVANCED_FACE('',(#679),#690,.F.);
#679 = FACE_BOUND('',#680,.F.);
#680 = EDGE_LOOP('',(#681,#682,#683));
#681 = ORIENTED_EDGE('',*,*,#431,.T.);
#682 = ORIENTED_EDGE('',*,*,#308,.T.);
#683 = ORIENTED_EDGE('',*,*,#684,.F.);
#684 = EDGE_CURVE('',#424,#309,#685,.T.);
#685 = CIRCLE('',#686,1.6);
#686 = AXIS2_PLACEMENT_3D('',#687,#688,#689);
#687 = CARTESIAN_POINT('',(10.,12.5,2.4));
#688 = DIRECTION('',(0.,0.,1.));
#689 = DIRECTION('',(-1.,0.,0.));
#690 = PLANE('',#691);
#691 = AXIS2_PLACEMENT_3D('',#692,#693,#694);
#692 = CARTESIAN_POINT('',(-8.333333333333,-2.5,2.4));
#693 = DIRECTION('',(0.,0.,1.));
#694 = DIRECTION('',(1.,0.,0.));
#695 = ADVANCED_FACE('',(#696),#724,.F.);
#696 = FACE_BOUND('',#697,.T.);
#697 = EDGE_LOOP('',(#698,#699,#707,#714,#715,#722,#723));
#698 = ORIENTED_EDGE('',*,*,#684,.F.);
#699 = ORIENTED_EDGE('',*,*,#700,.T.);
#700 = EDGE_CURVE('',#424,#701,#703,.T.);
#701 = VERTEX_POINT('',#702);
#702 = CARTESIAN_POINT('',(8.4,12.5,5.));
#703 = LINE('',#704,#705);
#704 = CARTESIAN_POINT('',(8.4,12.5,2.));
#705 = VECTOR('',#706,1.);
#706 = DIRECTION('',(6.E-17,0.,1.));
#707 = ORIENTED_EDGE('',*,*,#708,.T.);
#708 = EDGE_CURVE('',#701,#701,#709,.T.);
#709 = CIRCLE('',#710,1.6);
#710 = AXIS2_PLACEMENT_3D('',#711,#712,#713);
#711 = CARTESIAN_POINT('',(10.,12.5,5.));
#712 = DIRECTION('',(0.,0.,1.));
#713 = DIRECTION('',(-1.,0.,0.));
#714 = ORIENTED_EDGE('',*,*,#700,.F.);
#715 = ORIENTED_EDGE('',*,*,#716,.F.);
#716 = EDGE_CURVE('',#349,#424,#717,.T.);
#717 = CIRCLE('',#718,1.6);
#718 = AXIS2_PLACEMENT_3D('',#719,#720,#721);
#719 = CARTESIAN_POINT('',(10.,12.5,2.4));
#720 = DIRECTION('',(0.,0.,1.));
#721 = DIRECTION('',(-1.,0.,0.));
#722 = ORIENTED_EDGE('',*,*,#348,.F.);
#723 = ORIENTED_EDGE('',*,*,#331,.F.);
#724 = CYLINDRICAL_SURFACE('',#725,1.6);
#725 = AXIS2_PLACEMENT_3D('',#726,#727,#728);
#726 = CARTESIAN_POINT('',(10.,12.5,2.));
#727 = DIRECTION('',(0.,0.,1.));
#728 = DIRECTION('',(-1.,0.,0.));
#729 = ADVANCED_FACE('',(#730),#735,.F.);
#730 = FACE_BOUND('',#731,.F.);
#731 = EDGE_LOOP('',(#732,#733,#734));
#732 = ORIENTED_EDGE('',*,*,#423,.T.);
#733 = ORIENTED_EDGE('',*,*,#716,.F.);
#734 = ORIENTED_EDGE('',*,*,#382,.T.);
#735 = PLANE('',#736);
#736 = AXIS2_PLACEMENT_3D('',#737,#738,#739);
#737 = CARTESIAN_POINT('',(-8.333333333333,-2.5,2.4));
#738 = DIRECTION('',(0.,0.,1.));
#739 = DIRECTION('',(1.,0.,0.));
#740 = ADVANCED_FACE('',(#741),#766,.F.);
#741 = FACE_BOUND('',#742,.F.);
#742 = EDGE_LOOP('',(#743,#751,#759,#765));
#743 = ORIENTED_EDGE('',*,*,#744,.T.);
#744 = EDGE_CURVE('',#467,#745,#747,.T.);
#745 = VERTEX_POINT('',#746);
#746 = CARTESIAN_POINT('',(-30.,0.,5.));
#747 = LINE('',#748,#749);
#748 = CARTESIAN_POINT('',(-30.,0.,0.));
#749 = VECTOR('',#750,1.);
#750 = DIRECTION('',(0.,0.,1.));
#751 = ORIENTED_EDGE('',*,*,#752,.T.);
#752 = EDGE_CURVE('',#745,#753,#755,.T.);
#753 = VERTEX_POINT('',#754);
#754 = CARTESIAN_POINT('',(-30.,-20.,5.));
#755 = LINE('',#756,#757);
#756 = CARTESIAN_POINT('',(-30.,0.,5.));
#757 = VECTOR('',#758,1.);
#758 = DIRECTION('',(0.,-1.,0.));
#759 = ORIENTED_EDGE('',*,*,#760,.F.);
#760 = EDGE_CURVE('',#469,#753,#761,.T.);
#761 = LINE('',#762,#763);
#762 = CARTESIAN_POINT('',(-30.,-20.,0.));
#763 = VECTOR('',#764,1.);
#764 = DIRECTION('',(0.,0.,1.));
#765 = ORIENTED_EDGE('',*,*,#466,.F.);
#766 = PLANE('',#767);
#767 = AXIS2_PLACEMENT_3D('',#768,#769,#770);
#768 = CARTESIAN_POINT('',(-30.,0.,0.));
#769 = DIRECTION('',(1.,0.,0.));
#770 = DIRECTION('',(0.,-1.,0.));
#771 = ADVANCED_FACE('',(#772),#805,.T.);
#772 = FACE_BOUND('',#773,.T.);
#773 = EDGE_LOOP('',(#774,#782,#783,#784,#792));
#774 = ORIENTED_EDGE('',*,*,#775,.F.);
#775 = EDGE_CURVE('',#510,#776,#778,.T.);
#776 = VERTEX_POINT('',#777);
#777 = CARTESIAN_POINT('',(0.,0.,4.));
#778 = LINE('',#779,#780);
#779 = CARTESIAN_POINT('',(0.,0.,0.));
#780 = VECTOR('',#781,1.);
#781 = DIRECTION('',(0.,0.,1.));
#782 = ORIENTED_EDGE('',*,*,#517,.F.);
#783 = ORIENTED_EDGE('',*,*,#744,.T.);
#784 = ORIENTED_EDGE('',*,*,#785,.T.);
#785 = EDGE_CURVE('',#745,#786,#788,.T.);
#786 = VERTEX_POINT('',#787);
#787 = CARTESIAN_POINT('',(-1.,0.,5.));
#788 = LINE('',#789,#790);
#789 = CARTESIAN_POINT('',(-30.,0.,5.));
#790 = VECTOR('',#791,1.);
#791 = DIRECTION('',(1.,0.,0.));
#792 = ORIENTED_EDGE('',*,*,#793,.F.);
#793 = EDGE_CURVE('',#776,#786,#794,.T.);
#794 = B_SPLINE_CURVE_WITH_KNOTS('',9,(#795,#796,#797,#798,#799,#800,
    #801,#802,#803,#804),.UNSPECIFIED.,.F.,.F.,(10,10),(0.,1.),
  .PIECEWISE_BEZIER_KNOTS.);
#795 = CARTESIAN_POINT('',(0.,0.,4.));
#796 = CARTESIAN_POINT('',(0.,0.,4.175415945012));
#797 = CARTESIAN_POINT('',(-3.063901439597E-02,0.,4.350833805769));
#798 = CARTESIAN_POINT('',(-9.49935631455E-02,0.,4.520124078745));
#799 = CARTESIAN_POINT('',(-0.193894402661,0.,4.675079084139));
#800 = CARTESIAN_POINT('',(-0.324920915862,0.,4.806105597339));
#801 = CARTESIAN_POINT('',(-0.479875921255,0.,4.905006436855));
#802 = CARTESIAN_POINT('',(-0.649166194231,0.,4.969360985604));
#803 = CARTESIAN_POINT('',(-0.824584054988,0.,5.));
#804 = CARTESIAN_POINT('',(-1.,0.,5.));
#805 = PLANE('',#806);
#806 = AXIS2_PLACEMENT_3D('',#807,#808,#809);
#807 = CARTESIAN_POINT('',(-30.,0.,0.));
#808 = DIRECTION('',(0.,1.,0.));
#809 = DIRECTION('',(1.,0.,0.));
#810 = ADVANCED_FACE('',(#811),#845,.T.);
#811 = FACE_BOUND('',#812,.T.);
#812 = EDGE_LOOP('',(#813,#823,#831,#837,#838,#839));
#813 = ORIENTED_EDGE('',*,*,#814,.F.);
#814 = EDGE_CURVE('',#815,#817,#819,.T.);
#815 = VERTEX_POINT('',#816);
#816 = CARTESIAN_POINT('',(1.,-20.,25.));
#817 = VERTEX_POINT('',#818);
#818 = CARTESIAN_POINT('',(29.38477631085,-20.,25.));
#819 = LINE('',#820,#821);
#820 = CARTESIAN_POINT('',(0.,-20.,25.));
#821 = VECTOR('',#822,1.);
#822 = DIRECTION('',(1.,0.,0.));
#823 = ORIENTED_EDGE('',*,*,#824,.F.);
#824 = EDGE_CURVE('',#825,#815,#827,.T.);
#825 = VERTEX_POINT('',#826);
#826 = CARTESIAN_POINT('',(1.,-20.,5.));
#827 = LINE('',#828,#829);
#828 = CARTESIAN_POINT('',(1.,-20.,5.));
#829 = VECTOR('',#830,1.);
#830 = DIRECTION('',(0.,0.,1.));
#831 = ORIENTED_EDGE('',*,*,#832,.F.);
#832 = EDGE_CURVE('',#753,#825,#833,.T.);
#833 = LINE('',#834,#835);
#834 = CARTESIAN_POINT('',(-30.,-20.,5.));
#835 = VECTOR('',#836,1.);
#836 = DIRECTION('',(1.,0.,0.));
#837 = ORIENTED_EDGE('',*,*,#760,.F.);
#838 = ORIENTED_EDGE('',*,*,#476,.T.);
#839 = ORIENTED_EDGE('',*,*,#840,.T.);
#840 = EDGE_CURVE('',#477,#817,#841,.T.);
#841 = LINE('',#842,#843);
#842 = CARTESIAN_POINT('',(29.38477631085,-20.,0.));
#843 = VECTOR('',#844,1.);
#844 = DIRECTION('',(0.,0.,1.));
#845 = PLANE('',#846);
#846 = AXIS2_PLACEMENT_3D('',#847,#848,#849);
#847 = CARTESIAN_POINT('',(3.247531785775,-20.,8.94485636965));
#848 = DIRECTION('',(-0.,-1.,-0.));
#849 = DIRECTION('',(0.,0.,-1.));
#850 = ADVANCED_FACE('',(#851),#884,.T.);
#851 = FACE_BOUND('',#852,.T.);
#852 = EDGE_LOOP('',(#853,#854,#869,#877,#883));
#853 = ORIENTED_EDGE('',*,*,#775,.T.);
#854 = ORIENTED_EDGE('',*,*,#855,.F.);
#855 = EDGE_CURVE('',#856,#776,#858,.T.);
#856 = VERTEX_POINT('',#857);
#857 = CARTESIAN_POINT('',(0.,1.,5.));
#858 = B_SPLINE_CURVE_WITH_KNOTS('',9,(#859,#860,#861,#862,#863,#864,
    #865,#866,#867,#868),.UNSPECIFIED.,.F.,.F.,(10,10),(0.,1.),
  .PIECEWISE_BEZIER_KNOTS.);
#859 = CARTESIAN_POINT('',(0.,1.,5.));
#860 = CARTESIAN_POINT('',(0.,0.824584054988,5.));
#861 = CARTESIAN_POINT('',(0.,0.649166194231,4.969360985604));
#862 = CARTESIAN_POINT('',(0.,0.479875921255,4.905006436855));
#863 = CARTESIAN_POINT('',(0.,0.324920915861,4.806105597339));
#864 = CARTESIAN_POINT('',(0.,0.193894402661,4.675079084139));
#865 = CARTESIAN_POINT('',(0.,9.499356314548E-02,4.520124078745));
#866 = CARTESIAN_POINT('',(0.,3.063901439597E-02,4.350833805769));
#867 = CARTESIAN_POINT('',(0.,-1.E-17,4.175415945012));
#868 = CARTESIAN_POINT('',(0.,0.,4.));
#869 = ORIENTED_EDGE('',*,*,#870,.T.);
#870 = EDGE_CURVE('',#856,#871,#873,.T.);
#871 = VERTEX_POINT('',#872);
#872 = CARTESIAN_POINT('',(0.,23.,5.));
#873 = LINE('',#874,#875);
#874 = CARTESIAN_POINT('',(0.,0.,5.));
#875 = VECTOR('',#876,1.);
#876 = DIRECTION('',(0.,1.,0.));
#877 = ORIENTED_EDGE('',*,*,#878,.F.);
#878 = EDGE_CURVE('',#502,#871,#879,.T.);
#879 = LINE('',#880,#881);
#880 = CARTESIAN_POINT('',(0.,23.,0.));
#881 = VECTOR('',#882,1.);
#882 = DIRECTION('',(0.,0.,1.));
#883 = ORIENTED_EDGE('',*,*,#509,.F.);
#884 = PLANE('',#885);
#885 = AXIS2_PLACEMENT_3D('',#886,#887,#888);
#886 = CARTESIAN_POINT('',(0.,0.,0.));
#887 = DIRECTION('',(-1.,0.,0.));
#888 = DIRECTION('',(0.,1.,0.));
#889 = ADVANCED_FACE('',(#890),#908,.T.);
#890 = FACE_BOUND('',#891,.T.);
#891 = EDGE_LOOP('',(#892,#900,#906,#907));
#892 = ORIENTED_EDGE('',*,*,#893,.T.);
#893 = EDGE_CURVE('',#485,#894,#896,.T.);
#894 = VERTEX_POINT('',#895);
#895 = CARTESIAN_POINT('',(50.192388155425,0.807611844575,25.));
#896 = LINE('',#897,#898);
#897 = CARTESIAN_POINT('',(50.192388155425,0.807611844575,0.));
#898 = VECTOR('',#899,1.);
#899 = DIRECTION('',(0.,0.,1.));
#900 = ORIENTED_EDGE('',*,*,#901,.F.);
#901 = EDGE_CURVE('',#817,#894,#902,.T.);
#902 = LINE('',#903,#904);
#903 = CARTESIAN_POINT('',(29.38477631085,-20.,25.));
#904 = VECTOR('',#905,1.);
#905 = DIRECTION('',(0.707106781187,0.707106781187,0.));
#906 = ORIENTED_EDGE('',*,*,#840,.F.);
#907 = ORIENTED_EDGE('',*,*,#484,.F.);
#908 = PLANE('',#909);
#909 = AXIS2_PLACEMENT_3D('',#910,#911,#912);
#910 = CARTESIAN_POINT('',(39.788582233138,-9.596194077713,12.5));
#911 = DIRECTION('',(0.707106781187,-0.707106781187,0.));
#912 = DIRECTION('',(0.707106781187,0.707106781187,0.));
#913 = ADVANCED_FACE('',(#914),#974,.T.);
#914 = FACE_BOUND('',#915,.T.);
#915 = EDGE_LOOP('',(#916,#926,#934,#942,#951,#960,#966,#967,#968));
#916 = ORIENTED_EDGE('',*,*,#917,.T.);
#917 = EDGE_CURVE('',#918,#920,#922,.T.);
#918 = VERTEX_POINT('',#919);
#919 = CARTESIAN_POINT('',(21.,23.,5.));
#920 = VERTEX_POINT('',#921);
#921 = CARTESIAN_POINT('',(21.,23.,25.));
#922 = LINE('',#923,#924);
#923 = CARTESIAN_POINT('',(21.,23.,5.));
#924 = VECTOR('',#925,1.);
#925 = DIRECTION('',(0.,0.,1.));
#926 = ORIENTED_EDGE('',*,*,#927,.T.);
#927 = EDGE_CURVE('',#920,#928,#930,.T.);
#928 = VERTEX_POINT('',#929);
#929 = CARTESIAN_POINT('',(41.,23.,25.));
#930 = LINE('',#931,#932);
#931 = CARTESIAN_POINT('',(20.,23.,25.));
#932 = VECTOR('',#933,1.);
#933 = DIRECTION('',(1.,0.,0.));
#934 = ORIENTED_EDGE('',*,*,#935,.F.);
#935 = EDGE_CURVE('',#936,#928,#938,.T.);
#936 = VERTEX_POINT('',#937);
#937 = CARTESIAN_POINT('',(41.,23.,16.7));
#938 = LINE('',#939,#940);
#939 = CARTESIAN_POINT('',(41.,23.,5.));
#940 = VECTOR('',#941,1.);
#941 = DIRECTION('',(0.,0.,1.));
#942 = ORIENTED_EDGE('',*,*,#943,.F.);
#943 = EDGE_CURVE('',#944,#936,#946,.T.);
#944 = VERTEX_POINT('',#945);
#945 = CARTESIAN_POINT('',(39.3,23.,15.));
#946 = CIRCLE('',#947,1.7);
#947 = AXIS2_PLACEMENT_3D('',#948,#949,#950);
#948 = CARTESIAN_POINT('',(41.,23.,15.));
#949 = DIRECTION('',(0.,1.,-0.));
#950 = DIRECTION('',(-1.,0.,0.));
#951 = ORIENTED_EDGE('',*,*,#952,.F.);
#952 = EDGE_CURVE('',#953,#944,#955,.T.);
#953 = VERTEX_POINT('',#954);
#954 = CARTESIAN_POINT('',(41.,23.,13.3));
#955 = CIRCLE('',#956,1.7);
#956 = AXIS2_PLACEMENT_3D('',#957,#958,#959);
#957 = CARTESIAN_POINT('',(41.,23.,15.));
#958 = DIRECTION('',(0.,1.,-0.));
#959 = DIRECTION('',(-1.,0.,0.));
#960 = ORIENTED_EDGE('',*,*,#961,.F.);
#961 = EDGE_CURVE('',#493,#953,#962,.T.);
#962 = LINE('',#963,#964);
#963 = CARTESIAN_POINT('',(41.,23.,5.));
#964 = VECTOR('',#965,1.);
#965 = DIRECTION('',(0.,0.,1.));
#966 = ORIENTED_EDGE('',*,*,#501,.F.);
#967 = ORIENTED_EDGE('',*,*,#878,.T.);
#968 = ORIENTED_EDGE('',*,*,#969,.T.);
#969 = EDGE_CURVE('',#871,#918,#970,.T.);
#970 = LINE('',#971,#972);
#971 = CARTESIAN_POINT('',(19.782542349161,23.,5.));
#972 = VECTOR('',#973,1.);
#973 = DIRECTION('',(1.,0.,0.));
#974 = PLANE('',#975);
#975 = AXIS2_PLACEMENT_3D('',#976,#977,#978);
#976 = CARTESIAN_POINT('',(23.530303030303,23.,9.469696969697));
#977 = DIRECTION('',(0.,1.,0.));
#978 = DIRECTION('',(0.,0.,1.));
#979 = ADVANCED_FACE('',(#980),#1022,.T.);
#980 = FACE_BOUND('',#981,.F.);
#981 = EDGE_LOOP('',(#982,#983,#984,#985,#992,#993));
#982 = ORIENTED_EDGE('',*,*,#961,.F.);
#983 = ORIENTED_EDGE('',*,*,#492,.F.);
#984 = ORIENTED_EDGE('',*,*,#893,.T.);
#985 = ORIENTED_EDGE('',*,*,#986,.T.);
#986 = EDGE_CURVE('',#894,#928,#987,.T.);
#987 = CIRCLE('',#988,13.);
#988 = AXIS2_PLACEMENT_3D('',#989,#990,#991);
#989 = CARTESIAN_POINT('',(41.,10.,25.));
#990 = DIRECTION('',(0.,0.,1.));
#991 = DIRECTION('',(1.,0.,0.));
#992 = ORIENTED_EDGE('',*,*,#935,.F.);
#993 = ORIENTED_EDGE('',*,*,#994,.T.);
#994 = EDGE_CURVE('',#936,#953,#995,.T.);
#995 = B_SPLINE_CURVE_WITH_KNOTS('',7,(#996,#997,#998,#999,#1000,#1001,
    #1002,#1003,#1004,#1005,#1006,#1007,#1008,#1009,#1010,#1011,#1012,
    #1013,#1014,#1015,#1016,#1017,#1018,#1019,#1020,#1021),
  .UNSPECIFIED.,.F.,.F.,(8,6,6,6,8),(0.,0.247113385853,0.500040349024,
    0.752968855746,1.),.UNSPECIFIED.);
#996 = CARTESIAN_POINT('',(41.,23.,16.7));
#997 = CARTESIAN_POINT('',(41.224103629449,23.,16.7));
#998 = CARTESIAN_POINT('',(41.442789022544,22.995492754683,
    16.665533899423));
#999 = CARTESIAN_POINT('',(41.64979931642,22.986871341266,
    16.599599644855));
#1000 = CARTESIAN_POINT('',(41.839828402853,22.975256053994,
    16.506466259939));
#1001 = CARTESIAN_POINT('',(42.008753052545,22.962231368511,
    16.391612499518));
#1002 = CARTESIAN_POINT('',(42.154034109881,22.94924809956,
    16.261653212647));
#1003 = CARTESIAN_POINT('',(42.399193806554,22.925083493928,
    15.98357412176));
#1004 = CARTESIAN_POINT('',(42.50096634919,22.913651904476,
    15.831647796974));
#1005 = CARTESIAN_POINT('',(42.581231772939,22.90383837431,
    15.672001452926));
#1006 = CARTESIAN_POINT('',(42.640778701738,22.896178323266,
    15.507202693814));
#1007 = CARTESIAN_POINT('',(42.680245782536,22.890972448902,
    15.339219965146));
#1008 = CARTESIAN_POINT('',(42.7,22.888366847665,15.169661816579));
#1009 = CARTESIAN_POINT('',(42.7,22.888366847665,14.830337148017));
#1010 = CARTESIAN_POINT('',(42.680245563224,22.890972476932,
    14.660781115796));
#1011 = CARTESIAN_POINT('',(42.640779237592,22.896178254327,
    14.492799265908));
#1012 = CARTESIAN_POINT('',(42.581232606429,22.903838260333,
    14.32799904694));
#1013 = CARTESIAN_POINT('',(42.500965770399,22.913652018725,
    14.168350104079));
#1014 = CARTESIAN_POINT('',(42.399191330125,22.925083738022,
    14.016423069282));
#1015 = CARTESIAN_POINT('',(42.154077589093,22.949243813953,
    13.738396104838));
#1016 = CARTESIAN_POINT('',(42.008793604946,22.962228328654,
    13.608408465935));
#1017 = CARTESIAN_POINT('',(41.839823888836,22.975257879187,
    13.493512129296));
#1018 = CARTESIAN_POINT('',(41.649732618771,22.986876825195,
    13.400358536209));
#1019 = CARTESIAN_POINT('',(41.442679411077,22.995496582531,
    13.334436808224));
#1020 = CARTESIAN_POINT('',(41.224008392082,23.,13.3));
#1021 = CARTESIAN_POINT('',(41.,23.,13.3));
#1022 = CYLINDRICAL_SURFACE('',#1023,13.);
#1023 = AXIS2_PLACEMENT_3D('',#1024,#1025,#1026);
#1024 = CARTESIAN_POINT('',(41.,10.,0.));
#1025 = DIRECTION('',(-0.,-0.,-1.));
#1026 = DIRECTION('',(1.,0.,0.));
#1027 = ADVANCED_FACE('',(#1028),#1118,.F.);
#1028 = FACE_BOUND('',#1029,.T.);
#1029 = EDGE_LOOP('',(#1030,#1040,#1049,#1057,#1066,#1074,#1083,#1088,
    #1089,#1090,#1091,#1092,#1093,#1094,#1103,#1111));
#1030 = ORIENTED_EDGE('',*,*,#1031,.F.);
#1031 = EDGE_CURVE('',#1032,#1034,#1036,.T.);
#1032 = VERTEX_POINT('',#1033);
#1033 = CARTESIAN_POINT('',(-23.40000000006,-12.59663243454,2.));
#1034 = VERTEX_POINT('',#1035);
#1035 = CARTESIAN_POINT('',(-23.40000000006,-12.59663243454,2.2));
#1036 = LINE('',#1037,#1038);
#1037 = CARTESIAN_POINT('',(-23.40000000006,-12.59663243454,0.));
#1038 = VECTOR('',#1039,1.);
#1039 = DIRECTION('',(0.,0.,1.));
#1040 = ORIENTED_EDGE('',*,*,#1041,.F.);
#1041 = EDGE_CURVE('',#1042,#1032,#1044,.T.);
#1042 = VERTEX_POINT('',#1043);
#1043 = CARTESIAN_POINT('',(-23.4,-7.40336756548,2.));
#1044 = CIRCLE('',#1045,3.05);
#1045 = AXIS2_PLACEMENT_3D('',#1046,#1047,#1048);
#1046 = CARTESIAN_POINT('',(-25.,-10.,2.));
#1047 = DIRECTION('',(0.,0.,-1.));
#1048 = DIRECTION('',(-1.,0.,0.));
#1049 = ORIENTED_EDGE('',*,*,#1050,.T.);
#1050 = EDGE_CURVE('',#1042,#1051,#1053,.T.);
#1051 = VERTEX_POINT('',#1052);
#1052 = CARTESIAN_POINT('',(-23.4,-7.40336756548,2.2));
#1053 = LINE('',#1054,#1055);
#1054 = CARTESIAN_POINT('',(-23.4,-7.40336756548,0.));
#1055 = VECTOR('',#1056,1.);
#1056 = DIRECTION('',(0.,0.,1.));
#1057 = ORIENTED_EDGE('',*,*,#1058,.F.);
#1058 = EDGE_CURVE('',#1059,#1051,#1061,.T.);
#1059 = VERTEX_POINT('',#1060);
#1060 = CARTESIAN_POINT('',(-26.6,-7.40336756548,2.2));
#1061 = CIRCLE('',#1062,3.05);
#1062 = AXIS2_PLACEMENT_3D('',#1063,#1064,#1065);
#1063 = CARTESIAN_POINT('',(-25.,-10.,2.2));
#1064 = DIRECTION('',(0.,0.,-1.));
#1065 = DIRECTION('',(1.,0.,0.));
#1066 = ORIENTED_EDGE('',*,*,#1067,.F.);
#1067 = EDGE_CURVE('',#1068,#1059,#1070,.T.);
#1068 = VERTEX_POINT('',#1069);
#1069 = CARTESIAN_POINT('',(-26.6,-7.40336756548,2.));
#1070 = LINE('',#1071,#1072);
#1071 = CARTESIAN_POINT('',(-26.6,-7.40336756548,0.));
#1072 = VECTOR('',#1073,1.);
#1073 = DIRECTION('',(0.,0.,1.));
#1074 = ORIENTED_EDGE('',*,*,#1075,.F.);
#1075 = EDGE_CURVE('',#1076,#1068,#1078,.T.);
#1076 = VERTEX_POINT('',#1077);
#1077 = CARTESIAN_POINT('',(-28.05,-10.,2.));
#1078 = CIRCLE('',#1079,3.05);
#1079 = AXIS2_PLACEMENT_3D('',#1080,#1081,#1082);
#1080 = CARTESIAN_POINT('',(-25.,-10.,2.));
#1081 = DIRECTION('',(0.,0.,-1.));
#1082 = DIRECTION('',(-1.,0.,0.));
#1083 = ORIENTED_EDGE('',*,*,#1084,.F.);
#1084 = EDGE_CURVE('',#526,#1076,#1085,.T.);
#1085 = B_SPLINE_CURVE_WITH_KNOTS('',1,(#1086,#1087),.UNSPECIFIED.,.F.,
  .F.,(2,2),(0.,2.),.PIECEWISE_BEZIER_KNOTS.);
#1086 = CARTESIAN_POINT('',(-28.05,-10.,0.));
#1087 = CARTESIAN_POINT('',(-28.05,-10.,2.));
#1088 = ORIENTED_EDGE('',*,*,#525,.T.);
#1089 = ORIENTED_EDGE('',*,*,#536,.T.);
#1090 = ORIENTED_EDGE('',*,*,#545,.T.);
#1091 = ORIENTED_EDGE('',*,*,#554,.T.);
#1092 = ORIENTED_EDGE('',*,*,#563,.T.);
#1093 = ORIENTED_EDGE('',*,*,#1084,.T.);
#1094 = ORIENTED_EDGE('',*,*,#1095,.F.);
#1095 = EDGE_CURVE('',#1096,#1076,#1098,.T.);
#1096 = VERTEX_POINT('',#1097);
#1097 = CARTESIAN_POINT('',(-26.60000000008,-12.59663243444,2.));
#1098 = CIRCLE('',#1099,3.05);
#1099 = AXIS2_PLACEMENT_3D('',#1100,#1101,#1102);
#1100 = CARTESIAN_POINT('',(-25.,-10.,2.));
#1101 = DIRECTION('',(0.,0.,-1.));
#1102 = DIRECTION('',(-1.,0.,0.));
#1103 = ORIENTED_EDGE('',*,*,#1104,.T.);
#1104 = EDGE_CURVE('',#1096,#1105,#1107,.T.);
#1105 = VERTEX_POINT('',#1106);
#1106 = CARTESIAN_POINT('',(-26.60000000007,-12.59663243442,2.2));
#1107 = LINE('',#1108,#1109);
#1108 = CARTESIAN_POINT('',(-26.60000000007,-12.59663243442,0.));
#1109 = VECTOR('',#1110,1.);
#1110 = DIRECTION('',(0.,0.,1.));
#1111 = ORIENTED_EDGE('',*,*,#1112,.F.);
#1112 = EDGE_CURVE('',#1034,#1105,#1113,.T.);
#1113 = CIRCLE('',#1114,3.04999999997);
#1114 = AXIS2_PLACEMENT_3D('',#1115,#1116,#1117);
#1115 = CARTESIAN_POINT('',(-24.99999999997,-10.,2.2));
#1116 = DIRECTION('',(0.,0.,-1.));
#1117 = DIRECTION('',(1.,0.,0.));
#1118 = CYLINDRICAL_SURFACE('',#1119,3.05);
#1119 = AXIS2_PLACEMENT_3D('',#1120,#1121,#1122);
#1120 = CARTESIAN_POINT('',(-25.,-10.,0.));
#1121 = DIRECTION('',(0.,0.,1.));
#1122 = DIRECTION('',(-1.,0.,0.));
#1123 = ADVANCED_FACE('',(#1124),#1214,.F.);
#1124 = FACE_BOUND('',#1125,.T.);
#1125 = EDGE_LOOP('',(#1126,#1136,#1145,#1153,#1162,#1170,#1179,#1184,
    #1185,#1186,#1187,#1188,#1189,#1190,#1199,#1207));
#1126 = ORIENTED_EDGE('',*,*,#1127,.F.);
#1127 = EDGE_CURVE('',#1128,#1130,#1132,.T.);
#1128 = VERTEX_POINT('',#1129);
#1129 = CARTESIAN_POINT('',(-8.4,-12.59663243452,2.));
#1130 = VERTEX_POINT('',#1131);
#1131 = CARTESIAN_POINT('',(-8.4,-12.59663243452,2.2));
#1132 = LINE('',#1133,#1134);
#1133 = CARTESIAN_POINT('',(-8.4,-12.59663243452,0.));
#1134 = VECTOR('',#1135,1.);
#1135 = DIRECTION('',(0.,0.,1.));
#1136 = ORIENTED_EDGE('',*,*,#1137,.F.);
#1137 = EDGE_CURVE('',#1138,#1128,#1140,.T.);
#1138 = VERTEX_POINT('',#1139);
#1139 = CARTESIAN_POINT('',(-8.399999999903,-7.403367565546,2.));
#1140 = CIRCLE('',#1141,3.05);
#1141 = AXIS2_PLACEMENT_3D('',#1142,#1143,#1144);
#1142 = CARTESIAN_POINT('',(-10.,-10.,2.));
#1143 = DIRECTION('',(0.,0.,-1.));
#1144 = DIRECTION('',(-1.,0.,0.));
#1145 = ORIENTED_EDGE('',*,*,#1146,.T.);
#1146 = EDGE_CURVE('',#1138,#1147,#1149,.T.);
#1147 = VERTEX_POINT('',#1148);
#1148 = CARTESIAN_POINT('',(-8.399999999906,-7.40336756555,2.2));
#1149 = LINE('',#1150,#1151);
#1150 = CARTESIAN_POINT('',(-8.399999999906,-7.40336756555,0.));
#1151 = VECTOR('',#1152,1.);
#1152 = DIRECTION('',(0.,0.,1.));
#1153 = ORIENTED_EDGE('',*,*,#1154,.F.);
#1154 = EDGE_CURVE('',#1155,#1147,#1157,.T.);
#1155 = VERTEX_POINT('',#1156);
#1156 = CARTESIAN_POINT('',(-11.60000000008,-7.40336756554,2.2));
#1157 = CIRCLE('',#1158,3.049999999991);
#1158 = AXIS2_PLACEMENT_3D('',#1159,#1160,#1161);
#1159 = CARTESIAN_POINT('',(-10.,-10.,2.2));
#1160 = DIRECTION('',(0.,0.,-1.));
#1161 = DIRECTION('',(1.,0.,0.));
#1162 = ORIENTED_EDGE('',*,*,#1163,.F.);
#1163 = EDGE_CURVE('',#1164,#1155,#1166,.T.);
#1164 = VERTEX_POINT('',#1165);
#1165 = CARTESIAN_POINT('',(-11.60000000008,-7.403367565536,2.));
#1166 = LINE('',#1167,#1168);
#1167 = CARTESIAN_POINT('',(-11.60000000008,-7.40336756554,0.));
#1168 = VECTOR('',#1169,1.);
#1169 = DIRECTION('',(0.,0.,1.));
#1170 = ORIENTED_EDGE('',*,*,#1171,.F.);
#1171 = EDGE_CURVE('',#1172,#1164,#1174,.T.);
#1172 = VERTEX_POINT('',#1173);
#1173 = CARTESIAN_POINT('',(-13.05,-10.,2.));
#1174 = CIRCLE('',#1175,3.05);
#1175 = AXIS2_PLACEMENT_3D('',#1176,#1177,#1178);
#1176 = CARTESIAN_POINT('',(-10.,-10.,2.));
#1177 = DIRECTION('',(0.,0.,-1.));
#1178 = DIRECTION('',(-1.,0.,0.));
#1179 = ORIENTED_EDGE('',*,*,#1180,.F.);
#1180 = EDGE_CURVE('',#573,#1172,#1181,.T.);
#1181 = B_SPLINE_CURVE_WITH_KNOTS('',1,(#1182,#1183),.UNSPECIFIED.,.F.,
  .F.,(2,2),(0.,2.),.PIECEWISE_BEZIER_KNOTS.);
#1182 = CARTESIAN_POINT('',(-13.05,-10.,0.));
#1183 = CARTESIAN_POINT('',(-13.05,-10.,2.));
#1184 = ORIENTED_EDGE('',*,*,#572,.T.);
#1185 = ORIENTED_EDGE('',*,*,#583,.T.);
#1186 = ORIENTED_EDGE('',*,*,#592,.T.);
#1187 = ORIENTED_EDGE('',*,*,#601,.T.);
#1188 = ORIENTED_EDGE('',*,*,#610,.T.);
#1189 = ORIENTED_EDGE('',*,*,#1180,.T.);
#1190 = ORIENTED_EDGE('',*,*,#1191,.F.);
#1191 = EDGE_CURVE('',#1192,#1172,#1194,.T.);
#1192 = VERTEX_POINT('',#1193);
#1193 = CARTESIAN_POINT('',(-11.6,-12.59663243452,2.));
#1194 = CIRCLE('',#1195,3.05);
#1195 = AXIS2_PLACEMENT_3D('',#1196,#1197,#1198);
#1196 = CARTESIAN_POINT('',(-10.,-10.,2.));
#1197 = DIRECTION('',(0.,0.,-1.));
#1198 = DIRECTION('',(-1.,0.,0.));
#1199 = ORIENTED_EDGE('',*,*,#1200,.T.);
#1200 = EDGE_CURVE('',#1192,#1201,#1203,.T.);
#1201 = VERTEX_POINT('',#1202);
#1202 = CARTESIAN_POINT('',(-11.6,-12.59663243452,2.2));
#1203 = LINE('',#1204,#1205);
#1204 = CARTESIAN_POINT('',(-11.6,-12.59663243452,0.));
#1205 = VECTOR('',#1206,1.);
#1206 = DIRECTION('',(0.,0.,1.));
#1207 = ORIENTED_EDGE('',*,*,#1208,.F.);
#1208 = EDGE_CURVE('',#1130,#1201,#1209,.T.);
#1209 = CIRCLE('',#1210,3.05);
#1210 = AXIS2_PLACEMENT_3D('',#1211,#1212,#1213);
#1211 = CARTESIAN_POINT('',(-10.,-10.,2.2));
#1212 = DIRECTION('',(0.,0.,-1.));
#1213 = DIRECTION('',(1.,0.,0.));
#1214 = CYLINDRICAL_SURFACE('',#1215,3.05);
#1215 = AXIS2_PLACEMENT_3D('',#1216,#1217,#1218);
#1216 = CARTESIAN_POINT('',(-10.,-10.,0.));
#1217 = DIRECTION('',(0.,0.,1.));
#1218 = DIRECTION('',(-1.,0.,0.));
#1219 = ADVANCED_FACE('',(#1220),#1245,.T.);
#1220 = FACE_BOUND('',#1221,.T.);
#1221 = EDGE_LOOP('',(#1222,#1230,#1238,#1244));
#1222 = ORIENTED_EDGE('',*,*,#1223,.T.);
#1223 = EDGE_CURVE('',#627,#1224,#1226,.T.);
#1224 = VERTEX_POINT('',#1225);
#1225 = CARTESIAN_POINT('',(36.669872981076,17.499999999996,25.));
#1226 = LINE('',#1227,#1228);
#1227 = CARTESIAN_POINT('',(36.669872981078,17.5,0.));
#1228 = VECTOR('',#1229,1.);
#1229 = DIRECTION('',(0.,0.,1.));
#1230 = ORIENTED_EDGE('',*,*,#1231,.T.);
#1231 = EDGE_CURVE('',#1224,#1232,#1234,.T.);
#1232 = VERTEX_POINT('',#1233);
#1233 = CARTESIAN_POINT('',(32.339745962158,9.999999999996,25.));
#1234 = LINE('',#1235,#1236);
#1235 = CARTESIAN_POINT('',(36.669872981076,17.499999999996,25.));
#1236 = VECTOR('',#1237,1.);
#1237 = DIRECTION('',(-0.5,-0.866025403785,0.));
#1238 = ORIENTED_EDGE('',*,*,#1239,.F.);
#1239 = EDGE_CURVE('',#629,#1232,#1240,.T.);
#1240 = LINE('',#1241,#1242);
#1241 = CARTESIAN_POINT('',(32.339745962158,9.999999999996,5.));
#1242 = VECTOR('',#1243,1.);
#1243 = DIRECTION('',(0.,0.,1.));
#1244 = ORIENTED_EDGE('',*,*,#626,.F.);
#1245 = PLANE('',#1246);
#1246 = AXIS2_PLACEMENT_3D('',#1247,#1248,#1249);
#1247 = CARTESIAN_POINT('',(34.504809471617,13.749999999997,12.5));
#1248 = DIRECTION('',(0.866025403785,-0.5,-3.406E-14));
#1249 = DIRECTION('',(0.5,0.866025403785,0.));
#1250 = ADVANCED_FACE('',(#1251,#1269),#1319,.T.);
#1251 = FACE_BOUND('',#1252,.T.);
#1252 = EDGE_LOOP('',(#1253,#1261,#1267,#1268));
#1253 = ORIENTED_EDGE('',*,*,#1254,.T.);
#1254 = EDGE_CURVE('',#637,#1255,#1257,.T.);
#1255 = VERTEX_POINT('',#1256);
#1256 = CARTESIAN_POINT('',(45.330127018918,17.5,25.));
#1257 = LINE('',#1258,#1259);
#1258 = CARTESIAN_POINT('',(45.330127018918,17.5,5.));
#1259 = VECTOR('',#1260,1.);
#1260 = DIRECTION('',(0.,0.,1.));
#1261 = ORIENTED_EDGE('',*,*,#1262,.T.);
#1262 = EDGE_CURVE('',#1255,#1224,#1263,.T.);
#1263 = LINE('',#1264,#1265);
#1264 = CARTESIAN_POINT('',(45.330127018918,17.5,25.));
#1265 = VECTOR('',#1266,1.);
#1266 = DIRECTION('',(-1.,-4.2746E-13,0.));
#1267 = ORIENTED_EDGE('',*,*,#1223,.F.);
#1268 = ORIENTED_EDGE('',*,*,#636,.F.);
#1269 = FACE_BOUND('',#1270,.T.);
#1270 = EDGE_LOOP('',(#1271,#1281,#1289,#1297,#1305,#1313));
#1271 = ORIENTED_EDGE('',*,*,#1272,.F.);
#1272 = EDGE_CURVE('',#1273,#1275,#1277,.T.);
#1273 = VERTEX_POINT('',#1274);
#1274 = CARTESIAN_POINT('',(43.8,17.499999999999,16.616580753731));
#1275 = VERTEX_POINT('',#1276);
#1276 = CARTESIAN_POINT('',(41.,17.499999999998,18.233161507462));
#1277 = LINE('',#1278,#1279);
#1278 = CARTESIAN_POINT('',(43.8,17.499999999999,16.616580753731));
#1279 = VECTOR('',#1280,1.);
#1280 = DIRECTION('',(-0.866025403784,-2.916018497694E-13,0.5));
#1281 = ORIENTED_EDGE('',*,*,#1282,.F.);
#1282 = EDGE_CURVE('',#1283,#1273,#1285,.T.);
#1283 = VERTEX_POINT('',#1284);
#1284 = CARTESIAN_POINT('',(43.8,17.499999999999,13.383419246269));
#1285 = LINE('',#1286,#1287);
#1286 = CARTESIAN_POINT('',(43.8,17.499999999999,13.383419246269));
#1287 = VECTOR('',#1288,1.);
#1288 = DIRECTION('',(1.4832E-26,-4.8E-14,1.));
#1289 = ORIENTED_EDGE('',*,*,#1290,.F.);
#1290 = EDGE_CURVE('',#1291,#1283,#1293,.T.);
#1291 = VERTEX_POINT('',#1292);
#1292 = CARTESIAN_POINT('',(41.,17.499999999999,11.766838492538));
#1293 = LINE('',#1294,#1295);
#1294 = CARTESIAN_POINT('',(41.,17.499999999999,11.766838492538));
#1295 = VECTOR('',#1296,1.);
#1296 = DIRECTION('',(0.866025403784,2.436018497694E-13,0.5));
#1297 = ORIENTED_EDGE('',*,*,#1298,.F.);
#1298 = EDGE_CURVE('',#1299,#1291,#1301,.T.);
#1299 = VERTEX_POINT('',#1300);
#1300 = CARTESIAN_POINT('',(38.2,17.499999999998,13.383419246269));
#1301 = LINE('',#1302,#1303);
#1302 = CARTESIAN_POINT('',(38.2,17.499999999998,13.383419246269));
#1303 = VECTOR('',#1304,1.);
#1304 = DIRECTION('',(0.866025403784,2.916018497694E-13,-0.5));
#1305 = ORIENTED_EDGE('',*,*,#1306,.F.);
#1306 = EDGE_CURVE('',#1307,#1299,#1309,.T.);
#1307 = VERTEX_POINT('',#1308);
#1308 = CARTESIAN_POINT('',(38.2,17.499999999998,16.616580753731));
#1309 = LINE('',#1310,#1311);
#1310 = CARTESIAN_POINT('',(38.2,17.499999999998,16.616580753731));
#1311 = VECTOR('',#1312,1.);
#1312 = DIRECTION('',(-1.4832E-26,4.8E-14,-1.));
#1313 = ORIENTED_EDGE('',*,*,#1314,.F.);
#1314 = EDGE_CURVE('',#1275,#1307,#1315,.T.);
#1315 = LINE('',#1316,#1317);
#1316 = CARTESIAN_POINT('',(41.,17.499999999998,18.233161507462));
#1317 = VECTOR('',#1318,1.);
#1318 = DIRECTION('',(-0.866025403784,-2.436018497694E-13,-0.5));
#1319 = PLANE('',#1320);
#1320 = AXIS2_PLACEMENT_3D('',#1321,#1322,#1323);
#1321 = CARTESIAN_POINT('',(40.999999999997,17.499999999999,12.5));
#1322 = DIRECTION('',(3.0898E-13,-1.,-4.807E-14));
#1323 = DIRECTION('',(-1.,-3.0898E-13,0.));
#1324 = ADVANCED_FACE('',(#1325),#1343,.T.);
#1325 = FACE_BOUND('',#1326,.T.);
#1326 = EDGE_LOOP('',(#1327,#1328,#1336,#1342));
#1327 = ORIENTED_EDGE('',*,*,#1239,.T.);
#1328 = ORIENTED_EDGE('',*,*,#1329,.T.);
#1329 = EDGE_CURVE('',#1232,#1330,#1332,.T.);
#1330 = VERTEX_POINT('',#1331);
#1331 = CARTESIAN_POINT('',(36.669872981082,2.5,25.));
#1332 = LINE('',#1333,#1334);
#1333 = CARTESIAN_POINT('',(32.339745962158,9.999999999996,25.));
#1334 = VECTOR('',#1335,1.);
#1335 = DIRECTION('',(0.5,-0.866025403784,0.));
#1336 = ORIENTED_EDGE('',*,*,#1337,.F.);
#1337 = EDGE_CURVE('',#661,#1330,#1338,.T.);
#1338 = LINE('',#1339,#1340);
#1339 = CARTESIAN_POINT('',(36.669872981082,2.5,5.));
#1340 = VECTOR('',#1341,1.);
#1341 = DIRECTION('',(0.,0.,1.));
#1342 = ORIENTED_EDGE('',*,*,#668,.F.);
#1343 = PLANE('',#1344);
#1344 = AXIS2_PLACEMENT_3D('',#1345,#1346,#1347);
#1345 = CARTESIAN_POINT('',(34.504809471619,6.249999999999,12.5));
#1346 = DIRECTION('',(0.866025403784,0.5,-2.E-15));
#1347 = DIRECTION('',(-0.5,0.866025403784,9.860761315263E-32));
#1348 = ADVANCED_FACE('',(#1349),#1367,.T.);
#1349 = FACE_BOUND('',#1350,.T.);
#1350 = EDGE_LOOP('',(#1351,#1359,#1365,#1366));
#1351 = ORIENTED_EDGE('',*,*,#1352,.T.);
#1352 = EDGE_CURVE('',#645,#1353,#1355,.T.);
#1353 = VERTEX_POINT('',#1354);
#1354 = CARTESIAN_POINT('',(49.660254037842,10.000000000004,25.));
#1355 = LINE('',#1356,#1357);
#1356 = CARTESIAN_POINT('',(49.660254037842,10.000000000004,5.));
#1357 = VECTOR('',#1358,1.);
#1358 = DIRECTION('',(0.,0.,1.));
#1359 = ORIENTED_EDGE('',*,*,#1360,.T.);
#1360 = EDGE_CURVE('',#1353,#1255,#1361,.T.);
#1361 = LINE('',#1362,#1363);
#1362 = CARTESIAN_POINT('',(49.660254037842,10.000000000004,25.));
#1363 = VECTOR('',#1364,1.);
#1364 = DIRECTION('',(-0.5,0.866025403784,0.));
#1365 = ORIENTED_EDGE('',*,*,#1254,.F.);
#1366 = ORIENTED_EDGE('',*,*,#644,.F.);
#1367 = PLANE('',#1368);
#1368 = AXIS2_PLACEMENT_3D('',#1369,#1370,#1371);
#1369 = CARTESIAN_POINT('',(47.49519052838,13.750000000002,12.5));
#1370 = DIRECTION('',(-0.866025403784,-0.5,1.33E-14));
#1371 = DIRECTION('',(0.5,-0.866025403784,0.));
#1372 = ADVANCED_FACE('',(#1373),#1391,.T.);
#1373 = FACE_BOUND('',#1374,.T.);
#1374 = EDGE_LOOP('',(#1375,#1376,#1384,#1390));
#1375 = ORIENTED_EDGE('',*,*,#1337,.T.);
#1376 = ORIENTED_EDGE('',*,*,#1377,.T.);
#1377 = EDGE_CURVE('',#1330,#1378,#1380,.T.);
#1378 = VERTEX_POINT('',#1379);
#1379 = CARTESIAN_POINT('',(45.330127018924,2.500000000004,25.));
#1380 = LINE('',#1381,#1382);
#1381 = CARTESIAN_POINT('',(36.669872981082,2.5,25.));
#1382 = VECTOR('',#1383,1.);
#1383 = DIRECTION('',(1.,4.2736E-13,0.));
#1384 = ORIENTED_EDGE('',*,*,#1385,.F.);
#1385 = EDGE_CURVE('',#653,#1378,#1386,.T.);
#1386 = LINE('',#1387,#1388);
#1387 = CARTESIAN_POINT('',(45.330127018924,2.500000000004,5.));
#1388 = VECTOR('',#1389,1.);
#1389 = DIRECTION('',(0.,0.,1.));
#1390 = ORIENTED_EDGE('',*,*,#660,.F.);
#1391 = PLANE('',#1392);
#1392 = AXIS2_PLACEMENT_3D('',#1393,#1394,#1395);
#1393 = CARTESIAN_POINT('',(41.000000000002,2.500000000002,12.5));
#1394 = DIRECTION('',(-3.3976E-13,1.,2.859E-14));
#1395 = DIRECTION('',(1.,3.3976E-13,0.));
#1396 = ADVANCED_FACE('',(#1397),#1408,.T.);
#1397 = FACE_BOUND('',#1398,.T.);
#1398 = EDGE_LOOP('',(#1399,#1400,#1406,#1407));
#1399 = ORIENTED_EDGE('',*,*,#1385,.T.);
#1400 = ORIENTED_EDGE('',*,*,#1401,.T.);
#1401 = EDGE_CURVE('',#1378,#1353,#1402,.T.);
#1402 = LINE('',#1403,#1404);
#1403 = CARTESIAN_POINT('',(45.330127018924,2.500000000004,25.));
#1404 = VECTOR('',#1405,1.);
#1405 = DIRECTION('',(0.5,0.866025403785,0.));
#1406 = ORIENTED_EDGE('',*,*,#1352,.F.);
#1407 = ORIENTED_EDGE('',*,*,#652,.F.);
#1408 = PLANE('',#1409);
#1409 = AXIS2_PLACEMENT_3D('',#1410,#1411,#1412);
#1410 = CARTESIAN_POINT('',(47.495190528383,6.250000000004,12.5));
#1411 = DIRECTION('',(-0.866025403785,0.5,6.168E-14));
#1412 = DIRECTION('',(-0.5,-0.866025403785,3.155443620884E-30));
#1413 = ADVANCED_FACE('',(#1414,#1465),#1468,.T.);
#1414 = FACE_BOUND('',#1415,.T.);
#1415 = EDGE_LOOP('',(#1416,#1417,#1432,#1440,#1449,#1457,#1464));
#1416 = ORIENTED_EDGE('',*,*,#870,.F.);
#1417 = ORIENTED_EDGE('',*,*,#1418,.F.);
#1418 = EDGE_CURVE('',#1419,#856,#1421,.T.);
#1419 = VERTEX_POINT('',#1420);
#1420 = CARTESIAN_POINT('',(1.,0.,5.));
#1421 = B_SPLINE_CURVE_WITH_KNOTS('',9,(#1422,#1423,#1424,#1425,#1426,
    #1427,#1428,#1429,#1430,#1431),.UNSPECIFIED.,.F.,.F.,(10,10),(0.,1.)
  ,.PIECEWISE_BEZIER_KNOTS.);
#1422 = CARTESIAN_POINT('',(1.,0.,5.));
#1423 = CARTESIAN_POINT('',(0.824584054988,0.,5.));
#1424 = CARTESIAN_POINT('',(0.649166194231,3.063901439597E-02,5.));
#1425 = CARTESIAN_POINT('',(0.479875921255,9.499356314549E-02,5.));
#1426 = CARTESIAN_POINT('',(0.324920915861,0.193894402661,5.));
#1427 = CARTESIAN_POINT('',(0.193894402661,0.324920915862,5.));
#1428 = CARTESIAN_POINT('',(9.499356314547E-02,0.479875921255,5.));
#1429 = CARTESIAN_POINT('',(3.063901439598E-02,0.649166194231,5.));
#1430 = CARTESIAN_POINT('',(0.,0.824584054988,5.));
#1431 = CARTESIAN_POINT('',(0.,1.,5.));
#1432 = ORIENTED_EDGE('',*,*,#1433,.T.);
#1433 = EDGE_CURVE('',#1419,#1434,#1436,.T.);
#1434 = VERTEX_POINT('',#1435);
#1435 = CARTESIAN_POINT('',(19.,0.,5.));
#1436 = LINE('',#1437,#1438);
#1437 = CARTESIAN_POINT('',(0.,0.,5.));
#1438 = VECTOR('',#1439,1.);
#1439 = DIRECTION('',(1.,1.E-17,0.));
#1440 = ORIENTED_EDGE('',*,*,#1441,.T.);
#1441 = EDGE_CURVE('',#1434,#1442,#1444,.T.);
#1442 = VERTEX_POINT('',#1443);
#1443 = CARTESIAN_POINT('',(20.,1.,5.));
#1444 = CIRCLE('',#1445,1.);
#1445 = AXIS2_PLACEMENT_3D('',#1446,#1447,#1448);
#1446 = CARTESIAN_POINT('',(20.,0.,5.));
#1447 = DIRECTION('',(0.,0.,1.));
#1448 = DIRECTION('',(1.,0.,0.));
#1449 = ORIENTED_EDGE('',*,*,#1450,.T.);
#1450 = EDGE_CURVE('',#1442,#1451,#1453,.T.);
#1451 = VERTEX_POINT('',#1452);
#1452 = CARTESIAN_POINT('',(20.,22.,5.));
#1453 = LINE('',#1454,#1455);
#1454 = CARTESIAN_POINT('',(20.,1.,5.));
#1455 = VECTOR('',#1456,1.);
#1456 = DIRECTION('',(0.,1.,0.));
#1457 = ORIENTED_EDGE('',*,*,#1458,.T.);
#1458 = EDGE_CURVE('',#1451,#918,#1459,.T.);
#1459 = CIRCLE('',#1460,1.);
#1460 = AXIS2_PLACEMENT_3D('',#1461,#1462,#1463);
#1461 = CARTESIAN_POINT('',(21.,22.,5.));
#1462 = DIRECTION('',(-0.,-0.,-1.));
#1463 = DIRECTION('',(0.,-1.,0.));
#1464 = ORIENTED_EDGE('',*,*,#969,.F.);
#1465 = FACE_BOUND('',#1466,.T.);
#1466 = EDGE_LOOP('',(#1467));
#1467 = ORIENTED_EDGE('',*,*,#708,.F.);
#1468 = PLANE('',#1469);
#1469 = AXIS2_PLACEMENT_3D('',#1470,#1471,#1472);
#1470 = CARTESIAN_POINT('',(16.03478166802,1.637033777117,5.));
#1471 = DIRECTION('',(0.,0.,1.));
#1472 = DIRECTION('',(1.,0.,0.));
#1473 = ADVANCED_FACE('',(#1474,#1509,#1520),#1531,.T.);
#1474 = FACE_BOUND('',#1475,.T.);
#1475 = EDGE_LOOP('',(#1476,#1477,#1478,#1479,#1488,#1496));
#1476 = ORIENTED_EDGE('',*,*,#785,.F.);
#1477 = ORIENTED_EDGE('',*,*,#752,.T.);
#1478 = ORIENTED_EDGE('',*,*,#832,.T.);
#1479 = ORIENTED_EDGE('',*,*,#1480,.F.);
#1480 = EDGE_CURVE('',#1481,#825,#1483,.T.);
#1481 = VERTEX_POINT('',#1482);
#1482 = CARTESIAN_POINT('',(0.,-19.,5.));
#1483 = CIRCLE('',#1484,1.);
#1484 = AXIS2_PLACEMENT_3D('',#1485,#1486,#1487);
#1485 = CARTESIAN_POINT('',(1.,-19.,5.));
#1486 = DIRECTION('',(-0.,0.,1.));
#1487 = DIRECTION('',(0.,-1.,0.));
#1488 = ORIENTED_EDGE('',*,*,#1489,.F.);
#1489 = EDGE_CURVE('',#1490,#1481,#1492,.T.);
#1490 = VERTEX_POINT('',#1491);
#1491 = CARTESIAN_POINT('',(0.,-1.,5.));
#1492 = LINE('',#1493,#1494);
#1493 = CARTESIAN_POINT('',(0.,0.,5.));
#1494 = VECTOR('',#1495,1.);
#1495 = DIRECTION('',(0.,-1.,0.));
#1496 = ORIENTED_EDGE('',*,*,#1497,.F.);
#1497 = EDGE_CURVE('',#786,#1490,#1498,.T.);
#1498 = B_SPLINE_CURVE_WITH_KNOTS('',9,(#1499,#1500,#1501,#1502,#1503,
    #1504,#1505,#1506,#1507,#1508),.UNSPECIFIED.,.F.,.F.,(10,10),(0.,1.)
  ,.PIECEWISE_BEZIER_KNOTS.);
#1499 = CARTESIAN_POINT('',(-1.,0.,5.));
#1500 = CARTESIAN_POINT('',(-0.824584054988,0.,5.));
#1501 = CARTESIAN_POINT('',(-0.649166194231,-3.063901439598E-02,5.));
#1502 = CARTESIAN_POINT('',(-0.479875921255,-9.499356314548E-02,5.));
#1503 = CARTESIAN_POINT('',(-0.324920915861,-0.193894402661,5.));
#1504 = CARTESIAN_POINT('',(-0.193894402661,-0.324920915861,5.));
#1505 = CARTESIAN_POINT('',(-9.499356314548E-02,-0.479875921255,5.));
#1506 = CARTESIAN_POINT('',(-3.063901439598E-02,-0.649166194231,5.));
#1507 = CARTESIAN_POINT('',(0.,-0.824584054988,5.));
#1508 = CARTESIAN_POINT('',(0.,-1.,5.));
#1509 = FACE_BOUND('',#1510,.T.);
#1510 = EDGE_LOOP('',(#1511));
#1511 = ORIENTED_EDGE('',*,*,#1512,.F.);
#1512 = EDGE_CURVE('',#1513,#1513,#1515,.T.);
#1513 = VERTEX_POINT('',#1514);
#1514 = CARTESIAN_POINT('',(-26.6,-10.,5.));
#1515 = CIRCLE('',#1516,1.6);
#1516 = AXIS2_PLACEMENT_3D('',#1517,#1518,#1519);
#1517 = CARTESIAN_POINT('',(-25.,-10.,5.));
#1518 = DIRECTION('',(0.,0.,1.));
#1519 = DIRECTION('',(-1.,0.,0.));
#1520 = FACE_BOUND('',#1521,.T.);
#1521 = EDGE_LOOP('',(#1522));
#1522 = ORIENTED_EDGE('',*,*,#1523,.F.);
#1523 = EDGE_CURVE('',#1524,#1524,#1526,.T.);
#1524 = VERTEX_POINT('',#1525);
#1525 = CARTESIAN_POINT('',(-11.6,-10.,5.));
#1526 = CIRCLE('',#1527,1.6);
#1527 = AXIS2_PLACEMENT_3D('',#1528,#1529,#1530);
#1528 = CARTESIAN_POINT('',(-10.,-10.,5.));
#1529 = DIRECTION('',(0.,0.,1.));
#1530 = DIRECTION('',(-1.,0.,0.));
#1531 = PLANE('',#1532);
#1532 = AXIS2_PLACEMENT_3D('',#1533,#1534,#1535);
#1533 = CARTESIAN_POINT('',(16.03478166802,1.637033777117,5.));
#1534 = DIRECTION('',(0.,0.,1.));
#1535 = DIRECTION('',(1.,0.,0.));
#1536 = ADVANCED_FACE('',(#1537),#1553,.T.);
#1537 = FACE_BOUND('',#1538,.T.);
#1538 = EDGE_LOOP('',(#1539,#1549,#1550,#1551,#1552));
#1539 = ORIENTED_EDGE('',*,*,#1540,.T.);
#1540 = EDGE_CURVE('',#1490,#1419,#1541,.T.);
#1541 = ( BOUNDED_CURVE() B_SPLINE_CURVE(6,(#1542,#1543,#1544,#1545,
#1546,#1547,#1548),.UNSPECIFIED.,.F.,.F.) B_SPLINE_CURVE_WITH_KNOTS((7,7
),(0.,1.570796326795),.PIECEWISE_BEZIER_KNOTS.) CURVE() 
GEOMETRIC_REPRESENTATION_ITEM() RATIONAL_B_SPLINE_CURVE((1.031393471788,
    1.010025407661,0.997924642725,0.993958444137,0.997924642725,
1.010025407661,1.031393471788)) REPRESENTATION_ITEM('') );
#1542 = CARTESIAN_POINT('',(-1.1E-16,-1.,5.));
#1543 = CARTESIAN_POINT('',(1.22E-15,-0.732663216847,5.));
#1544 = CARTESIAN_POINT('',(8.500435063369E-02,-0.472291427418,5.));
#1545 = CARTESIAN_POINT('',(0.248080486798,-0.248080486798,5.));
#1546 = CARTESIAN_POINT('',(0.472291427418,-8.500435063369E-02,5.));
#1547 = CARTESIAN_POINT('',(0.732663216847,0.,5.));
#1548 = CARTESIAN_POINT('',(1.,1.1E-16,5.));
#1549 = ORIENTED_EDGE('',*,*,#1418,.T.);
#1550 = ORIENTED_EDGE('',*,*,#855,.T.);
#1551 = ORIENTED_EDGE('',*,*,#793,.T.);
#1552 = ORIENTED_EDGE('',*,*,#1497,.T.);
#1553 = B_SPLINE_SURFACE_WITH_KNOTS('',8,8,(
    (#1554,#1555,#1556,#1557,#1558,#1559,#1560,#1561,#1562)
    ,(#1563,#1564,#1565,#1566,#1567,#1568,#1569,#1570,#1571)
    ,(#1572,#1573,#1574,#1575,#1576,#1577,#1578,#1579,#1580)
    ,(#1581,#1582,#1583,#1584,#1585,#1586,#1587,#1588,#1589)
    ,(#1590,#1591,#1592,#1593,#1594,#1595,#1596,#1597,#1598)
    ,(#1599,#1600,#1601,#1602,#1603,#1604,#1605,#1606,#1607)
    ,(#1608,#1609,#1610,#1611,#1612,#1613,#1614,#1615,#1616)
    ,(#1617,#1618,#1619,#1620,#1621,#1622,#1623,#1624,#1625)
    ,(#1626,#1627,#1628,#1629,#1630,#1631,#1632,#1633,#1634
  )),.UNSPECIFIED.,.F.,.F.,.F.,(9,9),(9,9),(-0.777817459305,
    0.777817459305),(-0.771017945543,0.639275201464),
  .PIECEWISE_BEZIER_KNOTS.);
#1554 = CARTESIAN_POINT('',(-3.6229941095E-03,-1.106564631818,
    4.999700754236));
#1555 = CARTESIAN_POINT('',(2.567494117438E-02,-1.04391099908,
    4.991604630062));
#1556 = CARTESIAN_POINT('',(-7.611603615917E-02,-0.828291247484,
    4.943553515795));
#1557 = CARTESIAN_POINT('',(-1.922197448865,-0.235206703655,
    4.96314878849));
#1558 = CARTESIAN_POINT('',(6.020087083664E-02,-0.759352868461,
    4.443650348277));
#1559 = CARTESIAN_POINT('',(-1.102588845256,-0.372012012919,
    4.754659862197));
#1560 = CARTESIAN_POINT('',(-0.801129332263,-0.248733503304,
    5.103816772024));
#1561 = CARTESIAN_POINT('',(-0.99394283334,-0.114544053435,
    5.091940529519));
#1562 = CARTESIAN_POINT('',(-1.096747050795,-3.971336532039E-03,
    5.002106720876));
#1563 = CARTESIAN_POINT('',(-2.226839766891E-02,-0.880954661173,
    5.009955458209));
#1564 = CARTESIAN_POINT('',(0.187174273093,-0.90861715659,5.02978434957)
  );
#1565 = CARTESIAN_POINT('',(0.381945127702,-0.77702716566,5.013555267429
    ));
#1566 = CARTESIAN_POINT('',(-2.368674779718,7.42879727188E-02,
    5.147175498543));
#1567 = CARTESIAN_POINT('',(1.108471380492,-0.857364616961,
    4.432865176616));
#1568 = CARTESIAN_POINT('',(-1.248552135346,-0.179503656532,
    4.838858731752));
#1569 = CARTESIAN_POINT('',(-0.534220448462,-0.107568289678,
    5.256916491611));
#1570 = CARTESIAN_POINT('',(-0.83187549313,2.133992118107E-02,
    5.111259706973));
#1571 = CARTESIAN_POINT('',(-0.924399822507,0.108188068854,
    4.917901819118));
#1572 = CARTESIAN_POINT('',(-0.266411952544,-0.70730981729,
    4.966978472041));
#1573 = CARTESIAN_POINT('',(9.498464726396E-02,-0.935676693013,
    5.004824128692));
#1574 = CARTESIAN_POINT('',(3.245042957073,-1.472313446981,
    5.712600786844));
#1575 = CARTESIAN_POINT('',(-5.676803625444,2.153340338177,
    2.734882327638));
#1576 = CARTESIAN_POINT('',(4.095374963803,-2.479853370564,
    8.972939763848));
#1577 = CARTESIAN_POINT('',(-1.93219072611,0.729952782982,1.625508273593
    ));
#1578 = CARTESIAN_POINT('',(0.404668563505,-0.758005404354,
    4.639355384305));
#1579 = CARTESIAN_POINT('',(-0.555917293677,-6.53720963708E-03,
    4.665028206104));
#1580 = CARTESIAN_POINT('',(-0.675971759044,0.112044439048,4.51999526773
    ));
#1581 = CARTESIAN_POINT('',(-0.891940515259,0.102374920422,
    4.907836435382));
#1582 = CARTESIAN_POINT('',(-0.63049434376,5.229520598669E-02,
    4.974068031788));
#1583 = CARTESIAN_POINT('',(-2.883656166914,0.103577108612,
    1.614666463146));
#1584 = CARTESIAN_POINT('',(11.923910271193,-6.103095143365,
    18.570820333972));
#1585 = CARTESIAN_POINT('',(-9.71070925478,4.52083818367,-16.80128687645
    ));
#1586 = CARTESIAN_POINT('',(4.624696590516,-2.666416002426,
    20.447086683816));
#1587 = CARTESIAN_POINT('',(-5.199878032422,4.288681014039,
    10.211860244097));
#1588 = CARTESIAN_POINT('',(-1.242898841656,0.934320490843,
    6.622546326043));
#1589 = CARTESIAN_POINT('',(-0.846307897204,0.539567286673,
    5.138773825961));
#1590 = CARTESIAN_POINT('',(0.435632332097,-0.437991922095,
    4.741742604028));
#1591 = CARTESIAN_POINT('',(0.886535437991,-1.061684192936,
    4.726236574002));
#1592 = CARTESIAN_POINT('',(1.913563150648,-1.783122664912,
    10.474814115267));
#1593 = CARTESIAN_POINT('',(-8.622205149932,8.614158526703,
    -17.05876994854));
#1594 = CARTESIAN_POINT('',(7.156907185249,-7.127314712655,
    40.885335147676));
#1595 = CARTESIAN_POINT('',(-6.08948247736,6.092329857327,-15.0626654705
    ));
#1596 = CARTESIAN_POINT('',(7.986402833635,-7.974762658602,
    -8.172724439095));
#1597 = CARTESIAN_POINT('',(2.095001863077,-2.100914072792,
    -1.929672440365));
#1598 = CARTESIAN_POINT('',(1.109291316458,-1.107540512807,
    0.311346705799));
#1599 = CARTESIAN_POINT('',(-8.507403969999E-02,0.973597800859,
    4.906802972224));
#1600 = CARTESIAN_POINT('',(5.413794303172E-02,0.809808260878,
    4.968938615294));
#1601 = CARTESIAN_POINT('',(-9.023798477734E-02,2.620691487166,
    1.606181866217));
#1602 = CARTESIAN_POINT('',(5.921596084017,-11.63186713758,
    18.587108576418));
#1603 = CARTESIAN_POINT('',(-4.355270185065,9.392008724766,
    -16.81561815731));
#1604 = CARTESIAN_POINT('',(2.565730521165,-4.470883457251,
    20.453366107813));
#1605 = CARTESIAN_POINT('',(-4.265968674496,5.151404952137,
    10.209517570912));
#1606 = CARTESIAN_POINT('',(-0.931653017483,1.249657867372,
    6.622972894318));
#1607 = CARTESIAN_POINT('',(-0.538341960286,0.847456971157,
    5.138595985469));
#1608 = CARTESIAN_POINT('',(0.705182274344,0.222694392567,4.969524238386
    ));
#1609 = CARTESIAN_POINT('',(0.873260173826,-0.227734291292,5.0088761588)
  );
#1610 = CARTESIAN_POINT('',(1.436660742881,-3.101197151019,
    5.716709159825));
#1611 = CARTESIAN_POINT('',(-2.019909595514,5.466882139023,
    2.726443459198));
#1612 = CARTESIAN_POINT('',(2.331481821178,-3.867410949456,
    8.982403547198));
#1613 = CARTESIAN_POINT('',(-0.64770732628,1.809053425735,1.621372048724
    ));
#1614 = CARTESIAN_POINT('',(0.735972008198,-0.367355824288,
    4.641161023165));
#1615 = CARTESIAN_POINT('',(2.926198909945E-03,0.54188309024,
    4.664111272962));
#1616 = CARTESIAN_POINT('',(-0.112650649406,0.6697684785,4.519926334828)
  );
#1617 = CARTESIAN_POINT('',(0.892310105227,7.269104653311E-02,
    5.010918211495));
#1618 = CARTESIAN_POINT('',(0.929908070403,-0.195490970056,5.0273120314)
  );
#1619 = CARTESIAN_POINT('',(0.768554495986,-0.307079918683,5.01410625541
    ));
#1620 = CARTESIAN_POINT('',(-7.907480517043E-02,2.354045376368,
    5.152614028968));
#1621 = CARTESIAN_POINT('',(0.888702821953,-1.112131510816,
    4.424349310009));
#1622 = CARTESIAN_POINT('',(0.159681844644,1.270381503693,4.844767325867
    ));
#1623 = CARTESIAN_POINT('',(0.117016270049,0.538373592495,5.255252210168
    ));
#1624 = CARTESIAN_POINT('',(-2.13591901861E-02,0.83699299528,
    5.111817372285));
#1625 = CARTESIAN_POINT('',(-0.106411213903,0.932201417141,
    4.918482586755));
#1626 = CARTESIAN_POINT('',(1.089675196136,1.816082294943E-02,
    5.001670395382));
#1627 = CARTESIAN_POINT('',(1.049344669579,-7.438512287969E-02,
    4.988880814888));
#1628 = CARTESIAN_POINT('',(0.843413699599,7.857467399025E-02,
    4.939558829402));
#1629 = CARTESIAN_POINT('',(0.205835768042,1.933926579176,4.968232985187
    ));
#1630 = CARTESIAN_POINT('',(0.795866680283,-0.129183887922,
    4.435558562751));
#1631 = CARTESIAN_POINT('',(0.351252677624,1.119556156239,4.757763591937
    ));
#1632 = CARTESIAN_POINT('',(0.254085713031,0.786221266073,5.102331557164
    ));
#1633 = CARTESIAN_POINT('',(0.112482363494,0.988843576787,5.091798270732
    ));
#1634 = CARTESIAN_POINT('',(4.050701250083E-03,1.095504770472,
    5.001845079839));
#1635 = ADVANCED_FACE('',(#1636,#1700),#1708,.T.);
#1636 = FACE_BOUND('',#1637,.T.);
#1637 = EDGE_LOOP('',(#1638,#1648,#1655,#1656,#1657,#1658,#1659,#1668,
    #1676,#1685,#1693));
#1638 = ORIENTED_EDGE('',*,*,#1639,.T.);
#1639 = EDGE_CURVE('',#1640,#1642,#1644,.T.);
#1640 = VERTEX_POINT('',#1641);
#1641 = CARTESIAN_POINT('',(0.,-1.,25.));
#1642 = VERTEX_POINT('',#1643);
#1643 = CARTESIAN_POINT('',(0.,-19.,25.));
#1644 = LINE('',#1645,#1646);
#1645 = CARTESIAN_POINT('',(0.,0.,25.));
#1646 = VECTOR('',#1647,1.);
#1647 = DIRECTION('',(0.,-1.,0.));
#1648 = ORIENTED_EDGE('',*,*,#1649,.T.);
#1649 = EDGE_CURVE('',#1642,#815,#1650,.T.);
#1650 = CIRCLE('',#1651,1.);
#1651 = AXIS2_PLACEMENT_3D('',#1652,#1653,#1654);
#1652 = CARTESIAN_POINT('',(1.,-19.,25.));
#1653 = DIRECTION('',(-0.,0.,1.));
#1654 = DIRECTION('',(0.,-1.,0.));
#1655 = ORIENTED_EDGE('',*,*,#814,.T.);
#1656 = ORIENTED_EDGE('',*,*,#901,.T.);
#1657 = ORIENTED_EDGE('',*,*,#986,.T.);
#1658 = ORIENTED_EDGE('',*,*,#927,.F.);
#1659 = ORIENTED_EDGE('',*,*,#1660,.F.);
#1660 = EDGE_CURVE('',#1661,#920,#1663,.T.);
#1661 = VERTEX_POINT('',#1662);
#1662 = CARTESIAN_POINT('',(20.,22.,25.));
#1663 = CIRCLE('',#1664,1.);
#1664 = AXIS2_PLACEMENT_3D('',#1665,#1666,#1667);
#1665 = CARTESIAN_POINT('',(21.,22.,25.));
#1666 = DIRECTION('',(-0.,-0.,-1.));
#1667 = DIRECTION('',(0.,-1.,0.));
#1668 = ORIENTED_EDGE('',*,*,#1669,.F.);
#1669 = EDGE_CURVE('',#1670,#1661,#1672,.T.);
#1670 = VERTEX_POINT('',#1671);
#1671 = CARTESIAN_POINT('',(20.,1.,25.));
#1672 = LINE('',#1673,#1674);
#1673 = CARTESIAN_POINT('',(20.,1.,25.));
#1674 = VECTOR('',#1675,1.);
#1675 = DIRECTION('',(0.,1.,0.));
#1676 = ORIENTED_EDGE('',*,*,#1677,.F.);
#1677 = EDGE_CURVE('',#1678,#1670,#1680,.T.);
#1678 = VERTEX_POINT('',#1679);
#1679 = CARTESIAN_POINT('',(19.,0.,25.));
#1680 = CIRCLE('',#1681,1.);
#1681 = AXIS2_PLACEMENT_3D('',#1682,#1683,#1684);
#1682 = CARTESIAN_POINT('',(20.,0.,25.));
#1683 = DIRECTION('',(0.,0.,1.));
#1684 = DIRECTION('',(1.,0.,0.));
#1685 = ORIENTED_EDGE('',*,*,#1686,.F.);
#1686 = EDGE_CURVE('',#1687,#1678,#1689,.T.);
#1687 = VERTEX_POINT('',#1688);
#1688 = CARTESIAN_POINT('',(1.,0.,25.));
#1689 = LINE('',#1690,#1691);
#1690 = CARTESIAN_POINT('',(0.,0.,25.));
#1691 = VECTOR('',#1692,1.);
#1692 = DIRECTION('',(1.,1.E-17,0.));
#1693 = ORIENTED_EDGE('',*,*,#1694,.F.);
#1694 = EDGE_CURVE('',#1640,#1687,#1695,.T.);
#1695 = CIRCLE('',#1696,1.);
#1696 = AXIS2_PLACEMENT_3D('',#1697,#1698,#1699);
#1697 = CARTESIAN_POINT('',(1.,-1.,25.));
#1698 = DIRECTION('',(-0.,-0.,-1.));
#1699 = DIRECTION('',(0.,-1.,0.));
#1700 = FACE_BOUND('',#1701,.F.);
#1701 = EDGE_LOOP('',(#1702,#1703,#1704,#1705,#1706,#1707));
#1702 = ORIENTED_EDGE('',*,*,#1262,.T.);
#1703 = ORIENTED_EDGE('',*,*,#1231,.T.);
#1704 = ORIENTED_EDGE('',*,*,#1329,.T.);
#1705 = ORIENTED_EDGE('',*,*,#1377,.T.);
#1706 = ORIENTED_EDGE('',*,*,#1401,.T.);
#1707 = ORIENTED_EDGE('',*,*,#1360,.T.);
#1708 = PLANE('',#1709);
#1709 = AXIS2_PLACEMENT_3D('',#1710,#1711,#1712);
#1710 = CARTESIAN_POINT('',(28.959609276004,2.665592590947,25.));
#1711 = DIRECTION('',(0.,0.,1.));
#1712 = DIRECTION('',(1.,0.,0.));
#1713 = ADVANCED_FACE('',(#1714),#1725,.T.);
#1714 = FACE_BOUND('',#1715,.T.);
#1715 = EDGE_LOOP('',(#1716,#1717,#1718,#1719));
#1716 = ORIENTED_EDGE('',*,*,#1480,.T.);
#1717 = ORIENTED_EDGE('',*,*,#824,.T.);
#1718 = ORIENTED_EDGE('',*,*,#1649,.F.);
#1719 = ORIENTED_EDGE('',*,*,#1720,.F.);
#1720 = EDGE_CURVE('',#1481,#1642,#1721,.T.);
#1721 = LINE('',#1722,#1723);
#1722 = CARTESIAN_POINT('',(-2.2E-16,-19.,5.));
#1723 = VECTOR('',#1724,1.);
#1724 = DIRECTION('',(0.,0.,1.));
#1725 = CYLINDRICAL_SURFACE('',#1726,1.);
#1726 = AXIS2_PLACEMENT_3D('',#1727,#1728,#1729);
#1727 = CARTESIAN_POINT('',(1.,-19.,5.));
#1728 = DIRECTION('',(0.,0.,1.));
#1729 = DIRECTION('',(-1.,0.,0.));
#1730 = ADVANCED_FACE('',(#1731),#1742,.T.);
#1731 = FACE_BOUND('',#1732,.F.);
#1732 = EDGE_LOOP('',(#1733,#1734,#1735,#1736));
#1733 = ORIENTED_EDGE('',*,*,#1458,.T.);
#1734 = ORIENTED_EDGE('',*,*,#917,.T.);
#1735 = ORIENTED_EDGE('',*,*,#1660,.F.);
#1736 = ORIENTED_EDGE('',*,*,#1737,.F.);
#1737 = EDGE_CURVE('',#1451,#1661,#1738,.T.);
#1738 = LINE('',#1739,#1740);
#1739 = CARTESIAN_POINT('',(20.,22.,5.));
#1740 = VECTOR('',#1741,1.);
#1741 = DIRECTION('',(0.,0.,1.));
#1742 = CYLINDRICAL_SURFACE('',#1743,1.);
#1743 = AXIS2_PLACEMENT_3D('',#1744,#1745,#1746);
#1744 = CARTESIAN_POINT('',(21.,22.,5.));
#1745 = DIRECTION('',(0.,0.,1.));
#1746 = DIRECTION('',(-1.,0.,0.));
#1747 = ADVANCED_FACE('',(#1748),#1769,.F.);
#1748 = FACE_BOUND('',#1749,.F.);
#1749 = EDGE_LOOP('',(#1750,#1751,#1759,#1766,#1767,#1768));
#1750 = ORIENTED_EDGE('',*,*,#943,.F.);
#1751 = ORIENTED_EDGE('',*,*,#1752,.T.);
#1752 = EDGE_CURVE('',#944,#1753,#1755,.T.);
#1753 = VERTEX_POINT('',#1754);
#1754 = CARTESIAN_POINT('',(39.3,20.499999999998,15.));
#1755 = LINE('',#1756,#1757);
#1756 = CARTESIAN_POINT('',(39.3,23.,15.));
#1757 = VECTOR('',#1758,1.);
#1758 = DIRECTION('',(0.,-1.,2.2E-16));
#1759 = ORIENTED_EDGE('',*,*,#1760,.T.);
#1760 = EDGE_CURVE('',#1753,#1753,#1761,.T.);
#1761 = CIRCLE('',#1762,1.7);
#1762 = AXIS2_PLACEMENT_3D('',#1763,#1764,#1765);
#1763 = CARTESIAN_POINT('',(41.,20.499999999999,15.));
#1764 = DIRECTION('',(0.,1.,-2.2E-16));
#1765 = DIRECTION('',(-1.,0.,0.));
#1766 = ORIENTED_EDGE('',*,*,#1752,.F.);
#1767 = ORIENTED_EDGE('',*,*,#952,.F.);
#1768 = ORIENTED_EDGE('',*,*,#994,.F.);
#1769 = CYLINDRICAL_SURFACE('',#1770,1.7);
#1770 = AXIS2_PLACEMENT_3D('',#1771,#1772,#1773);
#1771 = CARTESIAN_POINT('',(41.,23.,15.));
#1772 = DIRECTION('',(0.,1.,-2.2E-16));
#1773 = DIRECTION('',(-1.,0.,0.));
#1774 = ADVANCED_FACE('',(#1775),#1831,.T.);
#1775 = FACE_BOUND('',#1776,.T.);
#1776 = EDGE_LOOP('',(#1777,#1783,#1784,#1792,#1800,#1808,#1816,#1824,
    #1830));
#1777 = ORIENTED_EDGE('',*,*,#1778,.F.);
#1778 = EDGE_CURVE('',#1032,#1042,#1779,.T.);
#1779 = LINE('',#1780,#1781);
#1780 = CARTESIAN_POINT('',(-23.40000000004,-11.29831621728,2.));
#1781 = VECTOR('',#1782,1.);
#1782 = DIRECTION('',(1.226318E-11,1.,0.));
#1783 = ORIENTED_EDGE('',*,*,#1031,.T.);
#1784 = ORIENTED_EDGE('',*,*,#1785,.T.);
#1785 = EDGE_CURVE('',#1034,#1786,#1788,.T.);
#1786 = VERTEX_POINT('',#1787);
#1787 = CARTESIAN_POINT('',(-23.40000000002,-11.6,2.2));
#1788 = LINE('',#1789,#1790);
#1789 = CARTESIAN_POINT('',(-23.40000000006,-12.59663243454,2.2));
#1790 = VECTOR('',#1791,1.);
#1791 = DIRECTION('',(1.226318E-11,1.,0.));
#1792 = ORIENTED_EDGE('',*,*,#1793,.T.);
#1793 = EDGE_CURVE('',#1786,#1794,#1796,.T.);
#1794 = VERTEX_POINT('',#1795);
#1795 = CARTESIAN_POINT('',(-23.4,-11.6,2.4));
#1796 = LINE('',#1797,#1798);
#1797 = CARTESIAN_POINT('',(-23.4,-11.6,0.));
#1798 = VECTOR('',#1799,1.);
#1799 = DIRECTION('',(0.,0.,1.));
#1800 = ORIENTED_EDGE('',*,*,#1801,.T.);
#1801 = EDGE_CURVE('',#1794,#1802,#1804,.T.);
#1802 = VERTEX_POINT('',#1803);
#1803 = CARTESIAN_POINT('',(-23.4,-10.,2.4));
#1804 = LINE('',#1805,#1806);
#1805 = CARTESIAN_POINT('',(-23.4,-11.6,2.4));
#1806 = VECTOR('',#1807,1.);
#1807 = DIRECTION('',(0.,1.,0.));
#1808 = ORIENTED_EDGE('',*,*,#1809,.T.);
#1809 = EDGE_CURVE('',#1802,#1810,#1812,.T.);
#1810 = VERTEX_POINT('',#1811);
#1811 = CARTESIAN_POINT('',(-23.4,-8.4,2.4));
#1812 = LINE('',#1813,#1814);
#1813 = CARTESIAN_POINT('',(-23.4,-11.6,2.4));
#1814 = VECTOR('',#1815,1.);
#1815 = DIRECTION('',(0.,1.,0.));
#1816 = ORIENTED_EDGE('',*,*,#1817,.F.);
#1817 = EDGE_CURVE('',#1818,#1810,#1820,.T.);
#1818 = VERTEX_POINT('',#1819);
#1819 = CARTESIAN_POINT('',(-23.4,-8.4,2.2));
#1820 = LINE('',#1821,#1822);
#1821 = CARTESIAN_POINT('',(-23.4,-8.4,0.));
#1822 = VECTOR('',#1823,1.);
#1823 = DIRECTION('',(0.,0.,1.));
#1824 = ORIENTED_EDGE('',*,*,#1825,.T.);
#1825 = EDGE_CURVE('',#1818,#1051,#1826,.T.);
#1826 = LINE('',#1827,#1828);
#1827 = CARTESIAN_POINT('',(-23.40000000006,-12.59663243454,2.2));
#1828 = VECTOR('',#1829,1.);
#1829 = DIRECTION('',(1.226318E-11,1.,0.));
#1830 = ORIENTED_EDGE('',*,*,#1050,.F.);
#1831 = PLANE('',#1832);
#1832 = AXIS2_PLACEMENT_3D('',#1833,#1834,#1835);
#1833 = CARTESIAN_POINT('',(-23.40000000002,-10.,2.164363123941));
#1834 = DIRECTION('',(-1.,1.044574E-11,7.630284E-11));
#1835 = DIRECTION('',(-7.630284E-11,0.,-1.));
#1836 = ADVANCED_FACE('',(#1837),#1841,.T.);
#1837 = FACE_BOUND('',#1838,.T.);
#1838 = EDGE_LOOP('',(#1839,#1840));
#1839 = ORIENTED_EDGE('',*,*,#1778,.T.);
#1840 = ORIENTED_EDGE('',*,*,#1041,.T.);
#1841 = PLANE('',#1842);
#1842 = AXIS2_PLACEMENT_3D('',#1843,#1844,#1845);
#1843 = CARTESIAN_POINT('',(-25.,-10.,2.));
#1844 = DIRECTION('',(0.,0.,-1.));
#1845 = DIRECTION('',(-1.,0.,0.));
#1846 = ADVANCED_FACE('',(#1847),#1865,.F.);
#1847 = FACE_BOUND('',#1848,.F.);
#1848 = EDGE_LOOP('',(#1849,#1857,#1863,#1864));
#1849 = ORIENTED_EDGE('',*,*,#1850,.F.);
#1850 = EDGE_CURVE('',#1851,#1059,#1853,.T.);
#1851 = VERTEX_POINT('',#1852);
#1852 = CARTESIAN_POINT('',(-26.6,-8.4,2.2));
#1853 = LINE('',#1854,#1855);
#1854 = CARTESIAN_POINT('',(-26.60000000007,-12.59663243442,2.2));
#1855 = VECTOR('',#1856,1.);
#1856 = DIRECTION('',(1.412735E-11,1.,0.));
#1857 = ORIENTED_EDGE('',*,*,#1858,.T.);
#1858 = EDGE_CURVE('',#1851,#1818,#1859,.T.);
#1859 = LINE('',#1860,#1861);
#1860 = CARTESIAN_POINT('',(-15.86666666666,-8.4,2.2));
#1861 = VECTOR('',#1862,1.);
#1862 = DIRECTION('',(1.,0.,0.));
#1863 = ORIENTED_EDGE('',*,*,#1825,.T.);
#1864 = ORIENTED_EDGE('',*,*,#1058,.F.);
#1865 = PLANE('',#1866);
#1866 = AXIS2_PLACEMENT_3D('',#1867,#1868,#1869);
#1867 = CARTESIAN_POINT('',(-8.333333333323,-2.499999999994,2.2));
#1868 = DIRECTION('',(0.,0.,1.));
#1869 = DIRECTION('',(1.,0.,0.));
#1870 = ADVANCED_FACE('',(#1871),#1920,.T.);
#1871 = FACE_BOUND('',#1872,.T.);
#1872 = EDGE_LOOP('',(#1873,#1874,#1882,#1890,#1898,#1906,#1912,#1913,
    #1919));
#1873 = ORIENTED_EDGE('',*,*,#1850,.F.);
#1874 = ORIENTED_EDGE('',*,*,#1875,.T.);
#1875 = EDGE_CURVE('',#1851,#1876,#1878,.T.);
#1876 = VERTEX_POINT('',#1877);
#1877 = CARTESIAN_POINT('',(-26.6,-8.4,2.4));
#1878 = LINE('',#1879,#1880);
#1879 = CARTESIAN_POINT('',(-26.6,-8.4,0.));
#1880 = VECTOR('',#1881,1.);
#1881 = DIRECTION('',(0.,0.,1.));
#1882 = ORIENTED_EDGE('',*,*,#1883,.T.);
#1883 = EDGE_CURVE('',#1876,#1884,#1886,.T.);
#1884 = VERTEX_POINT('',#1885);
#1885 = CARTESIAN_POINT('',(-26.6,-10.,2.4));
#1886 = LINE('',#1887,#1888);
#1887 = CARTESIAN_POINT('',(-26.6,-8.4,2.4));
#1888 = VECTOR('',#1889,1.);
#1889 = DIRECTION('',(0.,-1.,0.));
#1890 = ORIENTED_EDGE('',*,*,#1891,.T.);
#1891 = EDGE_CURVE('',#1884,#1892,#1894,.T.);
#1892 = VERTEX_POINT('',#1893);
#1893 = CARTESIAN_POINT('',(-26.6,-11.6,2.4));
#1894 = LINE('',#1895,#1896);
#1895 = CARTESIAN_POINT('',(-26.6,-8.4,2.4));
#1896 = VECTOR('',#1897,1.);
#1897 = DIRECTION('',(0.,-1.,0.));
#1898 = ORIENTED_EDGE('',*,*,#1899,.F.);
#1899 = EDGE_CURVE('',#1900,#1892,#1902,.T.);
#1900 = VERTEX_POINT('',#1901);
#1901 = CARTESIAN_POINT('',(-26.60000000003,-11.6,2.2));
#1902 = LINE('',#1903,#1904);
#1903 = CARTESIAN_POINT('',(-26.6,-11.6,0.));
#1904 = VECTOR('',#1905,1.);
#1905 = DIRECTION('',(0.,0.,1.));
#1906 = ORIENTED_EDGE('',*,*,#1907,.F.);
#1907 = EDGE_CURVE('',#1105,#1900,#1908,.T.);
#1908 = LINE('',#1909,#1910);
#1909 = CARTESIAN_POINT('',(-26.60000000007,-12.59663243442,2.2));
#1910 = VECTOR('',#1911,1.);
#1911 = DIRECTION('',(1.412735E-11,1.,0.));
#1912 = ORIENTED_EDGE('',*,*,#1104,.F.);
#1913 = ORIENTED_EDGE('',*,*,#1914,.T.);
#1914 = EDGE_CURVE('',#1096,#1068,#1915,.T.);
#1915 = LINE('',#1916,#1917);
#1916 = CARTESIAN_POINT('',(-26.60000000005,-11.29831621719,2.));
#1917 = VECTOR('',#1918,1.);
#1918 = DIRECTION('',(1.412735E-11,1.,0.));
#1919 = ORIENTED_EDGE('',*,*,#1067,.T.);
#1920 = PLANE('',#1921);
#1921 = AXIS2_PLACEMENT_3D('',#1922,#1923,#1924);
#1922 = CARTESIAN_POINT('',(-26.60000000002,-9.999999999957,
    2.164363123942));
#1923 = DIRECTION('',(1.,-1.203398E-11,-8.790026E-11));
#1924 = DIRECTION('',(8.790026E-11,0.,1.));
#1925 = ADVANCED_FACE('',(#1926),#1931,.T.);
#1926 = FACE_BOUND('',#1927,.T.);
#1927 = EDGE_LOOP('',(#1928,#1929,#1930));
#1928 = ORIENTED_EDGE('',*,*,#1095,.T.);
#1929 = ORIENTED_EDGE('',*,*,#1075,.T.);
#1930 = ORIENTED_EDGE('',*,*,#1914,.F.);
#1931 = PLANE('',#1932);
#1932 = AXIS2_PLACEMENT_3D('',#1933,#1934,#1935);
#1933 = CARTESIAN_POINT('',(-25.,-10.,2.));
#1934 = DIRECTION('',(0.,0.,-1.));
#1935 = DIRECTION('',(-1.,0.,0.));
#1936 = ADVANCED_FACE('',(#1937),#1948,.F.);
#1937 = FACE_BOUND('',#1938,.F.);
#1938 = EDGE_LOOP('',(#1939,#1940,#1941,#1947));
#1939 = ORIENTED_EDGE('',*,*,#1112,.F.);
#1940 = ORIENTED_EDGE('',*,*,#1785,.T.);
#1941 = ORIENTED_EDGE('',*,*,#1942,.T.);
#1942 = EDGE_CURVE('',#1786,#1900,#1943,.T.);
#1943 = LINE('',#1944,#1945);
#1944 = CARTESIAN_POINT('',(-17.46666666666,-11.6,2.2));
#1945 = VECTOR('',#1946,1.);
#1946 = DIRECTION('',(-1.,0.,0.));
#1947 = ORIENTED_EDGE('',*,*,#1907,.F.);
#1948 = PLANE('',#1949);
#1949 = AXIS2_PLACEMENT_3D('',#1950,#1951,#1952);
#1950 = CARTESIAN_POINT('',(-8.333333333323,-2.499999999994,2.2));
#1951 = DIRECTION('',(0.,0.,1.));
#1952 = DIRECTION('',(1.,0.,0.));
#1953 = ADVANCED_FACE('',(#1954),#2010,.T.);
#1954 = FACE_BOUND('',#1955,.T.);
#1955 = EDGE_LOOP('',(#1956,#1962,#1963,#1971,#1979,#1987,#1995,#2003,
    #2009));
#1956 = ORIENTED_EDGE('',*,*,#1957,.F.);
#1957 = EDGE_CURVE('',#1128,#1138,#1958,.T.);
#1958 = LINE('',#1959,#1960);
#1959 = CARTESIAN_POINT('',(-8.399999999977,-11.29831621727,2.));
#1960 = VECTOR('',#1961,1.);
#1961 = DIRECTION('',(1.805648E-11,1.,0.));
#1962 = ORIENTED_EDGE('',*,*,#1127,.T.);
#1963 = ORIENTED_EDGE('',*,*,#1964,.T.);
#1964 = EDGE_CURVE('',#1130,#1965,#1967,.T.);
#1965 = VERTEX_POINT('',#1966);
#1966 = CARTESIAN_POINT('',(-8.399999999991,-11.6,2.2));
#1967 = LINE('',#1968,#1969);
#1968 = CARTESIAN_POINT('',(-8.4,-12.59663243452,2.2));
#1969 = VECTOR('',#1970,1.);
#1970 = DIRECTION('',(1.805648E-11,1.,0.));
#1971 = ORIENTED_EDGE('',*,*,#1972,.T.);
#1972 = EDGE_CURVE('',#1965,#1973,#1975,.T.);
#1973 = VERTEX_POINT('',#1974);
#1974 = CARTESIAN_POINT('',(-8.4,-11.6,2.4));
#1975 = LINE('',#1976,#1977);
#1976 = CARTESIAN_POINT('',(-8.4,-11.6,0.));
#1977 = VECTOR('',#1978,1.);
#1978 = DIRECTION('',(0.,0.,1.));
#1979 = ORIENTED_EDGE('',*,*,#1980,.T.);
#1980 = EDGE_CURVE('',#1973,#1981,#1983,.T.);
#1981 = VERTEX_POINT('',#1982);
#1982 = CARTESIAN_POINT('',(-8.4,-10.,2.4));
#1983 = LINE('',#1984,#1985);
#1984 = CARTESIAN_POINT('',(-8.4,-11.6,2.4));
#1985 = VECTOR('',#1986,1.);
#1986 = DIRECTION('',(0.,1.,0.));
#1987 = ORIENTED_EDGE('',*,*,#1988,.T.);
#1988 = EDGE_CURVE('',#1981,#1989,#1991,.T.);
#1989 = VERTEX_POINT('',#1990);
#1990 = CARTESIAN_POINT('',(-8.4,-8.4,2.4));
#1991 = LINE('',#1992,#1993);
#1992 = CARTESIAN_POINT('',(-8.4,-11.6,2.4));
#1993 = VECTOR('',#1994,1.);
#1994 = DIRECTION('',(0.,1.,0.));
#1995 = ORIENTED_EDGE('',*,*,#1996,.F.);
#1996 = EDGE_CURVE('',#1997,#1989,#1999,.T.);
#1997 = VERTEX_POINT('',#1998);
#1998 = CARTESIAN_POINT('',(-8.399999999962,-8.4,2.2));
#1999 = LINE('',#2000,#2001);
#2000 = CARTESIAN_POINT('',(-8.4,-8.4,0.));
#2001 = VECTOR('',#2002,1.);
#2002 = DIRECTION('',(0.,0.,1.));
#2003 = ORIENTED_EDGE('',*,*,#2004,.T.);
#2004 = EDGE_CURVE('',#1997,#1147,#2005,.T.);
#2005 = LINE('',#2006,#2007);
#2006 = CARTESIAN_POINT('',(-8.4,-12.59663243452,2.2));
#2007 = VECTOR('',#2008,1.);
#2008 = DIRECTION('',(1.805648E-11,1.,0.));
#2009 = ORIENTED_EDGE('',*,*,#1146,.F.);
#2010 = PLANE('',#2011);
#2011 = AXIS2_PLACEMENT_3D('',#2012,#2013,#2014);
#2012 = CARTESIAN_POINT('',(-8.399999999968,-10.00000000003,
    2.164363123942));
#2013 = DIRECTION('',(-1.,1.538081E-11,-1.122796E-10));
#2014 = DIRECTION('',(1.122796E-10,0.,-1.));
#2015 = ADVANCED_FACE('',(#2016),#2020,.T.);
#2016 = FACE_BOUND('',#2017,.T.);
#2017 = EDGE_LOOP('',(#2018,#2019));
#2018 = ORIENTED_EDGE('',*,*,#1957,.T.);
#2019 = ORIENTED_EDGE('',*,*,#1137,.T.);
#2020 = PLANE('',#2021);
#2021 = AXIS2_PLACEMENT_3D('',#2022,#2023,#2024);
#2022 = CARTESIAN_POINT('',(-10.,-10.,2.));
#2023 = DIRECTION('',(0.,0.,-1.));
#2024 = DIRECTION('',(-1.,0.,0.));
#2025 = ADVANCED_FACE('',(#2026),#2044,.F.);
#2026 = FACE_BOUND('',#2027,.F.);
#2027 = EDGE_LOOP('',(#2028,#2036,#2042,#2043));
#2028 = ORIENTED_EDGE('',*,*,#2029,.F.);
#2029 = EDGE_CURVE('',#2030,#1155,#2032,.T.);
#2030 = VERTEX_POINT('',#2031);
#2031 = CARTESIAN_POINT('',(-11.60000000003,-8.4,2.2));
#2032 = LINE('',#2033,#2034);
#2033 = CARTESIAN_POINT('',(-11.6,-12.59663243452,2.2));
#2034 = VECTOR('',#2035,1.);
#2035 = DIRECTION('',(-1.571891E-11,1.,-0.));
#2036 = ORIENTED_EDGE('',*,*,#2037,.T.);
#2037 = EDGE_CURVE('',#2030,#1997,#2038,.T.);
#2038 = LINE('',#2039,#2040);
#2039 = CARTESIAN_POINT('',(-8.366666666661,-8.4,2.2));
#2040 = VECTOR('',#2041,1.);
#2041 = DIRECTION('',(1.,0.,0.));
#2042 = ORIENTED_EDGE('',*,*,#2004,.T.);
#2043 = ORIENTED_EDGE('',*,*,#1154,.F.);
#2044 = PLANE('',#2045);
#2045 = AXIS2_PLACEMENT_3D('',#2046,#2047,#2048);
#2046 = CARTESIAN_POINT('',(-8.333333333323,-2.499999999994,2.2));
#2047 = DIRECTION('',(0.,0.,1.));
#2048 = DIRECTION('',(1.,0.,0.));
#2049 = ADVANCED_FACE('',(#2050),#2099,.T.);
#2050 = FACE_BOUND('',#2051,.T.);
#2051 = EDGE_LOOP('',(#2052,#2053,#2061,#2069,#2077,#2085,#2091,#2092,
    #2098));
#2052 = ORIENTED_EDGE('',*,*,#2029,.F.);
#2053 = ORIENTED_EDGE('',*,*,#2054,.T.);
#2054 = EDGE_CURVE('',#2030,#2055,#2057,.T.);
#2055 = VERTEX_POINT('',#2056);
#2056 = CARTESIAN_POINT('',(-11.6,-8.4,2.4));
#2057 = LINE('',#2058,#2059);
#2058 = CARTESIAN_POINT('',(-11.6,-8.4,0.));
#2059 = VECTOR('',#2060,1.);
#2060 = DIRECTION('',(0.,0.,1.));
#2061 = ORIENTED_EDGE('',*,*,#2062,.T.);
#2062 = EDGE_CURVE('',#2055,#2063,#2065,.T.);
#2063 = VERTEX_POINT('',#2064);
#2064 = CARTESIAN_POINT('',(-11.6,-10.,2.4));
#2065 = LINE('',#2066,#2067);
#2066 = CARTESIAN_POINT('',(-11.6,-8.4,2.4));
#2067 = VECTOR('',#2068,1.);
#2068 = DIRECTION('',(0.,-1.,0.));
#2069 = ORIENTED_EDGE('',*,*,#2070,.T.);
#2070 = EDGE_CURVE('',#2063,#2071,#2073,.T.);
#2071 = VERTEX_POINT('',#2072);
#2072 = CARTESIAN_POINT('',(-11.6,-11.6,2.4));
#2073 = LINE('',#2074,#2075);
#2074 = CARTESIAN_POINT('',(-11.6,-8.4,2.4));
#2075 = VECTOR('',#2076,1.);
#2076 = DIRECTION('',(0.,-1.,0.));
#2077 = ORIENTED_EDGE('',*,*,#2078,.F.);
#2078 = EDGE_CURVE('',#2079,#2071,#2081,.T.);
#2079 = VERTEX_POINT('',#2080);
#2080 = CARTESIAN_POINT('',(-11.6,-11.6,2.2));
#2081 = LINE('',#2082,#2083);
#2082 = CARTESIAN_POINT('',(-11.6,-11.6,0.));
#2083 = VECTOR('',#2084,1.);
#2084 = DIRECTION('',(0.,0.,1.));
#2085 = ORIENTED_EDGE('',*,*,#2086,.F.);
#2086 = EDGE_CURVE('',#1201,#2079,#2087,.T.);
#2087 = LINE('',#2088,#2089);
#2088 = CARTESIAN_POINT('',(-11.6,-12.59663243452,2.2));
#2089 = VECTOR('',#2090,1.);
#2090 = DIRECTION('',(-1.571891E-11,1.,-0.));
#2091 = ORIENTED_EDGE('',*,*,#1200,.F.);
#2092 = ORIENTED_EDGE('',*,*,#2093,.T.);
#2093 = EDGE_CURVE('',#1192,#1164,#2094,.T.);
#2094 = LINE('',#2095,#2096);
#2095 = CARTESIAN_POINT('',(-11.60000000002,-11.29831621727,2.));
#2096 = VECTOR('',#2097,1.);
#2097 = DIRECTION('',(-1.571891E-11,1.,0.));
#2098 = ORIENTED_EDGE('',*,*,#1163,.T.);
#2099 = PLANE('',#2100);
#2100 = AXIS2_PLACEMENT_3D('',#2101,#2102,#2103);
#2101 = CARTESIAN_POINT('',(-11.60000000002,-10.00000000002,
    2.164363123941));
#2102 = DIRECTION('',(1.,1.338967E-11,-9.77456E-11));
#2103 = DIRECTION('',(9.77456E-11,0.,1.));
#2104 = ADVANCED_FACE('',(#2105),#2110,.T.);
#2105 = FACE_BOUND('',#2106,.T.);
#2106 = EDGE_LOOP('',(#2107,#2108,#2109));
#2107 = ORIENTED_EDGE('',*,*,#1191,.T.);
#2108 = ORIENTED_EDGE('',*,*,#1171,.T.);
#2109 = ORIENTED_EDGE('',*,*,#2093,.F.);
#2110 = PLANE('',#2111);
#2111 = AXIS2_PLACEMENT_3D('',#2112,#2113,#2114);
#2112 = CARTESIAN_POINT('',(-10.,-10.,2.));
#2113 = DIRECTION('',(0.,0.,-1.));
#2114 = DIRECTION('',(-1.,0.,0.));
#2115 = ADVANCED_FACE('',(#2116),#2127,.F.);
#2116 = FACE_BOUND('',#2117,.F.);
#2117 = EDGE_LOOP('',(#2118,#2119,#2120,#2126));
#2118 = ORIENTED_EDGE('',*,*,#1208,.F.);
#2119 = ORIENTED_EDGE('',*,*,#1964,.T.);
#2120 = ORIENTED_EDGE('',*,*,#2121,.T.);
#2121 = EDGE_CURVE('',#1965,#2079,#2122,.T.);
#2122 = LINE('',#2123,#2124);
#2123 = CARTESIAN_POINT('',(-9.966666666661,-11.6,2.2));
#2124 = VECTOR('',#2125,1.);
#2125 = DIRECTION('',(-1.,0.,0.));
#2126 = ORIENTED_EDGE('',*,*,#2086,.F.);
#2127 = PLANE('',#2128);
#2128 = AXIS2_PLACEMENT_3D('',#2129,#2130,#2131);
#2129 = CARTESIAN_POINT('',(-8.333333333323,-2.499999999994,2.2));
#2130 = DIRECTION('',(0.,0.,1.));
#2131 = DIRECTION('',(1.,0.,0.));
#2132 = ADVANCED_FACE('',(#2133),#2158,.F.);
#2133 = FACE_BOUND('',#2134,.F.);
#2134 = EDGE_LOOP('',(#2135,#2143,#2151,#2157));
#2135 = ORIENTED_EDGE('',*,*,#2136,.T.);
#2136 = EDGE_CURVE('',#1273,#2137,#2139,.T.);
#2137 = VERTEX_POINT('',#2138);
#2138 = CARTESIAN_POINT('',(43.799999999999,20.499999999999,
    16.616580753731));
#2139 = LINE('',#2140,#2141);
#2140 = CARTESIAN_POINT('',(43.8,17.499999999999,16.616580753731));
#2141 = VECTOR('',#2142,1.);
#2142 = DIRECTION('',(-3.0898E-13,1.,4.818E-14));
#2143 = ORIENTED_EDGE('',*,*,#2144,.T.);
#2144 = EDGE_CURVE('',#2137,#2145,#2147,.T.);
#2145 = VERTEX_POINT('',#2146);
#2146 = CARTESIAN_POINT('',(40.999999999999,20.499999999998,
    18.233161507462));
#2147 = LINE('',#2148,#2149);
#2148 = CARTESIAN_POINT('',(43.799999999999,20.499999999999,
    16.616580753731));
#2149 = VECTOR('',#2150,1.);
#2150 = DIRECTION('',(-0.866025403784,-2.916018497694E-13,0.5));
#2151 = ORIENTED_EDGE('',*,*,#2152,.F.);
#2152 = EDGE_CURVE('',#1275,#2145,#2153,.T.);
#2153 = LINE('',#2154,#2155);
#2154 = CARTESIAN_POINT('',(41.,17.499999999998,18.233161507462));
#2155 = VECTOR('',#2156,1.);
#2156 = DIRECTION('',(-3.0898E-13,1.,4.818E-14));
#2157 = ORIENTED_EDGE('',*,*,#1272,.F.);
#2158 = PLANE('',#2159);
#2159 = AXIS2_PLACEMENT_3D('',#2160,#2161,#2162);
#2160 = CARTESIAN_POINT('',(43.8,17.499999999999,16.616580753731));
#2161 = DIRECTION('',(0.5,1.1276E-13,0.866025403784));
#2162 = DIRECTION('',(-0.866025403784,-2.9167E-13,0.5));
#2163 = ADVANCED_FACE('',(#2164),#2182,.F.);
#2164 = FACE_BOUND('',#2165,.F.);
#2165 = EDGE_LOOP('',(#2166,#2167,#2175,#2181));
#2166 = ORIENTED_EDGE('',*,*,#2152,.T.);
#2167 = ORIENTED_EDGE('',*,*,#2168,.T.);
#2168 = EDGE_CURVE('',#2145,#2169,#2171,.T.);
#2169 = VERTEX_POINT('',#2170);
#2170 = CARTESIAN_POINT('',(38.199999999999,20.499999999998,
    16.616580753731));
#2171 = LINE('',#2172,#2173);
#2172 = CARTESIAN_POINT('',(40.999999999999,20.499999999998,
    18.233161507462));
#2173 = VECTOR('',#2174,1.);
#2174 = DIRECTION('',(-0.866025403784,-2.436018497694E-13,-0.5));
#2175 = ORIENTED_EDGE('',*,*,#2176,.F.);
#2176 = EDGE_CURVE('',#1307,#2169,#2177,.T.);
#2177 = LINE('',#2178,#2179);
#2178 = CARTESIAN_POINT('',(38.2,17.499999999998,16.616580753731));
#2179 = VECTOR('',#2180,1.);
#2180 = DIRECTION('',(-3.0898E-13,1.,4.818E-14));
#2181 = ORIENTED_EDGE('',*,*,#1314,.F.);
#2182 = PLANE('',#2183);
#2183 = AXIS2_PLACEMENT_3D('',#2184,#2185,#2186);
#2184 = CARTESIAN_POINT('',(41.,17.499999999998,18.233161507462));
#2185 = DIRECTION('',(-0.5,-1.9622E-13,0.866025403784));
#2186 = DIRECTION('',(-0.866025403784,-2.4349E-13,-0.5));
#2187 = ADVANCED_FACE('',(#2188),#2206,.F.);
#2188 = FACE_BOUND('',#2189,.F.);
#2189 = EDGE_LOOP('',(#2190,#2191,#2199,#2205));
#2190 = ORIENTED_EDGE('',*,*,#2176,.T.);
#2191 = ORIENTED_EDGE('',*,*,#2192,.T.);
#2192 = EDGE_CURVE('',#2169,#2193,#2195,.T.);
#2193 = VERTEX_POINT('',#2194);
#2194 = CARTESIAN_POINT('',(38.199999999999,20.499999999998,
    13.383419246269));
#2195 = LINE('',#2196,#2197);
#2196 = CARTESIAN_POINT('',(38.199999999999,20.499999999998,
    16.616580753731));
#2197 = VECTOR('',#2198,1.);
#2198 = DIRECTION('',(-1.4832E-26,4.8E-14,-1.));
#2199 = ORIENTED_EDGE('',*,*,#2200,.F.);
#2200 = EDGE_CURVE('',#1299,#2193,#2201,.T.);
#2201 = LINE('',#2202,#2203);
#2202 = CARTESIAN_POINT('',(38.2,17.499999999998,13.383419246269));
#2203 = VECTOR('',#2204,1.);
#2204 = DIRECTION('',(-3.0898E-13,1.,4.818E-14));
#2205 = ORIENTED_EDGE('',*,*,#1306,.F.);
#2206 = PLANE('',#2207);
#2207 = AXIS2_PLACEMENT_3D('',#2208,#2209,#2210);
#2208 = CARTESIAN_POINT('',(38.2,17.499999999998,16.616580753731));
#2209 = DIRECTION('',(-1.,-3.0898E-13,-0.));
#2210 = DIRECTION('',(-1.48866564E-26,4.818E-14,-1.));
#2211 = ADVANCED_FACE('',(#2212),#2230,.F.);
#2212 = FACE_BOUND('',#2213,.F.);
#2213 = EDGE_LOOP('',(#2214,#2215,#2223,#2229));
#2214 = ORIENTED_EDGE('',*,*,#2200,.T.);
#2215 = ORIENTED_EDGE('',*,*,#2216,.T.);
#2216 = EDGE_CURVE('',#2193,#2217,#2219,.T.);
#2217 = VERTEX_POINT('',#2218);
#2218 = CARTESIAN_POINT('',(40.999999999999,20.499999999999,
    11.766838492538));
#2219 = LINE('',#2220,#2221);
#2220 = CARTESIAN_POINT('',(38.199999999999,20.499999999998,
    13.383419246269));
#2221 = VECTOR('',#2222,1.);
#2222 = DIRECTION('',(0.866025403784,2.916018497694E-13,-0.5));
#2223 = ORIENTED_EDGE('',*,*,#2224,.F.);
#2224 = EDGE_CURVE('',#1291,#2217,#2225,.T.);
#2225 = LINE('',#2226,#2227);
#2226 = CARTESIAN_POINT('',(41.,17.499999999999,11.766838492538));
#2227 = VECTOR('',#2228,1.);
#2228 = DIRECTION('',(-3.0898E-13,1.,4.818E-14));
#2229 = ORIENTED_EDGE('',*,*,#1298,.F.);
#2230 = PLANE('',#2231);
#2231 = AXIS2_PLACEMENT_3D('',#2232,#2233,#2234);
#2232 = CARTESIAN_POINT('',(38.2,17.499999999998,13.383419246269));
#2233 = DIRECTION('',(-0.5,-1.1276E-13,-0.866025403784));
#2234 = DIRECTION('',(0.866025403784,2.9167E-13,-0.5));
#2235 = ADVANCED_FACE('',(#2236),#2254,.F.);
#2236 = FACE_BOUND('',#2237,.F.);
#2237 = EDGE_LOOP('',(#2238,#2239,#2247,#2253));
#2238 = ORIENTED_EDGE('',*,*,#2224,.T.);
#2239 = ORIENTED_EDGE('',*,*,#2240,.T.);
#2240 = EDGE_CURVE('',#2217,#2241,#2243,.T.);
#2241 = VERTEX_POINT('',#2242);
#2242 = CARTESIAN_POINT('',(43.799999999999,20.499999999999,
    13.383419246269));
#2243 = LINE('',#2244,#2245);
#2244 = CARTESIAN_POINT('',(40.999999999999,20.499999999999,
    11.766838492538));
#2245 = VECTOR('',#2246,1.);
#2246 = DIRECTION('',(0.866025403784,2.436018497694E-13,0.5));
#2247 = ORIENTED_EDGE('',*,*,#2248,.F.);
#2248 = EDGE_CURVE('',#1283,#2241,#2249,.T.);
#2249 = LINE('',#2250,#2251);
#2250 = CARTESIAN_POINT('',(43.8,17.499999999999,13.383419246269));
#2251 = VECTOR('',#2252,1.);
#2252 = DIRECTION('',(-3.0898E-13,1.,4.818E-14));
#2253 = ORIENTED_EDGE('',*,*,#1290,.F.);
#2254 = PLANE('',#2255);
#2255 = AXIS2_PLACEMENT_3D('',#2256,#2257,#2258);
#2256 = CARTESIAN_POINT('',(41.,17.499999999999,11.766838492538));
#2257 = DIRECTION('',(0.5,1.9622E-13,-0.866025403784));
#2258 = DIRECTION('',(0.866025403784,2.4349E-13,0.5));
#2259 = ADVANCED_FACE('',(#2260),#2271,.F.);
#2260 = FACE_BOUND('',#2261,.F.);
#2261 = EDGE_LOOP('',(#2262,#2263,#2269,#2270));
#2262 = ORIENTED_EDGE('',*,*,#2248,.T.);
#2263 = ORIENTED_EDGE('',*,*,#2264,.T.);
#2264 = EDGE_CURVE('',#2241,#2137,#2265,.T.);
#2265 = LINE('',#2266,#2267);
#2266 = CARTESIAN_POINT('',(43.799999999999,20.499999999999,
    13.383419246269));
#2267 = VECTOR('',#2268,1.);
#2268 = DIRECTION('',(1.4832E-26,-4.8E-14,1.));
#2269 = ORIENTED_EDGE('',*,*,#2136,.F.);
#2270 = ORIENTED_EDGE('',*,*,#1282,.F.);
#2271 = PLANE('',#2272);
#2272 = AXIS2_PLACEMENT_3D('',#2273,#2274,#2275);
#2273 = CARTESIAN_POINT('',(43.8,17.499999999999,13.383419246269));
#2274 = DIRECTION('',(1.,3.0898E-13,0.));
#2275 = DIRECTION('',(1.48866564E-26,-4.818E-14,1.));
#2276 = ADVANCED_FACE('',(#2277),#2293,.T.);
#2277 = FACE_BOUND('',#2278,.T.);
#2278 = EDGE_LOOP('',(#2279,#2280,#2286,#2287));
#2279 = ORIENTED_EDGE('',*,*,#1433,.F.);
#2280 = ORIENTED_EDGE('',*,*,#2281,.T.);
#2281 = EDGE_CURVE('',#1419,#1687,#2282,.T.);
#2282 = LINE('',#2283,#2284);
#2283 = CARTESIAN_POINT('',(1.,2.2E-16,5.));
#2284 = VECTOR('',#2285,1.);
#2285 = DIRECTION('',(0.,0.,1.));
#2286 = ORIENTED_EDGE('',*,*,#1686,.T.);
#2287 = ORIENTED_EDGE('',*,*,#2288,.F.);
#2288 = EDGE_CURVE('',#1434,#1678,#2289,.T.);
#2289 = LINE('',#2290,#2291);
#2290 = CARTESIAN_POINT('',(19.,1.2E-16,5.));
#2291 = VECTOR('',#2292,1.);
#2292 = DIRECTION('',(0.,0.,1.));
#2293 = PLANE('',#2294);
#2294 = AXIS2_PLACEMENT_3D('',#2295,#2296,#2297);
#2295 = CARTESIAN_POINT('',(0.,0.,5.));
#2296 = DIRECTION('',(-1.E-17,1.,0.));
#2297 = DIRECTION('',(1.,1.E-17,0.));
#2298 = ADVANCED_FACE('',(#2299),#2310,.F.);
#2299 = FACE_BOUND('',#2300,.T.);
#2300 = EDGE_LOOP('',(#2301,#2302,#2303,#2309));
#2301 = ORIENTED_EDGE('',*,*,#2288,.T.);
#2302 = ORIENTED_EDGE('',*,*,#1677,.T.);
#2303 = ORIENTED_EDGE('',*,*,#2304,.F.);
#2304 = EDGE_CURVE('',#1442,#1670,#2305,.T.);
#2305 = LINE('',#2306,#2307);
#2306 = CARTESIAN_POINT('',(20.,1.,5.));
#2307 = VECTOR('',#2308,1.);
#2308 = DIRECTION('',(0.,0.,1.));
#2309 = ORIENTED_EDGE('',*,*,#1441,.F.);
#2310 = CYLINDRICAL_SURFACE('',#2311,1.);
#2311 = AXIS2_PLACEMENT_3D('',#2312,#2313,#2314);
#2312 = CARTESIAN_POINT('',(20.,0.,5.));
#2313 = DIRECTION('',(-0.,-0.,-1.));
#2314 = DIRECTION('',(1.,0.,0.));
#2315 = ADVANCED_FACE('',(#2316),#2322,.T.);
#2316 = FACE_BOUND('',#2317,.T.);
#2317 = EDGE_LOOP('',(#2318,#2319,#2320,#2321));
#2318 = ORIENTED_EDGE('',*,*,#1450,.F.);
#2319 = ORIENTED_EDGE('',*,*,#2304,.T.);
#2320 = ORIENTED_EDGE('',*,*,#1669,.T.);
#2321 = ORIENTED_EDGE('',*,*,#1737,.F.);
#2322 = PLANE('',#2323);
#2323 = AXIS2_PLACEMENT_3D('',#2324,#2325,#2326);
#2324 = CARTESIAN_POINT('',(20.,1.,5.));
#2325 = DIRECTION('',(-1.,0.,0.));
#2326 = DIRECTION('',(0.,1.,0.));
#2327 = ADVANCED_FACE('',(#2328),#2339,.F.);
#2328 = FACE_BOUND('',#2329,.F.);
#2329 = EDGE_LOOP('',(#2330,#2331,#2337,#2338));
#2330 = ORIENTED_EDGE('',*,*,#1489,.F.);
#2331 = ORIENTED_EDGE('',*,*,#2332,.T.);
#2332 = EDGE_CURVE('',#1490,#1640,#2333,.T.);
#2333 = LINE('',#2334,#2335);
#2334 = CARTESIAN_POINT('',(-2.2E-16,-1.,5.));
#2335 = VECTOR('',#2336,1.);
#2336 = DIRECTION('',(0.,0.,1.));
#2337 = ORIENTED_EDGE('',*,*,#1639,.T.);
#2338 = ORIENTED_EDGE('',*,*,#1720,.F.);
#2339 = PLANE('',#2340);
#2340 = AXIS2_PLACEMENT_3D('',#2341,#2342,#2343);
#2341 = CARTESIAN_POINT('',(0.,0.,5.));
#2342 = DIRECTION('',(1.,0.,0.));
#2343 = DIRECTION('',(0.,-1.,0.));
#2344 = ADVANCED_FACE('',(#2345),#2387,.F.);
#2345 = FACE_BOUND('',#2346,.T.);
#2346 = EDGE_LOOP('',(#2347,#2356,#2362,#2363,#2364,#2373,#2380));
#2347 = ORIENTED_EDGE('',*,*,#2348,.F.);
#2348 = EDGE_CURVE('',#1884,#2349,#2351,.T.);
#2349 = VERTEX_POINT('',#2350);
#2350 = CARTESIAN_POINT('',(-25.,-11.6,2.4));
#2351 = CIRCLE('',#2352,1.6);
#2352 = AXIS2_PLACEMENT_3D('',#2353,#2354,#2355);
#2353 = CARTESIAN_POINT('',(-25.,-10.,2.4));
#2354 = DIRECTION('',(0.,0.,1.));
#2355 = DIRECTION('',(-1.,0.,0.));
#2356 = ORIENTED_EDGE('',*,*,#2357,.T.);
#2357 = EDGE_CURVE('',#1884,#1513,#2358,.T.);
#2358 = LINE('',#2359,#2360);
#2359 = CARTESIAN_POINT('',(-26.6,-10.,2.));
#2360 = VECTOR('',#2361,1.);
#2361 = DIRECTION('',(6.E-17,0.,1.));
#2362 = ORIENTED_EDGE('',*,*,#1512,.T.);
#2363 = ORIENTED_EDGE('',*,*,#2357,.F.);
#2364 = ORIENTED_EDGE('',*,*,#2365,.F.);
#2365 = EDGE_CURVE('',#2366,#1884,#2368,.T.);
#2366 = VERTEX_POINT('',#2367);
#2367 = CARTESIAN_POINT('',(-25.,-8.4,2.4));
#2368 = CIRCLE('',#2369,1.6);
#2369 = AXIS2_PLACEMENT_3D('',#2370,#2371,#2372);
#2370 = CARTESIAN_POINT('',(-25.,-10.,2.4));
#2371 = DIRECTION('',(0.,0.,1.));
#2372 = DIRECTION('',(-1.,0.,0.));
#2373 = ORIENTED_EDGE('',*,*,#2374,.F.);
#2374 = EDGE_CURVE('',#1802,#2366,#2375,.T.);
#2375 = CIRCLE('',#2376,1.6);
#2376 = AXIS2_PLACEMENT_3D('',#2377,#2378,#2379);
#2377 = CARTESIAN_POINT('',(-25.,-10.,2.4));
#2378 = DIRECTION('',(0.,0.,1.));
#2379 = DIRECTION('',(-1.,0.,0.));
#2380 = ORIENTED_EDGE('',*,*,#2381,.F.);
#2381 = EDGE_CURVE('',#2349,#1802,#2382,.T.);
#2382 = CIRCLE('',#2383,1.6);
#2383 = AXIS2_PLACEMENT_3D('',#2384,#2385,#2386);
#2384 = CARTESIAN_POINT('',(-25.,-10.,2.4));
#2385 = DIRECTION('',(0.,0.,1.));
#2386 = DIRECTION('',(-1.,0.,0.));
#2387 = CYLINDRICAL_SURFACE('',#2388,1.6);
#2388 = AXIS2_PLACEMENT_3D('',#2389,#2390,#2391);
#2389 = CARTESIAN_POINT('',(-25.,-10.,2.));
#2390 = DIRECTION('',(0.,0.,1.));
#2391 = DIRECTION('',(-1.,0.,0.));
#2392 = ADVANCED_FACE('',(#2393),#2435,.F.);
#2393 = FACE_BOUND('',#2394,.T.);
#2394 = EDGE_LOOP('',(#2395,#2404,#2410,#2411,#2412,#2421,#2428));
#2395 = ORIENTED_EDGE('',*,*,#2396,.F.);
#2396 = EDGE_CURVE('',#2063,#2397,#2399,.T.);
#2397 = VERTEX_POINT('',#2398);
#2398 = CARTESIAN_POINT('',(-10.,-11.6,2.4));
#2399 = CIRCLE('',#2400,1.6);
#2400 = AXIS2_PLACEMENT_3D('',#2401,#2402,#2403);
#2401 = CARTESIAN_POINT('',(-10.,-10.,2.4));
#2402 = DIRECTION('',(0.,0.,1.));
#2403 = DIRECTION('',(-1.,0.,0.));
#2404 = ORIENTED_EDGE('',*,*,#2405,.T.);
#2405 = EDGE_CURVE('',#2063,#1524,#2406,.T.);
#2406 = LINE('',#2407,#2408);
#2407 = CARTESIAN_POINT('',(-11.6,-10.,2.));
#2408 = VECTOR('',#2409,1.);
#2409 = DIRECTION('',(6.E-17,0.,1.));
#2410 = ORIENTED_EDGE('',*,*,#1523,.T.);
#2411 = ORIENTED_EDGE('',*,*,#2405,.F.);
#2412 = ORIENTED_EDGE('',*,*,#2413,.F.);
#2413 = EDGE_CURVE('',#2414,#2063,#2416,.T.);
#2414 = VERTEX_POINT('',#2415);
#2415 = CARTESIAN_POINT('',(-10.,-8.4,2.4));
#2416 = CIRCLE('',#2417,1.6);
#2417 = AXIS2_PLACEMENT_3D('',#2418,#2419,#2420);
#2418 = CARTESIAN_POINT('',(-10.,-10.,2.4));
#2419 = DIRECTION('',(0.,0.,1.));
#2420 = DIRECTION('',(-1.,0.,0.));
#2421 = ORIENTED_EDGE('',*,*,#2422,.F.);
#2422 = EDGE_CURVE('',#1981,#2414,#2423,.T.);
#2423 = CIRCLE('',#2424,1.6);
#2424 = AXIS2_PLACEMENT_3D('',#2425,#2426,#2427);
#2425 = CARTESIAN_POINT('',(-10.,-10.,2.4));
#2426 = DIRECTION('',(0.,0.,1.));
#2427 = DIRECTION('',(-1.,0.,0.));
#2428 = ORIENTED_EDGE('',*,*,#2429,.F.);
#2429 = EDGE_CURVE('',#2397,#1981,#2430,.T.);
#2430 = CIRCLE('',#2431,1.6);
#2431 = AXIS2_PLACEMENT_3D('',#2432,#2433,#2434);
#2432 = CARTESIAN_POINT('',(-10.,-10.,2.4));
#2433 = DIRECTION('',(0.,0.,1.));
#2434 = DIRECTION('',(-1.,0.,0.));
#2435 = CYLINDRICAL_SURFACE('',#2436,1.6);
#2436 = AXIS2_PLACEMENT_3D('',#2437,#2438,#2439);
#2437 = CARTESIAN_POINT('',(-10.,-10.,2.));
#2438 = DIRECTION('',(0.,0.,1.));
#2439 = DIRECTION('',(-1.,0.,0.));
#2440 = ADVANCED_FACE('',(#2441),#2447,.T.);
#2441 = FACE_BOUND('',#2442,.F.);
#2442 = EDGE_LOOP('',(#2443,#2444,#2445,#2446));
#2443 = ORIENTED_EDGE('',*,*,#1540,.T.);
#2444 = ORIENTED_EDGE('',*,*,#2281,.T.);
#2445 = ORIENTED_EDGE('',*,*,#1694,.F.);
#2446 = ORIENTED_EDGE('',*,*,#2332,.F.);
#2447 = CYLINDRICAL_SURFACE('',#2448,1.);
#2448 = AXIS2_PLACEMENT_3D('',#2449,#2450,#2451);
#2449 = CARTESIAN_POINT('',(1.,-1.,5.));
#2450 = DIRECTION('',(0.,0.,1.));
#2451 = DIRECTION('',(-1.,0.,0.));
#2452 = ADVANCED_FACE('',(#2453,#2461),#2464,.F.);
#2453 = FACE_BOUND('',#2454,.F.);
#2454 = EDGE_LOOP('',(#2455,#2456,#2457,#2458,#2459,#2460));
#2455 = ORIENTED_EDGE('',*,*,#2144,.F.);
#2456 = ORIENTED_EDGE('',*,*,#2264,.F.);
#2457 = ORIENTED_EDGE('',*,*,#2240,.F.);
#2458 = ORIENTED_EDGE('',*,*,#2216,.F.);
#2459 = ORIENTED_EDGE('',*,*,#2192,.F.);
#2460 = ORIENTED_EDGE('',*,*,#2168,.F.);
#2461 = FACE_BOUND('',#2462,.F.);
#2462 = EDGE_LOOP('',(#2463));
#2463 = ORIENTED_EDGE('',*,*,#1760,.F.);
#2464 = PLANE('',#2465);
#2465 = AXIS2_PLACEMENT_3D('',#2466,#2467,#2468);
#2466 = CARTESIAN_POINT('',(40.999999999999,20.499999999999,15.));
#2467 = DIRECTION('',(-3.0896E-13,1.,4.835E-14));
#2468 = DIRECTION('',(1.,3.0896E-13,0.));
#2469 = ADVANCED_FACE('',(#2470),#2487,.T.);
#2470 = FACE_BOUND('',#2471,.T.);
#2471 = EDGE_LOOP('',(#2472,#2473,#2474,#2480,#2486));
#2472 = ORIENTED_EDGE('',*,*,#1942,.T.);
#2473 = ORIENTED_EDGE('',*,*,#1899,.T.);
#2474 = ORIENTED_EDGE('',*,*,#2475,.T.);
#2475 = EDGE_CURVE('',#1892,#2349,#2476,.T.);
#2476 = LINE('',#2477,#2478);
#2477 = CARTESIAN_POINT('',(-26.6,-11.6,2.4));
#2478 = VECTOR('',#2479,1.);
#2479 = DIRECTION('',(1.,0.,0.));
#2480 = ORIENTED_EDGE('',*,*,#2481,.T.);
#2481 = EDGE_CURVE('',#2349,#1794,#2482,.T.);
#2482 = LINE('',#2483,#2484);
#2483 = CARTESIAN_POINT('',(-26.6,-11.6,2.4));
#2484 = VECTOR('',#2485,1.);
#2485 = DIRECTION('',(1.,0.,0.));
#2486 = ORIENTED_EDGE('',*,*,#1793,.F.);
#2487 = PLANE('',#2488);
#2488 = AXIS2_PLACEMENT_3D('',#2489,#2490,#2491);
#2489 = CARTESIAN_POINT('',(-25.,-11.6,2.3));
#2490 = DIRECTION('',(0.,1.,-8.36E-15));
#2491 = DIRECTION('',(0.,8.36E-15,1.));
#2492 = ADVANCED_FACE('',(#2493),#2498,.F.);
#2493 = FACE_BOUND('',#2494,.F.);
#2494 = EDGE_LOOP('',(#2495,#2496,#2497));
#2495 = ORIENTED_EDGE('',*,*,#2381,.F.);
#2496 = ORIENTED_EDGE('',*,*,#2481,.T.);
#2497 = ORIENTED_EDGE('',*,*,#1801,.T.);
#2498 = PLANE('',#2499);
#2499 = AXIS2_PLACEMENT_3D('',#2500,#2501,#2502);
#2500 = CARTESIAN_POINT('',(-8.333333333333,-2.5,2.4));
#2501 = DIRECTION('',(0.,0.,1.));
#2502 = DIRECTION('',(1.,0.,0.));
#2503 = ADVANCED_FACE('',(#2504),#2514,.F.);
#2504 = FACE_BOUND('',#2505,.F.);
#2505 = EDGE_LOOP('',(#2506,#2507,#2508));
#2506 = ORIENTED_EDGE('',*,*,#2374,.F.);
#2507 = ORIENTED_EDGE('',*,*,#1809,.T.);
#2508 = ORIENTED_EDGE('',*,*,#2509,.T.);
#2509 = EDGE_CURVE('',#1810,#2366,#2510,.T.);
#2510 = LINE('',#2511,#2512);
#2511 = CARTESIAN_POINT('',(-23.4,-8.4,2.4));
#2512 = VECTOR('',#2513,1.);
#2513 = DIRECTION('',(-1.,0.,0.));
#2514 = PLANE('',#2515);
#2515 = AXIS2_PLACEMENT_3D('',#2516,#2517,#2518);
#2516 = CARTESIAN_POINT('',(-8.333333333333,-2.5,2.4));
#2517 = DIRECTION('',(0.,0.,1.));
#2518 = DIRECTION('',(1.,0.,0.));
#2519 = ADVANCED_FACE('',(#2520),#2532,.T.);
#2520 = FACE_BOUND('',#2521,.T.);
#2521 = EDGE_LOOP('',(#2522,#2523,#2524,#2525,#2531));
#2522 = ORIENTED_EDGE('',*,*,#1858,.T.);
#2523 = ORIENTED_EDGE('',*,*,#1817,.T.);
#2524 = ORIENTED_EDGE('',*,*,#2509,.T.);
#2525 = ORIENTED_EDGE('',*,*,#2526,.T.);
#2526 = EDGE_CURVE('',#2366,#1876,#2527,.T.);
#2527 = LINE('',#2528,#2529);
#2528 = CARTESIAN_POINT('',(-23.4,-8.4,2.4));
#2529 = VECTOR('',#2530,1.);
#2530 = DIRECTION('',(-1.,0.,0.));
#2531 = ORIENTED_EDGE('',*,*,#1875,.F.);
#2532 = PLANE('',#2533);
#2533 = AXIS2_PLACEMENT_3D('',#2534,#2535,#2536);
#2534 = CARTESIAN_POINT('',(-25.,-8.4,2.3));
#2535 = DIRECTION('',(-0.,-1.,-0.));
#2536 = DIRECTION('',(0.,0.,-1.));
#2537 = ADVANCED_FACE('',(#2538),#2543,.F.);
#2538 = FACE_BOUND('',#2539,.F.);
#2539 = EDGE_LOOP('',(#2540,#2541,#2542));
#2540 = ORIENTED_EDGE('',*,*,#1883,.T.);
#2541 = ORIENTED_EDGE('',*,*,#2365,.F.);
#2542 = ORIENTED_EDGE('',*,*,#2526,.T.);
#2543 = PLANE('',#2544);
#2544 = AXIS2_PLACEMENT_3D('',#2545,#2546,#2547);
#2545 = CARTESIAN_POINT('',(-8.333333333333,-2.5,2.4));
#2546 = DIRECTION('',(0.,0.,1.));
#2547 = DIRECTION('',(1.,0.,0.));
#2548 = ADVANCED_FACE('',(#2549),#2554,.F.);
#2549 = FACE_BOUND('',#2550,.F.);
#2550 = EDGE_LOOP('',(#2551,#2552,#2553));
#2551 = ORIENTED_EDGE('',*,*,#1891,.T.);
#2552 = ORIENTED_EDGE('',*,*,#2475,.T.);
#2553 = ORIENTED_EDGE('',*,*,#2348,.F.);
#2554 = PLANE('',#2555);
#2555 = AXIS2_PLACEMENT_3D('',#2556,#2557,#2558);
#2556 = CARTESIAN_POINT('',(-8.333333333333,-2.5,2.4));
#2557 = DIRECTION('',(0.,0.,1.));
#2558 = DIRECTION('',(1.,0.,0.));
#2559 = ADVANCED_FACE('',(#2560),#2577,.T.);
#2560 = FACE_BOUND('',#2561,.T.);
#2561 = EDGE_LOOP('',(#2562,#2563,#2564,#2570,#2576));
#2562 = ORIENTED_EDGE('',*,*,#2121,.T.);
#2563 = ORIENTED_EDGE('',*,*,#2078,.T.);
#2564 = ORIENTED_EDGE('',*,*,#2565,.T.);
#2565 = EDGE_CURVE('',#2071,#2397,#2566,.T.);
#2566 = LINE('',#2567,#2568);
#2567 = CARTESIAN_POINT('',(-11.6,-11.6,2.4));
#2568 = VECTOR('',#2569,1.);
#2569 = DIRECTION('',(1.,0.,0.));
#2570 = ORIENTED_EDGE('',*,*,#2571,.T.);
#2571 = EDGE_CURVE('',#2397,#1973,#2572,.T.);
#2572 = LINE('',#2573,#2574);
#2573 = CARTESIAN_POINT('',(-11.6,-11.6,2.4));
#2574 = VECTOR('',#2575,1.);
#2575 = DIRECTION('',(1.,0.,0.));
#2576 = ORIENTED_EDGE('',*,*,#1972,.F.);
#2577 = PLANE('',#2578);
#2578 = AXIS2_PLACEMENT_3D('',#2579,#2580,#2581);
#2579 = CARTESIAN_POINT('',(-10.,-11.6,2.3));
#2580 = DIRECTION('',(0.,1.,-8.36E-15));
#2581 = DIRECTION('',(0.,8.36E-15,1.));
#2582 = ADVANCED_FACE('',(#2583),#2588,.F.);
#2583 = FACE_BOUND('',#2584,.F.);
#2584 = EDGE_LOOP('',(#2585,#2586,#2587));
#2585 = ORIENTED_EDGE('',*,*,#2429,.F.);
#2586 = ORIENTED_EDGE('',*,*,#2571,.T.);
#2587 = ORIENTED_EDGE('',*,*,#1980,.T.);
#2588 = PLANE('',#2589);
#2589 = AXIS2_PLACEMENT_3D('',#2590,#2591,#2592);
#2590 = CARTESIAN_POINT('',(-8.333333333333,-2.5,2.4));
#2591 = DIRECTION('',(0.,0.,1.));
#2592 = DIRECTION('',(1.,0.,0.));
#2593 = ADVANCED_FACE('',(#2594),#2604,.F.);
#2594 = FACE_BOUND('',#2595,.F.);
#2595 = EDGE_LOOP('',(#2596,#2597,#2598));
#2596 = ORIENTED_EDGE('',*,*,#2422,.F.);
#2597 = ORIENTED_EDGE('',*,*,#1988,.T.);
#2598 = ORIENTED_EDGE('',*,*,#2599,.T.);
#2599 = EDGE_CURVE('',#1989,#2414,#2600,.T.);
#2600 = LINE('',#2601,#2602);
#2601 = CARTESIAN_POINT('',(-8.4,-8.4,2.4));
#2602 = VECTOR('',#2603,1.);
#2603 = DIRECTION('',(-1.,0.,0.));
#2604 = PLANE('',#2605);
#2605 = AXIS2_PLACEMENT_3D('',#2606,#2607,#2608);
#2606 = CARTESIAN_POINT('',(-8.333333333333,-2.5,2.4));
#2607 = DIRECTION('',(0.,0.,1.));
#2608 = DIRECTION('',(1.,0.,0.));
#2609 = ADVANCED_FACE('',(#2610),#2622,.T.);
#2610 = FACE_BOUND('',#2611,.T.);
#2611 = EDGE_LOOP('',(#2612,#2613,#2614,#2615,#2621));
#2612 = ORIENTED_EDGE('',*,*,#2037,.T.);
#2613 = ORIENTED_EDGE('',*,*,#1996,.T.);
#2614 = ORIENTED_EDGE('',*,*,#2599,.T.);
#2615 = ORIENTED_EDGE('',*,*,#2616,.T.);
#2616 = EDGE_CURVE('',#2414,#2055,#2617,.T.);
#2617 = LINE('',#2618,#2619);
#2618 = CARTESIAN_POINT('',(-8.4,-8.4,2.4));
#2619 = VECTOR('',#2620,1.);
#2620 = DIRECTION('',(-1.,0.,0.));
#2621 = ORIENTED_EDGE('',*,*,#2054,.F.);
#2622 = PLANE('',#2623);
#2623 = AXIS2_PLACEMENT_3D('',#2624,#2625,#2626);
#2624 = CARTESIAN_POINT('',(-10.,-8.4,2.3));
#2625 = DIRECTION('',(-0.,-1.,-0.));
#2626 = DIRECTION('',(0.,0.,-1.));
#2627 = ADVANCED_FACE('',(#2628),#2633,.F.);
#2628 = FACE_BOUND('',#2629,.F.);
#2629 = EDGE_LOOP('',(#2630,#2631,#2632));
#2630 = ORIENTED_EDGE('',*,*,#2062,.T.);
#2631 = ORIENTED_EDGE('',*,*,#2413,.F.);
#2632 = ORIENTED_EDGE('',*,*,#2616,.T.);
#2633 = PLANE('',#2634);
#2634 = AXIS2_PLACEMENT_3D('',#2635,#2636,#2637);
#2635 = CARTESIAN_POINT('',(-8.333333333333,-2.5,2.4));
#2636 = DIRECTION('',(0.,0.,1.));
#2637 = DIRECTION('',(1.,0.,0.));
#2638 = ADVANCED_FACE('',(#2639),#2644,.F.);
#2639 = FACE_BOUND('',#2640,.F.);
#2640 = EDGE_LOOP('',(#2641,#2642,#2643));
#2641 = ORIENTED_EDGE('',*,*,#2070,.T.);
#2642 = ORIENTED_EDGE('',*,*,#2565,.T.);
#2643 = ORIENTED_EDGE('',*,*,#2396,.F.);
#2644 = PLANE('',#2645);
#2645 = AXIS2_PLACEMENT_3D('',#2646,#2647,#2648);
#2646 = CARTESIAN_POINT('',(-8.333333333333,-2.5,2.4));
#2647 = DIRECTION('',(0.,0.,1.));
#2648 = DIRECTION('',(1.,0.,0.));
#2649 = ( GEOMETRIC_REPRESENTATION_CONTEXT(3) 
GLOBAL_UNCERTAINTY_ASSIGNED_CONTEXT((#2653)) 
GLOBAL_UNIT_ASSIGNED_CONTEXT((#2650,#2651,#2652)) REPRESENTATION_CONTEXT
('Context #1','3D Context with UNIT and UNCERTAINTY') );
#2650 = ( LENGTH_UNIT() NAMED_UNIT(*) SI_UNIT(.MILLI.,.METRE.) );
#2651 = ( NAMED_UNIT(*) PLANE_ANGLE_UNIT() SI_UNIT($,.RADIAN.) );
#2652 = ( NAMED_UNIT(*) SI_UNIT($,.STERADIAN.) SOLID_ANGLE_UNIT() );
#2653 = UNCERTAINTY_MEASURE_WITH_UNIT(LENGTH_MEASURE(5.E-03),#2650,
  'distance_accuracy_value','confusion accuracy');
#2654 = CONTEXT_DEPENDENT_SHAPE_REPRESENTATION(#2655,#2657);
#2655 = ( REPRESENTATION_RELATIONSHIP('','',#60,#10) 
REPRESENTATION_RELATIONSHIP_WITH_TRANSFORMATION(#2656) 
SHAPE_REPRESENTATION_RELATIONSHIP() );
#2656 = ITEM_DEFINED_TRANSFORMATION('','',#11,#15);
#2657 = PRODUCT_DEFINITION_SHAPE('Placement','Placement of an item',
  #2658);
#2658 = NEXT_ASSEMBLY_USAGE_OCCURRENCE('1','BedCornerFrontRight','',#5,
  #55,$);
#2659 = PRODUCT_RELATED_PRODUCT_CATEGORY('part',$,(#57));
#2660 = SHAPE_DEFINITION_REPRESENTATION(#2661,#2667);
#2661 = PRODUCT_DEFINITION_SHAPE('','',#2662);
#2662 = PRODUCT_DEFINITION('design','',#2663,#2666);
#2663 = PRODUCT_DEFINITION_FORMATION('','',#2664);
#2664 = PRODUCT('BedCornerFrontLeft','BedCornerFrontLeft','',(#2665));
#2665 = PRODUCT_CONTEXT('',#2,'mechanical');
#2666 = PRODUCT_DEFINITION_CONTEXT('part definition',#2,'design');
#2667 = ADVANCED_BREP_SHAPE_REPRESENTATION('',(#11,#2668),#5256);
#2668 = MANIFOLD_SOLID_BREP('',#2669);
#2669 = CLOSED_SHELL('',(#2670,#2695,#2766,#2878,#2902,#2934,#2951,#2975
    ,#3007,#3024,#3058,#3069,#3285,#3302,#3336,#3347,#3378,#3417,#3457,
    #3496,#3520,#3586,#3634,#3730,#3826,#3857,#3931,#3955,#3979,#4003,
    #4020,#4080,#4143,#4242,#4320,#4337,#4354,#4381,#4443,#4453,#4477,
    #4532,#4543,#4560,#4622,#4632,#4656,#4711,#4722,#4739,#4770,#4794,
    #4818,#4842,#4866,#4883,#4905,#4922,#4934,#4951,#4999,#5047,#5059,
    #5076,#5099,#5110,#5126,#5144,#5155,#5166,#5189,#5200,#5216,#5234,
    #5245));
#2670 = ADVANCED_FACE('',(#2671),#2690,.T.);
#2671 = FACE_BOUND('',#2672,.F.);
#2672 = EDGE_LOOP('',(#2673,#2683));
#2673 = ORIENTED_EDGE('',*,*,#2674,.T.);
#2674 = EDGE_CURVE('',#2675,#2677,#2679,.T.);
#2675 = VERTEX_POINT('',#2676);
#2676 = CARTESIAN_POINT('',(-86.60001466274,-85.09663243452,
    -22.99997935294));
#2677 = VERTEX_POINT('',#2678);
#2678 = CARTESIAN_POINT('',(-86.60001466274,-79.90336756548,
    -22.99997935294));
#2679 = LINE('',#2680,#2681);
#2680 = CARTESIAN_POINT('',(-86.60001466274,-83.79831621726,
    -22.99997935294));
#2681 = VECTOR('',#2682,1.);
#2682 = DIRECTION('',(0.,1.,0.));
#2683 = ORIENTED_EDGE('',*,*,#2684,.T.);
#2684 = EDGE_CURVE('',#2677,#2675,#2685,.T.);
#2685 = CIRCLE('',#2686,3.05);
#2686 = AXIS2_PLACEMENT_3D('',#2687,#2688,#2689);
#2687 = CARTESIAN_POINT('',(-85.00001466274,-82.5,-22.99997973441));
#2688 = DIRECTION('',(2.3841859341E-07,-0.,1.));
#2689 = DIRECTION('',(1.,0.,-2.3841859341E-07));
#2690 = PLANE('',#2691);
#2691 = AXIS2_PLACEMENT_3D('',#2692,#2693,#2694);
#2692 = CARTESIAN_POINT('',(-85.00001466274,-82.5,-22.99997973441));
#2693 = DIRECTION('',(-2.3841859341E-07,-0.,-1.));
#2694 = DIRECTION('',(-1.,0.,2.3841859341E-07));
#2695 = ADVANCED_FACE('',(#2696),#2761,.T.);
#2696 = FACE_BOUND('',#2697,.F.);
#2697 = EDGE_LOOP('',(#2698,#2699,#2707,#2715,#2723,#2731,#2739,#2747,
    #2755));
#2698 = ORIENTED_EDGE('',*,*,#2674,.F.);
#2699 = ORIENTED_EDGE('',*,*,#2700,.T.);
#2700 = EDGE_CURVE('',#2675,#2701,#2703,.T.);
#2701 = VERTEX_POINT('',#2702);
#2702 = CARTESIAN_POINT('',(-86.60001461506,-85.09663243452,
    -22.79997935294));
#2703 = LINE('',#2704,#2705);
#2704 = CARTESIAN_POINT('',(-86.60001513958,-85.09663243452,
    -24.99997935294));
#2705 = VECTOR('',#2706,1.);
#2706 = DIRECTION('',(2.3841859341E-07,0.,1.));
#2707 = ORIENTED_EDGE('',*,*,#2708,.T.);
#2708 = EDGE_CURVE('',#2701,#2709,#2711,.T.);
#2709 = VERTEX_POINT('',#2710);
#2710 = CARTESIAN_POINT('',(-86.60001461506,-84.1,-22.79997935294));
#2711 = LINE('',#2712,#2713);
#2712 = CARTESIAN_POINT('',(-86.60001461506,-85.09663243452,
    -22.79997935294));
#2713 = VECTOR('',#2714,1.);
#2714 = DIRECTION('',(-0.,1.,0.));
#2715 = ORIENTED_EDGE('',*,*,#2716,.T.);
#2716 = EDGE_CURVE('',#2709,#2717,#2719,.T.);
#2717 = VERTEX_POINT('',#2718);
#2718 = CARTESIAN_POINT('',(-86.60001456737,-84.1,-22.59997935294));
#2719 = LINE('',#2720,#2721);
#2720 = CARTESIAN_POINT('',(-86.60001513958,-84.1,-24.99997935294));
#2721 = VECTOR('',#2722,1.);
#2722 = DIRECTION('',(2.3841859341E-07,0.,1.));
#2723 = ORIENTED_EDGE('',*,*,#2724,.T.);
#2724 = EDGE_CURVE('',#2717,#2725,#2727,.T.);
#2725 = VERTEX_POINT('',#2726);
#2726 = CARTESIAN_POINT('',(-86.60001456737,-82.5,-22.59997935294));
#2727 = LINE('',#2728,#2729);
#2728 = CARTESIAN_POINT('',(-86.60001456737,-84.1,-22.59997935294));
#2729 = VECTOR('',#2730,1.);
#2730 = DIRECTION('',(-0.,1.,0.));
#2731 = ORIENTED_EDGE('',*,*,#2732,.T.);
#2732 = EDGE_CURVE('',#2725,#2733,#2735,.T.);
#2733 = VERTEX_POINT('',#2734);
#2734 = CARTESIAN_POINT('',(-86.60001456737,-80.9,-22.59997935294));
#2735 = LINE('',#2736,#2737);
#2736 = CARTESIAN_POINT('',(-86.60001456737,-84.1,-22.59997935294));
#2737 = VECTOR('',#2738,1.);
#2738 = DIRECTION('',(-0.,1.,0.));
#2739 = ORIENTED_EDGE('',*,*,#2740,.F.);
#2740 = EDGE_CURVE('',#2741,#2733,#2743,.T.);
#2741 = VERTEX_POINT('',#2742);
#2742 = CARTESIAN_POINT('',(-86.60001461506,-80.9,-22.79997935294));
#2743 = LINE('',#2744,#2745);
#2744 = CARTESIAN_POINT('',(-86.60001513958,-80.9,-24.99997935294));
#2745 = VECTOR('',#2746,1.);
#2746 = DIRECTION('',(2.3841859341E-07,0.,1.));
#2747 = ORIENTED_EDGE('',*,*,#2748,.T.);
#2748 = EDGE_CURVE('',#2741,#2749,#2751,.T.);
#2749 = VERTEX_POINT('',#2750);
#2750 = CARTESIAN_POINT('',(-86.60001461506,-79.90336756548,
    -22.79997935294));
#2751 = LINE('',#2752,#2753);
#2752 = CARTESIAN_POINT('',(-86.60001461506,-85.09663243452,
    -22.79997935294));
#2753 = VECTOR('',#2754,1.);
#2754 = DIRECTION('',(-0.,1.,0.));
#2755 = ORIENTED_EDGE('',*,*,#2756,.F.);
#2756 = EDGE_CURVE('',#2677,#2749,#2757,.T.);
#2757 = LINE('',#2758,#2759);
#2758 = CARTESIAN_POINT('',(-86.60001513958,-79.90336756548,
    -24.99997935294));
#2759 = VECTOR('',#2760,1.);
#2760 = DIRECTION('',(2.3841859341E-07,0.,1.));
#2761 = PLANE('',#2762);
#2762 = AXIS2_PLACEMENT_3D('',#2763,#2764,#2765);
#2763 = CARTESIAN_POINT('',(-86.60001462355,-82.5,-22.835616229));
#2764 = DIRECTION('',(1.,0.,-2.3841859341E-07));
#2765 = DIRECTION('',(2.3841859341E-07,0.,1.));
#2766 = ADVANCED_FACE('',(#2767),#2873,.F.);
#2767 = FACE_BOUND('',#2768,.F.);
#2768 = EDGE_LOOP('',(#2769,#2770,#2771,#2772,#2781,#2789,#2798,#2805,
    #2814,#2823,#2832,#2841,#2848,#2849,#2858,#2866));
#2769 = ORIENTED_EDGE('',*,*,#2700,.F.);
#2770 = ORIENTED_EDGE('',*,*,#2684,.F.);
#2771 = ORIENTED_EDGE('',*,*,#2756,.T.);
#2772 = ORIENTED_EDGE('',*,*,#2773,.F.);
#2773 = EDGE_CURVE('',#2774,#2749,#2776,.T.);
#2774 = VERTEX_POINT('',#2775);
#2775 = CARTESIAN_POINT('',(-83.40001461506,-79.90336756548,
    -22.79998011588));
#2776 = CIRCLE('',#2777,3.05);
#2777 = AXIS2_PLACEMENT_3D('',#2778,#2779,#2780);
#2778 = CARTESIAN_POINT('',(-85.00001461506,-82.5,-22.79997973441));
#2779 = DIRECTION('',(2.3841859341E-07,0.,1.));
#2780 = DIRECTION('',(-1.,0.,2.3841859341E-07));
#2781 = ORIENTED_EDGE('',*,*,#2782,.F.);
#2782 = EDGE_CURVE('',#2783,#2774,#2785,.T.);
#2783 = VERTEX_POINT('',#2784);
#2784 = CARTESIAN_POINT('',(-83.40001466274,-79.90336756548,
    -22.99998011588));
#2785 = LINE('',#2786,#2787);
#2786 = CARTESIAN_POINT('',(-83.40001513958,-79.90336756548,
    -24.99998011588));
#2787 = VECTOR('',#2788,1.);
#2788 = DIRECTION('',(2.3841859341E-07,0.,1.));
#2789 = ORIENTED_EDGE('',*,*,#2790,.F.);
#2790 = EDGE_CURVE('',#2791,#2783,#2793,.T.);
#2791 = VERTEX_POINT('',#2792);
#2792 = CARTESIAN_POINT('',(-81.95001466274,-82.5,-22.99998046159));
#2793 = CIRCLE('',#2794,3.05);
#2794 = AXIS2_PLACEMENT_3D('',#2795,#2796,#2797);
#2795 = CARTESIAN_POINT('',(-85.00001466274,-82.5,-22.99997973441));
#2796 = DIRECTION('',(2.3841859341E-07,-0.,1.));
#2797 = DIRECTION('',(1.,0.,-2.3841859341E-07));
#2798 = ORIENTED_EDGE('',*,*,#2799,.F.);
#2799 = EDGE_CURVE('',#2800,#2791,#2802,.T.);
#2800 = VERTEX_POINT('',#2801);
#2801 = CARTESIAN_POINT('',(-81.95001513958,-82.5,-24.99998046159));
#2802 = B_SPLINE_CURVE_WITH_KNOTS('',1,(#2803,#2804),.UNSPECIFIED.,.F.,
  .F.,(2,2),(0.,2.),.PIECEWISE_BEZIER_KNOTS.);
#2803 = CARTESIAN_POINT('',(-81.95001513958,-82.5,-24.99998046159));
#2804 = CARTESIAN_POINT('',(-81.95001466274,-82.5,-22.99998046159));
#2805 = ORIENTED_EDGE('',*,*,#2806,.T.);
#2806 = EDGE_CURVE('',#2800,#2807,#2809,.T.);
#2807 = VERTEX_POINT('',#2808);
#2808 = CARTESIAN_POINT('',(-83.40001513958,-79.90336756548,
    -24.99998011588));
#2809 = CIRCLE('',#2810,3.05);
#2810 = AXIS2_PLACEMENT_3D('',#2811,#2812,#2813);
#2811 = CARTESIAN_POINT('',(-85.00001513958,-82.5,-24.99997973441));
#2812 = DIRECTION('',(2.3841859341E-07,-0.,1.));
#2813 = DIRECTION('',(1.,0.,-2.3841859341E-07));
#2814 = ORIENTED_EDGE('',*,*,#2815,.T.);
#2815 = EDGE_CURVE('',#2807,#2816,#2818,.T.);
#2816 = VERTEX_POINT('',#2817);
#2817 = CARTESIAN_POINT('',(-86.60001513958,-79.90336756548,
    -24.99997935294));
#2818 = CIRCLE('',#2819,3.05);
#2819 = AXIS2_PLACEMENT_3D('',#2820,#2821,#2822);
#2820 = CARTESIAN_POINT('',(-85.00001513958,-82.5,-24.99997973441));
#2821 = DIRECTION('',(2.3841859341E-07,-0.,1.));
#2822 = DIRECTION('',(1.,0.,-2.3841859341E-07));
#2823 = ORIENTED_EDGE('',*,*,#2824,.T.);
#2824 = EDGE_CURVE('',#2816,#2825,#2827,.T.);
#2825 = VERTEX_POINT('',#2826);
#2826 = CARTESIAN_POINT('',(-86.60001513958,-85.09663243452,
    -24.99997935294));
#2827 = CIRCLE('',#2828,3.05);
#2828 = AXIS2_PLACEMENT_3D('',#2829,#2830,#2831);
#2829 = CARTESIAN_POINT('',(-85.00001513958,-82.5,-24.99997973441));
#2830 = DIRECTION('',(2.3841859341E-07,-0.,1.));
#2831 = DIRECTION('',(1.,0.,-2.3841859341E-07));
#2832 = ORIENTED_EDGE('',*,*,#2833,.T.);
#2833 = EDGE_CURVE('',#2825,#2834,#2836,.T.);
#2834 = VERTEX_POINT('',#2835);
#2835 = CARTESIAN_POINT('',(-83.40001513958,-85.09663243452,
    -24.99998011588));
#2836 = CIRCLE('',#2837,3.05);
#2837 = AXIS2_PLACEMENT_3D('',#2838,#2839,#2840);
#2838 = CARTESIAN_POINT('',(-85.00001513958,-82.5,-24.99997973441));
#2839 = DIRECTION('',(2.3841859341E-07,-0.,1.));
#2840 = DIRECTION('',(1.,0.,-2.3841859341E-07));
#2841 = ORIENTED_EDGE('',*,*,#2842,.T.);
#2842 = EDGE_CURVE('',#2834,#2800,#2843,.T.);
#2843 = CIRCLE('',#2844,3.05);
#2844 = AXIS2_PLACEMENT_3D('',#2845,#2846,#2847);
#2845 = CARTESIAN_POINT('',(-85.00001513958,-82.5,-24.99997973441));
#2846 = DIRECTION('',(2.3841859341E-07,-0.,1.));
#2847 = DIRECTION('',(1.,0.,-2.3841859341E-07));
#2848 = ORIENTED_EDGE('',*,*,#2799,.T.);
#2849 = ORIENTED_EDGE('',*,*,#2850,.F.);
#2850 = EDGE_CURVE('',#2851,#2791,#2853,.T.);
#2851 = VERTEX_POINT('',#2852);
#2852 = CARTESIAN_POINT('',(-83.40001466274,-85.09663243452,
    -22.99998011588));
#2853 = CIRCLE('',#2854,3.05);
#2854 = AXIS2_PLACEMENT_3D('',#2855,#2856,#2857);
#2855 = CARTESIAN_POINT('',(-85.00001466274,-82.5,-22.99997973441));
#2856 = DIRECTION('',(2.3841859341E-07,-0.,1.));
#2857 = DIRECTION('',(1.,0.,-2.3841859341E-07));
#2858 = ORIENTED_EDGE('',*,*,#2859,.T.);
#2859 = EDGE_CURVE('',#2851,#2860,#2862,.T.);
#2860 = VERTEX_POINT('',#2861);
#2861 = CARTESIAN_POINT('',(-83.40001461506,-85.09663243452,
    -22.79998011588));
#2862 = LINE('',#2863,#2864);
#2863 = CARTESIAN_POINT('',(-83.40001513958,-85.09663243452,
    -24.99998011588));
#2864 = VECTOR('',#2865,1.);
#2865 = DIRECTION('',(2.3841859341E-07,0.,1.));
#2866 = ORIENTED_EDGE('',*,*,#2867,.F.);
#2867 = EDGE_CURVE('',#2701,#2860,#2868,.T.);
#2868 = CIRCLE('',#2869,3.05);
#2869 = AXIS2_PLACEMENT_3D('',#2870,#2871,#2872);
#2870 = CARTESIAN_POINT('',(-85.00001461506,-82.5,-22.79997973441));
#2871 = DIRECTION('',(2.3841859341E-07,0.,1.));
#2872 = DIRECTION('',(-1.,0.,2.3841859341E-07));
#2873 = CYLINDRICAL_SURFACE('',#2874,3.05);
#2874 = AXIS2_PLACEMENT_3D('',#2875,#2876,#2877);
#2875 = CARTESIAN_POINT('',(-85.00001513958,-82.5,-24.99997973441));
#2876 = DIRECTION('',(2.3841859341E-07,0.,1.));
#2877 = DIRECTION('',(1.,0.,-2.3841859341E-07));
#2878 = ADVANCED_FACE('',(#2879),#2897,.F.);
#2879 = FACE_BOUND('',#2880,.T.);
#2880 = EDGE_LOOP('',(#2881,#2882,#2883,#2891));
#2881 = ORIENTED_EDGE('',*,*,#2867,.F.);
#2882 = ORIENTED_EDGE('',*,*,#2708,.T.);
#2883 = ORIENTED_EDGE('',*,*,#2884,.T.);
#2884 = EDGE_CURVE('',#2709,#2885,#2887,.T.);
#2885 = VERTEX_POINT('',#2886);
#2886 = CARTESIAN_POINT('',(-83.40001461506,-84.1,-22.79998011588));
#2887 = LINE('',#2888,#2889);
#2888 = CARTESIAN_POINT('',(-75.0333479484,-84.1,-22.79998211065));
#2889 = VECTOR('',#2890,1.);
#2890 = DIRECTION('',(1.,0.,-2.3841859341E-07));
#2891 = ORIENTED_EDGE('',*,*,#2892,.F.);
#2892 = EDGE_CURVE('',#2860,#2885,#2893,.T.);
#2893 = LINE('',#2894,#2895);
#2894 = CARTESIAN_POINT('',(-83.40001461506,-85.09663243452,
    -22.79998011588));
#2895 = VECTOR('',#2896,1.);
#2896 = DIRECTION('',(-0.,1.,0.));
#2897 = PLANE('',#2898);
#2898 = AXIS2_PLACEMENT_3D('',#2899,#2900,#2901);
#2899 = CARTESIAN_POINT('',(-66.66668128174,-97.49999999999,
    -22.79998410542));
#2900 = DIRECTION('',(2.3841859341E-07,0.,1.));
#2901 = DIRECTION('',(1.,0.,-2.3841859341E-07));
#2902 = ADVANCED_FACE('',(#2903),#2929,.T.);
#2903 = FACE_BOUND('',#2904,.F.);
#2904 = EDGE_LOOP('',(#2905,#2906,#2914,#2922,#2928));
#2905 = ORIENTED_EDGE('',*,*,#2884,.T.);
#2906 = ORIENTED_EDGE('',*,*,#2907,.T.);
#2907 = EDGE_CURVE('',#2885,#2908,#2910,.T.);
#2908 = VERTEX_POINT('',#2909);
#2909 = CARTESIAN_POINT('',(-83.40001456737,-84.1,-22.59998011588));
#2910 = LINE('',#2911,#2912);
#2911 = CARTESIAN_POINT('',(-83.40001513958,-84.1,-24.99998011588));
#2912 = VECTOR('',#2913,1.);
#2913 = DIRECTION('',(2.3841859341E-07,0.,1.));
#2914 = ORIENTED_EDGE('',*,*,#2915,.T.);
#2915 = EDGE_CURVE('',#2908,#2916,#2918,.T.);
#2916 = VERTEX_POINT('',#2917);
#2917 = CARTESIAN_POINT('',(-85.00001456737,-84.1,-22.59997973441));
#2918 = LINE('',#2919,#2920);
#2919 = CARTESIAN_POINT('',(-83.40001456737,-84.1,-22.59998011588));
#2920 = VECTOR('',#2921,1.);
#2921 = DIRECTION('',(-1.,0.,2.3841859341E-07));
#2922 = ORIENTED_EDGE('',*,*,#2923,.T.);
#2923 = EDGE_CURVE('',#2916,#2717,#2924,.T.);
#2924 = LINE('',#2925,#2926);
#2925 = CARTESIAN_POINT('',(-83.40001456737,-84.1,-22.59998011588));
#2926 = VECTOR('',#2927,1.);
#2927 = DIRECTION('',(-1.,0.,2.3841859341E-07));
#2928 = ORIENTED_EDGE('',*,*,#2716,.F.);
#2929 = PLANE('',#2930);
#2930 = AXIS2_PLACEMENT_3D('',#2931,#2932,#2933);
#2931 = CARTESIAN_POINT('',(-85.00001459122,-84.1,-22.69997973441));
#2932 = DIRECTION('',(0.,1.,-8.36E-15));
#2933 = DIRECTION('',(-2.3841859341E-07,-8.36E-15,-1.));
#2934 = ADVANCED_FACE('',(#2935),#2946,.F.);
#2935 = FACE_BOUND('',#2936,.T.);
#2936 = EDGE_LOOP('',(#2937,#2944,#2945));
#2937 = ORIENTED_EDGE('',*,*,#2938,.F.);
#2938 = EDGE_CURVE('',#2916,#2725,#2939,.T.);
#2939 = CIRCLE('',#2940,1.6);
#2940 = AXIS2_PLACEMENT_3D('',#2941,#2942,#2943);
#2941 = CARTESIAN_POINT('',(-85.00001456737,-82.5,-22.59997973441));
#2942 = DIRECTION('',(-2.3841859341E-07,-0.,-1.));
#2943 = DIRECTION('',(1.,0.,-2.3841859341E-07));
#2944 = ORIENTED_EDGE('',*,*,#2923,.T.);
#2945 = ORIENTED_EDGE('',*,*,#2724,.T.);
#2946 = PLANE('',#2947);
#2947 = AXIS2_PLACEMENT_3D('',#2948,#2949,#2950);
#2948 = CARTESIAN_POINT('',(-66.66668123404,-97.5,-22.59998410542));
#2949 = DIRECTION('',(2.3841859341E-07,0.,1.));
#2950 = DIRECTION('',(1.,0.,-2.3841859341E-07));
#2951 = ADVANCED_FACE('',(#2952),#2970,.F.);
#2952 = FACE_BOUND('',#2953,.T.);
#2953 = EDGE_LOOP('',(#2954,#2963,#2964));
#2954 = ORIENTED_EDGE('',*,*,#2955,.F.);
#2955 = EDGE_CURVE('',#2725,#2956,#2958,.T.);
#2956 = VERTEX_POINT('',#2957);
#2957 = CARTESIAN_POINT('',(-85.00001456737,-80.9,-22.59997973441));
#2958 = CIRCLE('',#2959,1.6);
#2959 = AXIS2_PLACEMENT_3D('',#2960,#2961,#2962);
#2960 = CARTESIAN_POINT('',(-85.00001456737,-82.5,-22.59997973441));
#2961 = DIRECTION('',(-2.3841859341E-07,-0.,-1.));
#2962 = DIRECTION('',(1.,0.,-2.3841859341E-07));
#2963 = ORIENTED_EDGE('',*,*,#2732,.T.);
#2964 = ORIENTED_EDGE('',*,*,#2965,.T.);
#2965 = EDGE_CURVE('',#2733,#2956,#2966,.T.);
#2966 = LINE('',#2967,#2968);
#2967 = CARTESIAN_POINT('',(-86.60001456737,-80.9,-22.59997935294));
#2968 = VECTOR('',#2969,1.);
#2969 = DIRECTION('',(1.,0.,-2.3841859341E-07));
#2970 = PLANE('',#2971);
#2971 = AXIS2_PLACEMENT_3D('',#2972,#2973,#2974);
#2972 = CARTESIAN_POINT('',(-66.66668123404,-97.5,-22.59998410542));
#2973 = DIRECTION('',(2.3841859341E-07,0.,1.));
#2974 = DIRECTION('',(1.,0.,-2.3841859341E-07));
#2975 = ADVANCED_FACE('',(#2976),#3002,.T.);
#2976 = FACE_BOUND('',#2977,.F.);
#2977 = EDGE_LOOP('',(#2978,#2986,#2987,#2988,#2996));
#2978 = ORIENTED_EDGE('',*,*,#2979,.T.);
#2979 = EDGE_CURVE('',#2980,#2741,#2982,.T.);
#2980 = VERTEX_POINT('',#2981);
#2981 = CARTESIAN_POINT('',(-83.40001461506,-80.9,-22.79998011588));
#2982 = LINE('',#2983,#2984);
#2983 = CARTESIAN_POINT('',(-76.6333479484,-80.9,-22.79998172918));
#2984 = VECTOR('',#2985,1.);
#2985 = DIRECTION('',(-1.,0.,2.3841859341E-07));
#2986 = ORIENTED_EDGE('',*,*,#2740,.T.);
#2987 = ORIENTED_EDGE('',*,*,#2965,.T.);
#2988 = ORIENTED_EDGE('',*,*,#2989,.T.);
#2989 = EDGE_CURVE('',#2956,#2990,#2992,.T.);
#2990 = VERTEX_POINT('',#2991);
#2991 = CARTESIAN_POINT('',(-83.40001456737,-80.9,-22.59998011588));
#2992 = LINE('',#2993,#2994);
#2993 = CARTESIAN_POINT('',(-86.60001456737,-80.9,-22.59997935294));
#2994 = VECTOR('',#2995,1.);
#2995 = DIRECTION('',(1.,0.,-2.3841859341E-07));
#2996 = ORIENTED_EDGE('',*,*,#2997,.F.);
#2997 = EDGE_CURVE('',#2980,#2990,#2998,.T.);
#2998 = LINE('',#2999,#3000);
#2999 = CARTESIAN_POINT('',(-83.40001513958,-80.9,-24.99998011588));
#3000 = VECTOR('',#3001,1.);
#3001 = DIRECTION('',(2.3841859341E-07,0.,1.));
#3002 = PLANE('',#3003);
#3003 = AXIS2_PLACEMENT_3D('',#3004,#3005,#3006);
#3004 = CARTESIAN_POINT('',(-85.00001459122,-80.9,-22.69997973441));
#3005 = DIRECTION('',(0.,-1.,8.36E-15));
#3006 = DIRECTION('',(2.3841859341E-07,8.36E-15,1.));
#3007 = ADVANCED_FACE('',(#3008),#3019,.F.);
#3008 = FACE_BOUND('',#3009,.T.);
#3009 = EDGE_LOOP('',(#3010,#3016,#3017,#3018));
#3010 = ORIENTED_EDGE('',*,*,#3011,.F.);
#3011 = EDGE_CURVE('',#2980,#2774,#3012,.T.);
#3012 = LINE('',#3013,#3014);
#3013 = CARTESIAN_POINT('',(-83.40001461506,-85.09663243452,
    -22.79998011588));
#3014 = VECTOR('',#3015,1.);
#3015 = DIRECTION('',(-0.,1.,0.));
#3016 = ORIENTED_EDGE('',*,*,#2979,.T.);
#3017 = ORIENTED_EDGE('',*,*,#2748,.T.);
#3018 = ORIENTED_EDGE('',*,*,#2773,.F.);
#3019 = PLANE('',#3020);
#3020 = AXIS2_PLACEMENT_3D('',#3021,#3022,#3023);
#3021 = CARTESIAN_POINT('',(-66.66668128174,-97.49999999999,
    -22.79998410542));
#3022 = DIRECTION('',(2.3841859341E-07,0.,1.));
#3023 = DIRECTION('',(1.,0.,-2.3841859341E-07));
#3024 = ADVANCED_FACE('',(#3025),#3053,.T.);
#3025 = FACE_BOUND('',#3026,.F.);
#3026 = EDGE_LOOP('',(#3027,#3028,#3029,#3037,#3043,#3044,#3045,#3046,
    #3052));
#3027 = ORIENTED_EDGE('',*,*,#3011,.F.);
#3028 = ORIENTED_EDGE('',*,*,#2997,.T.);
#3029 = ORIENTED_EDGE('',*,*,#3030,.T.);
#3030 = EDGE_CURVE('',#2990,#3031,#3033,.T.);
#3031 = VERTEX_POINT('',#3032);
#3032 = CARTESIAN_POINT('',(-83.40001456737,-82.5,-22.59998011588));
#3033 = LINE('',#3034,#3035);
#3034 = CARTESIAN_POINT('',(-83.40001456737,-80.9,-22.59998011588));
#3035 = VECTOR('',#3036,1.);
#3036 = DIRECTION('',(0.,-1.,0.));
#3037 = ORIENTED_EDGE('',*,*,#3038,.T.);
#3038 = EDGE_CURVE('',#3031,#2908,#3039,.T.);
#3039 = LINE('',#3040,#3041);
#3040 = CARTESIAN_POINT('',(-83.40001456737,-80.9,-22.59998011588));
#3041 = VECTOR('',#3042,1.);
#3042 = DIRECTION('',(0.,-1.,0.));
#3043 = ORIENTED_EDGE('',*,*,#2907,.F.);
#3044 = ORIENTED_EDGE('',*,*,#2892,.F.);
#3045 = ORIENTED_EDGE('',*,*,#2859,.F.);
#3046 = ORIENTED_EDGE('',*,*,#3047,.T.);
#3047 = EDGE_CURVE('',#2851,#2783,#3048,.T.);
#3048 = LINE('',#3049,#3050);
#3049 = CARTESIAN_POINT('',(-83.40001466274,-83.79831621726,
    -22.99998011588));
#3050 = VECTOR('',#3051,1.);
#3051 = DIRECTION('',(0.,1.,0.));
#3052 = ORIENTED_EDGE('',*,*,#2782,.T.);
#3053 = PLANE('',#3054);
#3054 = AXIS2_PLACEMENT_3D('',#3055,#3056,#3057);
#3055 = CARTESIAN_POINT('',(-83.40001462355,-82.5,-22.83561699194));
#3056 = DIRECTION('',(-1.,0.,2.3841859341E-07));
#3057 = DIRECTION('',(-2.3841859341E-07,-0.,-1.));
#3058 = ADVANCED_FACE('',(#3059),#3064,.T.);
#3059 = FACE_BOUND('',#3060,.F.);
#3060 = EDGE_LOOP('',(#3061,#3062,#3063));
#3061 = ORIENTED_EDGE('',*,*,#2850,.T.);
#3062 = ORIENTED_EDGE('',*,*,#2790,.T.);
#3063 = ORIENTED_EDGE('',*,*,#3047,.F.);
#3064 = PLANE('',#3065);
#3065 = AXIS2_PLACEMENT_3D('',#3066,#3067,#3068);
#3066 = CARTESIAN_POINT('',(-85.00001466274,-82.5,-22.99997973441));
#3067 = DIRECTION('',(-2.3841859341E-07,-0.,-1.));
#3068 = DIRECTION('',(-1.,0.,2.3841859341E-07));
#3069 = ADVANCED_FACE('',(#3070,#3129,#3176,#3223,#3230),#3280,.F.);
#3070 = FACE_BOUND('',#3071,.T.);
#3071 = EDGE_LOOP('',(#3072,#3082,#3090,#3098,#3107,#3115,#3123));
#3072 = ORIENTED_EDGE('',*,*,#3073,.T.);
#3073 = EDGE_CURVE('',#3074,#3076,#3078,.T.);
#3074 = VERTEX_POINT('',#3075);
#3075 = CARTESIAN_POINT('',(-45.00001513958,-95.,-24.99998927116));
#3076 = VERTEX_POINT('',#3077);
#3077 = CARTESIAN_POINT('',(-45.00001513958,-115.,-24.99998927116));
#3078 = LINE('',#3079,#3080);
#3079 = CARTESIAN_POINT('',(-45.00001513958,-95.,-24.99998927116));
#3080 = VECTOR('',#3081,1.);
#3081 = DIRECTION('',(0.,-1.,0.));
#3082 = ORIENTED_EDGE('',*,*,#3083,.T.);
#3083 = EDGE_CURVE('',#3076,#3084,#3086,.T.);
#3084 = VERTEX_POINT('',#3085);
#3085 = CARTESIAN_POINT('',(-104.3847914504,-115.,-24.99997511272));
#3086 = LINE('',#3087,#3088);
#3087 = CARTESIAN_POINT('',(-45.00001513958,-115.,-24.99998927116));
#3088 = VECTOR('',#3089,1.);
#3089 = DIRECTION('',(-1.,0.,2.3841859341E-07));
#3090 = ORIENTED_EDGE('',*,*,#3091,.F.);
#3091 = EDGE_CURVE('',#3092,#3084,#3094,.T.);
#3092 = VERTEX_POINT('',#3093);
#3093 = CARTESIAN_POINT('',(-125.192403295,-94.19238815542,
    -24.9999701518));
#3094 = LINE('',#3095,#3096);
#3095 = CARTESIAN_POINT('',(-125.192403295,-94.19238815542,
    -24.9999701518));
#3096 = VECTOR('',#3097,1.);
#3097 = DIRECTION('',(0.707106781187,-0.707106781187,-1.6858740416E-07)
  );
#3098 = ORIENTED_EDGE('',*,*,#3099,.T.);
#3099 = EDGE_CURVE('',#3092,#3100,#3102,.T.);
#3100 = VERTEX_POINT('',#3101);
#3101 = CARTESIAN_POINT('',(-116.0000151395,-72.,-24.99997234344));
#3102 = CIRCLE('',#3103,13.);
#3103 = AXIS2_PLACEMENT_3D('',#3104,#3105,#3106);
#3104 = CARTESIAN_POINT('',(-116.0000151395,-85.,-24.99997234344));
#3105 = DIRECTION('',(-2.3841859341E-07,0.,-1.));
#3106 = DIRECTION('',(-1.,0.,2.3841859341E-07));
#3107 = ORIENTED_EDGE('',*,*,#3108,.F.);
#3108 = EDGE_CURVE('',#3109,#3100,#3111,.T.);
#3109 = VERTEX_POINT('',#3110);
#3110 = CARTESIAN_POINT('',(-75.00001513958,-72.,-24.9999821186));
#3111 = LINE('',#3112,#3113);
#3112 = CARTESIAN_POINT('',(-75.00001513958,-72.,-24.9999821186));
#3113 = VECTOR('',#3114,1.);
#3114 = DIRECTION('',(-1.,0.,2.3841859341E-07));
#3115 = ORIENTED_EDGE('',*,*,#3116,.F.);
#3116 = EDGE_CURVE('',#3117,#3109,#3119,.T.);
#3117 = VERTEX_POINT('',#3118);
#3118 = CARTESIAN_POINT('',(-75.00001513958,-95.,-24.9999821186));
#3119 = LINE('',#3120,#3121);
#3120 = CARTESIAN_POINT('',(-75.00001513958,-95.,-24.9999821186));
#3121 = VECTOR('',#3122,1.);
#3122 = DIRECTION('',(0.,1.,0.));
#3123 = ORIENTED_EDGE('',*,*,#3124,.F.);
#3124 = EDGE_CURVE('',#3074,#3117,#3125,.T.);
#3125 = LINE('',#3126,#3127);
#3126 = CARTESIAN_POINT('',(-45.00001513958,-95.,-24.99998927116));
#3127 = VECTOR('',#3128,1.);
#3128 = DIRECTION('',(-1.,0.,2.3841859341E-07));
#3129 = FACE_BOUND('',#3130,.T.);
#3130 = EDGE_LOOP('',(#3131,#3142,#3151,#3160,#3169));
#3131 = ORIENTED_EDGE('',*,*,#3132,.T.);
#3132 = EDGE_CURVE('',#3133,#3135,#3137,.T.);
#3133 = VERTEX_POINT('',#3134);
#3134 = CARTESIAN_POINT('',(-46.95001513958,-105.,-24.99998880624));
#3135 = VERTEX_POINT('',#3136);
#3136 = CARTESIAN_POINT('',(-48.40001513958,-102.4033675654,
    -24.99998846053));
#3137 = CIRCLE('',#3138,3.05);
#3138 = AXIS2_PLACEMENT_3D('',#3139,#3140,#3141);
#3139 = CARTESIAN_POINT('',(-50.00001513958,-105.,-24.99998807906));
#3140 = DIRECTION('',(2.3841859341E-07,-0.,1.));
#3141 = DIRECTION('',(1.,0.,-2.3841859341E-07));
#3142 = ORIENTED_EDGE('',*,*,#3143,.T.);
#3143 = EDGE_CURVE('',#3135,#3144,#3146,.T.);
#3144 = VERTEX_POINT('',#3145);
#3145 = CARTESIAN_POINT('',(-51.60001513958,-102.4033675654,
    -24.99998769759));
#3146 = CIRCLE('',#3147,3.05);
#3147 = AXIS2_PLACEMENT_3D('',#3148,#3149,#3150);
#3148 = CARTESIAN_POINT('',(-50.00001513958,-105.,-24.99998807906));
#3149 = DIRECTION('',(2.3841859341E-07,-0.,1.));
#3150 = DIRECTION('',(1.,0.,-2.3841859341E-07));
#3151 = ORIENTED_EDGE('',*,*,#3152,.T.);
#3152 = EDGE_CURVE('',#3144,#3153,#3155,.T.);
#3153 = VERTEX_POINT('',#3154);
#3154 = CARTESIAN_POINT('',(-51.60001513952,-107.5966324345,
    -24.99998769759));
#3155 = CIRCLE('',#3156,3.05);
#3156 = AXIS2_PLACEMENT_3D('',#3157,#3158,#3159);
#3157 = CARTESIAN_POINT('',(-50.00001513958,-105.,-24.99998807906));
#3158 = DIRECTION('',(2.3841859341E-07,-0.,1.));
#3159 = DIRECTION('',(1.,0.,-2.3841859341E-07));
#3160 = ORIENTED_EDGE('',*,*,#3161,.T.);
#3161 = EDGE_CURVE('',#3153,#3162,#3164,.T.);
#3162 = VERTEX_POINT('',#3163);
#3163 = CARTESIAN_POINT('',(-48.40001513951,-107.5966324344,
    -24.99998846053));
#3164 = CIRCLE('',#3165,3.05);
#3165 = AXIS2_PLACEMENT_3D('',#3166,#3167,#3168);
#3166 = CARTESIAN_POINT('',(-50.00001513958,-105.,-24.99998807906));
#3167 = DIRECTION('',(2.3841859341E-07,-0.,1.));
#3168 = DIRECTION('',(1.,0.,-2.3841859341E-07));
#3169 = ORIENTED_EDGE('',*,*,#3170,.T.);
#3170 = EDGE_CURVE('',#3162,#3133,#3171,.T.);
#3171 = CIRCLE('',#3172,3.05);
#3172 = AXIS2_PLACEMENT_3D('',#3173,#3174,#3175);
#3173 = CARTESIAN_POINT('',(-50.00001513958,-105.,-24.99998807906));
#3174 = DIRECTION('',(2.3841859341E-07,-0.,1.));
#3175 = DIRECTION('',(1.,0.,-2.3841859341E-07));
#3176 = FACE_BOUND('',#3177,.T.);
#3177 = EDGE_LOOP('',(#3178,#3189,#3198,#3207,#3216));
#3178 = ORIENTED_EDGE('',*,*,#3179,.T.);
#3179 = EDGE_CURVE('',#3180,#3182,#3184,.T.);
#3180 = VERTEX_POINT('',#3181);
#3181 = CARTESIAN_POINT('',(-61.95001513958,-105.,-24.99998522996));
#3182 = VERTEX_POINT('',#3183);
#3183 = CARTESIAN_POINT('',(-63.4000151395,-102.4033675655,
    -24.99998488425));
#3184 = CIRCLE('',#3185,3.05);
#3185 = AXIS2_PLACEMENT_3D('',#3186,#3187,#3188);
#3186 = CARTESIAN_POINT('',(-65.00001513958,-105.,-24.99998450279));
#3187 = DIRECTION('',(2.3841859341E-07,-0.,1.));
#3188 = DIRECTION('',(1.,0.,-2.3841859341E-07));
#3189 = ORIENTED_EDGE('',*,*,#3190,.T.);
#3190 = EDGE_CURVE('',#3182,#3191,#3193,.T.);
#3191 = VERTEX_POINT('',#3192);
#3192 = CARTESIAN_POINT('',(-66.60001513967,-102.4033675655,
    -24.99998412132));
#3193 = CIRCLE('',#3194,3.05);
#3194 = AXIS2_PLACEMENT_3D('',#3195,#3196,#3197);
#3195 = CARTESIAN_POINT('',(-65.00001513958,-105.,-24.99998450279));
#3196 = DIRECTION('',(2.3841859341E-07,-0.,1.));
#3197 = DIRECTION('',(1.,0.,-2.3841859341E-07));
#3198 = ORIENTED_EDGE('',*,*,#3199,.T.);
#3199 = EDGE_CURVE('',#3191,#3200,#3202,.T.);
#3200 = VERTEX_POINT('',#3201);
#3201 = CARTESIAN_POINT('',(-66.60001513958,-107.5966324345,
    -24.99998412132));
#3202 = CIRCLE('',#3203,3.05);
#3203 = AXIS2_PLACEMENT_3D('',#3204,#3205,#3206);
#3204 = CARTESIAN_POINT('',(-65.00001513958,-105.,-24.99998450279));
#3205 = DIRECTION('',(2.3841859341E-07,-0.,1.));
#3206 = DIRECTION('',(1.,0.,-2.3841859341E-07));
#3207 = ORIENTED_EDGE('',*,*,#3208,.T.);
#3208 = EDGE_CURVE('',#3200,#3209,#3211,.T.);
#3209 = VERTEX_POINT('',#3210);
#3210 = CARTESIAN_POINT('',(-63.40001513958,-107.5966324345,
    -24.99998488425));
#3211 = CIRCLE('',#3212,3.05);
#3212 = AXIS2_PLACEMENT_3D('',#3213,#3214,#3215);
#3213 = CARTESIAN_POINT('',(-65.00001513958,-105.,-24.99998450279));
#3214 = DIRECTION('',(2.3841859341E-07,-0.,1.));
#3215 = DIRECTION('',(1.,0.,-2.3841859341E-07));
#3216 = ORIENTED_EDGE('',*,*,#3217,.T.);
#3217 = EDGE_CURVE('',#3209,#3180,#3218,.T.);
#3218 = CIRCLE('',#3219,3.05);
#3219 = AXIS2_PLACEMENT_3D('',#3220,#3221,#3222);
#3220 = CARTESIAN_POINT('',(-65.00001513958,-105.,-24.99998450279));
#3221 = DIRECTION('',(2.3841859341E-07,-0.,1.));
#3222 = DIRECTION('',(1.,0.,-2.3841859341E-07));
#3223 = FACE_BOUND('',#3224,.T.);
#3224 = EDGE_LOOP('',(#3225,#3226,#3227,#3228,#3229));
#3225 = ORIENTED_EDGE('',*,*,#2806,.T.);
#3226 = ORIENTED_EDGE('',*,*,#2815,.T.);
#3227 = ORIENTED_EDGE('',*,*,#2824,.T.);
#3228 = ORIENTED_EDGE('',*,*,#2833,.T.);
#3229 = ORIENTED_EDGE('',*,*,#2842,.T.);
#3230 = FACE_BOUND('',#3231,.T.);
#3231 = EDGE_LOOP('',(#3232,#3242,#3250,#3258,#3266,#3274));
#3232 = ORIENTED_EDGE('',*,*,#3233,.F.);
#3233 = EDGE_CURVE('',#3234,#3236,#3238,.T.);
#3234 = VERTEX_POINT('',#3235);
#3235 = CARTESIAN_POINT('',(-111.6698881206,-77.5,-24.99997337582));
#3236 = VERTEX_POINT('',#3237);
#3237 = CARTESIAN_POINT('',(-107.3397611017,-85.,-24.9999744082));
#3238 = LINE('',#3239,#3240);
#3239 = CARTESIAN_POINT('',(-111.6698881206,-77.5,-24.99997337582));
#3240 = VECTOR('',#3241,1.);
#3241 = DIRECTION('',(0.5,-0.866025403785,-1.1920929671E-07));
#3242 = ORIENTED_EDGE('',*,*,#3243,.F.);
#3243 = EDGE_CURVE('',#3244,#3234,#3246,.T.);
#3244 = VERTEX_POINT('',#3245);
#3245 = CARTESIAN_POINT('',(-120.3301421585,-77.5,-24.99997131105));
#3246 = LINE('',#3247,#3248);
#3247 = CARTESIAN_POINT('',(-120.3301421585,-77.5,-24.99997131105));
#3248 = VECTOR('',#3249,1.);
#3249 = DIRECTION('',(1.,0.,-2.3841859341E-07));
#3250 = ORIENTED_EDGE('',*,*,#3251,.F.);
#3251 = EDGE_CURVE('',#3252,#3244,#3254,.T.);
#3252 = VERTEX_POINT('',#3253);
#3253 = CARTESIAN_POINT('',(-124.6602691774,-84.99999999999,
    -24.99997027867));
#3254 = LINE('',#3255,#3256);
#3255 = CARTESIAN_POINT('',(-124.6602691774,-84.99999999999,
    -24.99997027867));
#3256 = VECTOR('',#3257,1.);
#3257 = DIRECTION('',(0.5,0.866025403784,-1.1920929671E-07));
#3258 = ORIENTED_EDGE('',*,*,#3259,.F.);
#3259 = EDGE_CURVE('',#3260,#3252,#3262,.T.);
#3260 = VERTEX_POINT('',#3261);
#3261 = CARTESIAN_POINT('',(-120.3301421585,-92.49999999999,
    -24.99997131105));
#3262 = LINE('',#3263,#3264);
#3263 = CARTESIAN_POINT('',(-120.3301421585,-92.49999999999,
    -24.99997131105));
#3264 = VECTOR('',#3265,1.);
#3265 = DIRECTION('',(-0.5,0.866025403785,1.1920929671E-07));
#3266 = ORIENTED_EDGE('',*,*,#3267,.F.);
#3267 = EDGE_CURVE('',#3268,#3260,#3270,.T.);
#3268 = VERTEX_POINT('',#3269);
#3269 = CARTESIAN_POINT('',(-111.6698881206,-92.49999999999,
    -24.99997337582));
#3270 = LINE('',#3271,#3272);
#3271 = CARTESIAN_POINT('',(-111.6698881206,-92.49999999999,
    -24.99997337582));
#3272 = VECTOR('',#3273,1.);
#3273 = DIRECTION('',(-1.,1.1133E-13,2.3841859341E-07));
#3274 = ORIENTED_EDGE('',*,*,#3275,.F.);
#3275 = EDGE_CURVE('',#3236,#3268,#3276,.T.);
#3276 = LINE('',#3277,#3278);
#3277 = CARTESIAN_POINT('',(-107.3397611017,-85.,-24.9999744082));
#3278 = VECTOR('',#3279,1.);
#3279 = DIRECTION('',(-0.5,-0.866025403784,1.1920929671E-07));
#3280 = PLANE('',#3281);
#3281 = AXIS2_PLACEMENT_3D('',#3282,#3283,#3284);
#3282 = CARTESIAN_POINT('',(-91.0347968076,-93.36296622288,
    -24.99997829561));
#3283 = DIRECTION('',(2.3841859341E-07,0.,1.));
#3284 = DIRECTION('',(1.,0.,-2.3841859341E-07));
#3285 = ADVANCED_FACE('',(#3286),#3297,.F.);
#3286 = FACE_BOUND('',#3287,.T.);
#3287 = EDGE_LOOP('',(#3288,#3289,#3290));
#3288 = ORIENTED_EDGE('',*,*,#3038,.T.);
#3289 = ORIENTED_EDGE('',*,*,#2915,.T.);
#3290 = ORIENTED_EDGE('',*,*,#3291,.F.);
#3291 = EDGE_CURVE('',#3031,#2916,#3292,.T.);
#3292 = CIRCLE('',#3293,1.6);
#3293 = AXIS2_PLACEMENT_3D('',#3294,#3295,#3296);
#3294 = CARTESIAN_POINT('',(-85.00001456737,-82.5,-22.59997973441));
#3295 = DIRECTION('',(-2.3841859341E-07,-0.,-1.));
#3296 = DIRECTION('',(1.,0.,-2.3841859341E-07));
#3297 = PLANE('',#3298);
#3298 = AXIS2_PLACEMENT_3D('',#3299,#3300,#3301);
#3299 = CARTESIAN_POINT('',(-66.66668123404,-97.5,-22.59998410542));
#3300 = DIRECTION('',(2.3841859341E-07,0.,1.));
#3301 = DIRECTION('',(1.,0.,-2.3841859341E-07));
#3302 = ADVANCED_FACE('',(#3303),#3331,.F.);
#3303 = FACE_BOUND('',#3304,.F.);
#3304 = EDGE_LOOP('',(#3305,#3306,#3314,#3321,#3322,#3329,#3330));
#3305 = ORIENTED_EDGE('',*,*,#3291,.F.);
#3306 = ORIENTED_EDGE('',*,*,#3307,.T.);
#3307 = EDGE_CURVE('',#3031,#3308,#3310,.T.);
#3308 = VERTEX_POINT('',#3309);
#3309 = CARTESIAN_POINT('',(-83.40001394749,-82.5,-19.99998011588));
#3310 = LINE('',#3311,#3312);
#3311 = CARTESIAN_POINT('',(-83.40001466274,-82.5,-22.99998011588));
#3312 = VECTOR('',#3313,1.);
#3313 = DIRECTION('',(2.3841859335E-07,0.,1.));
#3314 = ORIENTED_EDGE('',*,*,#3315,.T.);
#3315 = EDGE_CURVE('',#3308,#3308,#3316,.T.);
#3316 = CIRCLE('',#3317,1.6);
#3317 = AXIS2_PLACEMENT_3D('',#3318,#3319,#3320);
#3318 = CARTESIAN_POINT('',(-85.00001394749,-82.5,-19.99997973441));
#3319 = DIRECTION('',(-2.3841859341E-07,-0.,-1.));
#3320 = DIRECTION('',(1.,0.,-2.3841859341E-07));
#3321 = ORIENTED_EDGE('',*,*,#3307,.F.);
#3322 = ORIENTED_EDGE('',*,*,#3323,.F.);
#3323 = EDGE_CURVE('',#2956,#3031,#3324,.T.);
#3324 = CIRCLE('',#3325,1.6);
#3325 = AXIS2_PLACEMENT_3D('',#3326,#3327,#3328);
#3326 = CARTESIAN_POINT('',(-85.00001456737,-82.5,-22.59997973441));
#3327 = DIRECTION('',(-2.3841859341E-07,-0.,-1.));
#3328 = DIRECTION('',(1.,0.,-2.3841859341E-07));
#3329 = ORIENTED_EDGE('',*,*,#2955,.F.);
#3330 = ORIENTED_EDGE('',*,*,#2938,.F.);
#3331 = CYLINDRICAL_SURFACE('',#3332,1.6);
#3332 = AXIS2_PLACEMENT_3D('',#3333,#3334,#3335);
#3333 = CARTESIAN_POINT('',(-85.00001466274,-82.5,-22.99997973441));
#3334 = DIRECTION('',(2.3841859341E-07,0.,1.));
#3335 = DIRECTION('',(1.,0.,-2.3841859341E-07));
#3336 = ADVANCED_FACE('',(#3337),#3342,.F.);
#3337 = FACE_BOUND('',#3338,.T.);
#3338 = EDGE_LOOP('',(#3339,#3340,#3341));
#3339 = ORIENTED_EDGE('',*,*,#3030,.T.);
#3340 = ORIENTED_EDGE('',*,*,#3323,.F.);
#3341 = ORIENTED_EDGE('',*,*,#2989,.T.);
#3342 = PLANE('',#3343);
#3343 = AXIS2_PLACEMENT_3D('',#3344,#3345,#3346);
#3344 = CARTESIAN_POINT('',(-66.66668123404,-97.5,-22.59998410542));
#3345 = DIRECTION('',(2.3841859341E-07,0.,1.));
#3346 = DIRECTION('',(1.,0.,-2.3841859341E-07));
#3347 = ADVANCED_FACE('',(#3348),#3373,.F.);
#3348 = FACE_BOUND('',#3349,.T.);
#3349 = EDGE_LOOP('',(#3350,#3358,#3366,#3372));
#3350 = ORIENTED_EDGE('',*,*,#3351,.T.);
#3351 = EDGE_CURVE('',#3074,#3352,#3354,.T.);
#3352 = VERTEX_POINT('',#3353);
#3353 = CARTESIAN_POINT('',(-45.00001394749,-95.,-19.99998927116));
#3354 = LINE('',#3355,#3356);
#3355 = CARTESIAN_POINT('',(-45.00001513958,-95.,-24.99998927116));
#3356 = VECTOR('',#3357,1.);
#3357 = DIRECTION('',(2.3841859341E-07,0.,1.));
#3358 = ORIENTED_EDGE('',*,*,#3359,.T.);
#3359 = EDGE_CURVE('',#3352,#3360,#3362,.T.);
#3360 = VERTEX_POINT('',#3361);
#3361 = CARTESIAN_POINT('',(-45.00001394749,-115.,-19.99998927116));
#3362 = LINE('',#3363,#3364);
#3363 = CARTESIAN_POINT('',(-45.00001394749,-95.,-19.99998927116));
#3364 = VECTOR('',#3365,1.);
#3365 = DIRECTION('',(0.,-1.,0.));
#3366 = ORIENTED_EDGE('',*,*,#3367,.F.);
#3367 = EDGE_CURVE('',#3076,#3360,#3368,.T.);
#3368 = LINE('',#3369,#3370);
#3369 = CARTESIAN_POINT('',(-45.00001513958,-115.,-24.99998927116));
#3370 = VECTOR('',#3371,1.);
#3371 = DIRECTION('',(2.3841859341E-07,0.,1.));
#3372 = ORIENTED_EDGE('',*,*,#3073,.F.);
#3373 = PLANE('',#3374);
#3374 = AXIS2_PLACEMENT_3D('',#3375,#3376,#3377);
#3375 = CARTESIAN_POINT('',(-45.00001513958,-95.,-24.99998927116));
#3376 = DIRECTION('',(-1.,0.,2.3841859341E-07));
#3377 = DIRECTION('',(0.,1.,0.));
#3378 = ADVANCED_FACE('',(#3379),#3412,.T.);
#3379 = FACE_BOUND('',#3380,.F.);
#3380 = EDGE_LOOP('',(#3381,#3389,#3390,#3391,#3399));
#3381 = ORIENTED_EDGE('',*,*,#3382,.F.);
#3382 = EDGE_CURVE('',#3117,#3383,#3385,.T.);
#3383 = VERTEX_POINT('',#3384);
#3384 = CARTESIAN_POINT('',(-75.0000141859,-95.,-20.9999821186));
#3385 = LINE('',#3386,#3387);
#3386 = CARTESIAN_POINT('',(-75.00001513958,-95.,-24.9999821186));
#3387 = VECTOR('',#3388,1.);
#3388 = DIRECTION('',(2.3841859341E-07,0.,1.));
#3389 = ORIENTED_EDGE('',*,*,#3124,.F.);
#3390 = ORIENTED_EDGE('',*,*,#3351,.T.);
#3391 = ORIENTED_EDGE('',*,*,#3392,.T.);
#3392 = EDGE_CURVE('',#3352,#3393,#3395,.T.);
#3393 = VERTEX_POINT('',#3394);
#3394 = CARTESIAN_POINT('',(-74.00001394749,-95.,-19.99998235702));
#3395 = LINE('',#3396,#3397);
#3396 = CARTESIAN_POINT('',(-45.00001394749,-95.,-19.99998927116));
#3397 = VECTOR('',#3398,1.);
#3398 = DIRECTION('',(-1.,0.,2.3841859341E-07));
#3399 = ORIENTED_EDGE('',*,*,#3400,.F.);
#3400 = EDGE_CURVE('',#3383,#3393,#3401,.T.);
#3401 = B_SPLINE_CURVE_WITH_KNOTS('',9,(#3402,#3403,#3404,#3405,#3406,
    #3407,#3408,#3409,#3410,#3411),.UNSPECIFIED.,.F.,.F.,(10,10),(0.,1.)
  ,.PIECEWISE_BEZIER_KNOTS.);
#3402 = CARTESIAN_POINT('',(-75.0000141859,-95.,-20.9999821186));
#3403 = CARTESIAN_POINT('',(-75.00001414408,-95.,-20.82456617359));
#3404 = CARTESIAN_POINT('',(-74.96937508786,-95.,-20.64914832013));
#3405 = CARTESIAN_POINT('',(-74.90502049875,-95.,-20.4798580625));
#3406 = CARTESIAN_POINT('',(-74.80611962229,-95.,-20.32490308069));
#3407 = CARTESIAN_POINT('',(-74.67509307785,-95.,-20.19387659873));
#3408 = CARTESIAN_POINT('',(-74.52013804888,-95.,-20.09497579616));
#3409 = CARTESIAN_POINT('',(-74.35084776056,-95.,-20.03062128777));
#3410 = CARTESIAN_POINT('',(-74.1754298925,-95.,-19.9999823152));
#3411 = CARTESIAN_POINT('',(-74.00001394749,-95.,-19.99998235702));
#3412 = PLANE('',#3413);
#3413 = AXIS2_PLACEMENT_3D('',#3414,#3415,#3416);
#3414 = CARTESIAN_POINT('',(-45.00001513958,-95.,-24.99998927116));
#3415 = DIRECTION('',(0.,1.,0.));
#3416 = DIRECTION('',(1.,0.,-2.3841859341E-07));
#3417 = ADVANCED_FACE('',(#3418),#3452,.T.);
#3418 = FACE_BOUND('',#3419,.F.);
#3419 = EDGE_LOOP('',(#3420,#3430,#3438,#3444,#3445,#3446));
#3420 = ORIENTED_EDGE('',*,*,#3421,.F.);
#3421 = EDGE_CURVE('',#3422,#3424,#3426,.T.);
#3422 = VERTEX_POINT('',#3423);
#3423 = CARTESIAN_POINT('',(-76.00000917911,-115.,1.811981419308E-05));
#3424 = VERTEX_POINT('',#3425);
#3425 = CARTESIAN_POINT('',(-104.3847854899,-115.,2.488727263739E-05));
#3426 = LINE('',#3427,#3428);
#3427 = CARTESIAN_POINT('',(-75.00000917911,-115.,1.788139559977E-05));
#3428 = VECTOR('',#3429,1.);
#3429 = DIRECTION('',(-1.,0.,2.3841859341E-07));
#3430 = ORIENTED_EDGE('',*,*,#3431,.F.);
#3431 = EDGE_CURVE('',#3432,#3422,#3434,.T.);
#3432 = VERTEX_POINT('',#3433);
#3433 = CARTESIAN_POINT('',(-76.00001394749,-115.,-19.99998188018));
#3434 = LINE('',#3435,#3436);
#3435 = CARTESIAN_POINT('',(-76.00001394749,-115.,-19.99998188018));
#3436 = VECTOR('',#3437,1.);
#3437 = DIRECTION('',(2.3841859341E-07,0.,1.));
#3438 = ORIENTED_EDGE('',*,*,#3439,.F.);
#3439 = EDGE_CURVE('',#3360,#3432,#3440,.T.);
#3440 = LINE('',#3441,#3442);
#3441 = CARTESIAN_POINT('',(-45.00001394749,-115.,-19.99998927116));
#3442 = VECTOR('',#3443,1.);
#3443 = DIRECTION('',(-1.,0.,2.3841859341E-07));
#3444 = ORIENTED_EDGE('',*,*,#3367,.F.);
#3445 = ORIENTED_EDGE('',*,*,#3083,.T.);
#3446 = ORIENTED_EDGE('',*,*,#3447,.T.);
#3447 = EDGE_CURVE('',#3084,#3424,#3448,.T.);
#3448 = LINE('',#3449,#3450);
#3449 = CARTESIAN_POINT('',(-104.3847914504,-115.,-24.99997511272));
#3450 = VECTOR('',#3451,1.);
#3451 = DIRECTION('',(2.3841859341E-07,0.,1.));
#3452 = PLANE('',#3453);
#3453 = AXIS2_PLACEMENT_3D('',#3454,#3455,#3456);
#3454 = CARTESIAN_POINT('',(-78.24754479273,-115.,-16.05512497468));
#3455 = DIRECTION('',(-0.,-1.,-0.));
#3456 = DIRECTION('',(2.3841859341E-07,0.,1.));
#3457 = ADVANCED_FACE('',(#3458),#3491,.T.);
#3458 = FACE_BOUND('',#3459,.F.);
#3459 = EDGE_LOOP('',(#3460,#3461,#3476,#3484,#3490));
#3460 = ORIENTED_EDGE('',*,*,#3382,.T.);
#3461 = ORIENTED_EDGE('',*,*,#3462,.F.);
#3462 = EDGE_CURVE('',#3463,#3383,#3465,.T.);
#3463 = VERTEX_POINT('',#3464);
#3464 = CARTESIAN_POINT('',(-75.00001394749,-94.,-19.9999821186));
#3465 = B_SPLINE_CURVE_WITH_KNOTS('',9,(#3466,#3467,#3468,#3469,#3470,
    #3471,#3472,#3473,#3474,#3475),.UNSPECIFIED.,.F.,.F.,(10,10),(0.,1.)
  ,.PIECEWISE_BEZIER_KNOTS.);
#3466 = CARTESIAN_POINT('',(-75.00001394749,-94.,-19.9999821186));
#3467 = CARTESIAN_POINT('',(-75.00001394749,-94.17541594501,
    -19.9999821186));
#3468 = CARTESIAN_POINT('',(-75.00001395479,-94.35083380576,
    -20.030621133));
#3469 = CARTESIAN_POINT('',(-75.00001397013,-94.52012407874,
    -20.09497568174));
#3470 = CARTESIAN_POINT('',(-75.00001399371,-94.67507908413,
    -20.19387652126));
#3471 = CARTESIAN_POINT('',(-75.00001402495,-94.80610559733,
    -20.32490303446));
#3472 = CARTESIAN_POINT('',(-75.0000140619,-94.90500643685,
    -20.47985803985));
#3473 = CARTESIAN_POINT('',(-75.00001410226,-94.9693609856,
    -20.64914831283));
#3474 = CARTESIAN_POINT('',(-75.00001414408,-95.,-20.82456617359));
#3475 = CARTESIAN_POINT('',(-75.0000141859,-95.,-20.9999821186));
#3476 = ORIENTED_EDGE('',*,*,#3477,.T.);
#3477 = EDGE_CURVE('',#3463,#3478,#3480,.T.);
#3478 = VERTEX_POINT('',#3479);
#3479 = CARTESIAN_POINT('',(-75.00001394749,-72.,-19.9999821186));
#3480 = LINE('',#3481,#3482);
#3481 = CARTESIAN_POINT('',(-75.00001394749,-95.,-19.9999821186));
#3482 = VECTOR('',#3483,1.);
#3483 = DIRECTION('',(0.,1.,0.));
#3484 = ORIENTED_EDGE('',*,*,#3485,.F.);
#3485 = EDGE_CURVE('',#3109,#3478,#3486,.T.);
#3486 = LINE('',#3487,#3488);
#3487 = CARTESIAN_POINT('',(-75.00001513958,-72.,-24.9999821186));
#3488 = VECTOR('',#3489,1.);
#3489 = DIRECTION('',(2.3841859341E-07,0.,1.));
#3490 = ORIENTED_EDGE('',*,*,#3116,.F.);
#3491 = PLANE('',#3492);
#3492 = AXIS2_PLACEMENT_3D('',#3493,#3494,#3495);
#3493 = CARTESIAN_POINT('',(-75.00001513958,-95.,-24.9999821186));
#3494 = DIRECTION('',(1.,0.,-2.3841859341E-07));
#3495 = DIRECTION('',(-0.,-1.,-0.));
#3496 = ADVANCED_FACE('',(#3497),#3515,.T.);
#3497 = FACE_BOUND('',#3498,.F.);
#3498 = EDGE_LOOP('',(#3499,#3507,#3513,#3514));
#3499 = ORIENTED_EDGE('',*,*,#3500,.T.);
#3500 = EDGE_CURVE('',#3092,#3501,#3503,.T.);
#3501 = VERTEX_POINT('',#3502);
#3502 = CARTESIAN_POINT('',(-125.1923973345,-94.19238815542,
    2.984819418472E-05));
#3503 = LINE('',#3504,#3505);
#3504 = CARTESIAN_POINT('',(-125.192403295,-94.19238815542,
    -24.9999701518));
#3505 = VECTOR('',#3506,1.);
#3506 = DIRECTION('',(2.3841859341E-07,0.,1.));
#3507 = ORIENTED_EDGE('',*,*,#3508,.F.);
#3508 = EDGE_CURVE('',#3424,#3501,#3509,.T.);
#3509 = LINE('',#3510,#3511);
#3510 = CARTESIAN_POINT('',(-104.3847854899,-115.,2.488727263383E-05));
#3511 = VECTOR('',#3512,1.);
#3512 = DIRECTION('',(-0.707106781187,0.707106781187,1.6858740416E-07));
#3513 = ORIENTED_EDGE('',*,*,#3447,.F.);
#3514 = ORIENTED_EDGE('',*,*,#3091,.F.);
#3515 = PLANE('',#3516);
#3516 = AXIS2_PLACEMENT_3D('',#3517,#3518,#3519);
#3517 = CARTESIAN_POINT('',(-114.7885943924,-104.5961940777,
    -12.49997263226));
#3518 = DIRECTION('',(-0.707106781187,-0.707106781187,1.6858740428E-07)
  );
#3519 = DIRECTION('',(0.707106781187,-0.707106781187,-1.6858740416E-07)
  );
#3520 = ADVANCED_FACE('',(#3521),#3581,.T.);
#3521 = FACE_BOUND('',#3522,.F.);
#3522 = EDGE_LOOP('',(#3523,#3533,#3541,#3549,#3558,#3567,#3573,#3574,
    #3575));
#3523 = ORIENTED_EDGE('',*,*,#3524,.T.);
#3524 = EDGE_CURVE('',#3525,#3527,#3529,.T.);
#3525 = VERTEX_POINT('',#3526);
#3526 = CARTESIAN_POINT('',(-96.00001394749,-72.,-19.99997711181));
#3527 = VERTEX_POINT('',#3528);
#3528 = CARTESIAN_POINT('',(-96.00000917911,-72.,2.288818606289E-05));
#3529 = LINE('',#3530,#3531);
#3530 = CARTESIAN_POINT('',(-96.00001394749,-72.,-19.99997711181));
#3531 = VECTOR('',#3532,1.);
#3532 = DIRECTION('',(2.3841859341E-07,0.,1.));
#3533 = ORIENTED_EDGE('',*,*,#3534,.T.);
#3534 = EDGE_CURVE('',#3527,#3535,#3537,.T.);
#3535 = VERTEX_POINT('',#3536);
#3536 = CARTESIAN_POINT('',(-116.0000091791,-72.,2.765655792913E-05));
#3537 = LINE('',#3538,#3539);
#3538 = CARTESIAN_POINT('',(-95.00000917911,-72.,2.264976746957E-05));
#3539 = VECTOR('',#3540,1.);
#3540 = DIRECTION('',(-1.,0.,2.3841859341E-07));
#3541 = ORIENTED_EDGE('',*,*,#3542,.F.);
#3542 = EDGE_CURVE('',#3543,#3535,#3545,.T.);
#3543 = VERTEX_POINT('',#3544);
#3544 = CARTESIAN_POINT('',(-116.0000111579,-72.,-8.299972343442));
#3545 = LINE('',#3546,#3547);
#3546 = CARTESIAN_POINT('',(-116.0000139474,-72.,-19.99997234344));
#3547 = VECTOR('',#3548,1.);
#3548 = DIRECTION('',(2.3841859341E-07,0.,1.));
#3549 = ORIENTED_EDGE('',*,*,#3550,.F.);
#3550 = EDGE_CURVE('',#3551,#3543,#3553,.T.);
#3551 = VERTEX_POINT('',#3552);
#3552 = CARTESIAN_POINT('',(-114.3000115633,-72.,-9.999972748753));
#3553 = CIRCLE('',#3554,1.7);
#3554 = AXIS2_PLACEMENT_3D('',#3555,#3556,#3557);
#3555 = CARTESIAN_POINT('',(-116.0000115633,-72.,-9.999972343442));
#3556 = DIRECTION('',(0.,-1.,0.));
#3557 = DIRECTION('',(1.,-0.,-2.3841859341E-07));
#3558 = ORIENTED_EDGE('',*,*,#3559,.F.);
#3559 = EDGE_CURVE('',#3560,#3551,#3562,.T.);
#3560 = VERTEX_POINT('',#3561);
#3561 = CARTESIAN_POINT('',(-116.0000119686,-72.,-11.69997234344));
#3562 = CIRCLE('',#3563,1.7);
#3563 = AXIS2_PLACEMENT_3D('',#3564,#3565,#3566);
#3564 = CARTESIAN_POINT('',(-116.0000115633,-72.,-9.999972343442));
#3565 = DIRECTION('',(0.,-1.,0.));
#3566 = DIRECTION('',(1.,-0.,-2.3841859341E-07));
#3567 = ORIENTED_EDGE('',*,*,#3568,.F.);
#3568 = EDGE_CURVE('',#3100,#3560,#3569,.T.);
#3569 = LINE('',#3570,#3571);
#3570 = CARTESIAN_POINT('',(-116.0000139474,-72.,-19.99997234344));
#3571 = VECTOR('',#3572,1.);
#3572 = DIRECTION('',(2.3841859341E-07,0.,1.));
#3573 = ORIENTED_EDGE('',*,*,#3108,.F.);
#3574 = ORIENTED_EDGE('',*,*,#3485,.T.);
#3575 = ORIENTED_EDGE('',*,*,#3576,.T.);
#3576 = EDGE_CURVE('',#3478,#3525,#3577,.T.);
#3577 = LINE('',#3578,#3579);
#3578 = CARTESIAN_POINT('',(-94.78255629665,-72.,-19.99997740207));
#3579 = VECTOR('',#3580,1.);
#3580 = DIRECTION('',(-1.,0.,2.3841859341E-07));
#3581 = PLANE('',#3582);
#3582 = AXIS2_PLACEMENT_3D('',#3583,#3584,#3585);
#3583 = CARTESIAN_POINT('',(-98.53031591213,-72.,-15.53027953884));
#3584 = DIRECTION('',(0.,1.,0.));
#3585 = DIRECTION('',(-2.3841859341E-07,-0.,-1.));
#3586 = ADVANCED_FACE('',(#3587),#3629,.T.);
#3587 = FACE_BOUND('',#3588,.T.);
#3588 = EDGE_LOOP('',(#3589,#3590,#3591,#3592,#3599,#3600));
#3589 = ORIENTED_EDGE('',*,*,#3568,.F.);
#3590 = ORIENTED_EDGE('',*,*,#3099,.F.);
#3591 = ORIENTED_EDGE('',*,*,#3500,.T.);
#3592 = ORIENTED_EDGE('',*,*,#3593,.T.);
#3593 = EDGE_CURVE('',#3501,#3535,#3594,.T.);
#3594 = CIRCLE('',#3595,13.);
#3595 = AXIS2_PLACEMENT_3D('',#3596,#3597,#3598);
#3596 = CARTESIAN_POINT('',(-116.0000091791,-85.,2.765655792913E-05));
#3597 = DIRECTION('',(-2.3841859341E-07,0.,-1.));
#3598 = DIRECTION('',(-1.,0.,2.3841859341E-07));
#3599 = ORIENTED_EDGE('',*,*,#3542,.F.);
#3600 = ORIENTED_EDGE('',*,*,#3601,.T.);
#3601 = EDGE_CURVE('',#3543,#3560,#3602,.T.);
#3602 = B_SPLINE_CURVE_WITH_KNOTS('',7,(#3603,#3604,#3605,#3606,#3607,
    #3608,#3609,#3610,#3611,#3612,#3613,#3614,#3615,#3616,#3617,#3618,
    #3619,#3620,#3621,#3622,#3623,#3624,#3625,#3626,#3627,#3628),
  .UNSPECIFIED.,.F.,.F.,(8,6,6,6,8),(0.,0.247113385853,0.500040349025,
    0.752968855747,1.),.UNSPECIFIED.);
#3603 = CARTESIAN_POINT('',(-116.0000111579,-72.,-8.299972343442));
#3604 = CARTESIAN_POINT('',(-116.2241147874,-72.,-8.299972290011));
#3605 = CARTESIAN_POINT('',(-116.4428001887,-72.00450724531,
    -8.33443833845));
#3606 = CARTESIAN_POINT('',(-116.6498104983,-72.01312865873,
    -8.400372543663));
#3607 = CARTESIAN_POINT('',(-116.8398396069,-72.024743946,
    -8.493505883272));
#3608 = CARTESIAN_POINT('',(-117.008764284,-72.03776863148,
    -8.608359603419));
#3609 = CARTESIAN_POINT('',(-117.1540453723,-72.05075190044,
    -8.738318855652));
#3610 = CARTESIAN_POINT('',(-117.3992051353,-72.07491650607,
    -9.016397888088));
#3611 = CARTESIAN_POINT('',(-117.5009777142,-72.08634809552,
    -9.16832418861));
#3612 = CARTESIAN_POINT('',(-117.581243176,-72.09616162569,
    -9.32797051352));
#3613 = CARTESIAN_POINT('',(-117.6407901441,-72.10382167673,
    -9.492769258436));
#3614 = CARTESIAN_POINT('',(-117.6802572649,-72.10902755109,
    -9.660751977693));
#3615 = CARTESIAN_POINT('',(-117.7000115228,-72.11163315233,
    -9.830310121551));
#3616 = CARTESIAN_POINT('',(-117.7000116037,-72.11163315233,
    -10.16963479011));
#3617 = CARTESIAN_POINT('',(-117.6802572074,-72.10902752306,
    -10.33919082704));
#3618 = CARTESIAN_POINT('',(-117.6407909218,-72.10382174567,
    -10.50717268634));
#3619 = CARTESIAN_POINT('',(-117.5812443299,-72.09616173966,
    -10.6719729195));
#3620 = CARTESIAN_POINT('',(-117.5009775319,-72.08634798127,
    -10.8316218815));
#3621 = CARTESIAN_POINT('',(-117.3992031279,-72.07491626197,
    -10.98354894056));
#3622 = CARTESIAN_POINT('',(-117.1540894531,-72.05075618604,
    -11.26157596345));
#3623 = CARTESIAN_POINT('',(-117.0088055,-72.03777167134,-11.39156363699
    ));
#3624 = CARTESIAN_POINT('',(-116.8398358113,-72.02474212081,
    -11.50646001391));
#3625 = CARTESIAN_POINT('',(-116.6497445634,-72.0131231748,
    -11.59961365232));
#3626 = CARTESIAN_POINT('',(-116.4426913714,-72.00450341747,
    -11.66553542967));
#3627 = CARTESIAN_POINT('',(-116.2240203606,-72.,-11.69997229003));
#3628 = CARTESIAN_POINT('',(-116.0000119686,-72.,-11.69997234344));
#3629 = CYLINDRICAL_SURFACE('',#3630,13.);
#3630 = AXIS2_PLACEMENT_3D('',#3631,#3632,#3633);
#3631 = CARTESIAN_POINT('',(-116.0000151395,-85.,-24.99997234344));
#3632 = DIRECTION('',(-2.3841859341E-07,-0.,-1.));
#3633 = DIRECTION('',(-1.,0.,2.3841859341E-07));
#3634 = ADVANCED_FACE('',(#3635),#3725,.F.);
#3635 = FACE_BOUND('',#3636,.F.);
#3636 = EDGE_LOOP('',(#3637,#3647,#3656,#3664,#3673,#3681,#3690,#3695,
    #3696,#3697,#3698,#3699,#3700,#3701,#3710,#3718));
#3637 = ORIENTED_EDGE('',*,*,#3638,.F.);
#3638 = EDGE_CURVE('',#3639,#3641,#3643,.T.);
#3639 = VERTEX_POINT('',#3640);
#3640 = CARTESIAN_POINT('',(-51.60001466268,-107.5966324345,
    -22.99998769759));
#3641 = VERTEX_POINT('',#3642);
#3642 = CARTESIAN_POINT('',(-51.60001461499,-107.5966324345,
    -22.79998769759));
#3643 = LINE('',#3644,#3645);
#3644 = CARTESIAN_POINT('',(-51.60001513952,-107.5966324345,
    -24.99998769759));
#3645 = VECTOR('',#3646,1.);
#3646 = DIRECTION('',(2.3841859341E-07,0.,1.));
#3647 = ORIENTED_EDGE('',*,*,#3648,.F.);
#3648 = EDGE_CURVE('',#3649,#3639,#3651,.T.);
#3649 = VERTEX_POINT('',#3650);
#3650 = CARTESIAN_POINT('',(-51.60001466274,-102.4033675654,
    -22.99998769759));
#3651 = CIRCLE('',#3652,3.05);
#3652 = AXIS2_PLACEMENT_3D('',#3653,#3654,#3655);
#3653 = CARTESIAN_POINT('',(-50.00001466274,-105.,-22.99998807906));
#3654 = DIRECTION('',(2.3841859341E-07,-0.,1.));
#3655 = DIRECTION('',(1.,0.,-2.3841859341E-07));
#3656 = ORIENTED_EDGE('',*,*,#3657,.T.);
#3657 = EDGE_CURVE('',#3649,#3658,#3660,.T.);
#3658 = VERTEX_POINT('',#3659);
#3659 = CARTESIAN_POINT('',(-51.60001461506,-102.4033675654,
    -22.79998769759));
#3660 = LINE('',#3661,#3662);
#3661 = CARTESIAN_POINT('',(-51.60001513958,-102.4033675654,
    -24.99998769759));
#3662 = VECTOR('',#3663,1.);
#3663 = DIRECTION('',(2.3841859341E-07,0.,1.));
#3664 = ORIENTED_EDGE('',*,*,#3665,.F.);
#3665 = EDGE_CURVE('',#3666,#3658,#3668,.T.);
#3666 = VERTEX_POINT('',#3667);
#3667 = CARTESIAN_POINT('',(-48.40001461506,-102.4033675654,
    -22.79998846053));
#3668 = CIRCLE('',#3669,3.05);
#3669 = AXIS2_PLACEMENT_3D('',#3670,#3671,#3672);
#3670 = CARTESIAN_POINT('',(-50.00001461506,-105.,-22.79998807906));
#3671 = DIRECTION('',(2.3841859341E-07,0.,1.));
#3672 = DIRECTION('',(-1.,0.,2.3841859341E-07));
#3673 = ORIENTED_EDGE('',*,*,#3674,.F.);
#3674 = EDGE_CURVE('',#3675,#3666,#3677,.T.);
#3675 = VERTEX_POINT('',#3676);
#3676 = CARTESIAN_POINT('',(-48.40001466274,-102.4033675654,
    -22.99998846053));
#3677 = LINE('',#3678,#3679);
#3678 = CARTESIAN_POINT('',(-48.40001513958,-102.4033675654,
    -24.99998846053));
#3679 = VECTOR('',#3680,1.);
#3680 = DIRECTION('',(2.3841859341E-07,0.,1.));
#3681 = ORIENTED_EDGE('',*,*,#3682,.F.);
#3682 = EDGE_CURVE('',#3683,#3675,#3685,.T.);
#3683 = VERTEX_POINT('',#3684);
#3684 = CARTESIAN_POINT('',(-46.95001466274,-105.,-22.99998880624));
#3685 = CIRCLE('',#3686,3.05);
#3686 = AXIS2_PLACEMENT_3D('',#3687,#3688,#3689);
#3687 = CARTESIAN_POINT('',(-50.00001466274,-105.,-22.99998807906));
#3688 = DIRECTION('',(2.3841859341E-07,-0.,1.));
#3689 = DIRECTION('',(1.,0.,-2.3841859341E-07));
#3690 = ORIENTED_EDGE('',*,*,#3691,.F.);
#3691 = EDGE_CURVE('',#3133,#3683,#3692,.T.);
#3692 = B_SPLINE_CURVE_WITH_KNOTS('',1,(#3693,#3694),.UNSPECIFIED.,.F.,
  .F.,(2,2),(0.,2.),.PIECEWISE_BEZIER_KNOTS.);
#3693 = CARTESIAN_POINT('',(-46.95001513958,-105.,-24.99998880624));
#3694 = CARTESIAN_POINT('',(-46.95001466274,-105.,-22.99998880624));
#3695 = ORIENTED_EDGE('',*,*,#3132,.T.);
#3696 = ORIENTED_EDGE('',*,*,#3143,.T.);
#3697 = ORIENTED_EDGE('',*,*,#3152,.T.);
#3698 = ORIENTED_EDGE('',*,*,#3161,.T.);
#3699 = ORIENTED_EDGE('',*,*,#3170,.T.);
#3700 = ORIENTED_EDGE('',*,*,#3691,.T.);
#3701 = ORIENTED_EDGE('',*,*,#3702,.F.);
#3702 = EDGE_CURVE('',#3703,#3683,#3705,.T.);
#3703 = VERTEX_POINT('',#3704);
#3704 = CARTESIAN_POINT('',(-48.40001466266,-107.5966324344,
    -22.99998846053));
#3705 = CIRCLE('',#3706,3.05);
#3706 = AXIS2_PLACEMENT_3D('',#3707,#3708,#3709);
#3707 = CARTESIAN_POINT('',(-50.00001466274,-105.,-22.99998807906));
#3708 = DIRECTION('',(2.3841859341E-07,-0.,1.));
#3709 = DIRECTION('',(1.,0.,-2.3841859341E-07));
#3710 = ORIENTED_EDGE('',*,*,#3711,.T.);
#3711 = EDGE_CURVE('',#3703,#3712,#3714,.T.);
#3712 = VERTEX_POINT('',#3713);
#3713 = CARTESIAN_POINT('',(-48.40001461499,-107.5966324344,
    -22.79998846053));
#3714 = LINE('',#3715,#3716);
#3715 = CARTESIAN_POINT('',(-48.40001513951,-107.5966324344,
    -24.99998846053));
#3716 = VECTOR('',#3717,1.);
#3717 = DIRECTION('',(2.3841859341E-07,0.,1.));
#3718 = ORIENTED_EDGE('',*,*,#3719,.F.);
#3719 = EDGE_CURVE('',#3641,#3712,#3720,.T.);
#3720 = CIRCLE('',#3721,3.04999999997);
#3721 = AXIS2_PLACEMENT_3D('',#3722,#3723,#3724);
#3722 = CARTESIAN_POINT('',(-50.00001461509,-105.,-22.79998807906));
#3723 = DIRECTION('',(2.3841859341E-07,0.,1.));
#3724 = DIRECTION('',(-1.,0.,2.3841859341E-07));
#3725 = CYLINDRICAL_SURFACE('',#3726,3.05);
#3726 = AXIS2_PLACEMENT_3D('',#3727,#3728,#3729);
#3727 = CARTESIAN_POINT('',(-50.00001513958,-105.,-24.99998807906));
#3728 = DIRECTION('',(2.3841859341E-07,0.,1.));
#3729 = DIRECTION('',(1.,0.,-2.3841859341E-07));
#3730 = ADVANCED_FACE('',(#3731),#3821,.F.);
#3731 = FACE_BOUND('',#3732,.F.);
#3732 = EDGE_LOOP('',(#3733,#3743,#3752,#3760,#3769,#3777,#3786,#3791,
    #3792,#3793,#3794,#3795,#3796,#3797,#3806,#3814));
#3733 = ORIENTED_EDGE('',*,*,#3734,.F.);
#3734 = EDGE_CURVE('',#3735,#3737,#3739,.T.);
#3735 = VERTEX_POINT('',#3736);
#3736 = CARTESIAN_POINT('',(-66.60001466274,-107.5966324345,
    -22.99998412132));
#3737 = VERTEX_POINT('',#3738);
#3738 = CARTESIAN_POINT('',(-66.60001461506,-107.5966324345,
    -22.79998412132));
#3739 = LINE('',#3740,#3741);
#3740 = CARTESIAN_POINT('',(-66.60001513958,-107.5966324345,
    -24.99998412132));
#3741 = VECTOR('',#3742,1.);
#3742 = DIRECTION('',(2.3841859341E-07,0.,1.));
#3743 = ORIENTED_EDGE('',*,*,#3744,.F.);
#3744 = EDGE_CURVE('',#3745,#3735,#3747,.T.);
#3745 = VERTEX_POINT('',#3746);
#3746 = CARTESIAN_POINT('',(-66.60001466284,-102.4033675655,
    -22.99998412132));
#3747 = CIRCLE('',#3748,3.05);
#3748 = AXIS2_PLACEMENT_3D('',#3749,#3750,#3751);
#3749 = CARTESIAN_POINT('',(-65.00001466274,-105.,-22.99998450279));
#3750 = DIRECTION('',(2.3841859341E-07,-0.,1.));
#3751 = DIRECTION('',(1.,0.,-2.3841859341E-07));
#3752 = ORIENTED_EDGE('',*,*,#3753,.T.);
#3753 = EDGE_CURVE('',#3745,#3754,#3756,.T.);
#3754 = VERTEX_POINT('',#3755);
#3755 = CARTESIAN_POINT('',(-66.60001461515,-102.4033675655,
    -22.79998412132));
#3756 = LINE('',#3757,#3758);
#3757 = CARTESIAN_POINT('',(-66.60001513967,-102.4033675655,
    -24.99998412132));
#3758 = VECTOR('',#3759,1.);
#3759 = DIRECTION('',(2.3841859341E-07,0.,1.));
#3760 = ORIENTED_EDGE('',*,*,#3761,.F.);
#3761 = EDGE_CURVE('',#3762,#3754,#3764,.T.);
#3762 = VERTEX_POINT('',#3763);
#3763 = CARTESIAN_POINT('',(-63.40001461498,-102.4033675655,
    -22.79998488425));
#3764 = CIRCLE('',#3765,3.049999999991);
#3765 = AXIS2_PLACEMENT_3D('',#3766,#3767,#3768);
#3766 = CARTESIAN_POINT('',(-65.00001461506,-105.,-22.79998450279));
#3767 = DIRECTION('',(2.3841859341E-07,0.,1.));
#3768 = DIRECTION('',(-1.,0.,2.3841859341E-07));
#3769 = ORIENTED_EDGE('',*,*,#3770,.F.);
#3770 = EDGE_CURVE('',#3771,#3762,#3773,.T.);
#3771 = VERTEX_POINT('',#3772);
#3772 = CARTESIAN_POINT('',(-63.40001466266,-102.4033675655,
    -22.99998488425));
#3773 = LINE('',#3774,#3775);
#3774 = CARTESIAN_POINT('',(-63.4000151395,-102.4033675655,
    -24.99998488425));
#3775 = VECTOR('',#3776,1.);
#3776 = DIRECTION('',(2.3841859341E-07,0.,1.));
#3777 = ORIENTED_EDGE('',*,*,#3778,.F.);
#3778 = EDGE_CURVE('',#3779,#3771,#3781,.T.);
#3779 = VERTEX_POINT('',#3780);
#3780 = CARTESIAN_POINT('',(-61.95001466274,-105.,-22.99998522996));
#3781 = CIRCLE('',#3782,3.05);
#3782 = AXIS2_PLACEMENT_3D('',#3783,#3784,#3785);
#3783 = CARTESIAN_POINT('',(-65.00001466274,-105.,-22.99998450279));
#3784 = DIRECTION('',(2.3841859341E-07,-0.,1.));
#3785 = DIRECTION('',(1.,0.,-2.3841859341E-07));
#3786 = ORIENTED_EDGE('',*,*,#3787,.F.);
#3787 = EDGE_CURVE('',#3180,#3779,#3788,.T.);
#3788 = B_SPLINE_CURVE_WITH_KNOTS('',1,(#3789,#3790),.UNSPECIFIED.,.F.,
  .F.,(2,2),(0.,2.),.PIECEWISE_BEZIER_KNOTS.);
#3789 = CARTESIAN_POINT('',(-61.95001513958,-105.,-24.99998522996));
#3790 = CARTESIAN_POINT('',(-61.95001466274,-105.,-22.99998522996));
#3791 = ORIENTED_EDGE('',*,*,#3179,.T.);
#3792 = ORIENTED_EDGE('',*,*,#3190,.T.);
#3793 = ORIENTED_EDGE('',*,*,#3199,.T.);
#3794 = ORIENTED_EDGE('',*,*,#3208,.T.);
#3795 = ORIENTED_EDGE('',*,*,#3217,.T.);
#3796 = ORIENTED_EDGE('',*,*,#3787,.T.);
#3797 = ORIENTED_EDGE('',*,*,#3798,.F.);
#3798 = EDGE_CURVE('',#3799,#3779,#3801,.T.);
#3799 = VERTEX_POINT('',#3800);
#3800 = CARTESIAN_POINT('',(-63.40001466274,-107.5966324345,
    -22.99998488425));
#3801 = CIRCLE('',#3802,3.05);
#3802 = AXIS2_PLACEMENT_3D('',#3803,#3804,#3805);
#3803 = CARTESIAN_POINT('',(-65.00001466274,-105.,-22.99998450279));
#3804 = DIRECTION('',(2.3841859341E-07,-0.,1.));
#3805 = DIRECTION('',(1.,0.,-2.3841859341E-07));
#3806 = ORIENTED_EDGE('',*,*,#3807,.T.);
#3807 = EDGE_CURVE('',#3799,#3808,#3810,.T.);
#3808 = VERTEX_POINT('',#3809);
#3809 = CARTESIAN_POINT('',(-63.40001461506,-107.5966324345,
    -22.79998488425));
#3810 = LINE('',#3811,#3812);
#3811 = CARTESIAN_POINT('',(-63.40001513958,-107.5966324345,
    -24.99998488425));
#3812 = VECTOR('',#3813,1.);
#3813 = DIRECTION('',(2.3841859341E-07,0.,1.));
#3814 = ORIENTED_EDGE('',*,*,#3815,.F.);
#3815 = EDGE_CURVE('',#3737,#3808,#3816,.T.);
#3816 = CIRCLE('',#3817,3.05);
#3817 = AXIS2_PLACEMENT_3D('',#3818,#3819,#3820);
#3818 = CARTESIAN_POINT('',(-65.00001461506,-105.,-22.79998450279));
#3819 = DIRECTION('',(2.3841859341E-07,0.,1.));
#3820 = DIRECTION('',(-1.,0.,2.3841859341E-07));
#3821 = CYLINDRICAL_SURFACE('',#3822,3.05);
#3822 = AXIS2_PLACEMENT_3D('',#3823,#3824,#3825);
#3823 = CARTESIAN_POINT('',(-65.00001513958,-105.,-24.99998450279));
#3824 = DIRECTION('',(2.3841859341E-07,0.,1.));
#3825 = DIRECTION('',(1.,0.,-2.3841859341E-07));
#3826 = ADVANCED_FACE('',(#3827),#3852,.T.);
#3827 = FACE_BOUND('',#3828,.F.);
#3828 = EDGE_LOOP('',(#3829,#3837,#3845,#3851));
#3829 = ORIENTED_EDGE('',*,*,#3830,.T.);
#3830 = EDGE_CURVE('',#3234,#3831,#3833,.T.);
#3831 = VERTEX_POINT('',#3832);
#3832 = CARTESIAN_POINT('',(-111.6698821601,-77.5,2.662417513832E-05));
#3833 = LINE('',#3834,#3835);
#3834 = CARTESIAN_POINT('',(-111.6698881206,-77.5,-24.99997337582));
#3835 = VECTOR('',#3836,1.);
#3836 = DIRECTION('',(2.3841859341E-07,0.,1.));
#3837 = ORIENTED_EDGE('',*,*,#3838,.T.);
#3838 = EDGE_CURVE('',#3831,#3839,#3841,.T.);
#3839 = VERTEX_POINT('',#3840);
#3840 = CARTESIAN_POINT('',(-107.3397551412,-85.,2.559179234396E-05));
#3841 = LINE('',#3842,#3843);
#3842 = CARTESIAN_POINT('',(-111.6698821601,-77.5,2.662417513477E-05));
#3843 = VECTOR('',#3844,1.);
#3844 = DIRECTION('',(0.5,-0.866025403785,-1.1920929671E-07));
#3845 = ORIENTED_EDGE('',*,*,#3846,.F.);
#3846 = EDGE_CURVE('',#3236,#3839,#3847,.T.);
#3847 = LINE('',#3848,#3849);
#3848 = CARTESIAN_POINT('',(-107.3397599096,-85.,-19.9999744082));
#3849 = VECTOR('',#3850,1.);
#3850 = DIRECTION('',(2.3841859341E-07,0.,1.));
#3851 = ORIENTED_EDGE('',*,*,#3233,.F.);
#3852 = PLANE('',#3853);
#3853 = AXIS2_PLACEMENT_3D('',#3854,#3855,#3856);
#3854 = CARTESIAN_POINT('',(-109.5048216309,-81.25,-12.49997389201));
#3855 = DIRECTION('',(-0.866025403785,-0.5,2.0647652457E-07));
#3856 = DIRECTION('',(0.5,-0.866025403785,-1.1920929671E-07));
#3857 = ADVANCED_FACE('',(#3858,#3876),#3926,.T.);
#3858 = FACE_BOUND('',#3859,.F.);
#3859 = EDGE_LOOP('',(#3860,#3868,#3874,#3875));
#3860 = ORIENTED_EDGE('',*,*,#3861,.T.);
#3861 = EDGE_CURVE('',#3244,#3862,#3864,.T.);
#3862 = VERTEX_POINT('',#3863);
#3863 = CARTESIAN_POINT('',(-120.330136198,-77.5,2.86889407235E-05));
#3864 = LINE('',#3865,#3866);
#3865 = CARTESIAN_POINT('',(-120.3301409664,-77.5,-19.99997131105));
#3866 = VECTOR('',#3867,1.);
#3867 = DIRECTION('',(2.3841859341E-07,0.,1.));
#3868 = ORIENTED_EDGE('',*,*,#3869,.T.);
#3869 = EDGE_CURVE('',#3862,#3831,#3870,.T.);
#3870 = LINE('',#3871,#3872);
#3871 = CARTESIAN_POINT('',(-120.330136198,-77.5,2.86889407235E-05));
#3872 = VECTOR('',#3873,1.);
#3873 = DIRECTION('',(1.,-4.2746E-13,-2.3841859341E-07));
#3874 = ORIENTED_EDGE('',*,*,#3830,.F.);
#3875 = ORIENTED_EDGE('',*,*,#3243,.F.);
#3876 = FACE_BOUND('',#3877,.F.);
#3877 = EDGE_LOOP('',(#3878,#3888,#3896,#3904,#3912,#3920));
#3878 = ORIENTED_EDGE('',*,*,#3879,.F.);
#3879 = EDGE_CURVE('',#3880,#3882,#3884,.T.);
#3880 = VERTEX_POINT('',#3881);
#3881 = CARTESIAN_POINT('',(-118.8000111778,-77.5,-8.383390922139));
#3882 = VERTEX_POINT('',#3883);
#3883 = CARTESIAN_POINT('',(-116.0000107924,-77.5,-6.76681083598));
#3884 = LINE('',#3885,#3886);
#3885 = CARTESIAN_POINT('',(-118.8000111778,-77.5,-8.383390922139));
#3886 = VECTOR('',#3887,1.);
#3887 = DIRECTION('',(0.866025522994,-2.915981034841E-13,0.499999793523)
  );
#3888 = ORIENTED_EDGE('',*,*,#3889,.F.);
#3889 = EDGE_CURVE('',#3890,#3880,#3892,.T.);
#3890 = VERTEX_POINT('',#3891);
#3891 = CARTESIAN_POINT('',(-118.8000119487,-77.5,-11.6165524296));
#3892 = LINE('',#3893,#3894);
#3893 = CARTESIAN_POINT('',(-118.8000119487,-77.5,-11.6165524296));
#3894 = VECTOR('',#3895,1.);
#3895 = DIRECTION('',(2.3841859341E-07,-4.799992632865E-14,1.));
#3896 = ORIENTED_EDGE('',*,*,#3897,.F.);
#3897 = EDGE_CURVE('',#3898,#3890,#3900,.T.);
#3898 = VERTEX_POINT('',#3899);
#3899 = CARTESIAN_POINT('',(-116.0000123341,-77.5,-13.2331338509));
#3900 = LINE('',#3901,#3902);
#3901 = CARTESIAN_POINT('',(-116.0000123341,-77.5,-13.2331338509));
#3902 = VECTOR('',#3903,1.);
#3903 = DIRECTION('',(-0.866025284575,2.435981771554E-13,0.500000206477)
  );
#3904 = ORIENTED_EDGE('',*,*,#3905,.F.);
#3905 = EDGE_CURVE('',#3906,#3898,#3908,.T.);
#3906 = VERTEX_POINT('',#3907);
#3907 = CARTESIAN_POINT('',(-113.2000119487,-77.5,-11.61655376474));
#3908 = LINE('',#3909,#3910);
#3909 = CARTESIAN_POINT('',(-113.2000119487,-77.5,-11.61655376474));
#3910 = VECTOR('',#3911,1.);
#3911 = DIRECTION('',(-0.866025522994,2.915981034841E-13,-0.499999793523
    ));
#3912 = ORIENTED_EDGE('',*,*,#3913,.F.);
#3913 = EDGE_CURVE('',#3914,#3906,#3916,.T.);
#3914 = VERTEX_POINT('',#3915);
#3915 = CARTESIAN_POINT('',(-113.2000111778,-77.5,-8.383392257283));
#3916 = LINE('',#3917,#3918);
#3917 = CARTESIAN_POINT('',(-113.2000111778,-77.5,-8.383392257283));
#3918 = VECTOR('',#3919,1.);
#3919 = DIRECTION('',(-2.3841859341E-07,4.799992632865E-14,-1.));
#3920 = ORIENTED_EDGE('',*,*,#3921,.F.);
#3921 = EDGE_CURVE('',#3882,#3914,#3922,.T.);
#3922 = LINE('',#3923,#3924);
#3923 = CARTESIAN_POINT('',(-116.0000107924,-77.5,-6.76681083598));
#3924 = VECTOR('',#3925,1.);
#3925 = DIRECTION('',(0.866025284575,-2.435981771554E-13,-0.500000206477
    ));
#3926 = PLANE('',#3927);
#3927 = AXIS2_PLACEMENT_3D('',#3928,#3929,#3930);
#3928 = CARTESIAN_POINT('',(-116.0000121593,-77.5,-12.49997234344));
#3929 = DIRECTION('',(-3.0898E-13,-1.,-4.807E-14));
#3930 = DIRECTION('',(-1.,3.089799885392E-13,2.3841859341E-07));
#3931 = ADVANCED_FACE('',(#3932),#3950,.T.);
#3932 = FACE_BOUND('',#3933,.F.);
#3933 = EDGE_LOOP('',(#3934,#3935,#3943,#3949));
#3934 = ORIENTED_EDGE('',*,*,#3846,.T.);
#3935 = ORIENTED_EDGE('',*,*,#3936,.T.);
#3936 = EDGE_CURVE('',#3839,#3937,#3939,.T.);
#3937 = VERTEX_POINT('',#3938);
#3938 = CARTESIAN_POINT('',(-111.6698821601,-92.5,2.662417513832E-05));
#3939 = LINE('',#3940,#3941);
#3940 = CARTESIAN_POINT('',(-107.3397551412,-85.,2.559179234396E-05));
#3941 = VECTOR('',#3942,1.);
#3942 = DIRECTION('',(-0.5,-0.866025403784,1.1920929671E-07));
#3943 = ORIENTED_EDGE('',*,*,#3944,.F.);
#3944 = EDGE_CURVE('',#3268,#3937,#3945,.T.);
#3945 = LINE('',#3946,#3947);
#3946 = CARTESIAN_POINT('',(-111.6698869285,-92.5,-19.99997337582));
#3947 = VECTOR('',#3948,1.);
#3948 = DIRECTION('',(2.3841859341E-07,0.,1.));
#3949 = ORIENTED_EDGE('',*,*,#3275,.F.);
#3950 = PLANE('',#3951);
#3951 = AXIS2_PLACEMENT_3D('',#3952,#3953,#3954);
#3952 = CARTESIAN_POINT('',(-109.5048216309,-88.75,-12.49997389201));
#3953 = DIRECTION('',(-0.866025403784,0.5,2.0647655663E-07));
#3954 = DIRECTION('',(-0.5,-0.866025403784,1.1920929671E-07));
#3955 = ADVANCED_FACE('',(#3956),#3974,.T.);
#3956 = FACE_BOUND('',#3957,.F.);
#3957 = EDGE_LOOP('',(#3958,#3966,#3972,#3973));
#3958 = ORIENTED_EDGE('',*,*,#3959,.T.);
#3959 = EDGE_CURVE('',#3252,#3960,#3962,.T.);
#3960 = VERTEX_POINT('',#3961);
#3961 = CARTESIAN_POINT('',(-124.6602632169,-84.99999999999,
    2.972132351786E-05));
#3962 = LINE('',#3963,#3964);
#3963 = CARTESIAN_POINT('',(-124.6602679853,-84.99999999999,
    -19.99997027867));
#3964 = VECTOR('',#3965,1.);
#3965 = DIRECTION('',(2.3841859341E-07,0.,1.));
#3966 = ORIENTED_EDGE('',*,*,#3967,.T.);
#3967 = EDGE_CURVE('',#3960,#3862,#3968,.T.);
#3968 = LINE('',#3969,#3970);
#3969 = CARTESIAN_POINT('',(-124.6602632169,-84.99999999999,
    2.972132351431E-05));
#3970 = VECTOR('',#3971,1.);
#3971 = DIRECTION('',(0.5,0.866025403784,-1.1920929671E-07));
#3972 = ORIENTED_EDGE('',*,*,#3861,.F.);
#3973 = ORIENTED_EDGE('',*,*,#3251,.F.);
#3974 = PLANE('',#3975);
#3975 = AXIS2_PLACEMENT_3D('',#3976,#3977,#3978);
#3976 = CARTESIAN_POINT('',(-122.4952026877,-81.24999999999,
    -12.49997079486));
#3977 = DIRECTION('',(0.866025403784,-0.5,-2.0647654533E-07));
#3978 = DIRECTION('',(0.5,0.866025403784,-1.1920929671E-07));
#3979 = ADVANCED_FACE('',(#3980),#3998,.T.);
#3980 = FACE_BOUND('',#3981,.F.);
#3981 = EDGE_LOOP('',(#3982,#3983,#3991,#3997));
#3982 = ORIENTED_EDGE('',*,*,#3944,.T.);
#3983 = ORIENTED_EDGE('',*,*,#3984,.T.);
#3984 = EDGE_CURVE('',#3937,#3985,#3987,.T.);
#3985 = VERTEX_POINT('',#3986);
#3986 = CARTESIAN_POINT('',(-120.330136198,-92.49999999999,
    2.86889407235E-05));
#3987 = LINE('',#3988,#3989);
#3988 = CARTESIAN_POINT('',(-111.6698821601,-92.5,2.662417513477E-05));
#3989 = VECTOR('',#3990,1.);
#3990 = DIRECTION('',(-1.,4.2736E-13,2.3841859341E-07));
#3991 = ORIENTED_EDGE('',*,*,#3992,.F.);
#3992 = EDGE_CURVE('',#3260,#3985,#3993,.T.);
#3993 = LINE('',#3994,#3995);
#3994 = CARTESIAN_POINT('',(-120.3301409664,-92.49999999999,
    -19.99997131105));
#3995 = VECTOR('',#3996,1.);
#3996 = DIRECTION('',(2.3841859341E-07,0.,1.));
#3997 = ORIENTED_EDGE('',*,*,#3267,.F.);
#3998 = PLANE('',#3999);
#3999 = AXIS2_PLACEMENT_3D('',#4000,#4001,#4002);
#4000 = CARTESIAN_POINT('',(-116.0000121593,-92.49999999999,
    -12.49997234344));
#4001 = DIRECTION('',(3.3976E-13,1.,2.859E-14));
#4002 = DIRECTION('',(1.,-3.397599931836E-13,-2.3841859341E-07));
#4003 = ADVANCED_FACE('',(#4004),#4015,.T.);
#4004 = FACE_BOUND('',#4005,.F.);
#4005 = EDGE_LOOP('',(#4006,#4007,#4013,#4014));
#4006 = ORIENTED_EDGE('',*,*,#3992,.T.);
#4007 = ORIENTED_EDGE('',*,*,#4008,.T.);
#4008 = EDGE_CURVE('',#3985,#3960,#4009,.T.);
#4009 = LINE('',#4010,#4011);
#4010 = CARTESIAN_POINT('',(-120.330136198,-92.49999999999,
    2.86889407235E-05));
#4011 = VECTOR('',#4012,1.);
#4012 = DIRECTION('',(-0.5,0.866025403785,1.1920929671E-07));
#4013 = ORIENTED_EDGE('',*,*,#3959,.F.);
#4014 = ORIENTED_EDGE('',*,*,#3259,.F.);
#4015 = PLANE('',#4016);
#4016 = AXIS2_PLACEMENT_3D('',#4017,#4018,#4019);
#4017 = CARTESIAN_POINT('',(-122.4952026877,-88.74999999999,
    -12.49997079486));
#4018 = DIRECTION('',(0.866025403785,0.5,-2.0647649695E-07));
#4019 = DIRECTION('',(-0.5,0.866025403785,1.1920929671E-07));
#4020 = ADVANCED_FACE('',(#4021,#4072),#4075,.T.);
#4021 = FACE_BOUND('',#4022,.F.);
#4022 = EDGE_LOOP('',(#4023,#4024,#4039,#4047,#4056,#4064,#4071));
#4023 = ORIENTED_EDGE('',*,*,#3477,.F.);
#4024 = ORIENTED_EDGE('',*,*,#4025,.F.);
#4025 = EDGE_CURVE('',#4026,#3463,#4028,.T.);
#4026 = VERTEX_POINT('',#4027);
#4027 = CARTESIAN_POINT('',(-76.00001394749,-95.,-19.99998188018));
#4028 = B_SPLINE_CURVE_WITH_KNOTS('',9,(#4029,#4030,#4031,#4032,#4033,
    #4034,#4035,#4036,#4037,#4038),.UNSPECIFIED.,.F.,.F.,(10,10),(0.,1.)
  ,.PIECEWISE_BEZIER_KNOTS.);
#4029 = CARTESIAN_POINT('',(-76.00001394749,-95.,-19.99998188018));
#4030 = CARTESIAN_POINT('',(-75.82459800247,-95.,-19.999981922));
#4031 = CARTESIAN_POINT('',(-75.64918014172,-94.9693609856,
    -19.99998196383));
#4032 = CARTESIAN_POINT('',(-75.47988986874,-94.90500643685,
    -19.99998200419));
#4033 = CARTESIAN_POINT('',(-75.32493486335,-94.80610559733,
    -19.99998204113));
#4034 = CARTESIAN_POINT('',(-75.19390835015,-94.67507908413,
    -19.99998207237));
#4035 = CARTESIAN_POINT('',(-75.09500751063,-94.52012407874,
    -19.99998209595));
#4036 = CARTESIAN_POINT('',(-75.03065296188,-94.35083380576,
    -19.99998211129));
#4037 = CARTESIAN_POINT('',(-75.00001394749,-94.17541594501,
    -19.9999821186));
#4038 = CARTESIAN_POINT('',(-75.00001394749,-94.,-19.9999821186));
#4039 = ORIENTED_EDGE('',*,*,#4040,.T.);
#4040 = EDGE_CURVE('',#4026,#4041,#4043,.T.);
#4041 = VERTEX_POINT('',#4042);
#4042 = CARTESIAN_POINT('',(-94.00001394749,-95.,-19.99997758865));
#4043 = LINE('',#4044,#4045);
#4044 = CARTESIAN_POINT('',(-75.00001394749,-95.,-19.9999821186));
#4045 = VECTOR('',#4046,1.);
#4046 = DIRECTION('',(-1.,1.E-17,2.3841859341E-07));
#4047 = ORIENTED_EDGE('',*,*,#4048,.T.);
#4048 = EDGE_CURVE('',#4041,#4049,#4051,.T.);
#4049 = VERTEX_POINT('',#4050);
#4050 = CARTESIAN_POINT('',(-95.00001394749,-94.,-19.99997735023));
#4051 = CIRCLE('',#4052,1.);
#4052 = AXIS2_PLACEMENT_3D('',#4053,#4054,#4055);
#4053 = CARTESIAN_POINT('',(-95.00001394749,-95.,-19.99997735023));
#4054 = DIRECTION('',(-2.3841859341E-07,0.,-1.));
#4055 = DIRECTION('',(-1.,0.,2.3841859341E-07));
#4056 = ORIENTED_EDGE('',*,*,#4057,.T.);
#4057 = EDGE_CURVE('',#4049,#4058,#4060,.T.);
#4058 = VERTEX_POINT('',#4059);
#4059 = CARTESIAN_POINT('',(-95.00001394749,-73.,-19.99997735023));
#4060 = LINE('',#4061,#4062);
#4061 = CARTESIAN_POINT('',(-95.00001394749,-94.,-19.99997735023));
#4062 = VECTOR('',#4063,1.);
#4063 = DIRECTION('',(0.,1.,0.));
#4064 = ORIENTED_EDGE('',*,*,#4065,.T.);
#4065 = EDGE_CURVE('',#4058,#3525,#4066,.T.);
#4066 = CIRCLE('',#4067,1.);
#4067 = AXIS2_PLACEMENT_3D('',#4068,#4069,#4070);
#4068 = CARTESIAN_POINT('',(-96.00001394749,-73.,-19.99997711181));
#4069 = DIRECTION('',(2.3841859341E-07,0.,1.));
#4070 = DIRECTION('',(0.,-1.,0.));
#4071 = ORIENTED_EDGE('',*,*,#3576,.F.);
#4072 = FACE_BOUND('',#4073,.F.);
#4073 = EDGE_LOOP('',(#4074));
#4074 = ORIENTED_EDGE('',*,*,#3315,.F.);
#4075 = PLANE('',#4076);
#4076 = AXIS2_PLACEMENT_3D('',#4077,#4078,#4079);
#4077 = CARTESIAN_POINT('',(-91.03479561551,-93.36296622288,
    -19.99997829561));
#4078 = DIRECTION('',(2.3841859341E-07,0.,1.));
#4079 = DIRECTION('',(1.,0.,-2.3841859341E-07));
#4080 = ADVANCED_FACE('',(#4081,#4116,#4127),#4138,.T.);
#4081 = FACE_BOUND('',#4082,.F.);
#4082 = EDGE_LOOP('',(#4083,#4084,#4085,#4086,#4095,#4103));
#4083 = ORIENTED_EDGE('',*,*,#3392,.F.);
#4084 = ORIENTED_EDGE('',*,*,#3359,.T.);
#4085 = ORIENTED_EDGE('',*,*,#3439,.T.);
#4086 = ORIENTED_EDGE('',*,*,#4087,.F.);
#4087 = EDGE_CURVE('',#4088,#3432,#4090,.T.);
#4088 = VERTEX_POINT('',#4089);
#4089 = CARTESIAN_POINT('',(-75.00001394749,-114.,-19.9999821186));
#4090 = CIRCLE('',#4091,1.);
#4091 = AXIS2_PLACEMENT_3D('',#4092,#4093,#4094);
#4092 = CARTESIAN_POINT('',(-76.00001394749,-114.,-19.99998188018));
#4093 = DIRECTION('',(-2.3841859341E-07,-0.,-1.));
#4094 = DIRECTION('',(0.,-1.,0.));
#4095 = ORIENTED_EDGE('',*,*,#4096,.F.);
#4096 = EDGE_CURVE('',#4097,#4088,#4099,.T.);
#4097 = VERTEX_POINT('',#4098);
#4098 = CARTESIAN_POINT('',(-75.00001394749,-96.,-19.9999821186));
#4099 = LINE('',#4100,#4101);
#4100 = CARTESIAN_POINT('',(-75.00001394749,-95.,-19.9999821186));
#4101 = VECTOR('',#4102,1.);
#4102 = DIRECTION('',(0.,-1.,0.));
#4103 = ORIENTED_EDGE('',*,*,#4104,.F.);
#4104 = EDGE_CURVE('',#3393,#4097,#4105,.T.);
#4105 = B_SPLINE_CURVE_WITH_KNOTS('',9,(#4106,#4107,#4108,#4109,#4110,
    #4111,#4112,#4113,#4114,#4115),.UNSPECIFIED.,.F.,.F.,(10,10),(0.,1.)
  ,.PIECEWISE_BEZIER_KNOTS.);
#4106 = CARTESIAN_POINT('',(-74.00001394749,-95.,-19.99998235702));
#4107 = CARTESIAN_POINT('',(-74.1754298925,-95.,-19.9999823152));
#4108 = CARTESIAN_POINT('',(-74.35084775326,-95.03063901439,
    -19.99998227337));
#4109 = CARTESIAN_POINT('',(-74.52013802623,-95.09499356314,
    -19.99998223301));
#4110 = CARTESIAN_POINT('',(-74.67509303162,-95.19389440266,
    -19.99998219607));
#4111 = CARTESIAN_POINT('',(-74.80611954482,-95.32492091586,
    -19.99998216483));
#4112 = CARTESIAN_POINT('',(-74.90502038434,-95.47987592125,
    -19.99998214125));
#4113 = CARTESIAN_POINT('',(-74.96937493309,-95.64916619423,
    -19.9999821259));
#4114 = CARTESIAN_POINT('',(-75.00001394749,-95.82458405498,
    -19.9999821186));
#4115 = CARTESIAN_POINT('',(-75.00001394749,-96.,-19.9999821186));
#4116 = FACE_BOUND('',#4117,.F.);
#4117 = EDGE_LOOP('',(#4118));
#4118 = ORIENTED_EDGE('',*,*,#4119,.F.);
#4119 = EDGE_CURVE('',#4120,#4120,#4122,.T.);
#4120 = VERTEX_POINT('',#4121);
#4121 = CARTESIAN_POINT('',(-48.40001394749,-105.,-19.99998846053));
#4122 = CIRCLE('',#4123,1.6);
#4123 = AXIS2_PLACEMENT_3D('',#4124,#4125,#4126);
#4124 = CARTESIAN_POINT('',(-50.00001394749,-105.,-19.99998807906));
#4125 = DIRECTION('',(-2.3841859341E-07,-0.,-1.));
#4126 = DIRECTION('',(1.,0.,-2.3841859341E-07));
#4127 = FACE_BOUND('',#4128,.F.);
#4128 = EDGE_LOOP('',(#4129));
#4129 = ORIENTED_EDGE('',*,*,#4130,.F.);
#4130 = EDGE_CURVE('',#4131,#4131,#4133,.T.);
#4131 = VERTEX_POINT('',#4132);
#4132 = CARTESIAN_POINT('',(-63.40001394749,-105.,-19.99998488426));
#4133 = CIRCLE('',#4134,1.6);
#4134 = AXIS2_PLACEMENT_3D('',#4135,#4136,#4137);
#4135 = CARTESIAN_POINT('',(-65.00001394749,-105.,-19.99998450279));
#4136 = DIRECTION('',(-2.3841859341E-07,-0.,-1.));
#4137 = DIRECTION('',(1.,0.,-2.3841859341E-07));
#4138 = PLANE('',#4139);
#4139 = AXIS2_PLACEMENT_3D('',#4140,#4141,#4142);
#4140 = CARTESIAN_POINT('',(-91.03479561551,-93.36296622288,
    -19.99997829561));
#4141 = DIRECTION('',(2.3841859341E-07,0.,1.));
#4142 = DIRECTION('',(1.,0.,-2.3841859341E-07));
#4143 = ADVANCED_FACE('',(#4144),#4160,.F.);
#4144 = FACE_BOUND('',#4145,.F.);
#4145 = EDGE_LOOP('',(#4146,#4156,#4157,#4158,#4159));
#4146 = ORIENTED_EDGE('',*,*,#4147,.T.);
#4147 = EDGE_CURVE('',#4097,#4026,#4148,.T.);
#4148 = ( BOUNDED_CURVE() B_SPLINE_CURVE(6,(#4149,#4150,#4151,#4152,
#4153,#4154,#4155),.UNSPECIFIED.,.F.,.F.) B_SPLINE_CURVE_WITH_KNOTS((7,7
),(0.,1.570796326795),.PIECEWISE_BEZIER_KNOTS.) CURVE() 
GEOMETRIC_REPRESENTATION_ITEM() RATIONAL_B_SPLINE_CURVE((1.031393471788,
    1.010025407661,0.997924642725,0.993958444137,0.997924642725,
1.010025407661,1.031393471788)) REPRESENTATION_ITEM('') );
#4149 = CARTESIAN_POINT('',(-75.00001394749,-96.,-19.9999821186));
#4150 = CARTESIAN_POINT('',(-75.00001394749,-95.73266321684,
    -19.9999821186));
#4151 = CARTESIAN_POINT('',(-75.08501829812,-95.47229142741,
    -19.99998209833));
#4152 = CARTESIAN_POINT('',(-75.24809443428,-95.24808048679,
    -19.99998205945));
#4153 = CARTESIAN_POINT('',(-75.4723053749,-95.08500435063,-19.999982006
    ));
#4154 = CARTESIAN_POINT('',(-75.73267716433,-95.,-19.99998194392));
#4155 = CARTESIAN_POINT('',(-76.00001394749,-95.,-19.99998188018));
#4156 = ORIENTED_EDGE('',*,*,#4025,.T.);
#4157 = ORIENTED_EDGE('',*,*,#3462,.T.);
#4158 = ORIENTED_EDGE('',*,*,#3400,.T.);
#4159 = ORIENTED_EDGE('',*,*,#4104,.T.);
#4160 = B_SPLINE_SURFACE_WITH_KNOTS('',8,8,(
    (#4161,#4162,#4163,#4164,#4165,#4166,#4167,#4168,#4169)
    ,(#4170,#4171,#4172,#4173,#4174,#4175,#4176,#4177,#4178)
    ,(#4179,#4180,#4181,#4182,#4183,#4184,#4185,#4186,#4187)
    ,(#4188,#4189,#4190,#4191,#4192,#4193,#4194,#4195,#4196)
    ,(#4197,#4198,#4199,#4200,#4201,#4202,#4203,#4204,#4205)
    ,(#4206,#4207,#4208,#4209,#4210,#4211,#4212,#4213,#4214)
    ,(#4215,#4216,#4217,#4218,#4219,#4220,#4221,#4222,#4223)
    ,(#4224,#4225,#4226,#4227,#4228,#4229,#4230,#4231,#4232)
    ,(#4233,#4234,#4235,#4236,#4237,#4238,#4239,#4240,#4241
  )),.UNSPECIFIED.,.F.,.F.,.F.,(9,9),(9,9),(-0.860801406231,
    0.860801411878),(-0.764640924135,0.615557191764),
  .PIECEWISE_BEZIER_KNOTS.);
#4161 = CARTESIAN_POINT('',(-74.99239444883,-96.17144553149,
    -20.00899546191));
#4162 = CARTESIAN_POINT('',(-74.99608090797,-96.10826459192,
    -20.04719072726));
#4163 = CARTESIAN_POINT('',(-74.6689933091,-95.85885673092,
    -20.0568844808));
#4164 = CARTESIAN_POINT('',(-73.394892258,-95.40847273373,
    -20.04022261247));
#4165 = CARTESIAN_POINT('',(-74.81672690863,-95.92884747265,
    -20.14590033032));
#4166 = CARTESIAN_POINT('',(-74.03659084915,-95.47446154575,
    -19.87893733306));
#4167 = CARTESIAN_POINT('',(-74.2306159431,-95.30746241068,
    -19.8597466676));
#4168 = CARTESIAN_POINT('',(-74.02918423487,-95.11516085921,
    -19.85608480067));
#4169 = CARTESIAN_POINT('',(-73.89300888299,-95.02469455876,
    -19.95957790817));
#4170 = CARTESIAN_POINT('',(-74.98842923352,-95.94156101817,
    -19.97243849685));
#4171 = CARTESIAN_POINT('',(-75.13779872452,-95.92480804737,
    -19.98073346477));
#4172 = CARTESIAN_POINT('',(-74.87208447586,-95.6455938532,
    -19.98185024415));
#4173 = CARTESIAN_POINT('',(-73.15111237017,-95.09200347755,
    -19.96978966655));
#4174 = CARTESIAN_POINT('',(-75.59110305786,-95.90444930117,
    -20.17550536127));
#4175 = CARTESIAN_POINT('',(-73.99818920887,-95.19927263439,
    -19.84784999691));
#4176 = CARTESIAN_POINT('',(-74.53115226003,-95.05109269025,
    -19.89714262604));
#4177 = CARTESIAN_POINT('',(-74.27687624278,-94.89131496734,
    -19.98397641149));
#4178 = CARTESIAN_POINT('',(-74.16023535344,-94.86995624065,
    -20.17351812774));
#4179 = CARTESIAN_POINT('',(-75.06088445406,-95.841620176,
    -19.99197426054));
#4180 = CARTESIAN_POINT('',(-75.56345005424,-96.00530247921,
    -19.97772783938));
#4181 = CARTESIAN_POINT('',(-76.02655770258,-94.96454925346,
    -19.61709136551));
#4182 = CARTESIAN_POINT('',(-70.08429810924,-94.57414729366,
    -21.11629484427));
#4183 = CARTESIAN_POINT('',(-79.70420881879,-96.34405668156,
    -18.25609467826));
#4184 = CARTESIAN_POINT('',(-72.01454799336,-95.0270946922,
    -21.2999846926));
#4185 = CARTESIAN_POINT('',(-75.84030021873,-95.00017186309,
    -19.98857095371));
#4186 = CARTESIAN_POINT('',(-74.88155642082,-94.4997141035,
    -20.1837916064));
#4187 = CARTESIAN_POINT('',(-74.65416564454,-94.66478458408,
    -20.47276604444));
#4188 = CARTESIAN_POINT('',(-73.90594447286,-94.97725993387,
    -20.06741526885));
#4189 = CARTESIAN_POINT('',(-73.88864696142,-94.99623634499,
    -20.06798778139));
#4190 = CARTESIAN_POINT('',(-77.71828706524,-99.43218642337,
    -21.47899910107));
#4191 = CARTESIAN_POINT('',(-82.05274351397,-95.18401708334,
    -14.72609239162));
#4192 = CARTESIAN_POINT('',(-66.1366766498,-94.89586015605,
    -28.54287157386));
#4193 = CARTESIAN_POINT('',(-80.82704527125,-94.85766308329,
    -13.7723447764));
#4194 = CARTESIAN_POINT('',(-69.94113188897,-92.48720129612,-18.86830229
    ));
#4195 = CARTESIAN_POINT('',(-72.97206143305,-95.41704996485,
    -20.01858368976));
#4196 = CARTESIAN_POINT('',(-73.54476361016,-95.50717044756,
    -20.59110304619));
#4197 = CARTESIAN_POINT('',(-75.48088778781,-95.48087382996,
    -20.00607320876));
#4198 = CARTESIAN_POINT('',(-76.10363527755,-96.10362133634,
    -19.95019384935));
#4199 = CARTESIAN_POINT('',(-70.49838578128,-90.49837202137,
    -17.82669087183));
#4200 = CARTESIAN_POINT('',(-72.8802231926,-92.88020801055,
    -27.68586094035));
#4201 = CARTESIAN_POINT('',(-79.98482624421,-99.98481475662,
    -7.832278353512));
#4202 = CARTESIAN_POINT('',(-69.59169936409,-89.59168374115,
    -27.42649287629));
#4203 = CARTESIAN_POINT('',(-81.06231387143,-101.0622989575,
    -24.23022732775));
#4204 = CARTESIAN_POINT('',(-76.71067548663,-96.71066088741,
    -22.90022203397));
#4205 = CARTESIAN_POINT('',(-76.126831581,-96.12681707436,
    -22.57665802358));
#4206 = CARTESIAN_POINT('',(-74.97727390653,-93.9059305066,
    -20.06741501549));
#4207 = CARTESIAN_POINT('',(-74.99625031795,-93.88863299025,
    -20.06798751929));
#4208 = CARTESIAN_POINT('',(-79.43220067477,-97.71827321133,
    -21.47899873653));
#4209 = CARTESIAN_POINT('',(-75.18402984907,-102.0527300459,
    -14.72609386017));
#4210 = CARTESIAN_POINT('',(-74.89587634519,-86.13666144841,
    -28.5428697921));
#4211 = CARTESIAN_POINT('',(-74.85767514846,-100.8270322419,
    -13.77234590896));
#4212 = CARTESIAN_POINT('',(-72.48721520187,-89.9411183801,
    -18.86830171669));
#4213 = CARTESIAN_POINT('',(-75.41706393046,-92.97204743806,
    -20.01858310324));
#4214 = CARTESIAN_POINT('',(-75.50718452013,-93.54474946849,
    -20.59110257918));
#4215 = CARTESIAN_POINT('',(-75.84163413194,-95.06087052705,
    -19.99197407348));
#4216 = CARTESIAN_POINT('',(-76.00531642843,-95.56343613088,
    -19.97772773192));
#4217 = CARTESIAN_POINT('',(-74.96456308696,-96.0265436262,
    -19.61709159835));
#4218 = CARTESIAN_POINT('',(-74.57416151498,-90.08428411413,
    -21.11629383891));
#4219 = CARTESIAN_POINT('',(-76.3440701419,-99.70419506396,
    -18.25609536775));
#4220 = CARTESIAN_POINT('',(-75.0271090846,-92.01453389981,
    -21.29998407814));
#4221 = CARTESIAN_POINT('',(-75.00018573346,-95.84028620091,
    -19.98857113941));
#4222 = CARTESIAN_POINT('',(-74.49972809458,-94.88154243847,
    -20.18379170336));
#4223 = CARTESIAN_POINT('',(-74.66479864015,-94.65415160118,
    -20.47276605136));
#4224 = CARTESIAN_POINT('',(-75.94157496313,-94.988415294,
    -19.97243826856));
#4225 = CARTESIAN_POINT('',(-75.92482199036,-95.13778477681,
    -19.98073327588));
#4226 = CARTESIAN_POINT('',(-75.64560779637,-94.87207051592,
    -19.98185006022));
#4227 = CARTESIAN_POINT('',(-75.09201742296,-93.15109844569,
    -19.96978920146));
#4228 = CARTESIAN_POINT('',(-75.9044632917,-95.59108904961,
    -20.17550529502));
#4229 = CARTESIAN_POINT('',(-75.19928654565,-93.99817530998,
    -19.84784970334));
#4230 = CARTESIAN_POINT('',(-75.05110660839,-94.53113833098,
    -19.8971425032));
#4231 = CARTESIAN_POINT('',(-74.89132891005,-94.27686230269,
    -19.98397626929));
#4232 = CARTESIAN_POINT('',(-74.86997022667,-94.16022136786,
    -20.17351796571));
#4233 = CARTESIAN_POINT('',(-76.17145948824,-94.99238049737,
    -20.00899518194));
#4234 = CARTESIAN_POINT('',(-76.10827855584,-94.99606694629,
    -20.04719046548));
#4235 = CARTESIAN_POINT('',(-75.85887069774,-94.6689793439,
    -20.05688420223));
#4236 = CARTESIAN_POINT('',(-75.40848670137,-93.39487831919,
    -20.04022213566));
#4237 = CARTESIAN_POINT('',(-75.92886145812,-94.81671291989,
    -20.1459000718));
#4238 = CARTESIAN_POINT('',(-75.47447546711,-94.03657694074,
    -19.8789369851));
#4239 = CARTESIAN_POINT('',(-75.30747632203,-94.2306020266,
    -19.85974640859));
#4240 = CARTESIAN_POINT('',(-75.11517477388,-94.02917032135,
    -19.8560845388));
#4241 = CARTESIAN_POINT('',(-75.02470849845,-93.89299494202,
    -19.9595776349));
#4242 = ADVANCED_FACE('',(#4243,#4307),#4315,.T.);
#4243 = FACE_BOUND('',#4244,.F.);
#4244 = EDGE_LOOP('',(#4245,#4255,#4262,#4263,#4264,#4265,#4266,#4275,
    #4283,#4292,#4300));
#4245 = ORIENTED_EDGE('',*,*,#4246,.T.);
#4246 = EDGE_CURVE('',#4247,#4249,#4251,.T.);
#4247 = VERTEX_POINT('',#4248);
#4248 = CARTESIAN_POINT('',(-75.00000917911,-96.,1.788139559977E-05));
#4249 = VERTEX_POINT('',#4250);
#4250 = CARTESIAN_POINT('',(-75.00000917911,-114.,1.788139559977E-05));
#4251 = LINE('',#4252,#4253);
#4252 = CARTESIAN_POINT('',(-75.00000917911,-95.,1.788139559977E-05));
#4253 = VECTOR('',#4254,1.);
#4254 = DIRECTION('',(0.,-1.,0.));
#4255 = ORIENTED_EDGE('',*,*,#4256,.T.);
#4256 = EDGE_CURVE('',#4249,#3422,#4257,.T.);
#4257 = CIRCLE('',#4258,1.);
#4258 = AXIS2_PLACEMENT_3D('',#4259,#4260,#4261);
#4259 = CARTESIAN_POINT('',(-76.00000917911,-114.,1.811981418953E-05));
#4260 = DIRECTION('',(-2.3841859341E-07,-0.,-1.));
#4261 = DIRECTION('',(0.,-1.,0.));
#4262 = ORIENTED_EDGE('',*,*,#3421,.T.);
#4263 = ORIENTED_EDGE('',*,*,#3508,.T.);
#4264 = ORIENTED_EDGE('',*,*,#3593,.T.);
#4265 = ORIENTED_EDGE('',*,*,#3534,.F.);
#4266 = ORIENTED_EDGE('',*,*,#4267,.F.);
#4267 = EDGE_CURVE('',#4268,#3527,#4270,.T.);
#4268 = VERTEX_POINT('',#4269);
#4269 = CARTESIAN_POINT('',(-95.00000917911,-73.,2.264976746957E-05));
#4270 = CIRCLE('',#4271,1.);
#4271 = AXIS2_PLACEMENT_3D('',#4272,#4273,#4274);
#4272 = CARTESIAN_POINT('',(-96.00000917911,-73.,2.288818605933E-05));
#4273 = DIRECTION('',(2.3841859341E-07,0.,1.));
#4274 = DIRECTION('',(0.,-1.,0.));
#4275 = ORIENTED_EDGE('',*,*,#4276,.F.);
#4276 = EDGE_CURVE('',#4277,#4268,#4279,.T.);
#4277 = VERTEX_POINT('',#4278);
#4278 = CARTESIAN_POINT('',(-95.00000917911,-94.,2.264976746957E-05));
#4279 = LINE('',#4280,#4281);
#4280 = CARTESIAN_POINT('',(-95.00000917911,-94.,2.264976746957E-05));
#4281 = VECTOR('',#4282,1.);
#4282 = DIRECTION('',(0.,1.,0.));
#4283 = ORIENTED_EDGE('',*,*,#4284,.F.);
#4284 = EDGE_CURVE('',#4285,#4277,#4287,.T.);
#4285 = VERTEX_POINT('',#4286);
#4286 = CARTESIAN_POINT('',(-94.00000917911,-95.,2.241134887626E-05));
#4287 = CIRCLE('',#4288,1.);
#4288 = AXIS2_PLACEMENT_3D('',#4289,#4290,#4291);
#4289 = CARTESIAN_POINT('',(-95.00000917911,-95.,2.264976746957E-05));
#4290 = DIRECTION('',(-2.3841859341E-07,0.,-1.));
#4291 = DIRECTION('',(-1.,0.,2.3841859341E-07));
#4292 = ORIENTED_EDGE('',*,*,#4293,.F.);
#4293 = EDGE_CURVE('',#4294,#4285,#4296,.T.);
#4294 = VERTEX_POINT('',#4295);
#4295 = CARTESIAN_POINT('',(-76.00000917911,-95.,1.811981419308E-05));
#4296 = LINE('',#4297,#4298);
#4297 = CARTESIAN_POINT('',(-75.00000917911,-95.,1.788139559977E-05));
#4298 = VECTOR('',#4299,1.);
#4299 = DIRECTION('',(-1.,1.E-17,2.3841859341E-07));
#4300 = ORIENTED_EDGE('',*,*,#4301,.F.);
#4301 = EDGE_CURVE('',#4247,#4294,#4302,.T.);
#4302 = CIRCLE('',#4303,1.);
#4303 = AXIS2_PLACEMENT_3D('',#4304,#4305,#4306);
#4304 = CARTESIAN_POINT('',(-76.00000917911,-96.,1.811981418953E-05));
#4305 = DIRECTION('',(2.3841859341E-07,0.,1.));
#4306 = DIRECTION('',(0.,-1.,0.));
#4307 = FACE_BOUND('',#4308,.T.);
#4308 = EDGE_LOOP('',(#4309,#4310,#4311,#4312,#4313,#4314));
#4309 = ORIENTED_EDGE('',*,*,#3869,.T.);
#4310 = ORIENTED_EDGE('',*,*,#3838,.T.);
#4311 = ORIENTED_EDGE('',*,*,#3936,.T.);
#4312 = ORIENTED_EDGE('',*,*,#3984,.T.);
#4313 = ORIENTED_EDGE('',*,*,#4008,.T.);
#4314 = ORIENTED_EDGE('',*,*,#3967,.T.);
#4315 = PLANE('',#4316);
#4316 = AXIS2_PLACEMENT_3D('',#4317,#4318,#4319);
#4317 = CARTESIAN_POINT('',(-103.9596184551,-92.33440740905,
    2.47859049054E-05));
#4318 = DIRECTION('',(2.3841859341E-07,0.,1.));
#4319 = DIRECTION('',(1.,0.,-2.3841859341E-07));
#4320 = ADVANCED_FACE('',(#4321),#4332,.T.);
#4321 = FACE_BOUND('',#4322,.F.);
#4322 = EDGE_LOOP('',(#4323,#4324,#4325,#4326));
#4323 = ORIENTED_EDGE('',*,*,#4087,.T.);
#4324 = ORIENTED_EDGE('',*,*,#3431,.T.);
#4325 = ORIENTED_EDGE('',*,*,#4256,.F.);
#4326 = ORIENTED_EDGE('',*,*,#4327,.F.);
#4327 = EDGE_CURVE('',#4088,#4249,#4328,.T.);
#4328 = LINE('',#4329,#4330);
#4329 = CARTESIAN_POINT('',(-75.00001394749,-114.,-19.9999821186));
#4330 = VECTOR('',#4331,1.);
#4331 = DIRECTION('',(2.3841859341E-07,0.,1.));
#4332 = CYLINDRICAL_SURFACE('',#4333,1.);
#4333 = AXIS2_PLACEMENT_3D('',#4334,#4335,#4336);
#4334 = CARTESIAN_POINT('',(-76.00001394749,-114.,-19.99998188018));
#4335 = DIRECTION('',(2.3841859341E-07,0.,1.));
#4336 = DIRECTION('',(1.,0.,-2.3841859341E-07));
#4337 = ADVANCED_FACE('',(#4338),#4349,.T.);
#4338 = FACE_BOUND('',#4339,.T.);
#4339 = EDGE_LOOP('',(#4340,#4341,#4342,#4343));
#4340 = ORIENTED_EDGE('',*,*,#4065,.T.);
#4341 = ORIENTED_EDGE('',*,*,#3524,.T.);
#4342 = ORIENTED_EDGE('',*,*,#4267,.F.);
#4343 = ORIENTED_EDGE('',*,*,#4344,.F.);
#4344 = EDGE_CURVE('',#4058,#4268,#4345,.T.);
#4345 = LINE('',#4346,#4347);
#4346 = CARTESIAN_POINT('',(-95.00001394749,-73.,-19.99997735023));
#4347 = VECTOR('',#4348,1.);
#4348 = DIRECTION('',(2.3841859341E-07,0.,1.));
#4349 = CYLINDRICAL_SURFACE('',#4350,1.);
#4350 = AXIS2_PLACEMENT_3D('',#4351,#4352,#4353);
#4351 = CARTESIAN_POINT('',(-96.00001394749,-73.,-19.99997711181));
#4352 = DIRECTION('',(2.3841859341E-07,0.,1.));
#4353 = DIRECTION('',(1.,0.,-2.3841859341E-07));
#4354 = ADVANCED_FACE('',(#4355),#4376,.F.);
#4355 = FACE_BOUND('',#4356,.T.);
#4356 = EDGE_LOOP('',(#4357,#4358,#4366,#4373,#4374,#4375));
#4357 = ORIENTED_EDGE('',*,*,#3550,.F.);
#4358 = ORIENTED_EDGE('',*,*,#4359,.T.);
#4359 = EDGE_CURVE('',#3551,#4360,#4362,.T.);
#4360 = VERTEX_POINT('',#4361);
#4361 = CARTESIAN_POINT('',(-114.3000115633,-74.5,-9.999972748753));
#4362 = LINE('',#4363,#4364);
#4363 = CARTESIAN_POINT('',(-114.3000115633,-72.,-9.999972748753));
#4364 = VECTOR('',#4365,1.);
#4365 = DIRECTION('',(0.,-1.,2.2E-16));
#4366 = ORIENTED_EDGE('',*,*,#4367,.T.);
#4367 = EDGE_CURVE('',#4360,#4360,#4368,.T.);
#4368 = CIRCLE('',#4369,1.7);
#4369 = AXIS2_PLACEMENT_3D('',#4370,#4371,#4372);
#4370 = CARTESIAN_POINT('',(-116.0000115633,-74.5,-9.999972343442));
#4371 = DIRECTION('',(0.,-1.,2.2E-16));
#4372 = DIRECTION('',(1.,-5.24520905502E-23,-2.3841859341E-07));
#4373 = ORIENTED_EDGE('',*,*,#4359,.F.);
#4374 = ORIENTED_EDGE('',*,*,#3559,.F.);
#4375 = ORIENTED_EDGE('',*,*,#3601,.F.);
#4376 = CYLINDRICAL_SURFACE('',#4377,1.7);
#4377 = AXIS2_PLACEMENT_3D('',#4378,#4379,#4380);
#4378 = CARTESIAN_POINT('',(-116.0000115633,-72.,-9.999972343442));
#4379 = DIRECTION('',(0.,1.,-2.2E-16));
#4380 = DIRECTION('',(1.,-5.24520905502E-23,-2.3841859341E-07));
#4381 = ADVANCED_FACE('',(#4382),#4438,.T.);
#4382 = FACE_BOUND('',#4383,.F.);
#4383 = EDGE_LOOP('',(#4384,#4390,#4391,#4399,#4407,#4415,#4423,#4431,
    #4437));
#4384 = ORIENTED_EDGE('',*,*,#4385,.F.);
#4385 = EDGE_CURVE('',#3639,#3649,#4386,.T.);
#4386 = LINE('',#4387,#4388);
#4387 = CARTESIAN_POINT('',(-51.60001466269,-106.2983162172,
    -22.99998769759));
#4388 = VECTOR('',#4389,1.);
#4389 = DIRECTION('',(-1.226318E-11,1.,0.));
#4390 = ORIENTED_EDGE('',*,*,#3638,.T.);
#4391 = ORIENTED_EDGE('',*,*,#4392,.T.);
#4392 = EDGE_CURVE('',#3641,#4393,#4395,.T.);
#4393 = VERTEX_POINT('',#4394);
#4394 = CARTESIAN_POINT('',(-51.60001461503,-106.6,-22.79998769759));
#4395 = LINE('',#4396,#4397);
#4396 = CARTESIAN_POINT('',(-51.60001461499,-107.5966324345,
    -22.79998769759));
#4397 = VECTOR('',#4398,1.);
#4398 = DIRECTION('',(-1.226318E-11,1.,0.));
#4399 = ORIENTED_EDGE('',*,*,#4400,.T.);
#4400 = EDGE_CURVE('',#4393,#4401,#4403,.T.);
#4401 = VERTEX_POINT('',#4402);
#4402 = CARTESIAN_POINT('',(-51.60001456737,-106.6,-22.59998769759));
#4403 = LINE('',#4404,#4405);
#4404 = CARTESIAN_POINT('',(-51.60001513958,-106.6,-24.99998769759));
#4405 = VECTOR('',#4406,1.);
#4406 = DIRECTION('',(2.3841859341E-07,0.,1.));
#4407 = ORIENTED_EDGE('',*,*,#4408,.T.);
#4408 = EDGE_CURVE('',#4401,#4409,#4411,.T.);
#4409 = VERTEX_POINT('',#4410);
#4410 = CARTESIAN_POINT('',(-51.60001456737,-105.,-22.59998769759));
#4411 = LINE('',#4412,#4413);
#4412 = CARTESIAN_POINT('',(-51.60001456737,-106.6,-22.59998769759));
#4413 = VECTOR('',#4414,1.);
#4414 = DIRECTION('',(-0.,1.,0.));
#4415 = ORIENTED_EDGE('',*,*,#4416,.T.);
#4416 = EDGE_CURVE('',#4409,#4417,#4419,.T.);
#4417 = VERTEX_POINT('',#4418);
#4418 = CARTESIAN_POINT('',(-51.60001456737,-103.4,-22.59998769759));
#4419 = LINE('',#4420,#4421);
#4420 = CARTESIAN_POINT('',(-51.60001456737,-106.6,-22.59998769759));
#4421 = VECTOR('',#4422,1.);
#4422 = DIRECTION('',(-0.,1.,0.));
#4423 = ORIENTED_EDGE('',*,*,#4424,.F.);
#4424 = EDGE_CURVE('',#4425,#4417,#4427,.T.);
#4425 = VERTEX_POINT('',#4426);
#4426 = CARTESIAN_POINT('',(-51.60001461505,-103.4,-22.79998769759));
#4427 = LINE('',#4428,#4429);
#4428 = CARTESIAN_POINT('',(-51.60001513958,-103.4,-24.99998769759));
#4429 = VECTOR('',#4430,1.);
#4430 = DIRECTION('',(2.3841859341E-07,0.,1.));
#4431 = ORIENTED_EDGE('',*,*,#4432,.T.);
#4432 = EDGE_CURVE('',#4425,#3658,#4433,.T.);
#4433 = LINE('',#4434,#4435);
#4434 = CARTESIAN_POINT('',(-51.60001461499,-107.5966324345,
    -22.79998769759));
#4435 = VECTOR('',#4436,1.);
#4436 = DIRECTION('',(-1.226318E-11,1.,0.));
#4437 = ORIENTED_EDGE('',*,*,#3657,.F.);
#4438 = PLANE('',#4439);
#4439 = AXIS2_PLACEMENT_3D('',#4440,#4441,#4442);
#4440 = CARTESIAN_POINT('',(-51.60001462353,-105.,-22.83562457365));
#4441 = DIRECTION('',(1.,1.044574E-11,-2.3834229057E-07));
#4442 = DIRECTION('',(2.3834229057E-07,0.,1.));
#4443 = ADVANCED_FACE('',(#4444),#4448,.T.);
#4444 = FACE_BOUND('',#4445,.F.);
#4445 = EDGE_LOOP('',(#4446,#4447));
#4446 = ORIENTED_EDGE('',*,*,#4385,.T.);
#4447 = ORIENTED_EDGE('',*,*,#3648,.T.);
#4448 = PLANE('',#4449);
#4449 = AXIS2_PLACEMENT_3D('',#4450,#4451,#4452);
#4450 = CARTESIAN_POINT('',(-50.00001466274,-105.,-22.99998807906));
#4451 = DIRECTION('',(-2.3841859341E-07,-0.,-1.));
#4452 = DIRECTION('',(-1.,0.,2.3841859341E-07));
#4453 = ADVANCED_FACE('',(#4454),#4472,.F.);
#4454 = FACE_BOUND('',#4455,.T.);
#4455 = EDGE_LOOP('',(#4456,#4464,#4470,#4471));
#4456 = ORIENTED_EDGE('',*,*,#4457,.F.);
#4457 = EDGE_CURVE('',#4458,#3666,#4460,.T.);
#4458 = VERTEX_POINT('',#4459);
#4459 = CARTESIAN_POINT('',(-48.40001461505,-103.4,-22.79998846053));
#4460 = LINE('',#4461,#4462);
#4461 = CARTESIAN_POINT('',(-48.40001461499,-107.5966324344,
    -22.79998846053));
#4462 = VECTOR('',#4463,1.);
#4463 = DIRECTION('',(-1.412735E-11,1.,0.));
#4464 = ORIENTED_EDGE('',*,*,#4465,.T.);
#4465 = EDGE_CURVE('',#4458,#4425,#4466,.T.);
#4466 = LINE('',#4467,#4468);
#4467 = CARTESIAN_POINT('',(-59.1333479484,-103.4,-22.79998590151));
#4468 = VECTOR('',#4469,1.);
#4469 = DIRECTION('',(-1.,0.,2.3841859341E-07));
#4470 = ORIENTED_EDGE('',*,*,#4432,.T.);
#4471 = ORIENTED_EDGE('',*,*,#3665,.F.);
#4472 = PLANE('',#4473);
#4473 = AXIS2_PLACEMENT_3D('',#4474,#4475,#4476);
#4474 = CARTESIAN_POINT('',(-66.66668128174,-97.49999999999,
    -22.79998410542));
#4475 = DIRECTION('',(2.3841859341E-07,0.,1.));
#4476 = DIRECTION('',(1.,0.,-2.3841859341E-07));
#4477 = ADVANCED_FACE('',(#4478),#4527,.T.);
#4478 = FACE_BOUND('',#4479,.F.);
#4479 = EDGE_LOOP('',(#4480,#4481,#4489,#4497,#4505,#4513,#4519,#4520,
    #4526));
#4480 = ORIENTED_EDGE('',*,*,#4457,.F.);
#4481 = ORIENTED_EDGE('',*,*,#4482,.T.);
#4482 = EDGE_CURVE('',#4458,#4483,#4485,.T.);
#4483 = VERTEX_POINT('',#4484);
#4484 = CARTESIAN_POINT('',(-48.40001456737,-103.4,-22.59998846053));
#4485 = LINE('',#4486,#4487);
#4486 = CARTESIAN_POINT('',(-48.40001513958,-103.4,-24.99998846053));
#4487 = VECTOR('',#4488,1.);
#4488 = DIRECTION('',(2.3841859341E-07,0.,1.));
#4489 = ORIENTED_EDGE('',*,*,#4490,.T.);
#4490 = EDGE_CURVE('',#4483,#4491,#4493,.T.);
#4491 = VERTEX_POINT('',#4492);
#4492 = CARTESIAN_POINT('',(-48.40001456737,-105.,-22.59998846053));
#4493 = LINE('',#4494,#4495);
#4494 = CARTESIAN_POINT('',(-48.40001456737,-103.4,-22.59998846053));
#4495 = VECTOR('',#4496,1.);
#4496 = DIRECTION('',(0.,-1.,0.));
#4497 = ORIENTED_EDGE('',*,*,#4498,.T.);
#4498 = EDGE_CURVE('',#4491,#4499,#4501,.T.);
#4499 = VERTEX_POINT('',#4500);
#4500 = CARTESIAN_POINT('',(-48.40001456737,-106.6,-22.59998846053));
#4501 = LINE('',#4502,#4503);
#4502 = CARTESIAN_POINT('',(-48.40001456737,-103.4,-22.59998846053));
#4503 = VECTOR('',#4504,1.);
#4504 = DIRECTION('',(0.,-1.,0.));
#4505 = ORIENTED_EDGE('',*,*,#4506,.F.);
#4506 = EDGE_CURVE('',#4507,#4499,#4509,.T.);
#4507 = VERTEX_POINT('',#4508);
#4508 = CARTESIAN_POINT('',(-48.40001461503,-106.6,-22.79998846053));
#4509 = LINE('',#4510,#4511);
#4510 = CARTESIAN_POINT('',(-48.40001513958,-106.6,-24.99998846053));
#4511 = VECTOR('',#4512,1.);
#4512 = DIRECTION('',(2.3841859341E-07,0.,1.));
#4513 = ORIENTED_EDGE('',*,*,#4514,.F.);
#4514 = EDGE_CURVE('',#3712,#4507,#4515,.T.);
#4515 = LINE('',#4516,#4517);
#4516 = CARTESIAN_POINT('',(-48.40001461499,-107.5966324344,
    -22.79998846053));
#4517 = VECTOR('',#4518,1.);
#4518 = DIRECTION('',(-1.412735E-11,1.,0.));
#4519 = ORIENTED_EDGE('',*,*,#3711,.F.);
#4520 = ORIENTED_EDGE('',*,*,#4521,.T.);
#4521 = EDGE_CURVE('',#3703,#3675,#4522,.T.);
#4522 = LINE('',#4523,#4524);
#4523 = CARTESIAN_POINT('',(-48.40001466269,-106.2983162171,
    -22.99998846053));
#4524 = VECTOR('',#4525,1.);
#4525 = DIRECTION('',(-1.412735E-11,1.,0.));
#4526 = ORIENTED_EDGE('',*,*,#3674,.T.);
#4527 = PLANE('',#4528);
#4528 = AXIS2_PLACEMENT_3D('',#4529,#4530,#4531);
#4529 = CARTESIAN_POINT('',(-48.40001462353,-104.9999999999,
    -22.83562533659));
#4530 = DIRECTION('',(-1.,-1.203398E-11,2.3833069315E-07));
#4531 = DIRECTION('',(-2.3833069315E-07,-0.,-1.));
#4532 = ADVANCED_FACE('',(#4533),#4538,.T.);
#4533 = FACE_BOUND('',#4534,.F.);
#4534 = EDGE_LOOP('',(#4535,#4536,#4537));
#4535 = ORIENTED_EDGE('',*,*,#3702,.T.);
#4536 = ORIENTED_EDGE('',*,*,#3682,.T.);
#4537 = ORIENTED_EDGE('',*,*,#4521,.F.);
#4538 = PLANE('',#4539);
#4539 = AXIS2_PLACEMENT_3D('',#4540,#4541,#4542);
#4540 = CARTESIAN_POINT('',(-50.00001466274,-105.,-22.99998807906));
#4541 = DIRECTION('',(-2.3841859341E-07,-0.,-1.));
#4542 = DIRECTION('',(-1.,0.,2.3841859341E-07));
#4543 = ADVANCED_FACE('',(#4544),#4555,.F.);
#4544 = FACE_BOUND('',#4545,.T.);
#4545 = EDGE_LOOP('',(#4546,#4547,#4548,#4554));
#4546 = ORIENTED_EDGE('',*,*,#3719,.F.);
#4547 = ORIENTED_EDGE('',*,*,#4392,.T.);
#4548 = ORIENTED_EDGE('',*,*,#4549,.T.);
#4549 = EDGE_CURVE('',#4393,#4507,#4550,.T.);
#4550 = LINE('',#4551,#4552);
#4551 = CARTESIAN_POINT('',(-57.5333479484,-106.6,-22.79998628298));
#4552 = VECTOR('',#4553,1.);
#4553 = DIRECTION('',(1.,0.,-2.3841859341E-07));
#4554 = ORIENTED_EDGE('',*,*,#4514,.F.);
#4555 = PLANE('',#4556);
#4556 = AXIS2_PLACEMENT_3D('',#4557,#4558,#4559);
#4557 = CARTESIAN_POINT('',(-66.66668128174,-97.49999999999,
    -22.79998410542));
#4558 = DIRECTION('',(2.3841859341E-07,0.,1.));
#4559 = DIRECTION('',(1.,0.,-2.3841859341E-07));
#4560 = ADVANCED_FACE('',(#4561),#4617,.T.);
#4561 = FACE_BOUND('',#4562,.F.);
#4562 = EDGE_LOOP('',(#4563,#4569,#4570,#4578,#4586,#4594,#4602,#4610,
    #4616));
#4563 = ORIENTED_EDGE('',*,*,#4564,.F.);
#4564 = EDGE_CURVE('',#3735,#3745,#4565,.T.);
#4565 = LINE('',#4566,#4567);
#4566 = CARTESIAN_POINT('',(-66.60001466277,-106.2983162172,
    -22.99998412132));
#4567 = VECTOR('',#4568,1.);
#4568 = DIRECTION('',(-1.805648E-11,1.,0.));
#4569 = ORIENTED_EDGE('',*,*,#3734,.T.);
#4570 = ORIENTED_EDGE('',*,*,#4571,.T.);
#4571 = EDGE_CURVE('',#3737,#4572,#4574,.T.);
#4572 = VERTEX_POINT('',#4573);
#4573 = CARTESIAN_POINT('',(-66.60001461507,-106.6,-22.79998412132));
#4574 = LINE('',#4575,#4576);
#4575 = CARTESIAN_POINT('',(-66.60001461506,-107.5966324345,
    -22.79998412132));
#4576 = VECTOR('',#4577,1.);
#4577 = DIRECTION('',(-1.805648E-11,1.,0.));
#4578 = ORIENTED_EDGE('',*,*,#4579,.T.);
#4579 = EDGE_CURVE('',#4572,#4580,#4582,.T.);
#4580 = VERTEX_POINT('',#4581);
#4581 = CARTESIAN_POINT('',(-66.60001456737,-106.6,-22.59998412132));
#4582 = LINE('',#4583,#4584);
#4583 = CARTESIAN_POINT('',(-66.60001513958,-106.6,-24.99998412132));
#4584 = VECTOR('',#4585,1.);
#4585 = DIRECTION('',(2.3841859341E-07,0.,1.));
#4586 = ORIENTED_EDGE('',*,*,#4587,.T.);
#4587 = EDGE_CURVE('',#4580,#4588,#4590,.T.);
#4588 = VERTEX_POINT('',#4589);
#4589 = CARTESIAN_POINT('',(-66.60001456737,-105.,-22.59998412132));
#4590 = LINE('',#4591,#4592);
#4591 = CARTESIAN_POINT('',(-66.60001456737,-106.6,-22.59998412132));
#4592 = VECTOR('',#4593,1.);
#4593 = DIRECTION('',(-0.,1.,0.));
#4594 = ORIENTED_EDGE('',*,*,#4595,.T.);
#4595 = EDGE_CURVE('',#4588,#4596,#4598,.T.);
#4596 = VERTEX_POINT('',#4597);
#4597 = CARTESIAN_POINT('',(-66.60001456737,-103.4,-22.59998412132));
#4598 = LINE('',#4599,#4600);
#4599 = CARTESIAN_POINT('',(-66.60001456737,-106.6,-22.59998412132));
#4600 = VECTOR('',#4601,1.);
#4601 = DIRECTION('',(-0.,1.,0.));
#4602 = ORIENTED_EDGE('',*,*,#4603,.F.);
#4603 = EDGE_CURVE('',#4604,#4596,#4606,.T.);
#4604 = VERTEX_POINT('',#4605);
#4605 = CARTESIAN_POINT('',(-66.6000146151,-103.4,-22.79998412132));
#4606 = LINE('',#4607,#4608);
#4607 = CARTESIAN_POINT('',(-66.60001513958,-103.4,-24.99998412132));
#4608 = VECTOR('',#4609,1.);
#4609 = DIRECTION('',(2.3841859341E-07,0.,1.));
#4610 = ORIENTED_EDGE('',*,*,#4611,.T.);
#4611 = EDGE_CURVE('',#4604,#3754,#4612,.T.);
#4612 = LINE('',#4613,#4614);
#4613 = CARTESIAN_POINT('',(-66.60001461506,-107.5966324345,
    -22.79998412132));
#4614 = VECTOR('',#4615,1.);
#4615 = DIRECTION('',(-1.805648E-11,1.,0.));
#4616 = ORIENTED_EDGE('',*,*,#3753,.F.);
#4617 = PLANE('',#4618);
#4618 = AXIS2_PLACEMENT_3D('',#4619,#4620,#4621);
#4619 = CARTESIAN_POINT('',(-66.60001462359,-105.,-22.83562099737));
#4620 = DIRECTION('',(1.,1.538081E-11,-2.3853087301E-07));
#4621 = DIRECTION('',(2.3853087301E-07,0.,1.));
#4622 = ADVANCED_FACE('',(#4623),#4627,.T.);
#4623 = FACE_BOUND('',#4624,.F.);
#4624 = EDGE_LOOP('',(#4625,#4626));
#4625 = ORIENTED_EDGE('',*,*,#4564,.T.);
#4626 = ORIENTED_EDGE('',*,*,#3744,.T.);
#4627 = PLANE('',#4628);
#4628 = AXIS2_PLACEMENT_3D('',#4629,#4630,#4631);
#4629 = CARTESIAN_POINT('',(-65.00001466274,-105.,-22.99998450279));
#4630 = DIRECTION('',(-2.3841859341E-07,-0.,-1.));
#4631 = DIRECTION('',(-1.,0.,2.3841859341E-07));
#4632 = ADVANCED_FACE('',(#4633),#4651,.F.);
#4633 = FACE_BOUND('',#4634,.T.);
#4634 = EDGE_LOOP('',(#4635,#4643,#4649,#4650));
#4635 = ORIENTED_EDGE('',*,*,#4636,.F.);
#4636 = EDGE_CURVE('',#4637,#3762,#4639,.T.);
#4637 = VERTEX_POINT('',#4638);
#4638 = CARTESIAN_POINT('',(-63.40001461503,-103.4,-22.79998488425));
#4639 = LINE('',#4640,#4641);
#4640 = CARTESIAN_POINT('',(-63.40001461506,-107.5966324345,
    -22.79998488425));
#4641 = VECTOR('',#4642,1.);
#4642 = DIRECTION('',(1.571891E-11,1.,0.));
#4643 = ORIENTED_EDGE('',*,*,#4644,.T.);
#4644 = EDGE_CURVE('',#4637,#4604,#4645,.T.);
#4645 = LINE('',#4646,#4647);
#4646 = CARTESIAN_POINT('',(-66.6333479484,-103.4,-22.79998411337));
#4647 = VECTOR('',#4648,1.);
#4648 = DIRECTION('',(-1.,0.,2.3841859341E-07));
#4649 = ORIENTED_EDGE('',*,*,#4611,.T.);
#4650 = ORIENTED_EDGE('',*,*,#3761,.F.);
#4651 = PLANE('',#4652);
#4652 = AXIS2_PLACEMENT_3D('',#4653,#4654,#4655);
#4653 = CARTESIAN_POINT('',(-66.66668128174,-97.49999999999,
    -22.79998410542));
#4654 = DIRECTION('',(2.3841859341E-07,0.,1.));
#4655 = DIRECTION('',(1.,0.,-2.3841859341E-07));
#4656 = ADVANCED_FACE('',(#4657),#4706,.T.);
#4657 = FACE_BOUND('',#4658,.F.);
#4658 = EDGE_LOOP('',(#4659,#4660,#4668,#4676,#4684,#4692,#4698,#4699,
    #4705));
#4659 = ORIENTED_EDGE('',*,*,#4636,.F.);
#4660 = ORIENTED_EDGE('',*,*,#4661,.T.);
#4661 = EDGE_CURVE('',#4637,#4662,#4664,.T.);
#4662 = VERTEX_POINT('',#4663);
#4663 = CARTESIAN_POINT('',(-63.40001456737,-103.4,-22.59998488425));
#4664 = LINE('',#4665,#4666);
#4665 = CARTESIAN_POINT('',(-63.40001513958,-103.4,-24.99998488425));
#4666 = VECTOR('',#4667,1.);
#4667 = DIRECTION('',(2.3841859341E-07,0.,1.));
#4668 = ORIENTED_EDGE('',*,*,#4669,.T.);
#4669 = EDGE_CURVE('',#4662,#4670,#4672,.T.);
#4670 = VERTEX_POINT('',#4671);
#4671 = CARTESIAN_POINT('',(-63.40001456737,-105.,-22.59998488425));
#4672 = LINE('',#4673,#4674);
#4673 = CARTESIAN_POINT('',(-63.40001456737,-103.4,-22.59998488425));
#4674 = VECTOR('',#4675,1.);
#4675 = DIRECTION('',(0.,-1.,0.));
#4676 = ORIENTED_EDGE('',*,*,#4677,.T.);
#4677 = EDGE_CURVE('',#4670,#4678,#4680,.T.);
#4678 = VERTEX_POINT('',#4679);
#4679 = CARTESIAN_POINT('',(-63.40001456737,-106.6,-22.59998488425));
#4680 = LINE('',#4681,#4682);
#4681 = CARTESIAN_POINT('',(-63.40001456737,-103.4,-22.59998488425));
#4682 = VECTOR('',#4683,1.);
#4683 = DIRECTION('',(0.,-1.,0.));
#4684 = ORIENTED_EDGE('',*,*,#4685,.F.);
#4685 = EDGE_CURVE('',#4686,#4678,#4688,.T.);
#4686 = VERTEX_POINT('',#4687);
#4687 = CARTESIAN_POINT('',(-63.40001461505,-106.6,-22.79998488425));
#4688 = LINE('',#4689,#4690);
#4689 = CARTESIAN_POINT('',(-63.40001513958,-106.6,-24.99998488425));
#4690 = VECTOR('',#4691,1.);
#4691 = DIRECTION('',(2.3841859341E-07,0.,1.));
#4692 = ORIENTED_EDGE('',*,*,#4693,.F.);
#4693 = EDGE_CURVE('',#3808,#4686,#4694,.T.);
#4694 = LINE('',#4695,#4696);
#4695 = CARTESIAN_POINT('',(-63.40001461506,-107.5966324345,
    -22.79998488425));
#4696 = VECTOR('',#4697,1.);
#4697 = DIRECTION('',(1.571891E-11,1.,0.));
#4698 = ORIENTED_EDGE('',*,*,#3807,.F.);
#4699 = ORIENTED_EDGE('',*,*,#4700,.T.);
#4700 = EDGE_CURVE('',#3799,#3771,#4701,.T.);
#4701 = LINE('',#4702,#4703);
#4702 = CARTESIAN_POINT('',(-63.40001466272,-106.2983162172,
    -22.99998488425));
#4703 = VECTOR('',#4704,1.);
#4704 = DIRECTION('',(1.571891E-11,1.,0.));
#4705 = ORIENTED_EDGE('',*,*,#3770,.T.);
#4706 = PLANE('',#4707);
#4707 = AXIS2_PLACEMENT_3D('',#4708,#4709,#4710);
#4708 = CARTESIAN_POINT('',(-63.40001462353,-105.,-22.83562176031));
#4709 = DIRECTION('',(-1.,1.338967E-11,2.3832084781E-07));
#4710 = DIRECTION('',(-2.3832084781E-07,-3.851859888774E-34,-1.));
#4711 = ADVANCED_FACE('',(#4712),#4717,.T.);
#4712 = FACE_BOUND('',#4713,.F.);
#4713 = EDGE_LOOP('',(#4714,#4715,#4716));
#4714 = ORIENTED_EDGE('',*,*,#3798,.T.);
#4715 = ORIENTED_EDGE('',*,*,#3778,.T.);
#4716 = ORIENTED_EDGE('',*,*,#4700,.F.);
#4717 = PLANE('',#4718);
#4718 = AXIS2_PLACEMENT_3D('',#4719,#4720,#4721);
#4719 = CARTESIAN_POINT('',(-65.00001466274,-105.,-22.99998450279));
#4720 = DIRECTION('',(-2.3841859341E-07,-0.,-1.));
#4721 = DIRECTION('',(-1.,0.,2.3841859341E-07));
#4722 = ADVANCED_FACE('',(#4723),#4734,.F.);
#4723 = FACE_BOUND('',#4724,.T.);
#4724 = EDGE_LOOP('',(#4725,#4726,#4727,#4733));
#4725 = ORIENTED_EDGE('',*,*,#3815,.F.);
#4726 = ORIENTED_EDGE('',*,*,#4571,.T.);
#4727 = ORIENTED_EDGE('',*,*,#4728,.T.);
#4728 = EDGE_CURVE('',#4572,#4686,#4729,.T.);
#4729 = LINE('',#4730,#4731);
#4730 = CARTESIAN_POINT('',(-65.0333479484,-106.6,-22.79998449484));
#4731 = VECTOR('',#4732,1.);
#4732 = DIRECTION('',(1.,0.,-2.3841859341E-07));
#4733 = ORIENTED_EDGE('',*,*,#4693,.F.);
#4734 = PLANE('',#4735);
#4735 = AXIS2_PLACEMENT_3D('',#4736,#4737,#4738);
#4736 = CARTESIAN_POINT('',(-66.66668128174,-97.49999999999,
    -22.79998410542));
#4737 = DIRECTION('',(2.3841859341E-07,0.,1.));
#4738 = DIRECTION('',(1.,0.,-2.3841859341E-07));
#4739 = ADVANCED_FACE('',(#4740),#4765,.F.);
#4740 = FACE_BOUND('',#4741,.T.);
#4741 = EDGE_LOOP('',(#4742,#4750,#4758,#4764));
#4742 = ORIENTED_EDGE('',*,*,#4743,.T.);
#4743 = EDGE_CURVE('',#3880,#4744,#4746,.T.);
#4744 = VERTEX_POINT('',#4745);
#4745 = CARTESIAN_POINT('',(-118.8000111778,-74.5,-8.383390922139));
#4746 = LINE('',#4747,#4748);
#4747 = CARTESIAN_POINT('',(-118.8000111778,-77.5,-8.383390922139));
#4748 = VECTOR('',#4749,1.);
#4749 = DIRECTION('',(3.0898E-13,1.,4.818E-14));
#4750 = ORIENTED_EDGE('',*,*,#4751,.T.);
#4751 = EDGE_CURVE('',#4744,#4752,#4754,.T.);
#4752 = VERTEX_POINT('',#4753);
#4753 = CARTESIAN_POINT('',(-116.0000107924,-74.5,-6.76681083598));
#4754 = LINE('',#4755,#4756);
#4755 = CARTESIAN_POINT('',(-118.8000111778,-74.5,-8.383390922139));
#4756 = VECTOR('',#4757,1.);
#4757 = DIRECTION('',(0.866025522994,-2.915981034841E-13,0.499999793523)
  );
#4758 = ORIENTED_EDGE('',*,*,#4759,.F.);
#4759 = EDGE_CURVE('',#3882,#4752,#4760,.T.);
#4760 = LINE('',#4761,#4762);
#4761 = CARTESIAN_POINT('',(-116.0000107924,-77.5,-6.76681083598));
#4762 = VECTOR('',#4763,1.);
#4763 = DIRECTION('',(3.0898E-13,1.,4.818E-14));
#4764 = ORIENTED_EDGE('',*,*,#3879,.F.);
#4765 = PLANE('',#4766);
#4766 = AXIS2_PLACEMENT_3D('',#4767,#4768,#4769);
#4767 = CARTESIAN_POINT('',(-118.8000111778,-77.5,-8.383390922139));
#4768 = DIRECTION('',(-0.499999793523,1.1276E-13,0.866025522994));
#4769 = DIRECTION('',(-0.866025522994,2.9167E-13,-0.499999793523));
#4770 = ADVANCED_FACE('',(#4771),#4789,.F.);
#4771 = FACE_BOUND('',#4772,.T.);
#4772 = EDGE_LOOP('',(#4773,#4774,#4782,#4788));
#4773 = ORIENTED_EDGE('',*,*,#4759,.T.);
#4774 = ORIENTED_EDGE('',*,*,#4775,.T.);
#4775 = EDGE_CURVE('',#4752,#4776,#4778,.T.);
#4776 = VERTEX_POINT('',#4777);
#4777 = CARTESIAN_POINT('',(-113.2000111778,-74.5,-8.383392257283));
#4778 = LINE('',#4779,#4780);
#4779 = CARTESIAN_POINT('',(-116.0000107924,-74.5,-6.76681083598));
#4780 = VECTOR('',#4781,1.);
#4781 = DIRECTION('',(0.866025284575,-2.435981771554E-13,-0.500000206477
    ));
#4782 = ORIENTED_EDGE('',*,*,#4783,.F.);
#4783 = EDGE_CURVE('',#3914,#4776,#4784,.T.);
#4784 = LINE('',#4785,#4786);
#4785 = CARTESIAN_POINT('',(-113.2000111778,-77.5,-8.383392257283));
#4786 = VECTOR('',#4787,1.);
#4787 = DIRECTION('',(3.0898E-13,1.,4.818E-14));
#4788 = ORIENTED_EDGE('',*,*,#3921,.F.);
#4789 = PLANE('',#4790);
#4790 = AXIS2_PLACEMENT_3D('',#4791,#4792,#4793);
#4791 = CARTESIAN_POINT('',(-116.0000107924,-77.5,-6.76681083598));
#4792 = DIRECTION('',(0.500000206477,-1.9622E-13,0.866025284575));
#4793 = DIRECTION('',(-0.866025284575,2.4349E-13,0.500000206477));
#4794 = ADVANCED_FACE('',(#4795),#4813,.F.);
#4795 = FACE_BOUND('',#4796,.T.);
#4796 = EDGE_LOOP('',(#4797,#4798,#4806,#4812));
#4797 = ORIENTED_EDGE('',*,*,#4783,.T.);
#4798 = ORIENTED_EDGE('',*,*,#4799,.T.);
#4799 = EDGE_CURVE('',#4776,#4800,#4802,.T.);
#4800 = VERTEX_POINT('',#4801);
#4801 = CARTESIAN_POINT('',(-113.2000119487,-74.5,-11.61655376474));
#4802 = LINE('',#4803,#4804);
#4803 = CARTESIAN_POINT('',(-113.2000111778,-74.5,-8.383392257283));
#4804 = VECTOR('',#4805,1.);
#4805 = DIRECTION('',(-2.3841859341E-07,4.799992632865E-14,-1.));
#4806 = ORIENTED_EDGE('',*,*,#4807,.F.);
#4807 = EDGE_CURVE('',#3906,#4800,#4808,.T.);
#4808 = LINE('',#4809,#4810);
#4809 = CARTESIAN_POINT('',(-113.2000119487,-77.5,-11.61655376474));
#4810 = VECTOR('',#4811,1.);
#4811 = DIRECTION('',(3.0898E-13,1.,4.818E-14));
#4812 = ORIENTED_EDGE('',*,*,#3913,.F.);
#4813 = PLANE('',#4814);
#4814 = AXIS2_PLACEMENT_3D('',#4815,#4816,#4817);
#4815 = CARTESIAN_POINT('',(-113.2000111778,-77.5,-8.383392257283));
#4816 = DIRECTION('',(1.,-3.0898E-13,-2.3841859341E-07));
#4817 = DIRECTION('',(2.3841859341E-07,-4.818E-14,1.));
#4818 = ADVANCED_FACE('',(#4819),#4837,.F.);
#4819 = FACE_BOUND('',#4820,.T.);
#4820 = EDGE_LOOP('',(#4821,#4822,#4830,#4836));
#4821 = ORIENTED_EDGE('',*,*,#4807,.T.);
#4822 = ORIENTED_EDGE('',*,*,#4823,.T.);
#4823 = EDGE_CURVE('',#4800,#4824,#4826,.T.);
#4824 = VERTEX_POINT('',#4825);
#4825 = CARTESIAN_POINT('',(-116.0000123341,-74.5,-13.2331338509));
#4826 = LINE('',#4827,#4828);
#4827 = CARTESIAN_POINT('',(-113.2000119487,-74.5,-11.61655376474));
#4828 = VECTOR('',#4829,1.);
#4829 = DIRECTION('',(-0.866025522994,2.915981034841E-13,-0.499999793523
    ));
#4830 = ORIENTED_EDGE('',*,*,#4831,.F.);
#4831 = EDGE_CURVE('',#3898,#4824,#4832,.T.);
#4832 = LINE('',#4833,#4834);
#4833 = CARTESIAN_POINT('',(-116.0000123341,-77.5,-13.2331338509));
#4834 = VECTOR('',#4835,1.);
#4835 = DIRECTION('',(3.0898E-13,1.,4.818E-14));
#4836 = ORIENTED_EDGE('',*,*,#3905,.F.);
#4837 = PLANE('',#4838);
#4838 = AXIS2_PLACEMENT_3D('',#4839,#4840,#4841);
#4839 = CARTESIAN_POINT('',(-113.2000119487,-77.5,-11.61655376474));
#4840 = DIRECTION('',(0.499999793523,-1.1276E-13,-0.866025522994));
#4841 = DIRECTION('',(0.866025522994,-2.9167E-13,0.499999793523));
#4842 = ADVANCED_FACE('',(#4843),#4861,.F.);
#4843 = FACE_BOUND('',#4844,.T.);
#4844 = EDGE_LOOP('',(#4845,#4846,#4854,#4860));
#4845 = ORIENTED_EDGE('',*,*,#4831,.T.);
#4846 = ORIENTED_EDGE('',*,*,#4847,.T.);
#4847 = EDGE_CURVE('',#4824,#4848,#4850,.T.);
#4848 = VERTEX_POINT('',#4849);
#4849 = CARTESIAN_POINT('',(-118.8000119487,-74.5,-11.6165524296));
#4850 = LINE('',#4851,#4852);
#4851 = CARTESIAN_POINT('',(-116.0000123341,-74.5,-13.2331338509));
#4852 = VECTOR('',#4853,1.);
#4853 = DIRECTION('',(-0.866025284575,2.435981771554E-13,0.500000206477)
  );
#4854 = ORIENTED_EDGE('',*,*,#4855,.F.);
#4855 = EDGE_CURVE('',#3890,#4848,#4856,.T.);
#4856 = LINE('',#4857,#4858);
#4857 = CARTESIAN_POINT('',(-118.8000119487,-77.5,-11.6165524296));
#4858 = VECTOR('',#4859,1.);
#4859 = DIRECTION('',(3.0898E-13,1.,4.818E-14));
#4860 = ORIENTED_EDGE('',*,*,#3897,.F.);
#4861 = PLANE('',#4862);
#4862 = AXIS2_PLACEMENT_3D('',#4863,#4864,#4865);
#4863 = CARTESIAN_POINT('',(-116.0000123341,-77.5,-13.2331338509));
#4864 = DIRECTION('',(-0.500000206477,1.9622E-13,-0.866025284575));
#4865 = DIRECTION('',(0.866025284575,-2.4349E-13,-0.500000206477));
#4866 = ADVANCED_FACE('',(#4867),#4878,.F.);
#4867 = FACE_BOUND('',#4868,.T.);
#4868 = EDGE_LOOP('',(#4869,#4870,#4876,#4877));
#4869 = ORIENTED_EDGE('',*,*,#4855,.T.);
#4870 = ORIENTED_EDGE('',*,*,#4871,.T.);
#4871 = EDGE_CURVE('',#4848,#4744,#4872,.T.);
#4872 = LINE('',#4873,#4874);
#4873 = CARTESIAN_POINT('',(-118.8000119487,-74.5,-11.6165524296));
#4874 = VECTOR('',#4875,1.);
#4875 = DIRECTION('',(2.3841859341E-07,-4.799992632865E-14,1.));
#4876 = ORIENTED_EDGE('',*,*,#4743,.F.);
#4877 = ORIENTED_EDGE('',*,*,#3889,.F.);
#4878 = PLANE('',#4879);
#4879 = AXIS2_PLACEMENT_3D('',#4880,#4881,#4882);
#4880 = CARTESIAN_POINT('',(-118.8000119487,-77.5,-11.6165524296));
#4881 = DIRECTION('',(-1.,3.0898E-13,2.3841859341E-07));
#4882 = DIRECTION('',(-2.3841859341E-07,4.818E-14,-1.));
#4883 = ADVANCED_FACE('',(#4884),#4900,.T.);
#4884 = FACE_BOUND('',#4885,.F.);
#4885 = EDGE_LOOP('',(#4886,#4887,#4893,#4894));
#4886 = ORIENTED_EDGE('',*,*,#4040,.F.);
#4887 = ORIENTED_EDGE('',*,*,#4888,.T.);
#4888 = EDGE_CURVE('',#4026,#4294,#4889,.T.);
#4889 = LINE('',#4890,#4891);
#4890 = CARTESIAN_POINT('',(-76.00001394749,-95.,-19.99998188018));
#4891 = VECTOR('',#4892,1.);
#4892 = DIRECTION('',(2.3841859341E-07,0.,1.));
#4893 = ORIENTED_EDGE('',*,*,#4293,.T.);
#4894 = ORIENTED_EDGE('',*,*,#4895,.F.);
#4895 = EDGE_CURVE('',#4041,#4285,#4896,.T.);
#4896 = LINE('',#4897,#4898);
#4897 = CARTESIAN_POINT('',(-94.00001394749,-95.,-19.99997758865));
#4898 = VECTOR('',#4899,1.);
#4899 = DIRECTION('',(2.3841859341E-07,0.,1.));
#4900 = PLANE('',#4901);
#4901 = AXIS2_PLACEMENT_3D('',#4902,#4903,#4904);
#4902 = CARTESIAN_POINT('',(-75.00001394749,-95.,-19.9999821186));
#4903 = DIRECTION('',(1.E-17,1.,0.));
#4904 = DIRECTION('',(1.,-1.E-17,-2.3841859341E-07));
#4905 = ADVANCED_FACE('',(#4906),#4917,.F.);
#4906 = FACE_BOUND('',#4907,.F.);
#4907 = EDGE_LOOP('',(#4908,#4909,#4910,#4916));
#4908 = ORIENTED_EDGE('',*,*,#4895,.T.);
#4909 = ORIENTED_EDGE('',*,*,#4284,.T.);
#4910 = ORIENTED_EDGE('',*,*,#4911,.F.);
#4911 = EDGE_CURVE('',#4049,#4277,#4912,.T.);
#4912 = LINE('',#4913,#4914);
#4913 = CARTESIAN_POINT('',(-95.00001394749,-94.,-19.99997735023));
#4914 = VECTOR('',#4915,1.);
#4915 = DIRECTION('',(2.3841859341E-07,0.,1.));
#4916 = ORIENTED_EDGE('',*,*,#4048,.F.);
#4917 = CYLINDRICAL_SURFACE('',#4918,1.);
#4918 = AXIS2_PLACEMENT_3D('',#4919,#4920,#4921);
#4919 = CARTESIAN_POINT('',(-95.00001394749,-95.,-19.99997735023));
#4920 = DIRECTION('',(-2.3841859341E-07,-0.,-1.));
#4921 = DIRECTION('',(-1.,0.,2.3841859341E-07));
#4922 = ADVANCED_FACE('',(#4923),#4929,.T.);
#4923 = FACE_BOUND('',#4924,.F.);
#4924 = EDGE_LOOP('',(#4925,#4926,#4927,#4928));
#4925 = ORIENTED_EDGE('',*,*,#4057,.F.);
#4926 = ORIENTED_EDGE('',*,*,#4911,.T.);
#4927 = ORIENTED_EDGE('',*,*,#4276,.T.);
#4928 = ORIENTED_EDGE('',*,*,#4344,.F.);
#4929 = PLANE('',#4930);
#4930 = AXIS2_PLACEMENT_3D('',#4931,#4932,#4933);
#4931 = CARTESIAN_POINT('',(-95.00001394749,-94.,-19.99997735023));
#4932 = DIRECTION('',(1.,0.,-2.3841859341E-07));
#4933 = DIRECTION('',(-0.,-1.,-0.));
#4934 = ADVANCED_FACE('',(#4935),#4946,.F.);
#4935 = FACE_BOUND('',#4936,.T.);
#4936 = EDGE_LOOP('',(#4937,#4938,#4944,#4945));
#4937 = ORIENTED_EDGE('',*,*,#4096,.F.);
#4938 = ORIENTED_EDGE('',*,*,#4939,.T.);
#4939 = EDGE_CURVE('',#4097,#4247,#4940,.T.);
#4940 = LINE('',#4941,#4942);
#4941 = CARTESIAN_POINT('',(-75.00001394749,-96.,-19.9999821186));
#4942 = VECTOR('',#4943,1.);
#4943 = DIRECTION('',(2.3841859341E-07,0.,1.));
#4944 = ORIENTED_EDGE('',*,*,#4246,.T.);
#4945 = ORIENTED_EDGE('',*,*,#4327,.F.);
#4946 = PLANE('',#4947);
#4947 = AXIS2_PLACEMENT_3D('',#4948,#4949,#4950);
#4948 = CARTESIAN_POINT('',(-75.00001394749,-95.,-19.9999821186));
#4949 = DIRECTION('',(-1.,0.,2.3841859341E-07));
#4950 = DIRECTION('',(0.,1.,0.));
#4951 = ADVANCED_FACE('',(#4952),#4994,.F.);
#4952 = FACE_BOUND('',#4953,.F.);
#4953 = EDGE_LOOP('',(#4954,#4963,#4969,#4970,#4971,#4980,#4987));
#4954 = ORIENTED_EDGE('',*,*,#4955,.F.);
#4955 = EDGE_CURVE('',#4491,#4956,#4958,.T.);
#4956 = VERTEX_POINT('',#4957);
#4957 = CARTESIAN_POINT('',(-50.00001456737,-106.6,-22.59998807906));
#4958 = CIRCLE('',#4959,1.6);
#4959 = AXIS2_PLACEMENT_3D('',#4960,#4961,#4962);
#4960 = CARTESIAN_POINT('',(-50.00001456737,-105.,-22.59998807906));
#4961 = DIRECTION('',(-2.3841859341E-07,-0.,-1.));
#4962 = DIRECTION('',(1.,0.,-2.3841859341E-07));
#4963 = ORIENTED_EDGE('',*,*,#4964,.T.);
#4964 = EDGE_CURVE('',#4491,#4120,#4965,.T.);
#4965 = LINE('',#4966,#4967);
#4966 = CARTESIAN_POINT('',(-48.40001466274,-105.,-22.99998846053));
#4967 = VECTOR('',#4968,1.);
#4968 = DIRECTION('',(2.3841859335E-07,0.,1.));
#4969 = ORIENTED_EDGE('',*,*,#4119,.T.);
#4970 = ORIENTED_EDGE('',*,*,#4964,.F.);
#4971 = ORIENTED_EDGE('',*,*,#4972,.F.);
#4972 = EDGE_CURVE('',#4973,#4491,#4975,.T.);
#4973 = VERTEX_POINT('',#4974);
#4974 = CARTESIAN_POINT('',(-50.00001456737,-103.4,-22.59998807906));
#4975 = CIRCLE('',#4976,1.6);
#4976 = AXIS2_PLACEMENT_3D('',#4977,#4978,#4979);
#4977 = CARTESIAN_POINT('',(-50.00001456737,-105.,-22.59998807906));
#4978 = DIRECTION('',(-2.3841859341E-07,-0.,-1.));
#4979 = DIRECTION('',(1.,0.,-2.3841859341E-07));
#4980 = ORIENTED_EDGE('',*,*,#4981,.F.);
#4981 = EDGE_CURVE('',#4409,#4973,#4982,.T.);
#4982 = CIRCLE('',#4983,1.6);
#4983 = AXIS2_PLACEMENT_3D('',#4984,#4985,#4986);
#4984 = CARTESIAN_POINT('',(-50.00001456737,-105.,-22.59998807906));
#4985 = DIRECTION('',(-2.3841859341E-07,-0.,-1.));
#4986 = DIRECTION('',(1.,0.,-2.3841859341E-07));
#4987 = ORIENTED_EDGE('',*,*,#4988,.F.);
#4988 = EDGE_CURVE('',#4956,#4409,#4989,.T.);
#4989 = CIRCLE('',#4990,1.6);
#4990 = AXIS2_PLACEMENT_3D('',#4991,#4992,#4993);
#4991 = CARTESIAN_POINT('',(-50.00001456737,-105.,-22.59998807906));
#4992 = DIRECTION('',(-2.3841859341E-07,-0.,-1.));
#4993 = DIRECTION('',(1.,0.,-2.3841859341E-07));
#4994 = CYLINDRICAL_SURFACE('',#4995,1.6);
#4995 = AXIS2_PLACEMENT_3D('',#4996,#4997,#4998);
#4996 = CARTESIAN_POINT('',(-50.00001466274,-105.,-22.99998807906));
#4997 = DIRECTION('',(2.3841859341E-07,0.,1.));
#4998 = DIRECTION('',(1.,0.,-2.3841859341E-07));
#4999 = ADVANCED_FACE('',(#5000),#5042,.F.);
#5000 = FACE_BOUND('',#5001,.F.);
#5001 = EDGE_LOOP('',(#5002,#5011,#5017,#5018,#5019,#5028,#5035));
#5002 = ORIENTED_EDGE('',*,*,#5003,.F.);
#5003 = EDGE_CURVE('',#4670,#5004,#5006,.T.);
#5004 = VERTEX_POINT('',#5005);
#5005 = CARTESIAN_POINT('',(-65.00001456737,-106.6,-22.59998450279));
#5006 = CIRCLE('',#5007,1.6);
#5007 = AXIS2_PLACEMENT_3D('',#5008,#5009,#5010);
#5008 = CARTESIAN_POINT('',(-65.00001456737,-105.,-22.59998450279));
#5009 = DIRECTION('',(-2.3841859341E-07,-0.,-1.));
#5010 = DIRECTION('',(1.,0.,-2.3841859341E-07));
#5011 = ORIENTED_EDGE('',*,*,#5012,.T.);
#5012 = EDGE_CURVE('',#4670,#4131,#5013,.T.);
#5013 = LINE('',#5014,#5015);
#5014 = CARTESIAN_POINT('',(-63.40001466274,-105.,-22.99998488425));
#5015 = VECTOR('',#5016,1.);
#5016 = DIRECTION('',(2.3841859335E-07,0.,1.));
#5017 = ORIENTED_EDGE('',*,*,#4130,.T.);
#5018 = ORIENTED_EDGE('',*,*,#5012,.F.);
#5019 = ORIENTED_EDGE('',*,*,#5020,.F.);
#5020 = EDGE_CURVE('',#5021,#4670,#5023,.T.);
#5021 = VERTEX_POINT('',#5022);
#5022 = CARTESIAN_POINT('',(-65.00001456737,-103.4,-22.59998450279));
#5023 = CIRCLE('',#5024,1.6);
#5024 = AXIS2_PLACEMENT_3D('',#5025,#5026,#5027);
#5025 = CARTESIAN_POINT('',(-65.00001456737,-105.,-22.59998450279));
#5026 = DIRECTION('',(-2.3841859341E-07,-0.,-1.));
#5027 = DIRECTION('',(1.,0.,-2.3841859341E-07));
#5028 = ORIENTED_EDGE('',*,*,#5029,.F.);
#5029 = EDGE_CURVE('',#4588,#5021,#5030,.T.);
#5030 = CIRCLE('',#5031,1.6);
#5031 = AXIS2_PLACEMENT_3D('',#5032,#5033,#5034);
#5032 = CARTESIAN_POINT('',(-65.00001456737,-105.,-22.59998450279));
#5033 = DIRECTION('',(-2.3841859341E-07,-0.,-1.));
#5034 = DIRECTION('',(1.,0.,-2.3841859341E-07));
#5035 = ORIENTED_EDGE('',*,*,#5036,.F.);
#5036 = EDGE_CURVE('',#5004,#4588,#5037,.T.);
#5037 = CIRCLE('',#5038,1.6);
#5038 = AXIS2_PLACEMENT_3D('',#5039,#5040,#5041);
#5039 = CARTESIAN_POINT('',(-65.00001456737,-105.,-22.59998450279));
#5040 = DIRECTION('',(-2.3841859341E-07,-0.,-1.));
#5041 = DIRECTION('',(1.,0.,-2.3841859341E-07));
#5042 = CYLINDRICAL_SURFACE('',#5043,1.6);
#5043 = AXIS2_PLACEMENT_3D('',#5044,#5045,#5046);
#5044 = CARTESIAN_POINT('',(-65.00001466274,-105.,-22.99998450279));
#5045 = DIRECTION('',(2.3841859341E-07,0.,1.));
#5046 = DIRECTION('',(1.,0.,-2.3841859341E-07));
#5047 = ADVANCED_FACE('',(#5048),#5054,.T.);
#5048 = FACE_BOUND('',#5049,.T.);
#5049 = EDGE_LOOP('',(#5050,#5051,#5052,#5053));
#5050 = ORIENTED_EDGE('',*,*,#4147,.T.);
#5051 = ORIENTED_EDGE('',*,*,#4888,.T.);
#5052 = ORIENTED_EDGE('',*,*,#4301,.F.);
#5053 = ORIENTED_EDGE('',*,*,#4939,.F.);
#5054 = CYLINDRICAL_SURFACE('',#5055,1.);
#5055 = AXIS2_PLACEMENT_3D('',#5056,#5057,#5058);
#5056 = CARTESIAN_POINT('',(-76.00001394749,-96.,-19.99998188018));
#5057 = DIRECTION('',(2.3841859341E-07,0.,1.));
#5058 = DIRECTION('',(1.,0.,-2.3841859341E-07));
#5059 = ADVANCED_FACE('',(#5060,#5068),#5071,.F.);
#5060 = FACE_BOUND('',#5061,.T.);
#5061 = EDGE_LOOP('',(#5062,#5063,#5064,#5065,#5066,#5067));
#5062 = ORIENTED_EDGE('',*,*,#4751,.F.);
#5063 = ORIENTED_EDGE('',*,*,#4871,.F.);
#5064 = ORIENTED_EDGE('',*,*,#4847,.F.);
#5065 = ORIENTED_EDGE('',*,*,#4823,.F.);
#5066 = ORIENTED_EDGE('',*,*,#4799,.F.);
#5067 = ORIENTED_EDGE('',*,*,#4775,.F.);
#5068 = FACE_BOUND('',#5069,.T.);
#5069 = EDGE_LOOP('',(#5070));
#5070 = ORIENTED_EDGE('',*,*,#4367,.F.);
#5071 = PLANE('',#5072);
#5072 = AXIS2_PLACEMENT_3D('',#5073,#5074,#5075);
#5073 = CARTESIAN_POINT('',(-116.0000115633,-74.5,-9.999972343442));
#5074 = DIRECTION('',(3.0896E-13,1.,4.835E-14));
#5075 = DIRECTION('',(1.,-3.089599884725E-13,-2.3841859341E-07));
#5076 = ADVANCED_FACE('',(#5077),#5094,.T.);
#5077 = FACE_BOUND('',#5078,.F.);
#5078 = EDGE_LOOP('',(#5079,#5080,#5081,#5087,#5093));
#5079 = ORIENTED_EDGE('',*,*,#4549,.T.);
#5080 = ORIENTED_EDGE('',*,*,#4506,.T.);
#5081 = ORIENTED_EDGE('',*,*,#5082,.T.);
#5082 = EDGE_CURVE('',#4499,#4956,#5083,.T.);
#5083 = LINE('',#5084,#5085);
#5084 = CARTESIAN_POINT('',(-48.40001456737,-106.6,-22.59998846053));
#5085 = VECTOR('',#5086,1.);
#5086 = DIRECTION('',(-1.,0.,2.3841859341E-07));
#5087 = ORIENTED_EDGE('',*,*,#5088,.T.);
#5088 = EDGE_CURVE('',#4956,#4401,#5089,.T.);
#5089 = LINE('',#5090,#5091);
#5090 = CARTESIAN_POINT('',(-48.40001456737,-106.6,-22.59998846053));
#5091 = VECTOR('',#5092,1.);
#5092 = DIRECTION('',(-1.,0.,2.3841859341E-07));
#5093 = ORIENTED_EDGE('',*,*,#4400,.F.);
#5094 = PLANE('',#5095);
#5095 = AXIS2_PLACEMENT_3D('',#5096,#5097,#5098);
#5096 = CARTESIAN_POINT('',(-50.00001459122,-106.6,-22.69998807906));
#5097 = DIRECTION('',(0.,1.,-8.36E-15));
#5098 = DIRECTION('',(-2.3841859341E-07,-8.36E-15,-1.));
#5099 = ADVANCED_FACE('',(#5100),#5105,.F.);
#5100 = FACE_BOUND('',#5101,.T.);
#5101 = EDGE_LOOP('',(#5102,#5103,#5104));
#5102 = ORIENTED_EDGE('',*,*,#4988,.F.);
#5103 = ORIENTED_EDGE('',*,*,#5088,.T.);
#5104 = ORIENTED_EDGE('',*,*,#4408,.T.);
#5105 = PLANE('',#5106);
#5106 = AXIS2_PLACEMENT_3D('',#5107,#5108,#5109);
#5107 = CARTESIAN_POINT('',(-66.66668123404,-97.5,-22.59998410542));
#5108 = DIRECTION('',(2.3841859341E-07,0.,1.));
#5109 = DIRECTION('',(1.,0.,-2.3841859341E-07));
#5110 = ADVANCED_FACE('',(#5111),#5121,.F.);
#5111 = FACE_BOUND('',#5112,.T.);
#5112 = EDGE_LOOP('',(#5113,#5114,#5115));
#5113 = ORIENTED_EDGE('',*,*,#4981,.F.);
#5114 = ORIENTED_EDGE('',*,*,#4416,.T.);
#5115 = ORIENTED_EDGE('',*,*,#5116,.T.);
#5116 = EDGE_CURVE('',#4417,#4973,#5117,.T.);
#5117 = LINE('',#5118,#5119);
#5118 = CARTESIAN_POINT('',(-51.60001456737,-103.4,-22.59998769759));
#5119 = VECTOR('',#5120,1.);
#5120 = DIRECTION('',(1.,0.,-2.3841859341E-07));
#5121 = PLANE('',#5122);
#5122 = AXIS2_PLACEMENT_3D('',#5123,#5124,#5125);
#5123 = CARTESIAN_POINT('',(-66.66668123404,-97.5,-22.59998410542));
#5124 = DIRECTION('',(2.3841859341E-07,0.,1.));
#5125 = DIRECTION('',(1.,0.,-2.3841859341E-07));
#5126 = ADVANCED_FACE('',(#5127),#5139,.T.);
#5127 = FACE_BOUND('',#5128,.F.);
#5128 = EDGE_LOOP('',(#5129,#5130,#5131,#5132,#5138));
#5129 = ORIENTED_EDGE('',*,*,#4465,.T.);
#5130 = ORIENTED_EDGE('',*,*,#4424,.T.);
#5131 = ORIENTED_EDGE('',*,*,#5116,.T.);
#5132 = ORIENTED_EDGE('',*,*,#5133,.T.);
#5133 = EDGE_CURVE('',#4973,#4483,#5134,.T.);
#5134 = LINE('',#5135,#5136);
#5135 = CARTESIAN_POINT('',(-51.60001456737,-103.4,-22.59998769759));
#5136 = VECTOR('',#5137,1.);
#5137 = DIRECTION('',(1.,0.,-2.3841859341E-07));
#5138 = ORIENTED_EDGE('',*,*,#4482,.F.);
#5139 = PLANE('',#5140);
#5140 = AXIS2_PLACEMENT_3D('',#5141,#5142,#5143);
#5141 = CARTESIAN_POINT('',(-50.00001459122,-103.4,-22.69998807906));
#5142 = DIRECTION('',(-0.,-1.,-0.));
#5143 = DIRECTION('',(2.3841859341E-07,0.,1.));
#5144 = ADVANCED_FACE('',(#5145),#5150,.F.);
#5145 = FACE_BOUND('',#5146,.T.);
#5146 = EDGE_LOOP('',(#5147,#5148,#5149));
#5147 = ORIENTED_EDGE('',*,*,#4490,.T.);
#5148 = ORIENTED_EDGE('',*,*,#4972,.F.);
#5149 = ORIENTED_EDGE('',*,*,#5133,.T.);
#5150 = PLANE('',#5151);
#5151 = AXIS2_PLACEMENT_3D('',#5152,#5153,#5154);
#5152 = CARTESIAN_POINT('',(-66.66668123404,-97.5,-22.59998410542));
#5153 = DIRECTION('',(2.3841859341E-07,0.,1.));
#5154 = DIRECTION('',(1.,0.,-2.3841859341E-07));
#5155 = ADVANCED_FACE('',(#5156),#5161,.F.);
#5156 = FACE_BOUND('',#5157,.T.);
#5157 = EDGE_LOOP('',(#5158,#5159,#5160));
#5158 = ORIENTED_EDGE('',*,*,#4498,.T.);
#5159 = ORIENTED_EDGE('',*,*,#5082,.T.);
#5160 = ORIENTED_EDGE('',*,*,#4955,.F.);
#5161 = PLANE('',#5162);
#5162 = AXIS2_PLACEMENT_3D('',#5163,#5164,#5165);
#5163 = CARTESIAN_POINT('',(-66.66668123404,-97.5,-22.59998410542));
#5164 = DIRECTION('',(2.3841859341E-07,0.,1.));
#5165 = DIRECTION('',(1.,0.,-2.3841859341E-07));
#5166 = ADVANCED_FACE('',(#5167),#5184,.T.);
#5167 = FACE_BOUND('',#5168,.F.);
#5168 = EDGE_LOOP('',(#5169,#5170,#5171,#5177,#5183));
#5169 = ORIENTED_EDGE('',*,*,#4728,.T.);
#5170 = ORIENTED_EDGE('',*,*,#4685,.T.);
#5171 = ORIENTED_EDGE('',*,*,#5172,.T.);
#5172 = EDGE_CURVE('',#4678,#5004,#5173,.T.);
#5173 = LINE('',#5174,#5175);
#5174 = CARTESIAN_POINT('',(-63.40001456737,-106.6,-22.59998488425));
#5175 = VECTOR('',#5176,1.);
#5176 = DIRECTION('',(-1.,0.,2.3841859341E-07));
#5177 = ORIENTED_EDGE('',*,*,#5178,.T.);
#5178 = EDGE_CURVE('',#5004,#4580,#5179,.T.);
#5179 = LINE('',#5180,#5181);
#5180 = CARTESIAN_POINT('',(-63.40001456737,-106.6,-22.59998488425));
#5181 = VECTOR('',#5182,1.);
#5182 = DIRECTION('',(-1.,0.,2.3841859341E-07));
#5183 = ORIENTED_EDGE('',*,*,#4579,.F.);
#5184 = PLANE('',#5185);
#5185 = AXIS2_PLACEMENT_3D('',#5186,#5187,#5188);
#5186 = CARTESIAN_POINT('',(-65.00001459122,-106.6,-22.69998450279));
#5187 = DIRECTION('',(0.,1.,-8.36E-15));
#5188 = DIRECTION('',(-2.3841859341E-07,-8.36E-15,-1.));
#5189 = ADVANCED_FACE('',(#5190),#5195,.F.);
#5190 = FACE_BOUND('',#5191,.T.);
#5191 = EDGE_LOOP('',(#5192,#5193,#5194));
#5192 = ORIENTED_EDGE('',*,*,#5036,.F.);
#5193 = ORIENTED_EDGE('',*,*,#5178,.T.);
#5194 = ORIENTED_EDGE('',*,*,#4587,.T.);
#5195 = PLANE('',#5196);
#5196 = AXIS2_PLACEMENT_3D('',#5197,#5198,#5199);
#5197 = CARTESIAN_POINT('',(-66.66668123404,-97.5,-22.59998410542));
#5198 = DIRECTION('',(2.3841859341E-07,0.,1.));
#5199 = DIRECTION('',(1.,0.,-2.3841859341E-07));
#5200 = ADVANCED_FACE('',(#5201),#5211,.F.);
#5201 = FACE_BOUND('',#5202,.T.);
#5202 = EDGE_LOOP('',(#5203,#5204,#5205));
#5203 = ORIENTED_EDGE('',*,*,#5029,.F.);
#5204 = ORIENTED_EDGE('',*,*,#4595,.T.);
#5205 = ORIENTED_EDGE('',*,*,#5206,.T.);
#5206 = EDGE_CURVE('',#4596,#5021,#5207,.T.);
#5207 = LINE('',#5208,#5209);
#5208 = CARTESIAN_POINT('',(-66.60001456737,-103.4,-22.59998412132));
#5209 = VECTOR('',#5210,1.);
#5210 = DIRECTION('',(1.,0.,-2.3841859341E-07));
#5211 = PLANE('',#5212);
#5212 = AXIS2_PLACEMENT_3D('',#5213,#5214,#5215);
#5213 = CARTESIAN_POINT('',(-66.66668123404,-97.5,-22.59998410542));
#5214 = DIRECTION('',(2.3841859341E-07,0.,1.));
#5215 = DIRECTION('',(1.,0.,-2.3841859341E-07));
#5216 = ADVANCED_FACE('',(#5217),#5229,.T.);
#5217 = FACE_BOUND('',#5218,.F.);
#5218 = EDGE_LOOP('',(#5219,#5220,#5221,#5222,#5228));
#5219 = ORIENTED_EDGE('',*,*,#4644,.T.);
#5220 = ORIENTED_EDGE('',*,*,#4603,.T.);
#5221 = ORIENTED_EDGE('',*,*,#5206,.T.);
#5222 = ORIENTED_EDGE('',*,*,#5223,.T.);
#5223 = EDGE_CURVE('',#5021,#4662,#5224,.T.);
#5224 = LINE('',#5225,#5226);
#5225 = CARTESIAN_POINT('',(-66.60001456737,-103.4,-22.59998412132));
#5226 = VECTOR('',#5227,1.);
#5227 = DIRECTION('',(1.,0.,-2.3841859341E-07));
#5228 = ORIENTED_EDGE('',*,*,#4661,.F.);
#5229 = PLANE('',#5230);
#5230 = AXIS2_PLACEMENT_3D('',#5231,#5232,#5233);
#5231 = CARTESIAN_POINT('',(-65.00001459122,-103.4,-22.69998450279));
#5232 = DIRECTION('',(-0.,-1.,-0.));
#5233 = DIRECTION('',(2.3841859341E-07,0.,1.));
#5234 = ADVANCED_FACE('',(#5235),#5240,.F.);
#5235 = FACE_BOUND('',#5236,.T.);
#5236 = EDGE_LOOP('',(#5237,#5238,#5239));
#5237 = ORIENTED_EDGE('',*,*,#4669,.T.);
#5238 = ORIENTED_EDGE('',*,*,#5020,.F.);
#5239 = ORIENTED_EDGE('',*,*,#5223,.T.);
#5240 = PLANE('',#5241);
#5241 = AXIS2_PLACEMENT_3D('',#5242,#5243,#5244);
#5242 = CARTESIAN_POINT('',(-66.66668123404,-97.5,-22.59998410542));
#5243 = DIRECTION('',(2.3841859341E-07,0.,1.));
#5244 = DIRECTION('',(1.,0.,-2.3841859341E-07));
#5245 = ADVANCED_FACE('',(#5246),#5251,.F.);
#5246 = FACE_BOUND('',#5247,.T.);
#5247 = EDGE_LOOP('',(#5248,#5249,#5250));
#5248 = ORIENTED_EDGE('',*,*,#4677,.T.);
#5249 = ORIENTED_EDGE('',*,*,#5172,.T.);
#5250 = ORIENTED_EDGE('',*,*,#5003,.F.);
#5251 = PLANE('',#5252);
#5252 = AXIS2_PLACEMENT_3D('',#5253,#5254,#5255);
#5253 = CARTESIAN_POINT('',(-66.66668123404,-97.5,-22.59998410542));
#5254 = DIRECTION('',(2.3841859341E-07,0.,1.));
#5255 = DIRECTION('',(1.,0.,-2.3841859341E-07));
#5256 = ( GEOMETRIC_REPRESENTATION_CONTEXT(3) 
GLOBAL_UNCERTAINTY_ASSIGNED_CONTEXT((#5260)) 
GLOBAL_UNIT_ASSIGNED_CONTEXT((#5257,#5258,#5259)) REPRESENTATION_CONTEXT
('Context #1','3D Context with UNIT and UNCERTAINTY') );
#5257 = ( LENGTH_UNIT() NAMED_UNIT(*) SI_UNIT(.MILLI.,.METRE.) );
#5258 = ( NAMED_UNIT(*) PLANE_ANGLE_UNIT() SI_UNIT($,.RADIAN.) );
#5259 = ( NAMED_UNIT(*) SI_UNIT($,.STERADIAN.) SOLID_ANGLE_UNIT() );
#5260 = UNCERTAINTY_MEASURE_WITH_UNIT(LENGTH_MEASURE(5.E-03),#5257,
  'distance_accuracy_value','confusion accuracy');
#5261 = CONTEXT_DEPENDENT_SHAPE_REPRESENTATION(#5262,#5264);
#5262 = ( REPRESENTATION_RELATIONSHIP('','',#2667,#10) 
REPRESENTATION_RELATIONSHIP_WITH_TRANSFORMATION(#5263) 
SHAPE_REPRESENTATION_RELATIONSHIP() );
#5263 = ITEM_DEFINED_TRANSFORMATION('','',#11,#19);
#5264 = PRODUCT_DEFINITION_SHAPE('Placement','Placement of an item',
  #5265);
#5265 = NEXT_ASSEMBLY_USAGE_OCCURRENCE('2','BedCornerFrontLeft','',#5,
  #2662,$);
#5266 = PRODUCT_RELATED_PRODUCT_CATEGORY('part',$,(#2664));
#5267 = SHAPE_DEFINITION_REPRESENTATION(#5268,#5274);
#5268 = PRODUCT_DEFINITION_SHAPE('','',#5269);
#5269 = PRODUCT_DEFINITION('design','',#5270,#5273);
#5270 = PRODUCT_DEFINITION_FORMATION('','',#5271);
#5271 = PRODUCT('BedCornerRearRight','BedCornerRearRight','',(#5272));
#5272 = PRODUCT_CONTEXT('',#2,'mechanical');
#5273 = PRODUCT_DEFINITION_CONTEXT('part definition',#2,'design');
#5274 = ADVANCED_BREP_SHAPE_REPRESENTATION('',(#11,#5275),#7867);
#5275 = MANIFOLD_SOLID_BREP('',#5276);
#5276 = CLOSED_SHELL('',(#5277,#5302,#5373,#5485,#5509,#5541,#5558,#5582
    ,#5614,#5631,#5665,#5676,#5892,#5909,#5943,#5954,#6038,#6086,#6126,
    #6165,#6189,#6228,#6245,#6341,#6372,#6396,#6470,#6494,#6518,#6535,
    #6631,#6687,#6764,#6791,#6859,#6876,#6893,#6992,#7054,#7064,#7088,
    #7143,#7154,#7171,#7202,#7226,#7250,#7274,#7298,#7315,#7377,#7387,
    #7411,#7466,#7477,#7494,#7511,#7559,#7576,#7593,#7610,#7622,#7639,
    #7687,#7710,#7721,#7737,#7755,#7766,#7777,#7800,#7811,#7827,#7845,
    #7856));
#5277 = ADVANCED_FACE('',(#5278),#5297,.T.);
#5278 = FACE_BOUND('',#5279,.T.);
#5279 = EDGE_LOOP('',(#5280,#5290));
#5280 = ORIENTED_EDGE('',*,*,#5281,.T.);
#5281 = EDGE_CURVE('',#5282,#5284,#5286,.T.);
#5282 = VERTEX_POINT('',#5283);
#5283 = CARTESIAN_POINT('',(-8.399999999904,7.403367565546,2.));
#5284 = VERTEX_POINT('',#5285);
#5285 = CARTESIAN_POINT('',(-8.4,12.59663243452,2.));
#5286 = LINE('',#5287,#5288);
#5287 = CARTESIAN_POINT('',(-8.39999999993,8.70168378279,2.));
#5288 = VECTOR('',#5289,1.);
#5289 = DIRECTION('',(-1.805683E-11,1.,0.));
#5290 = ORIENTED_EDGE('',*,*,#5291,.T.);
#5291 = EDGE_CURVE('',#5284,#5282,#5292,.T.);
#5292 = CIRCLE('',#5293,3.05);
#5293 = AXIS2_PLACEMENT_3D('',#5294,#5295,#5296);
#5294 = CARTESIAN_POINT('',(-10.,10.,2.));
#5295 = DIRECTION('',(0.,0.,-1.));
#5296 = DIRECTION('',(-1.,0.,0.));
#5297 = PLANE('',#5298);
#5298 = AXIS2_PLACEMENT_3D('',#5299,#5300,#5301);
#5299 = CARTESIAN_POINT('',(-10.,10.,2.));
#5300 = DIRECTION('',(0.,0.,-1.));
#5301 = DIRECTION('',(-1.,0.,0.));
#5302 = ADVANCED_FACE('',(#5303),#5368,.T.);
#5303 = FACE_BOUND('',#5304,.T.);
#5304 = EDGE_LOOP('',(#5305,#5306,#5314,#5322,#5330,#5338,#5346,#5354,
    #5362));
#5305 = ORIENTED_EDGE('',*,*,#5281,.F.);
#5306 = ORIENTED_EDGE('',*,*,#5307,.T.);
#5307 = EDGE_CURVE('',#5282,#5308,#5310,.T.);
#5308 = VERTEX_POINT('',#5309);
#5309 = CARTESIAN_POINT('',(-8.399999999906,7.40336756555,2.2));
#5310 = LINE('',#5311,#5312);
#5311 = CARTESIAN_POINT('',(-8.399999999906,7.40336756555,0.));
#5312 = VECTOR('',#5313,1.);
#5313 = DIRECTION('',(0.,0.,1.));
#5314 = ORIENTED_EDGE('',*,*,#5315,.T.);
#5315 = EDGE_CURVE('',#5308,#5316,#5318,.T.);
#5316 = VERTEX_POINT('',#5317);
#5317 = CARTESIAN_POINT('',(-8.399999999962,8.4,2.2));
#5318 = LINE('',#5319,#5320);
#5319 = CARTESIAN_POINT('',(-8.399999999906,7.40336756555,2.2));
#5320 = VECTOR('',#5321,1.);
#5321 = DIRECTION('',(-1.805683E-11,1.,-0.));
#5322 = ORIENTED_EDGE('',*,*,#5323,.T.);
#5323 = EDGE_CURVE('',#5316,#5324,#5326,.T.);
#5324 = VERTEX_POINT('',#5325);
#5325 = CARTESIAN_POINT('',(-8.4,8.4,2.4));
#5326 = LINE('',#5327,#5328);
#5327 = CARTESIAN_POINT('',(-8.4,8.4,0.));
#5328 = VECTOR('',#5329,1.);
#5329 = DIRECTION('',(0.,0.,1.));
#5330 = ORIENTED_EDGE('',*,*,#5331,.T.);
#5331 = EDGE_CURVE('',#5324,#5332,#5334,.T.);
#5332 = VERTEX_POINT('',#5333);
#5333 = CARTESIAN_POINT('',(-8.4,10.,2.4));
#5334 = LINE('',#5335,#5336);
#5335 = CARTESIAN_POINT('',(-8.4,8.4,2.4));
#5336 = VECTOR('',#5337,1.);
#5337 = DIRECTION('',(0.,1.,0.));
#5338 = ORIENTED_EDGE('',*,*,#5339,.T.);
#5339 = EDGE_CURVE('',#5332,#5340,#5342,.T.);
#5340 = VERTEX_POINT('',#5341);
#5341 = CARTESIAN_POINT('',(-8.4,11.6,2.4));
#5342 = LINE('',#5343,#5344);
#5343 = CARTESIAN_POINT('',(-8.4,8.4,2.4));
#5344 = VECTOR('',#5345,1.);
#5345 = DIRECTION('',(0.,1.,0.));
#5346 = ORIENTED_EDGE('',*,*,#5347,.F.);
#5347 = EDGE_CURVE('',#5348,#5340,#5350,.T.);
#5348 = VERTEX_POINT('',#5349);
#5349 = CARTESIAN_POINT('',(-8.399999999991,11.6,2.2));
#5350 = LINE('',#5351,#5352);
#5351 = CARTESIAN_POINT('',(-8.4,11.6,0.));
#5352 = VECTOR('',#5353,1.);
#5353 = DIRECTION('',(0.,0.,1.));
#5354 = ORIENTED_EDGE('',*,*,#5355,.T.);
#5355 = EDGE_CURVE('',#5348,#5356,#5358,.T.);
#5356 = VERTEX_POINT('',#5357);
#5357 = CARTESIAN_POINT('',(-8.4,12.59663243452,2.2));
#5358 = LINE('',#5359,#5360);
#5359 = CARTESIAN_POINT('',(-8.399999999906,7.40336756555,2.2));
#5360 = VECTOR('',#5361,1.);
#5361 = DIRECTION('',(-1.805683E-11,1.,-0.));
#5362 = ORIENTED_EDGE('',*,*,#5363,.F.);
#5363 = EDGE_CURVE('',#5284,#5356,#5364,.T.);
#5364 = LINE('',#5365,#5366);
#5365 = CARTESIAN_POINT('',(-8.4,12.59663243452,0.));
#5366 = VECTOR('',#5367,1.);
#5367 = DIRECTION('',(0.,0.,1.));
#5368 = PLANE('',#5369);
#5369 = AXIS2_PLACEMENT_3D('',#5370,#5371,#5372);
#5370 = CARTESIAN_POINT('',(-8.399999999968,10.000000000035,
    2.164363123942));
#5371 = DIRECTION('',(-1.,-1.538118E-11,-1.1227661E-10));
#5372 = DIRECTION('',(1.1227661E-10,0.,-1.));
#5373 = ADVANCED_FACE('',(#5374),#5480,.F.);
#5374 = FACE_BOUND('',#5375,.T.);
#5375 = EDGE_LOOP('',(#5376,#5377,#5378,#5379,#5388,#5396,#5405,#5412,
    #5421,#5430,#5439,#5448,#5455,#5456,#5465,#5473));
#5376 = ORIENTED_EDGE('',*,*,#5307,.F.);
#5377 = ORIENTED_EDGE('',*,*,#5291,.F.);
#5378 = ORIENTED_EDGE('',*,*,#5363,.T.);
#5379 = ORIENTED_EDGE('',*,*,#5380,.F.);
#5380 = EDGE_CURVE('',#5381,#5356,#5383,.T.);
#5381 = VERTEX_POINT('',#5382);
#5382 = CARTESIAN_POINT('',(-11.6,12.59663243452,2.2));
#5383 = CIRCLE('',#5384,3.05);
#5384 = AXIS2_PLACEMENT_3D('',#5385,#5386,#5387);
#5385 = CARTESIAN_POINT('',(-10.,10.,2.2));
#5386 = DIRECTION('',(0.,0.,-1.));
#5387 = DIRECTION('',(1.,0.,0.));
#5388 = ORIENTED_EDGE('',*,*,#5389,.F.);
#5389 = EDGE_CURVE('',#5390,#5381,#5392,.T.);
#5390 = VERTEX_POINT('',#5391);
#5391 = CARTESIAN_POINT('',(-11.6,12.59663243452,2.));
#5392 = LINE('',#5393,#5394);
#5393 = CARTESIAN_POINT('',(-11.6,12.59663243452,0.));
#5394 = VECTOR('',#5395,1.);
#5395 = DIRECTION('',(0.,0.,1.));
#5396 = ORIENTED_EDGE('',*,*,#5397,.F.);
#5397 = EDGE_CURVE('',#5398,#5390,#5400,.T.);
#5398 = VERTEX_POINT('',#5399);
#5399 = CARTESIAN_POINT('',(-13.05,10.,2.));
#5400 = CIRCLE('',#5401,3.05);
#5401 = AXIS2_PLACEMENT_3D('',#5402,#5403,#5404);
#5402 = CARTESIAN_POINT('',(-10.,10.,2.));
#5403 = DIRECTION('',(0.,0.,-1.));
#5404 = DIRECTION('',(-1.,0.,0.));
#5405 = ORIENTED_EDGE('',*,*,#5406,.F.);
#5406 = EDGE_CURVE('',#5407,#5398,#5409,.T.);
#5407 = VERTEX_POINT('',#5408);
#5408 = CARTESIAN_POINT('',(-13.05,10.,0.));
#5409 = B_SPLINE_CURVE_WITH_KNOTS('',1,(#5410,#5411),.UNSPECIFIED.,.F.,
  .F.,(2,2),(0.,2.),.PIECEWISE_BEZIER_KNOTS.);
#5410 = CARTESIAN_POINT('',(-13.05,10.,0.));
#5411 = CARTESIAN_POINT('',(-13.05,10.,2.));
#5412 = ORIENTED_EDGE('',*,*,#5413,.T.);
#5413 = EDGE_CURVE('',#5407,#5414,#5416,.T.);
#5414 = VERTEX_POINT('',#5415);
#5415 = CARTESIAN_POINT('',(-11.6,12.59663243452,0.));
#5416 = CIRCLE('',#5417,3.05);
#5417 = AXIS2_PLACEMENT_3D('',#5418,#5419,#5420);
#5418 = CARTESIAN_POINT('',(-10.,10.,0.));
#5419 = DIRECTION('',(0.,0.,-1.));
#5420 = DIRECTION('',(-1.,0.,0.));
#5421 = ORIENTED_EDGE('',*,*,#5422,.T.);
#5422 = EDGE_CURVE('',#5414,#5423,#5425,.T.);
#5423 = VERTEX_POINT('',#5424);
#5424 = CARTESIAN_POINT('',(-8.4,12.59663243452,0.));
#5425 = CIRCLE('',#5426,3.05);
#5426 = AXIS2_PLACEMENT_3D('',#5427,#5428,#5429);
#5427 = CARTESIAN_POINT('',(-10.,10.,0.));
#5428 = DIRECTION('',(0.,0.,-1.));
#5429 = DIRECTION('',(-1.,0.,0.));
#5430 = ORIENTED_EDGE('',*,*,#5431,.T.);
#5431 = EDGE_CURVE('',#5423,#5432,#5434,.T.);
#5432 = VERTEX_POINT('',#5433);
#5433 = CARTESIAN_POINT('',(-8.399999999906,7.40336756555,0.));
#5434 = CIRCLE('',#5435,3.05);
#5435 = AXIS2_PLACEMENT_3D('',#5436,#5437,#5438);
#5436 = CARTESIAN_POINT('',(-10.,10.,0.));
#5437 = DIRECTION('',(0.,0.,-1.));
#5438 = DIRECTION('',(-1.,0.,0.));
#5439 = ORIENTED_EDGE('',*,*,#5440,.T.);
#5440 = EDGE_CURVE('',#5432,#5441,#5443,.T.);
#5441 = VERTEX_POINT('',#5442);
#5442 = CARTESIAN_POINT('',(-11.60000000008,7.40336756554,0.));
#5443 = CIRCLE('',#5444,3.05);
#5444 = AXIS2_PLACEMENT_3D('',#5445,#5446,#5447);
#5445 = CARTESIAN_POINT('',(-10.,10.,0.));
#5446 = DIRECTION('',(0.,0.,-1.));
#5447 = DIRECTION('',(-1.,0.,0.));
#5448 = ORIENTED_EDGE('',*,*,#5449,.T.);
#5449 = EDGE_CURVE('',#5441,#5407,#5450,.T.);
#5450 = CIRCLE('',#5451,3.05);
#5451 = AXIS2_PLACEMENT_3D('',#5452,#5453,#5454);
#5452 = CARTESIAN_POINT('',(-10.,10.,0.));
#5453 = DIRECTION('',(0.,0.,-1.));
#5454 = DIRECTION('',(-1.,0.,0.));
#5455 = ORIENTED_EDGE('',*,*,#5406,.T.);
#5456 = ORIENTED_EDGE('',*,*,#5457,.F.);
#5457 = EDGE_CURVE('',#5458,#5398,#5460,.T.);
#5458 = VERTEX_POINT('',#5459);
#5459 = CARTESIAN_POINT('',(-11.60000000008,7.403367565536,2.));
#5460 = CIRCLE('',#5461,3.05);
#5461 = AXIS2_PLACEMENT_3D('',#5462,#5463,#5464);
#5462 = CARTESIAN_POINT('',(-10.,10.,2.));
#5463 = DIRECTION('',(0.,0.,-1.));
#5464 = DIRECTION('',(-1.,0.,0.));
#5465 = ORIENTED_EDGE('',*,*,#5466,.T.);
#5466 = EDGE_CURVE('',#5458,#5467,#5469,.T.);
#5467 = VERTEX_POINT('',#5468);
#5468 = CARTESIAN_POINT('',(-11.60000000008,7.40336756554,2.2));
#5469 = LINE('',#5470,#5471);
#5470 = CARTESIAN_POINT('',(-11.60000000008,7.40336756554,0.));
#5471 = VECTOR('',#5472,1.);
#5472 = DIRECTION('',(0.,0.,1.));
#5473 = ORIENTED_EDGE('',*,*,#5474,.F.);
#5474 = EDGE_CURVE('',#5308,#5467,#5475,.T.);
#5475 = CIRCLE('',#5476,3.049999999991);
#5476 = AXIS2_PLACEMENT_3D('',#5477,#5478,#5479);
#5477 = CARTESIAN_POINT('',(-10.,10.,2.2));
#5478 = DIRECTION('',(0.,0.,-1.));
#5479 = DIRECTION('',(1.,0.,0.));
#5480 = CYLINDRICAL_SURFACE('',#5481,3.05);
#5481 = AXIS2_PLACEMENT_3D('',#5482,#5483,#5484);
#5482 = CARTESIAN_POINT('',(-10.,10.,0.));
#5483 = DIRECTION('',(0.,0.,1.));
#5484 = DIRECTION('',(-1.,0.,0.));
#5485 = ADVANCED_FACE('',(#5486),#5504,.F.);
#5486 = FACE_BOUND('',#5487,.F.);
#5487 = EDGE_LOOP('',(#5488,#5489,#5490,#5498));
#5488 = ORIENTED_EDGE('',*,*,#5474,.F.);
#5489 = ORIENTED_EDGE('',*,*,#5315,.T.);
#5490 = ORIENTED_EDGE('',*,*,#5491,.T.);
#5491 = EDGE_CURVE('',#5316,#5492,#5494,.T.);
#5492 = VERTEX_POINT('',#5493);
#5493 = CARTESIAN_POINT('',(-11.60000000003,8.4,2.2));
#5494 = LINE('',#5495,#5496);
#5495 = CARTESIAN_POINT('',(-9.966666666661,8.4,2.2));
#5496 = VECTOR('',#5497,1.);
#5497 = DIRECTION('',(-1.,0.,0.));
#5498 = ORIENTED_EDGE('',*,*,#5499,.F.);
#5499 = EDGE_CURVE('',#5467,#5492,#5500,.T.);
#5500 = LINE('',#5501,#5502);
#5501 = CARTESIAN_POINT('',(-11.60000000008,7.40336756554,2.2));
#5502 = VECTOR('',#5503,1.);
#5503 = DIRECTION('',(1.571891E-11,1.,0.));
#5504 = PLANE('',#5505);
#5505 = AXIS2_PLACEMENT_3D('',#5506,#5507,#5508);
#5506 = CARTESIAN_POINT('',(-8.333333333323,2.333333333327,2.2));
#5507 = DIRECTION('',(0.,0.,1.));
#5508 = DIRECTION('',(1.,0.,0.));
#5509 = ADVANCED_FACE('',(#5510),#5536,.T.);
#5510 = FACE_BOUND('',#5511,.T.);
#5511 = EDGE_LOOP('',(#5512,#5513,#5521,#5529,#5535));
#5512 = ORIENTED_EDGE('',*,*,#5491,.T.);
#5513 = ORIENTED_EDGE('',*,*,#5514,.T.);
#5514 = EDGE_CURVE('',#5492,#5515,#5517,.T.);
#5515 = VERTEX_POINT('',#5516);
#5516 = CARTESIAN_POINT('',(-11.6,8.4,2.4));
#5517 = LINE('',#5518,#5519);
#5518 = CARTESIAN_POINT('',(-11.6,8.4,0.));
#5519 = VECTOR('',#5520,1.);
#5520 = DIRECTION('',(0.,0.,1.));
#5521 = ORIENTED_EDGE('',*,*,#5522,.T.);
#5522 = EDGE_CURVE('',#5515,#5523,#5525,.T.);
#5523 = VERTEX_POINT('',#5524);
#5524 = CARTESIAN_POINT('',(-10.,8.4,2.4));
#5525 = LINE('',#5526,#5527);
#5526 = CARTESIAN_POINT('',(-11.6,8.4,2.4));
#5527 = VECTOR('',#5528,1.);
#5528 = DIRECTION('',(1.,0.,0.));
#5529 = ORIENTED_EDGE('',*,*,#5530,.T.);
#5530 = EDGE_CURVE('',#5523,#5324,#5531,.T.);
#5531 = LINE('',#5532,#5533);
#5532 = CARTESIAN_POINT('',(-11.6,8.4,2.4));
#5533 = VECTOR('',#5534,1.);
#5534 = DIRECTION('',(1.,0.,0.));
#5535 = ORIENTED_EDGE('',*,*,#5323,.F.);
#5536 = PLANE('',#5537);
#5537 = AXIS2_PLACEMENT_3D('',#5538,#5539,#5540);
#5538 = CARTESIAN_POINT('',(-10.,8.4,2.3));
#5539 = DIRECTION('',(0.,1.,0.));
#5540 = DIRECTION('',(0.,0.,1.));
#5541 = ADVANCED_FACE('',(#5542),#5553,.F.);
#5542 = FACE_BOUND('',#5543,.F.);
#5543 = EDGE_LOOP('',(#5544,#5551,#5552));
#5544 = ORIENTED_EDGE('',*,*,#5545,.F.);
#5545 = EDGE_CURVE('',#5523,#5332,#5546,.T.);
#5546 = CIRCLE('',#5547,1.6);
#5547 = AXIS2_PLACEMENT_3D('',#5548,#5549,#5550);
#5548 = CARTESIAN_POINT('',(-10.,10.,2.4));
#5549 = DIRECTION('',(0.,0.,1.));
#5550 = DIRECTION('',(-1.,0.,0.));
#5551 = ORIENTED_EDGE('',*,*,#5530,.T.);
#5552 = ORIENTED_EDGE('',*,*,#5331,.T.);
#5553 = PLANE('',#5554);
#5554 = AXIS2_PLACEMENT_3D('',#5555,#5556,#5557);
#5555 = CARTESIAN_POINT('',(-8.333333333333,2.333333333333,2.4));
#5556 = DIRECTION('',(0.,0.,1.));
#5557 = DIRECTION('',(1.,0.,0.));
#5558 = ADVANCED_FACE('',(#5559),#5577,.F.);
#5559 = FACE_BOUND('',#5560,.F.);
#5560 = EDGE_LOOP('',(#5561,#5570,#5571));
#5561 = ORIENTED_EDGE('',*,*,#5562,.F.);
#5562 = EDGE_CURVE('',#5332,#5563,#5565,.T.);
#5563 = VERTEX_POINT('',#5564);
#5564 = CARTESIAN_POINT('',(-10.,11.6,2.4));
#5565 = CIRCLE('',#5566,1.6);
#5566 = AXIS2_PLACEMENT_3D('',#5567,#5568,#5569);
#5567 = CARTESIAN_POINT('',(-10.,10.,2.4));
#5568 = DIRECTION('',(0.,0.,1.));
#5569 = DIRECTION('',(-1.,0.,0.));
#5570 = ORIENTED_EDGE('',*,*,#5339,.T.);
#5571 = ORIENTED_EDGE('',*,*,#5572,.T.);
#5572 = EDGE_CURVE('',#5340,#5563,#5573,.T.);
#5573 = LINE('',#5574,#5575);
#5574 = CARTESIAN_POINT('',(-8.4,11.6,2.4));
#5575 = VECTOR('',#5576,1.);
#5576 = DIRECTION('',(-1.,0.,0.));
#5577 = PLANE('',#5578);
#5578 = AXIS2_PLACEMENT_3D('',#5579,#5580,#5581);
#5579 = CARTESIAN_POINT('',(-8.333333333333,2.333333333333,2.4));
#5580 = DIRECTION('',(0.,0.,1.));
#5581 = DIRECTION('',(1.,0.,0.));
#5582 = ADVANCED_FACE('',(#5583),#5609,.T.);
#5583 = FACE_BOUND('',#5584,.T.);
#5584 = EDGE_LOOP('',(#5585,#5593,#5594,#5595,#5603));
#5585 = ORIENTED_EDGE('',*,*,#5586,.T.);
#5586 = EDGE_CURVE('',#5587,#5348,#5589,.T.);
#5587 = VERTEX_POINT('',#5588);
#5588 = CARTESIAN_POINT('',(-11.6,11.6,2.2));
#5589 = LINE('',#5590,#5591);
#5590 = CARTESIAN_POINT('',(-8.366666666661,11.6,2.2));
#5591 = VECTOR('',#5592,1.);
#5592 = DIRECTION('',(1.,0.,0.));
#5593 = ORIENTED_EDGE('',*,*,#5347,.T.);
#5594 = ORIENTED_EDGE('',*,*,#5572,.T.);
#5595 = ORIENTED_EDGE('',*,*,#5596,.T.);
#5596 = EDGE_CURVE('',#5563,#5597,#5599,.T.);
#5597 = VERTEX_POINT('',#5598);
#5598 = CARTESIAN_POINT('',(-11.6,11.6,2.4));
#5599 = LINE('',#5600,#5601);
#5600 = CARTESIAN_POINT('',(-8.4,11.6,2.4));
#5601 = VECTOR('',#5602,1.);
#5602 = DIRECTION('',(-1.,0.,0.));
#5603 = ORIENTED_EDGE('',*,*,#5604,.F.);
#5604 = EDGE_CURVE('',#5587,#5597,#5605,.T.);
#5605 = LINE('',#5606,#5607);
#5606 = CARTESIAN_POINT('',(-11.6,11.6,0.));
#5607 = VECTOR('',#5608,1.);
#5608 = DIRECTION('',(0.,0.,1.));
#5609 = PLANE('',#5610);
#5610 = AXIS2_PLACEMENT_3D('',#5611,#5612,#5613);
#5611 = CARTESIAN_POINT('',(-10.,11.6,2.3));
#5612 = DIRECTION('',(-0.,-1.,-0.));
#5613 = DIRECTION('',(0.,0.,-1.));
#5614 = ADVANCED_FACE('',(#5615),#5626,.F.);
#5615 = FACE_BOUND('',#5616,.F.);
#5616 = EDGE_LOOP('',(#5617,#5623,#5624,#5625));
#5617 = ORIENTED_EDGE('',*,*,#5618,.F.);
#5618 = EDGE_CURVE('',#5587,#5381,#5619,.T.);
#5619 = LINE('',#5620,#5621);
#5620 = CARTESIAN_POINT('',(-11.60000000008,7.40336756554,2.2));
#5621 = VECTOR('',#5622,1.);
#5622 = DIRECTION('',(1.571891E-11,1.,0.));
#5623 = ORIENTED_EDGE('',*,*,#5586,.T.);
#5624 = ORIENTED_EDGE('',*,*,#5355,.T.);
#5625 = ORIENTED_EDGE('',*,*,#5380,.F.);
#5626 = PLANE('',#5627);
#5627 = AXIS2_PLACEMENT_3D('',#5628,#5629,#5630);
#5628 = CARTESIAN_POINT('',(-8.333333333323,2.333333333327,2.2));
#5629 = DIRECTION('',(0.,0.,1.));
#5630 = DIRECTION('',(1.,0.,0.));
#5631 = ADVANCED_FACE('',(#5632),#5660,.T.);
#5632 = FACE_BOUND('',#5633,.T.);
#5633 = EDGE_LOOP('',(#5634,#5635,#5636,#5644,#5650,#5651,#5652,#5653,
    #5659));
#5634 = ORIENTED_EDGE('',*,*,#5618,.F.);
#5635 = ORIENTED_EDGE('',*,*,#5604,.T.);
#5636 = ORIENTED_EDGE('',*,*,#5637,.T.);
#5637 = EDGE_CURVE('',#5597,#5638,#5640,.T.);
#5638 = VERTEX_POINT('',#5639);
#5639 = CARTESIAN_POINT('',(-11.6,10.,2.4));
#5640 = LINE('',#5641,#5642);
#5641 = CARTESIAN_POINT('',(-11.6,11.6,2.4));
#5642 = VECTOR('',#5643,1.);
#5643 = DIRECTION('',(0.,-1.,0.));
#5644 = ORIENTED_EDGE('',*,*,#5645,.T.);
#5645 = EDGE_CURVE('',#5638,#5515,#5646,.T.);
#5646 = LINE('',#5647,#5648);
#5647 = CARTESIAN_POINT('',(-11.6,11.6,2.4));
#5648 = VECTOR('',#5649,1.);
#5649 = DIRECTION('',(0.,-1.,0.));
#5650 = ORIENTED_EDGE('',*,*,#5514,.F.);
#5651 = ORIENTED_EDGE('',*,*,#5499,.F.);
#5652 = ORIENTED_EDGE('',*,*,#5466,.F.);
#5653 = ORIENTED_EDGE('',*,*,#5654,.T.);
#5654 = EDGE_CURVE('',#5458,#5390,#5655,.T.);
#5655 = LINE('',#5656,#5657);
#5656 = CARTESIAN_POINT('',(-11.60000000006,8.701683782782,2.));
#5657 = VECTOR('',#5658,1.);
#5658 = DIRECTION('',(1.571891E-11,1.,0.));
#5659 = ORIENTED_EDGE('',*,*,#5389,.T.);
#5660 = PLANE('',#5661);
#5661 = AXIS2_PLACEMENT_3D('',#5662,#5663,#5664);
#5662 = CARTESIAN_POINT('',(-11.60000000002,10.000000000028,
    2.164363123941));
#5663 = DIRECTION('',(1.,-1.338967E-11,-9.77456E-11));
#5664 = DIRECTION('',(9.77456E-11,0.,1.));
#5665 = ADVANCED_FACE('',(#5666),#5671,.T.);
#5666 = FACE_BOUND('',#5667,.T.);
#5667 = EDGE_LOOP('',(#5668,#5669,#5670));
#5668 = ORIENTED_EDGE('',*,*,#5457,.T.);
#5669 = ORIENTED_EDGE('',*,*,#5397,.T.);
#5670 = ORIENTED_EDGE('',*,*,#5654,.F.);
#5671 = PLANE('',#5672);
#5672 = AXIS2_PLACEMENT_3D('',#5673,#5674,#5675);
#5673 = CARTESIAN_POINT('',(-10.,10.,2.));
#5674 = DIRECTION('',(0.,0.,-1.));
#5675 = DIRECTION('',(-1.,0.,0.));
#5676 = ADVANCED_FACE('',(#5677,#5736,#5783,#5833,#5880),#5887,.F.);
#5677 = FACE_BOUND('',#5678,.F.);
#5678 = EDGE_LOOP('',(#5679,#5690,#5698,#5706,#5714,#5722,#5730));
#5679 = ORIENTED_EDGE('',*,*,#5680,.T.);
#5680 = EDGE_CURVE('',#5681,#5683,#5685,.T.);
#5681 = VERTEX_POINT('',#5682);
#5682 = CARTESIAN_POINT('',(41.,-23.,0.));
#5683 = VERTEX_POINT('',#5684);
#5684 = CARTESIAN_POINT('',(45.736429866789,2.106454151278,0.));
#5685 = CIRCLE('',#5686,13.);
#5686 = AXIS2_PLACEMENT_3D('',#5687,#5688,#5689);
#5687 = CARTESIAN_POINT('',(41.,-10.,0.));
#5688 = DIRECTION('',(0.,0.,1.));
#5689 = DIRECTION('',(1.,0.,0.));
#5690 = ORIENTED_EDGE('',*,*,#5691,.T.);
#5691 = EDGE_CURVE('',#5683,#5692,#5694,.T.);
#5692 = VERTEX_POINT('',#5693);
#5693 = CARTESIAN_POINT('',(0.,20.,0.));
#5694 = LINE('',#5695,#5696);
#5695 = CARTESIAN_POINT('',(45.736429866789,2.106454151278,0.));
#5696 = VECTOR('',#5697,1.);
#5697 = DIRECTION('',(-0.931265703944,0.364340758984,0.));
#5698 = ORIENTED_EDGE('',*,*,#5699,.T.);
#5699 = EDGE_CURVE('',#5692,#5700,#5702,.T.);
#5700 = VERTEX_POINT('',#5701);
#5701 = CARTESIAN_POINT('',(-30.,20.,0.));
#5702 = LINE('',#5703,#5704);
#5703 = CARTESIAN_POINT('',(0.,20.,0.));
#5704 = VECTOR('',#5705,1.);
#5705 = DIRECTION('',(-1.,0.,0.));
#5706 = ORIENTED_EDGE('',*,*,#5707,.T.);
#5707 = EDGE_CURVE('',#5700,#5708,#5710,.T.);
#5708 = VERTEX_POINT('',#5709);
#5709 = CARTESIAN_POINT('',(-30.,0.,0.));
#5710 = LINE('',#5711,#5712);
#5711 = CARTESIAN_POINT('',(-30.,20.,0.));
#5712 = VECTOR('',#5713,1.);
#5713 = DIRECTION('',(0.,-1.,0.));
#5714 = ORIENTED_EDGE('',*,*,#5715,.T.);
#5715 = EDGE_CURVE('',#5708,#5716,#5718,.T.);
#5716 = VERTEX_POINT('',#5717);
#5717 = CARTESIAN_POINT('',(0.,0.,0.));
#5718 = LINE('',#5719,#5720);
#5719 = CARTESIAN_POINT('',(-30.,0.,0.));
#5720 = VECTOR('',#5721,1.);
#5721 = DIRECTION('',(1.,0.,0.));
#5722 = ORIENTED_EDGE('',*,*,#5723,.T.);
#5723 = EDGE_CURVE('',#5716,#5724,#5726,.T.);
#5724 = VERTEX_POINT('',#5725);
#5725 = CARTESIAN_POINT('',(0.,-23.,0.));
#5726 = LINE('',#5727,#5728);
#5727 = CARTESIAN_POINT('',(0.,0.,0.));
#5728 = VECTOR('',#5729,1.);
#5729 = DIRECTION('',(0.,-1.,0.));
#5730 = ORIENTED_EDGE('',*,*,#5731,.T.);
#5731 = EDGE_CURVE('',#5724,#5681,#5732,.T.);
#5732 = LINE('',#5733,#5734);
#5733 = CARTESIAN_POINT('',(0.,-23.,0.));
#5734 = VECTOR('',#5735,1.);
#5735 = DIRECTION('',(1.,0.,0.));
#5736 = FACE_BOUND('',#5737,.F.);
#5737 = EDGE_LOOP('',(#5738,#5749,#5758,#5767,#5776));
#5738 = ORIENTED_EDGE('',*,*,#5739,.T.);
#5739 = EDGE_CURVE('',#5740,#5742,#5744,.T.);
#5740 = VERTEX_POINT('',#5741);
#5741 = CARTESIAN_POINT('',(6.95,-13.,0.));
#5742 = VERTEX_POINT('',#5743);
#5743 = CARTESIAN_POINT('',(8.4,-10.40336756548,0.));
#5744 = CIRCLE('',#5745,3.05);
#5745 = AXIS2_PLACEMENT_3D('',#5746,#5747,#5748);
#5746 = CARTESIAN_POINT('',(10.,-13.,0.));
#5747 = DIRECTION('',(0.,0.,-1.));
#5748 = DIRECTION('',(-1.,0.,0.));
#5749 = ORIENTED_EDGE('',*,*,#5750,.T.);
#5750 = EDGE_CURVE('',#5742,#5751,#5753,.T.);
#5751 = VERTEX_POINT('',#5752);
#5752 = CARTESIAN_POINT('',(11.6,-10.40336756548,0.));
#5753 = CIRCLE('',#5754,3.05);
#5754 = AXIS2_PLACEMENT_3D('',#5755,#5756,#5757);
#5755 = CARTESIAN_POINT('',(10.,-13.,0.));
#5756 = DIRECTION('',(0.,0.,-1.));
#5757 = DIRECTION('',(-1.,0.,0.));
#5758 = ORIENTED_EDGE('',*,*,#5759,.T.);
#5759 = EDGE_CURVE('',#5751,#5760,#5762,.T.);
#5760 = VERTEX_POINT('',#5761);
#5761 = CARTESIAN_POINT('',(11.6,-15.59663243452,0.));
#5762 = CIRCLE('',#5763,3.05);
#5763 = AXIS2_PLACEMENT_3D('',#5764,#5765,#5766);
#5764 = CARTESIAN_POINT('',(10.,-13.,0.));
#5765 = DIRECTION('',(0.,0.,-1.));
#5766 = DIRECTION('',(-1.,0.,0.));
#5767 = ORIENTED_EDGE('',*,*,#5768,.T.);
#5768 = EDGE_CURVE('',#5760,#5769,#5771,.T.);
#5769 = VERTEX_POINT('',#5770);
#5770 = CARTESIAN_POINT('',(8.4,-15.59663243452,0.));
#5771 = CIRCLE('',#5772,3.05);
#5772 = AXIS2_PLACEMENT_3D('',#5773,#5774,#5775);
#5773 = CARTESIAN_POINT('',(10.,-13.,0.));
#5774 = DIRECTION('',(0.,0.,-1.));
#5775 = DIRECTION('',(-1.,0.,0.));
#5776 = ORIENTED_EDGE('',*,*,#5777,.T.);
#5777 = EDGE_CURVE('',#5769,#5740,#5778,.T.);
#5778 = CIRCLE('',#5779,3.05);
#5779 = AXIS2_PLACEMENT_3D('',#5780,#5781,#5782);
#5780 = CARTESIAN_POINT('',(10.,-13.,0.));
#5781 = DIRECTION('',(0.,0.,-1.));
#5782 = DIRECTION('',(-1.,0.,0.));
#5783 = FACE_BOUND('',#5784,.F.);
#5784 = EDGE_LOOP('',(#5785,#5795,#5803,#5811,#5819,#5827));
#5785 = ORIENTED_EDGE('',*,*,#5786,.F.);
#5786 = EDGE_CURVE('',#5787,#5789,#5791,.T.);
#5787 = VERTEX_POINT('',#5788);
#5788 = CARTESIAN_POINT('',(32.339745962156,-10.,0.));
#5789 = VERTEX_POINT('',#5790);
#5790 = CARTESIAN_POINT('',(36.669872981078,-17.5,0.));
#5791 = LINE('',#5792,#5793);
#5792 = CARTESIAN_POINT('',(32.339745962156,-10.,0.));
#5793 = VECTOR('',#5794,1.);
#5794 = DIRECTION('',(0.5,-0.866025403784,0.));
#5795 = ORIENTED_EDGE('',*,*,#5796,.F.);
#5796 = EDGE_CURVE('',#5797,#5787,#5799,.T.);
#5797 = VERTEX_POINT('',#5798);
#5798 = CARTESIAN_POINT('',(36.669872981078,-2.5,0.));
#5799 = LINE('',#5800,#5801);
#5800 = CARTESIAN_POINT('',(36.669872981078,-2.5,0.));
#5801 = VECTOR('',#5802,1.);
#5802 = DIRECTION('',(-0.5,-0.866025403784,0.));
#5803 = ORIENTED_EDGE('',*,*,#5804,.F.);
#5804 = EDGE_CURVE('',#5805,#5797,#5807,.T.);
#5805 = VERTEX_POINT('',#5806);
#5806 = CARTESIAN_POINT('',(45.330127018922,-2.5,0.));
#5807 = LINE('',#5808,#5809);
#5808 = CARTESIAN_POINT('',(45.330127018922,-2.5,0.));
#5809 = VECTOR('',#5810,1.);
#5810 = DIRECTION('',(-1.,0.,0.));
#5811 = ORIENTED_EDGE('',*,*,#5812,.F.);
#5812 = EDGE_CURVE('',#5813,#5805,#5815,.T.);
#5813 = VERTEX_POINT('',#5814);
#5814 = CARTESIAN_POINT('',(49.660254037844,-10.,0.));
#5815 = LINE('',#5816,#5817);
#5816 = CARTESIAN_POINT('',(49.660254037844,-10.,0.));
#5817 = VECTOR('',#5818,1.);
#5818 = DIRECTION('',(-0.5,0.866025403784,0.));
#5819 = ORIENTED_EDGE('',*,*,#5820,.F.);
#5820 = EDGE_CURVE('',#5821,#5813,#5823,.T.);
#5821 = VERTEX_POINT('',#5822);
#5822 = CARTESIAN_POINT('',(45.330127018922,-17.5,0.));
#5823 = LINE('',#5824,#5825);
#5824 = CARTESIAN_POINT('',(45.330127018922,-17.5,0.));
#5825 = VECTOR('',#5826,1.);
#5826 = DIRECTION('',(0.5,0.866025403784,0.));
#5827 = ORIENTED_EDGE('',*,*,#5828,.F.);
#5828 = EDGE_CURVE('',#5789,#5821,#5829,.T.);
#5829 = LINE('',#5830,#5831);
#5830 = CARTESIAN_POINT('',(36.669872981078,-17.5,0.));
#5831 = VECTOR('',#5832,1.);
#5832 = DIRECTION('',(1.,0.,0.));
#5833 = FACE_BOUND('',#5834,.F.);
#5834 = EDGE_LOOP('',(#5835,#5846,#5855,#5864,#5873));
#5835 = ORIENTED_EDGE('',*,*,#5836,.T.);
#5836 = EDGE_CURVE('',#5837,#5839,#5841,.T.);
#5837 = VERTEX_POINT('',#5838);
#5838 = CARTESIAN_POINT('',(-28.05,10.,0.));
#5839 = VERTEX_POINT('',#5840);
#5840 = CARTESIAN_POINT('',(-26.60000000007,12.596632434421,0.));
#5841 = CIRCLE('',#5842,3.05);
#5842 = AXIS2_PLACEMENT_3D('',#5843,#5844,#5845);
#5843 = CARTESIAN_POINT('',(-25.,10.,0.));
#5844 = DIRECTION('',(0.,0.,-1.));
#5845 = DIRECTION('',(-1.,0.,0.));
#5846 = ORIENTED_EDGE('',*,*,#5847,.T.);
#5847 = EDGE_CURVE('',#5839,#5848,#5850,.T.);
#5848 = VERTEX_POINT('',#5849);
#5849 = CARTESIAN_POINT('',(-23.40000000006,12.596632434541,0.));
#5850 = CIRCLE('',#5851,3.05);
#5851 = AXIS2_PLACEMENT_3D('',#5852,#5853,#5854);
#5852 = CARTESIAN_POINT('',(-25.,10.,0.));
#5853 = DIRECTION('',(0.,0.,-1.));
#5854 = DIRECTION('',(-1.,0.,0.));
#5855 = ORIENTED_EDGE('',*,*,#5856,.T.);
#5856 = EDGE_CURVE('',#5848,#5857,#5859,.T.);
#5857 = VERTEX_POINT('',#5858);
#5858 = CARTESIAN_POINT('',(-23.4,7.40336756548,0.));
#5859 = CIRCLE('',#5860,3.05);
#5860 = AXIS2_PLACEMENT_3D('',#5861,#5862,#5863);
#5861 = CARTESIAN_POINT('',(-25.,10.,0.));
#5862 = DIRECTION('',(0.,0.,-1.));
#5863 = DIRECTION('',(-1.,0.,0.));
#5864 = ORIENTED_EDGE('',*,*,#5865,.T.);
#5865 = EDGE_CURVE('',#5857,#5866,#5868,.T.);
#5866 = VERTEX_POINT('',#5867);
#5867 = CARTESIAN_POINT('',(-26.6,7.40336756548,0.));
#5868 = CIRCLE('',#5869,3.05);
#5869 = AXIS2_PLACEMENT_3D('',#5870,#5871,#5872);
#5870 = CARTESIAN_POINT('',(-25.,10.,0.));
#5871 = DIRECTION('',(0.,0.,-1.));
#5872 = DIRECTION('',(-1.,0.,0.));
#5873 = ORIENTED_EDGE('',*,*,#5874,.T.);
#5874 = EDGE_CURVE('',#5866,#5837,#5875,.T.);
#5875 = CIRCLE('',#5876,3.05);
#5876 = AXIS2_PLACEMENT_3D('',#5877,#5878,#5879);
#5877 = CARTESIAN_POINT('',(-25.,10.,0.));
#5878 = DIRECTION('',(0.,0.,-1.));
#5879 = DIRECTION('',(-1.,0.,0.));
#5880 = FACE_BOUND('',#5881,.F.);
#5881 = EDGE_LOOP('',(#5882,#5883,#5884,#5885,#5886));
#5882 = ORIENTED_EDGE('',*,*,#5413,.T.);
#5883 = ORIENTED_EDGE('',*,*,#5422,.T.);
#5884 = ORIENTED_EDGE('',*,*,#5431,.T.);
#5885 = ORIENTED_EDGE('',*,*,#5440,.T.);
#5886 = ORIENTED_EDGE('',*,*,#5449,.T.);
#5887 = PLANE('',#5888);
#5888 = AXIS2_PLACEMENT_3D('',#5889,#5890,#5891);
#5889 = CARTESIAN_POINT('',(15.404295192047,-2.811591259924,0.));
#5890 = DIRECTION('',(0.,0.,1.));
#5891 = DIRECTION('',(1.,0.,0.));
#5892 = ADVANCED_FACE('',(#5893),#5904,.F.);
#5893 = FACE_BOUND('',#5894,.F.);
#5894 = EDGE_LOOP('',(#5895,#5896,#5897));
#5895 = ORIENTED_EDGE('',*,*,#5645,.T.);
#5896 = ORIENTED_EDGE('',*,*,#5522,.T.);
#5897 = ORIENTED_EDGE('',*,*,#5898,.F.);
#5898 = EDGE_CURVE('',#5638,#5523,#5899,.T.);
#5899 = CIRCLE('',#5900,1.6);
#5900 = AXIS2_PLACEMENT_3D('',#5901,#5902,#5903);
#5901 = CARTESIAN_POINT('',(-10.,10.,2.4));
#5902 = DIRECTION('',(0.,0.,1.));
#5903 = DIRECTION('',(-1.,0.,0.));
#5904 = PLANE('',#5905);
#5905 = AXIS2_PLACEMENT_3D('',#5906,#5907,#5908);
#5906 = CARTESIAN_POINT('',(-8.333333333333,2.333333333333,2.4));
#5907 = DIRECTION('',(0.,0.,1.));
#5908 = DIRECTION('',(1.,0.,0.));
#5909 = ADVANCED_FACE('',(#5910),#5938,.F.);
#5910 = FACE_BOUND('',#5911,.T.);
#5911 = EDGE_LOOP('',(#5912,#5913,#5921,#5928,#5929,#5936,#5937));
#5912 = ORIENTED_EDGE('',*,*,#5898,.F.);
#5913 = ORIENTED_EDGE('',*,*,#5914,.T.);
#5914 = EDGE_CURVE('',#5638,#5915,#5917,.T.);
#5915 = VERTEX_POINT('',#5916);
#5916 = CARTESIAN_POINT('',(-11.6,10.,5.));
#5917 = LINE('',#5918,#5919);
#5918 = CARTESIAN_POINT('',(-11.6,10.,2.));
#5919 = VECTOR('',#5920,1.);
#5920 = DIRECTION('',(6.E-17,0.,1.));
#5921 = ORIENTED_EDGE('',*,*,#5922,.T.);
#5922 = EDGE_CURVE('',#5915,#5915,#5923,.T.);
#5923 = CIRCLE('',#5924,1.6);
#5924 = AXIS2_PLACEMENT_3D('',#5925,#5926,#5927);
#5925 = CARTESIAN_POINT('',(-10.,10.,5.));
#5926 = DIRECTION('',(0.,0.,1.));
#5927 = DIRECTION('',(-1.,0.,0.));
#5928 = ORIENTED_EDGE('',*,*,#5914,.F.);
#5929 = ORIENTED_EDGE('',*,*,#5930,.F.);
#5930 = EDGE_CURVE('',#5563,#5638,#5931,.T.);
#5931 = CIRCLE('',#5932,1.6);
#5932 = AXIS2_PLACEMENT_3D('',#5933,#5934,#5935);
#5933 = CARTESIAN_POINT('',(-10.,10.,2.4));
#5934 = DIRECTION('',(0.,0.,1.));
#5935 = DIRECTION('',(-1.,0.,0.));
#5936 = ORIENTED_EDGE('',*,*,#5562,.F.);
#5937 = ORIENTED_EDGE('',*,*,#5545,.F.);
#5938 = CYLINDRICAL_SURFACE('',#5939,1.6);
#5939 = AXIS2_PLACEMENT_3D('',#5940,#5941,#5942);
#5940 = CARTESIAN_POINT('',(-10.,10.,2.));
#5941 = DIRECTION('',(0.,0.,1.));
#5942 = DIRECTION('',(-1.,0.,0.));
#5943 = ADVANCED_FACE('',(#5944),#5949,.F.);
#5944 = FACE_BOUND('',#5945,.F.);
#5945 = EDGE_LOOP('',(#5946,#5947,#5948));
#5946 = ORIENTED_EDGE('',*,*,#5637,.T.);
#5947 = ORIENTED_EDGE('',*,*,#5930,.F.);
#5948 = ORIENTED_EDGE('',*,*,#5596,.T.);
#5949 = PLANE('',#5950);
#5950 = AXIS2_PLACEMENT_3D('',#5951,#5952,#5953);
#5951 = CARTESIAN_POINT('',(-8.333333333333,2.333333333333,2.4));
#5952 = DIRECTION('',(0.,0.,1.));
#5953 = DIRECTION('',(1.,0.,0.));
#5954 = ADVANCED_FACE('',(#5955),#6033,.T.);
#5955 = FACE_BOUND('',#5956,.F.);
#5956 = EDGE_LOOP('',(#5957,#5965,#5966,#5974,#5993,#6018,#6026));
#5957 = ORIENTED_EDGE('',*,*,#5958,.F.);
#5958 = EDGE_CURVE('',#5683,#5959,#5961,.T.);
#5959 = VERTEX_POINT('',#5960);
#5960 = CARTESIAN_POINT('',(45.736429866789,2.106454151278,25.));
#5961 = LINE('',#5962,#5963);
#5962 = CARTESIAN_POINT('',(45.736429866789,2.106454151278,5.));
#5963 = VECTOR('',#5964,1.);
#5964 = DIRECTION('',(0.,0.,1.));
#5965 = ORIENTED_EDGE('',*,*,#5680,.F.);
#5966 = ORIENTED_EDGE('',*,*,#5967,.T.);
#5967 = EDGE_CURVE('',#5681,#5968,#5970,.T.);
#5968 = VERTEX_POINT('',#5969);
#5969 = CARTESIAN_POINT('',(41.,-23.,13.3));
#5970 = LINE('',#5971,#5972);
#5971 = CARTESIAN_POINT('',(41.,-23.,0.));
#5972 = VECTOR('',#5973,1.);
#5973 = DIRECTION('',(0.,0.,1.));
#5974 = ORIENTED_EDGE('',*,*,#5975,.T.);
#5975 = EDGE_CURVE('',#5968,#5976,#5978,.T.);
#5976 = VERTEX_POINT('',#5977);
#5977 = CARTESIAN_POINT('',(42.7,-22.88836684766,15.));
#5978 = B_SPLINE_CURVE_WITH_KNOTS('',7,(#5979,#5980,#5981,#5982,#5983,
    #5984,#5985,#5986,#5987,#5988,#5989,#5990,#5991,#5992),
  .UNSPECIFIED.,.F.,.F.,(8,6,8),(0.,0.454078941848,1.),.UNSPECIFIED.);
#5979 = CARTESIAN_POINT('',(41.,-23.,13.3));
#5980 = CARTESIAN_POINT('',(41.205296389824,-23.,13.3));
#5981 = CARTESIAN_POINT('',(41.406640431489,-22.99621753564,
    13.328923984374));
#5982 = CARTESIAN_POINT('',(41.598922898682,-22.9889153318,
    13.384768380342));
#5983 = CARTESIAN_POINT('',(41.77762750756,-22.97890362333,
    13.464364539623));
#5984 = CARTESIAN_POINT('',(41.939100712789,-22.96739029811,
    13.563448972548));
#5985 = CARTESIAN_POINT('',(42.080884835356,-22.95555877939,
    13.676721779322));
#5986 = CARTESIAN_POINT('',(42.347791492968,-22.93077231203,
    13.943628436934));
#5987 = CARTESIAN_POINT('',(42.467179950034,-22.91775506253,
    14.104227646511));
#5988 = CARTESIAN_POINT('',(42.561186747228,-22.90641201019,
    14.274843860405));
#5989 = CARTESIAN_POINT('',(42.630845405584,-22.89748872793,
    14.452113618363));
#5990 = CARTESIAN_POINT('',(42.676960522533,-22.89140573673,
    14.633472073229));
#5991 = CARTESIAN_POINT('',(42.7,-22.88836684766,14.816771713501));
#5992 = CARTESIAN_POINT('',(42.7,-22.88836684766,15.));
#5993 = ORIENTED_EDGE('',*,*,#5994,.T.);
#5994 = EDGE_CURVE('',#5976,#5995,#5997,.T.);
#5995 = VERTEX_POINT('',#5996);
#5996 = CARTESIAN_POINT('',(41.,-23.,16.7));
#5997 = B_SPLINE_CURVE_WITH_KNOTS('',7,(#5998,#5999,#6000,#6001,#6002,
    #6003,#6004,#6005,#6006,#6007,#6008,#6009,#6010,#6011,#6012,#6013,
    #6014,#6015,#6016,#6017),.UNSPECIFIED.,.F.,.F.,(8,6,6,8),(0.,
    0.503252934517,0.791161002024,1.),.UNSPECIFIED.);
#5998 = CARTESIAN_POINT('',(42.7,-22.88836684766,15.));
#5999 = CARTESIAN_POINT('',(42.7,-22.88836684766,15.169662851983));
#6000 = CARTESIAN_POINT('',(42.680245563224,-22.89097247693,
    15.339218884204));
#6001 = CARTESIAN_POINT('',(42.640779237592,-22.89617825432,
    15.507200734092));
#6002 = CARTESIAN_POINT('',(42.581232606429,-22.90383826033,
    15.672000953059));
#6003 = CARTESIAN_POINT('',(42.500965770399,-22.91365201872,
    15.831649895921));
#6004 = CARTESIAN_POINT('',(42.399191330125,-22.92508373802,
    15.983576930718));
#6005 = CARTESIAN_POINT('',(42.204247704915,-22.94429870641,
    16.204697069175));
#6006 = CARTESIAN_POINT('',(42.125864450563,-22.95156645699,
    16.281663372015));
#6007 = CARTESIAN_POINT('',(42.04003593693,-22.95893775254,
    16.354213120617));
#6008 = CARTESIAN_POINT('',(41.946856655812,-22.9662049102,
    16.42139647281));
#6009 = CARTESIAN_POINT('',(41.846525962809,-22.97312966245,
    16.482224717078));
#6010 = CARTESIAN_POINT('',(41.739360493127,-22.97945566381,
    16.53566289411));
#6011 = CARTESIAN_POINT('',(41.543447226055,-22.98889775089,
    16.613230443839));
#6012 = CARTESIAN_POINT('',(41.457734625582,-22.99241773837,
    16.641374300084));
#6013 = CARTESIAN_POINT('',(41.36921955991,-22.99537331328,
    16.664489723078));
#6014 = CARTESIAN_POINT('',(41.278515288003,-22.9976650107,
    16.682144471664));
#6015 = CARTESIAN_POINT('',(41.186282984118,-22.99922027775,
    16.69403730578));
#6016 = CARTESIAN_POINT('',(41.093211984118,-23.,16.7));
#6017 = CARTESIAN_POINT('',(41.,-23.,16.7));
#6018 = ORIENTED_EDGE('',*,*,#6019,.T.);
#6019 = EDGE_CURVE('',#5995,#6020,#6022,.T.);
#6020 = VERTEX_POINT('',#6021);
#6021 = CARTESIAN_POINT('',(41.,-23.,25.));
#6022 = LINE('',#6023,#6024);
#6023 = CARTESIAN_POINT('',(41.,-23.,0.));
#6024 = VECTOR('',#6025,1.);
#6025 = DIRECTION('',(0.,0.,1.));
#6026 = ORIENTED_EDGE('',*,*,#6027,.T.);
#6027 = EDGE_CURVE('',#6020,#5959,#6028,.T.);
#6028 = CIRCLE('',#6029,13.);
#6029 = AXIS2_PLACEMENT_3D('',#6030,#6031,#6032);
#6030 = CARTESIAN_POINT('',(41.,-10.,25.));
#6031 = DIRECTION('',(0.,0.,1.));
#6032 = DIRECTION('',(1.,0.,0.));
#6033 = CYLINDRICAL_SURFACE('',#6034,13.);
#6034 = AXIS2_PLACEMENT_3D('',#6035,#6036,#6037);
#6035 = CARTESIAN_POINT('',(41.,-10.,0.));
#6036 = DIRECTION('',(-0.,-0.,-1.));
#6037 = DIRECTION('',(1.,0.,0.));
#6038 = ADVANCED_FACE('',(#6039),#6081,.T.);
#6039 = FACE_BOUND('',#6040,.T.);
#6040 = EDGE_LOOP('',(#6041,#6049,#6057,#6065,#6071,#6072,#6073,#6080));
#6041 = ORIENTED_EDGE('',*,*,#6042,.F.);
#6042 = EDGE_CURVE('',#6043,#6020,#6045,.T.);
#6043 = VERTEX_POINT('',#6044);
#6044 = CARTESIAN_POINT('',(21.,-23.,25.));
#6045 = LINE('',#6046,#6047);
#6046 = CARTESIAN_POINT('',(20.,-23.,25.));
#6047 = VECTOR('',#6048,1.);
#6048 = DIRECTION('',(1.,0.,0.));
#6049 = ORIENTED_EDGE('',*,*,#6050,.F.);
#6050 = EDGE_CURVE('',#6051,#6043,#6053,.T.);
#6051 = VERTEX_POINT('',#6052);
#6052 = CARTESIAN_POINT('',(21.,-23.,5.));
#6053 = LINE('',#6054,#6055);
#6054 = CARTESIAN_POINT('',(21.,-23.,5.));
#6055 = VECTOR('',#6056,1.);
#6056 = DIRECTION('',(0.,0.,1.));
#6057 = ORIENTED_EDGE('',*,*,#6058,.F.);
#6058 = EDGE_CURVE('',#6059,#6051,#6061,.T.);
#6059 = VERTEX_POINT('',#6060);
#6060 = CARTESIAN_POINT('',(0.,-23.,5.));
#6061 = LINE('',#6062,#6063);
#6062 = CARTESIAN_POINT('',(0.,-23.,5.));
#6063 = VECTOR('',#6064,1.);
#6064 = DIRECTION('',(1.,0.,0.));
#6065 = ORIENTED_EDGE('',*,*,#6066,.F.);
#6066 = EDGE_CURVE('',#5724,#6059,#6067,.T.);
#6067 = LINE('',#6068,#6069);
#6068 = CARTESIAN_POINT('',(0.,-23.,0.));
#6069 = VECTOR('',#6070,1.);
#6070 = DIRECTION('',(0.,0.,1.));
#6071 = ORIENTED_EDGE('',*,*,#5731,.T.);
#6072 = ORIENTED_EDGE('',*,*,#5967,.T.);
#6073 = ORIENTED_EDGE('',*,*,#6074,.F.);
#6074 = EDGE_CURVE('',#5995,#5968,#6075,.T.);
#6075 = CIRCLE('',#6076,1.7);
#6076 = AXIS2_PLACEMENT_3D('',#6077,#6078,#6079);
#6077 = CARTESIAN_POINT('',(41.,-23.,15.));
#6078 = DIRECTION('',(0.,-1.,0.));
#6079 = DIRECTION('',(1.,0.,0.));
#6080 = ORIENTED_EDGE('',*,*,#6019,.T.);
#6081 = PLANE('',#6082);
#6082 = AXIS2_PLACEMENT_3D('',#6083,#6084,#6085);
#6083 = CARTESIAN_POINT('',(23.530303030303,-23.,9.469696969697));
#6084 = DIRECTION('',(-0.,-1.,-0.));
#6085 = DIRECTION('',(0.,0.,-1.));
#6086 = ADVANCED_FACE('',(#6087),#6121,.T.);
#6087 = FACE_BOUND('',#6088,.T.);
#6088 = EDGE_LOOP('',(#6089,#6097,#6098,#6099,#6107,#6115));
#6089 = ORIENTED_EDGE('',*,*,#6090,.F.);
#6090 = EDGE_CURVE('',#5959,#6091,#6093,.T.);
#6091 = VERTEX_POINT('',#6092);
#6092 = CARTESIAN_POINT('',(1.364340758984,19.46622650707,25.));
#6093 = LINE('',#6094,#6095);
#6094 = CARTESIAN_POINT('',(45.736429866789,2.106454151278,25.));
#6095 = VECTOR('',#6096,1.);
#6096 = DIRECTION('',(-0.931265703944,0.364340758984,0.));
#6097 = ORIENTED_EDGE('',*,*,#5958,.F.);
#6098 = ORIENTED_EDGE('',*,*,#5691,.T.);
#6099 = ORIENTED_EDGE('',*,*,#6100,.T.);
#6100 = EDGE_CURVE('',#5692,#6101,#6103,.T.);
#6101 = VERTEX_POINT('',#6102);
#6102 = CARTESIAN_POINT('',(0.,20.,5.));
#6103 = LINE('',#6104,#6105);
#6104 = CARTESIAN_POINT('',(0.,20.,0.));
#6105 = VECTOR('',#6106,1.);
#6106 = DIRECTION('',(0.,0.,1.));
#6107 = ORIENTED_EDGE('',*,*,#6108,.T.);
#6108 = EDGE_CURVE('',#6101,#6109,#6111,.T.);
#6109 = VERTEX_POINT('',#6110);
#6110 = CARTESIAN_POINT('',(1.364340758984,19.46622650707,5.));
#6111 = LINE('',#6112,#6113);
#6112 = CARTESIAN_POINT('',(21.983803983789,11.399236764676,5.));
#6113 = VECTOR('',#6114,1.);
#6114 = DIRECTION('',(0.931265703944,-0.364340758984,0.));
#6115 = ORIENTED_EDGE('',*,*,#6116,.T.);
#6116 = EDGE_CURVE('',#6109,#6091,#6117,.T.);
#6117 = LINE('',#6118,#6119);
#6118 = CARTESIAN_POINT('',(1.364340758984,19.46622650707,5.));
#6119 = VECTOR('',#6120,1.);
#6120 = DIRECTION('',(0.,0.,1.));
#6121 = PLANE('',#6122);
#6122 = AXIS2_PLACEMENT_3D('',#6123,#6124,#6125);
#6123 = CARTESIAN_POINT('',(22.868214933394,11.053227075639,12.5));
#6124 = DIRECTION('',(0.364340758984,0.931265703944,0.));
#6125 = DIRECTION('',(0.931265703944,-0.364340758984,0.));
#6126 = ADVANCED_FACE('',(#6127),#6160,.F.);
#6127 = FACE_BOUND('',#6128,.F.);
#6128 = EDGE_LOOP('',(#6129,#6137,#6152,#6158,#6159));
#6129 = ORIENTED_EDGE('',*,*,#6130,.T.);
#6130 = EDGE_CURVE('',#5716,#6131,#6133,.T.);
#6131 = VERTEX_POINT('',#6132);
#6132 = CARTESIAN_POINT('',(0.,0.,4.));
#6133 = LINE('',#6134,#6135);
#6134 = CARTESIAN_POINT('',(0.,0.,0.));
#6135 = VECTOR('',#6136,1.);
#6136 = DIRECTION('',(0.,0.,1.));
#6137 = ORIENTED_EDGE('',*,*,#6138,.T.);
#6138 = EDGE_CURVE('',#6131,#6139,#6141,.T.);
#6139 = VERTEX_POINT('',#6140);
#6140 = CARTESIAN_POINT('',(0.,-1.,5.));
#6141 = B_SPLINE_CURVE_WITH_KNOTS('',9,(#6142,#6143,#6144,#6145,#6146,
    #6147,#6148,#6149,#6150,#6151),.UNSPECIFIED.,.F.,.F.,(10,10),(0.,1.)
  ,.PIECEWISE_BEZIER_KNOTS.);
#6142 = CARTESIAN_POINT('',(0.,0.,4.));
#6143 = CARTESIAN_POINT('',(0.,-1.E-17,4.175415945012));
#6144 = CARTESIAN_POINT('',(0.,-3.063901439597E-02,4.350833805769));
#6145 = CARTESIAN_POINT('',(0.,-9.499356314548E-02,4.520124078745));
#6146 = CARTESIAN_POINT('',(0.,-0.193894402661,4.675079084139));
#6147 = CARTESIAN_POINT('',(0.,-0.324920915861,4.806105597339));
#6148 = CARTESIAN_POINT('',(0.,-0.479875921255,4.905006436855));
#6149 = CARTESIAN_POINT('',(0.,-0.649166194231,4.969360985604));
#6150 = CARTESIAN_POINT('',(0.,-0.824584054988,5.));
#6151 = CARTESIAN_POINT('',(0.,-1.,5.));
#6152 = ORIENTED_EDGE('',*,*,#6153,.T.);
#6153 = EDGE_CURVE('',#6139,#6059,#6154,.T.);
#6154 = LINE('',#6155,#6156);
#6155 = CARTESIAN_POINT('',(0.,0.,5.));
#6156 = VECTOR('',#6157,1.);
#6157 = DIRECTION('',(0.,-1.,0.));
#6158 = ORIENTED_EDGE('',*,*,#6066,.F.);
#6159 = ORIENTED_EDGE('',*,*,#5723,.F.);
#6160 = PLANE('',#6161);
#6161 = AXIS2_PLACEMENT_3D('',#6162,#6163,#6164);
#6162 = CARTESIAN_POINT('',(0.,0.,0.));
#6163 = DIRECTION('',(1.,0.,0.));
#6164 = DIRECTION('',(0.,-1.,0.));
#6165 = ADVANCED_FACE('',(#6166),#6184,.F.);
#6166 = FACE_BOUND('',#6167,.F.);
#6167 = EDGE_LOOP('',(#6168,#6169,#6177,#6183));
#6168 = ORIENTED_EDGE('',*,*,#6100,.T.);
#6169 = ORIENTED_EDGE('',*,*,#6170,.T.);
#6170 = EDGE_CURVE('',#6101,#6171,#6173,.T.);
#6171 = VERTEX_POINT('',#6172);
#6172 = CARTESIAN_POINT('',(-30.,20.,5.));
#6173 = LINE('',#6174,#6175);
#6174 = CARTESIAN_POINT('',(0.,20.,5.));
#6175 = VECTOR('',#6176,1.);
#6176 = DIRECTION('',(-1.,0.,0.));
#6177 = ORIENTED_EDGE('',*,*,#6178,.F.);
#6178 = EDGE_CURVE('',#5700,#6171,#6179,.T.);
#6179 = LINE('',#6180,#6181);
#6180 = CARTESIAN_POINT('',(-30.,20.,0.));
#6181 = VECTOR('',#6182,1.);
#6182 = DIRECTION('',(0.,0.,1.));
#6183 = ORIENTED_EDGE('',*,*,#5699,.F.);
#6184 = PLANE('',#6185);
#6185 = AXIS2_PLACEMENT_3D('',#6186,#6187,#6188);
#6186 = CARTESIAN_POINT('',(0.,20.,0.));
#6187 = DIRECTION('',(0.,-1.,0.));
#6188 = DIRECTION('',(-1.,0.,0.));
#6189 = ADVANCED_FACE('',(#6190),#6223,.F.);
#6190 = FACE_BOUND('',#6191,.F.);
#6191 = EDGE_LOOP('',(#6192,#6193,#6194,#6202,#6210));
#6192 = ORIENTED_EDGE('',*,*,#6130,.F.);
#6193 = ORIENTED_EDGE('',*,*,#5715,.F.);
#6194 = ORIENTED_EDGE('',*,*,#6195,.T.);
#6195 = EDGE_CURVE('',#5708,#6196,#6198,.T.);
#6196 = VERTEX_POINT('',#6197);
#6197 = CARTESIAN_POINT('',(-30.,0.,5.));
#6198 = LINE('',#6199,#6200);
#6199 = CARTESIAN_POINT('',(-30.,0.,0.));
#6200 = VECTOR('',#6201,1.);
#6201 = DIRECTION('',(0.,0.,1.));
#6202 = ORIENTED_EDGE('',*,*,#6203,.T.);
#6203 = EDGE_CURVE('',#6196,#6204,#6206,.T.);
#6204 = VERTEX_POINT('',#6205);
#6205 = CARTESIAN_POINT('',(-1.,0.,5.));
#6206 = LINE('',#6207,#6208);
#6207 = CARTESIAN_POINT('',(-30.,0.,5.));
#6208 = VECTOR('',#6209,1.);
#6209 = DIRECTION('',(1.,0.,0.));
#6210 = ORIENTED_EDGE('',*,*,#6211,.T.);
#6211 = EDGE_CURVE('',#6204,#6131,#6212,.T.);
#6212 = B_SPLINE_CURVE_WITH_KNOTS('',9,(#6213,#6214,#6215,#6216,#6217,
    #6218,#6219,#6220,#6221,#6222),.UNSPECIFIED.,.F.,.F.,(10,10),(0.,1.)
  ,.PIECEWISE_BEZIER_KNOTS.);
#6213 = CARTESIAN_POINT('',(-1.,0.,5.));
#6214 = CARTESIAN_POINT('',(-0.824584054988,0.,5.));
#6215 = CARTESIAN_POINT('',(-0.649166194231,0.,4.969360985604));
#6216 = CARTESIAN_POINT('',(-0.479875921255,0.,4.905006436855));
#6217 = CARTESIAN_POINT('',(-0.324920915862,0.,4.806105597339));
#6218 = CARTESIAN_POINT('',(-0.193894402661,0.,4.675079084139));
#6219 = CARTESIAN_POINT('',(-9.499356314549E-02,0.,4.520124078745));
#6220 = CARTESIAN_POINT('',(-3.063901439597E-02,0.,4.350833805769));
#6221 = CARTESIAN_POINT('',(0.,0.,4.175415945012));
#6222 = CARTESIAN_POINT('',(0.,0.,4.));
#6223 = PLANE('',#6224);
#6224 = AXIS2_PLACEMENT_3D('',#6225,#6226,#6227);
#6225 = CARTESIAN_POINT('',(-30.,0.,0.));
#6226 = DIRECTION('',(0.,1.,0.));
#6227 = DIRECTION('',(1.,0.,0.));
#6228 = ADVANCED_FACE('',(#6229),#6240,.F.);
#6229 = FACE_BOUND('',#6230,.F.);
#6230 = EDGE_LOOP('',(#6231,#6232,#6238,#6239));
#6231 = ORIENTED_EDGE('',*,*,#6178,.T.);
#6232 = ORIENTED_EDGE('',*,*,#6233,.T.);
#6233 = EDGE_CURVE('',#6171,#6196,#6234,.T.);
#6234 = LINE('',#6235,#6236);
#6235 = CARTESIAN_POINT('',(-30.,20.,5.));
#6236 = VECTOR('',#6237,1.);
#6237 = DIRECTION('',(0.,-1.,0.));
#6238 = ORIENTED_EDGE('',*,*,#6195,.F.);
#6239 = ORIENTED_EDGE('',*,*,#5707,.F.);
#6240 = PLANE('',#6241);
#6241 = AXIS2_PLACEMENT_3D('',#6242,#6243,#6244);
#6242 = CARTESIAN_POINT('',(-30.,20.,0.));
#6243 = DIRECTION('',(1.,0.,0.));
#6244 = DIRECTION('',(0.,-1.,0.));
#6245 = ADVANCED_FACE('',(#6246),#6336,.F.);
#6246 = FACE_BOUND('',#6247,.T.);
#6247 = EDGE_LOOP('',(#6248,#6258,#6267,#6275,#6284,#6292,#6301,#6306,
    #6307,#6308,#6309,#6310,#6311,#6312,#6321,#6329));
#6248 = ORIENTED_EDGE('',*,*,#6249,.F.);
#6249 = EDGE_CURVE('',#6250,#6252,#6254,.T.);
#6250 = VERTEX_POINT('',#6251);
#6251 = CARTESIAN_POINT('',(11.6,-15.59663243452,2.));
#6252 = VERTEX_POINT('',#6253);
#6253 = CARTESIAN_POINT('',(11.6,-15.59663243452,2.2));
#6254 = LINE('',#6255,#6256);
#6255 = CARTESIAN_POINT('',(11.6,-15.59663243452,0.));
#6256 = VECTOR('',#6257,1.);
#6257 = DIRECTION('',(0.,0.,1.));
#6258 = ORIENTED_EDGE('',*,*,#6259,.F.);
#6259 = EDGE_CURVE('',#6260,#6250,#6262,.T.);
#6260 = VERTEX_POINT('',#6261);
#6261 = CARTESIAN_POINT('',(11.6,-10.40336756548,2.));
#6262 = CIRCLE('',#6263,3.05);
#6263 = AXIS2_PLACEMENT_3D('',#6264,#6265,#6266);
#6264 = CARTESIAN_POINT('',(10.,-13.,2.));
#6265 = DIRECTION('',(0.,0.,-1.));
#6266 = DIRECTION('',(-1.,0.,0.));
#6267 = ORIENTED_EDGE('',*,*,#6268,.T.);
#6268 = EDGE_CURVE('',#6260,#6269,#6271,.T.);
#6269 = VERTEX_POINT('',#6270);
#6270 = CARTESIAN_POINT('',(11.6,-10.40336756548,2.2));
#6271 = LINE('',#6272,#6273);
#6272 = CARTESIAN_POINT('',(11.6,-10.40336756548,0.));
#6273 = VECTOR('',#6274,1.);
#6274 = DIRECTION('',(0.,0.,1.));
#6275 = ORIENTED_EDGE('',*,*,#6276,.F.);
#6276 = EDGE_CURVE('',#6277,#6269,#6279,.T.);
#6277 = VERTEX_POINT('',#6278);
#6278 = CARTESIAN_POINT('',(8.4,-10.40336756548,2.2));
#6279 = CIRCLE('',#6280,3.05);
#6280 = AXIS2_PLACEMENT_3D('',#6281,#6282,#6283);
#6281 = CARTESIAN_POINT('',(10.,-13.,2.2));
#6282 = DIRECTION('',(0.,0.,-1.));
#6283 = DIRECTION('',(1.,0.,0.));
#6284 = ORIENTED_EDGE('',*,*,#6285,.F.);
#6285 = EDGE_CURVE('',#6286,#6277,#6288,.T.);
#6286 = VERTEX_POINT('',#6287);
#6287 = CARTESIAN_POINT('',(8.4,-10.40336756548,2.));
#6288 = LINE('',#6289,#6290);
#6289 = CARTESIAN_POINT('',(8.4,-10.40336756548,0.));
#6290 = VECTOR('',#6291,1.);
#6291 = DIRECTION('',(0.,0.,1.));
#6292 = ORIENTED_EDGE('',*,*,#6293,.F.);
#6293 = EDGE_CURVE('',#6294,#6286,#6296,.T.);
#6294 = VERTEX_POINT('',#6295);
#6295 = CARTESIAN_POINT('',(6.95,-13.,2.));
#6296 = CIRCLE('',#6297,3.05);
#6297 = AXIS2_PLACEMENT_3D('',#6298,#6299,#6300);
#6298 = CARTESIAN_POINT('',(10.,-13.,2.));
#6299 = DIRECTION('',(0.,0.,-1.));
#6300 = DIRECTION('',(-1.,0.,0.));
#6301 = ORIENTED_EDGE('',*,*,#6302,.F.);
#6302 = EDGE_CURVE('',#5740,#6294,#6303,.T.);
#6303 = B_SPLINE_CURVE_WITH_KNOTS('',1,(#6304,#6305),.UNSPECIFIED.,.F.,
  .F.,(2,2),(0.,2.),.PIECEWISE_BEZIER_KNOTS.);
#6304 = CARTESIAN_POINT('',(6.95,-13.,0.));
#6305 = CARTESIAN_POINT('',(6.95,-13.,2.));
#6306 = ORIENTED_EDGE('',*,*,#5739,.T.);
#6307 = ORIENTED_EDGE('',*,*,#5750,.T.);
#6308 = ORIENTED_EDGE('',*,*,#5759,.T.);
#6309 = ORIENTED_EDGE('',*,*,#5768,.T.);
#6310 = ORIENTED_EDGE('',*,*,#5777,.T.);
#6311 = ORIENTED_EDGE('',*,*,#6302,.T.);
#6312 = ORIENTED_EDGE('',*,*,#6313,.F.);
#6313 = EDGE_CURVE('',#6314,#6294,#6316,.T.);
#6314 = VERTEX_POINT('',#6315);
#6315 = CARTESIAN_POINT('',(8.4,-15.59663243452,2.));
#6316 = CIRCLE('',#6317,3.05);
#6317 = AXIS2_PLACEMENT_3D('',#6318,#6319,#6320);
#6318 = CARTESIAN_POINT('',(10.,-13.,2.));
#6319 = DIRECTION('',(0.,0.,-1.));
#6320 = DIRECTION('',(-1.,0.,0.));
#6321 = ORIENTED_EDGE('',*,*,#6322,.T.);
#6322 = EDGE_CURVE('',#6314,#6323,#6325,.T.);
#6323 = VERTEX_POINT('',#6324);
#6324 = CARTESIAN_POINT('',(8.4,-15.59663243452,2.2));
#6325 = LINE('',#6326,#6327);
#6326 = CARTESIAN_POINT('',(8.4,-15.59663243452,0.));
#6327 = VECTOR('',#6328,1.);
#6328 = DIRECTION('',(0.,0.,1.));
#6329 = ORIENTED_EDGE('',*,*,#6330,.F.);
#6330 = EDGE_CURVE('',#6252,#6323,#6331,.T.);
#6331 = CIRCLE('',#6332,3.05);
#6332 = AXIS2_PLACEMENT_3D('',#6333,#6334,#6335);
#6333 = CARTESIAN_POINT('',(10.,-13.,2.2));
#6334 = DIRECTION('',(0.,0.,-1.));
#6335 = DIRECTION('',(1.,0.,0.));
#6336 = CYLINDRICAL_SURFACE('',#6337,3.05);
#6337 = AXIS2_PLACEMENT_3D('',#6338,#6339,#6340);
#6338 = CARTESIAN_POINT('',(10.,-13.,0.));
#6339 = DIRECTION('',(0.,0.,1.));
#6340 = DIRECTION('',(-1.,0.,0.));
#6341 = ADVANCED_FACE('',(#6342),#6367,.T.);
#6342 = FACE_BOUND('',#6343,.T.);
#6343 = EDGE_LOOP('',(#6344,#6352,#6360,#6366));
#6344 = ORIENTED_EDGE('',*,*,#6345,.T.);
#6345 = EDGE_CURVE('',#5787,#6346,#6348,.T.);
#6346 = VERTEX_POINT('',#6347);
#6347 = CARTESIAN_POINT('',(32.339745962156,-10.,25.));
#6348 = LINE('',#6349,#6350);
#6349 = CARTESIAN_POINT('',(32.339745962156,-10.,0.));
#6350 = VECTOR('',#6351,1.);
#6351 = DIRECTION('',(0.,0.,1.));
#6352 = ORIENTED_EDGE('',*,*,#6353,.T.);
#6353 = EDGE_CURVE('',#6346,#6354,#6356,.T.);
#6354 = VERTEX_POINT('',#6355);
#6355 = CARTESIAN_POINT('',(36.669872981078,-17.5,25.));
#6356 = LINE('',#6357,#6358);
#6357 = CARTESIAN_POINT('',(32.339745962156,-10.,25.));
#6358 = VECTOR('',#6359,1.);
#6359 = DIRECTION('',(0.5,-0.866025403784,0.));
#6360 = ORIENTED_EDGE('',*,*,#6361,.F.);
#6361 = EDGE_CURVE('',#5789,#6354,#6362,.T.);
#6362 = LINE('',#6363,#6364);
#6363 = CARTESIAN_POINT('',(36.669872981078,-17.5,5.));
#6364 = VECTOR('',#6365,1.);
#6365 = DIRECTION('',(0.,0.,1.));
#6366 = ORIENTED_EDGE('',*,*,#5786,.F.);
#6367 = PLANE('',#6368);
#6368 = AXIS2_PLACEMENT_3D('',#6369,#6370,#6371);
#6369 = CARTESIAN_POINT('',(34.504809471617,-13.75,12.5));
#6370 = DIRECTION('',(0.866025403784,0.5,0.));
#6371 = DIRECTION('',(-0.5,0.866025403784,0.));
#6372 = ADVANCED_FACE('',(#6373),#6391,.T.);
#6373 = FACE_BOUND('',#6374,.T.);
#6374 = EDGE_LOOP('',(#6375,#6383,#6389,#6390));
#6375 = ORIENTED_EDGE('',*,*,#6376,.T.);
#6376 = EDGE_CURVE('',#5797,#6377,#6379,.T.);
#6377 = VERTEX_POINT('',#6378);
#6378 = CARTESIAN_POINT('',(36.669872981078,-2.5,25.));
#6379 = LINE('',#6380,#6381);
#6380 = CARTESIAN_POINT('',(36.669872981078,-2.5,5.));
#6381 = VECTOR('',#6382,1.);
#6382 = DIRECTION('',(0.,0.,1.));
#6383 = ORIENTED_EDGE('',*,*,#6384,.T.);
#6384 = EDGE_CURVE('',#6377,#6346,#6385,.T.);
#6385 = LINE('',#6386,#6387);
#6386 = CARTESIAN_POINT('',(36.669872981078,-2.5,25.));
#6387 = VECTOR('',#6388,1.);
#6388 = DIRECTION('',(-0.5,-0.866025403784,0.));
#6389 = ORIENTED_EDGE('',*,*,#6345,.F.);
#6390 = ORIENTED_EDGE('',*,*,#5796,.F.);
#6391 = PLANE('',#6392);
#6392 = AXIS2_PLACEMENT_3D('',#6393,#6394,#6395);
#6393 = CARTESIAN_POINT('',(34.504809471617,-6.25,12.5));
#6394 = DIRECTION('',(0.866025403784,-0.5,0.));
#6395 = DIRECTION('',(0.5,0.866025403784,0.));
#6396 = ADVANCED_FACE('',(#6397,#6415),#6465,.T.);
#6397 = FACE_BOUND('',#6398,.T.);
#6398 = EDGE_LOOP('',(#6399,#6400,#6408,#6414));
#6399 = ORIENTED_EDGE('',*,*,#6361,.T.);
#6400 = ORIENTED_EDGE('',*,*,#6401,.T.);
#6401 = EDGE_CURVE('',#6354,#6402,#6404,.T.);
#6402 = VERTEX_POINT('',#6403);
#6403 = CARTESIAN_POINT('',(45.330127018922,-17.5,25.));
#6404 = LINE('',#6405,#6406);
#6405 = CARTESIAN_POINT('',(36.669872981078,-17.5,25.));
#6406 = VECTOR('',#6407,1.);
#6407 = DIRECTION('',(1.,0.,0.));
#6408 = ORIENTED_EDGE('',*,*,#6409,.F.);
#6409 = EDGE_CURVE('',#5821,#6402,#6410,.T.);
#6410 = LINE('',#6411,#6412);
#6411 = CARTESIAN_POINT('',(45.330127018922,-17.5,5.));
#6412 = VECTOR('',#6413,1.);
#6413 = DIRECTION('',(0.,0.,1.));
#6414 = ORIENTED_EDGE('',*,*,#5828,.F.);
#6415 = FACE_BOUND('',#6416,.T.);
#6416 = EDGE_LOOP('',(#6417,#6427,#6435,#6443,#6451,#6459));
#6417 = ORIENTED_EDGE('',*,*,#6418,.F.);
#6418 = EDGE_CURVE('',#6419,#6421,#6423,.T.);
#6419 = VERTEX_POINT('',#6420);
#6420 = CARTESIAN_POINT('',(41.,-17.5,18.233161507462));
#6421 = VERTEX_POINT('',#6422);
#6422 = CARTESIAN_POINT('',(43.8,-17.5,16.616580753731));
#6423 = LINE('',#6424,#6425);
#6424 = CARTESIAN_POINT('',(41.,-17.5,18.233161507462));
#6425 = VECTOR('',#6426,1.);
#6426 = DIRECTION('',(0.866025403784,0.,-0.5));
#6427 = ORIENTED_EDGE('',*,*,#6428,.F.);
#6428 = EDGE_CURVE('',#6429,#6419,#6431,.T.);
#6429 = VERTEX_POINT('',#6430);
#6430 = CARTESIAN_POINT('',(38.2,-17.5,16.616580753731));
#6431 = LINE('',#6432,#6433);
#6432 = CARTESIAN_POINT('',(38.2,-17.5,16.616580753731));
#6433 = VECTOR('',#6434,1.);
#6434 = DIRECTION('',(0.866025403784,0.,0.5));
#6435 = ORIENTED_EDGE('',*,*,#6436,.F.);
#6436 = EDGE_CURVE('',#6437,#6429,#6439,.T.);
#6437 = VERTEX_POINT('',#6438);
#6438 = CARTESIAN_POINT('',(38.2,-17.5,13.383419246269));
#6439 = LINE('',#6440,#6441);
#6440 = CARTESIAN_POINT('',(38.2,-17.5,13.383419246269));
#6441 = VECTOR('',#6442,1.);
#6442 = DIRECTION('',(0.,0.,1.));
#6443 = ORIENTED_EDGE('',*,*,#6444,.F.);
#6444 = EDGE_CURVE('',#6445,#6437,#6447,.T.);
#6445 = VERTEX_POINT('',#6446);
#6446 = CARTESIAN_POINT('',(41.,-17.5,11.766838492538));
#6447 = LINE('',#6448,#6449);
#6448 = CARTESIAN_POINT('',(41.,-17.5,11.766838492538));
#6449 = VECTOR('',#6450,1.);
#6450 = DIRECTION('',(-0.866025403784,0.,0.5));
#6451 = ORIENTED_EDGE('',*,*,#6452,.F.);
#6452 = EDGE_CURVE('',#6453,#6445,#6455,.T.);
#6453 = VERTEX_POINT('',#6454);
#6454 = CARTESIAN_POINT('',(43.8,-17.5,13.383419246269));
#6455 = LINE('',#6456,#6457);
#6456 = CARTESIAN_POINT('',(43.8,-17.5,13.383419246269));
#6457 = VECTOR('',#6458,1.);
#6458 = DIRECTION('',(-0.866025403784,0.,-0.5));
#6459 = ORIENTED_EDGE('',*,*,#6460,.F.);
#6460 = EDGE_CURVE('',#6421,#6453,#6461,.T.);
#6461 = LINE('',#6462,#6463);
#6462 = CARTESIAN_POINT('',(43.8,-17.5,16.616580753731));
#6463 = VECTOR('',#6464,1.);
#6464 = DIRECTION('',(0.,0.,-1.));
#6465 = PLANE('',#6466);
#6466 = AXIS2_PLACEMENT_3D('',#6467,#6468,#6469);
#6467 = CARTESIAN_POINT('',(41.,-17.5,12.5));
#6468 = DIRECTION('',(0.,1.,0.));
#6469 = DIRECTION('',(0.,0.,1.));
#6470 = ADVANCED_FACE('',(#6471),#6489,.T.);
#6471 = FACE_BOUND('',#6472,.T.);
#6472 = EDGE_LOOP('',(#6473,#6481,#6487,#6488));
#6473 = ORIENTED_EDGE('',*,*,#6474,.T.);
#6474 = EDGE_CURVE('',#5805,#6475,#6477,.T.);
#6475 = VERTEX_POINT('',#6476);
#6476 = CARTESIAN_POINT('',(45.330127018922,-2.5,25.));
#6477 = LINE('',#6478,#6479);
#6478 = CARTESIAN_POINT('',(45.330127018922,-2.5,5.));
#6479 = VECTOR('',#6480,1.);
#6480 = DIRECTION('',(0.,0.,1.));
#6481 = ORIENTED_EDGE('',*,*,#6482,.T.);
#6482 = EDGE_CURVE('',#6475,#6377,#6483,.T.);
#6483 = LINE('',#6484,#6485);
#6484 = CARTESIAN_POINT('',(45.330127018922,-2.5,25.));
#6485 = VECTOR('',#6486,1.);
#6486 = DIRECTION('',(-1.,1.5E-16,0.));
#6487 = ORIENTED_EDGE('',*,*,#6376,.F.);
#6488 = ORIENTED_EDGE('',*,*,#5804,.F.);
#6489 = PLANE('',#6490);
#6490 = AXIS2_PLACEMENT_3D('',#6491,#6492,#6493);
#6491 = CARTESIAN_POINT('',(41.,-2.5,12.5));
#6492 = DIRECTION('',(-0.,-1.,-0.));
#6493 = DIRECTION('',(0.,0.,-1.));
#6494 = ADVANCED_FACE('',(#6495),#6513,.T.);
#6495 = FACE_BOUND('',#6496,.T.);
#6496 = EDGE_LOOP('',(#6497,#6498,#6506,#6512));
#6497 = ORIENTED_EDGE('',*,*,#6409,.T.);
#6498 = ORIENTED_EDGE('',*,*,#6499,.T.);
#6499 = EDGE_CURVE('',#6402,#6500,#6502,.T.);
#6500 = VERTEX_POINT('',#6501);
#6501 = CARTESIAN_POINT('',(49.660254037844,-10.,25.));
#6502 = LINE('',#6503,#6504);
#6503 = CARTESIAN_POINT('',(45.330127018922,-17.5,25.));
#6504 = VECTOR('',#6505,1.);
#6505 = DIRECTION('',(0.5,0.866025403784,0.));
#6506 = ORIENTED_EDGE('',*,*,#6507,.F.);
#6507 = EDGE_CURVE('',#5813,#6500,#6508,.T.);
#6508 = LINE('',#6509,#6510);
#6509 = CARTESIAN_POINT('',(49.660254037844,-10.,5.));
#6510 = VECTOR('',#6511,1.);
#6511 = DIRECTION('',(0.,0.,1.));
#6512 = ORIENTED_EDGE('',*,*,#5820,.F.);
#6513 = PLANE('',#6514);
#6514 = AXIS2_PLACEMENT_3D('',#6515,#6516,#6517);
#6515 = CARTESIAN_POINT('',(47.495190528383,-13.75,12.5));
#6516 = DIRECTION('',(-0.866025403784,0.5,0.));
#6517 = DIRECTION('',(-0.5,-0.866025403784,0.));
#6518 = ADVANCED_FACE('',(#6519),#6530,.T.);
#6519 = FACE_BOUND('',#6520,.T.);
#6520 = EDGE_LOOP('',(#6521,#6522,#6528,#6529));
#6521 = ORIENTED_EDGE('',*,*,#6507,.T.);
#6522 = ORIENTED_EDGE('',*,*,#6523,.T.);
#6523 = EDGE_CURVE('',#6500,#6475,#6524,.T.);
#6524 = LINE('',#6525,#6526);
#6525 = CARTESIAN_POINT('',(49.660254037844,-10.,25.));
#6526 = VECTOR('',#6527,1.);
#6527 = DIRECTION('',(-0.5,0.866025403784,0.));
#6528 = ORIENTED_EDGE('',*,*,#6474,.F.);
#6529 = ORIENTED_EDGE('',*,*,#5812,.F.);
#6530 = PLANE('',#6531);
#6531 = AXIS2_PLACEMENT_3D('',#6532,#6533,#6534);
#6532 = CARTESIAN_POINT('',(47.495190528383,-6.25,12.5));
#6533 = DIRECTION('',(-0.866025403784,-0.5,-0.));
#6534 = DIRECTION('',(0.5,-0.866025403784,0.));
#6535 = ADVANCED_FACE('',(#6536),#6626,.F.);
#6536 = FACE_BOUND('',#6537,.T.);
#6537 = EDGE_LOOP('',(#6538,#6548,#6557,#6565,#6574,#6582,#6591,#6596,
    #6597,#6598,#6599,#6600,#6601,#6602,#6611,#6619));
#6538 = ORIENTED_EDGE('',*,*,#6539,.F.);
#6539 = EDGE_CURVE('',#6540,#6542,#6544,.T.);
#6540 = VERTEX_POINT('',#6541);
#6541 = CARTESIAN_POINT('',(-23.4,7.40336756548,2.));
#6542 = VERTEX_POINT('',#6543);
#6543 = CARTESIAN_POINT('',(-23.4,7.40336756548,2.2));
#6544 = LINE('',#6545,#6546);
#6545 = CARTESIAN_POINT('',(-23.4,7.40336756548,0.));
#6546 = VECTOR('',#6547,1.);
#6547 = DIRECTION('',(0.,0.,1.));
#6548 = ORIENTED_EDGE('',*,*,#6549,.F.);
#6549 = EDGE_CURVE('',#6550,#6540,#6552,.T.);
#6550 = VERTEX_POINT('',#6551);
#6551 = CARTESIAN_POINT('',(-23.40000000006,12.596632434548,2.));
#6552 = CIRCLE('',#6553,3.05);
#6553 = AXIS2_PLACEMENT_3D('',#6554,#6555,#6556);
#6554 = CARTESIAN_POINT('',(-25.,10.,2.));
#6555 = DIRECTION('',(0.,0.,-1.));
#6556 = DIRECTION('',(-1.,0.,0.));
#6557 = ORIENTED_EDGE('',*,*,#6558,.T.);
#6558 = EDGE_CURVE('',#6550,#6559,#6561,.T.);
#6559 = VERTEX_POINT('',#6560);
#6560 = CARTESIAN_POINT('',(-23.40000000006,12.596632434541,2.2));
#6561 = LINE('',#6562,#6563);
#6562 = CARTESIAN_POINT('',(-23.40000000006,12.596632434541,0.));
#6563 = VECTOR('',#6564,1.);
#6564 = DIRECTION('',(0.,0.,1.));
#6565 = ORIENTED_EDGE('',*,*,#6566,.F.);
#6566 = EDGE_CURVE('',#6567,#6559,#6569,.T.);
#6567 = VERTEX_POINT('',#6568);
#6568 = CARTESIAN_POINT('',(-26.60000000007,12.596632434421,2.2));
#6569 = CIRCLE('',#6570,3.04999999997);
#6570 = AXIS2_PLACEMENT_3D('',#6571,#6572,#6573);
#6571 = CARTESIAN_POINT('',(-24.99999999997,10.,2.2));
#6572 = DIRECTION('',(0.,0.,-1.));
#6573 = DIRECTION('',(1.,0.,0.));
#6574 = ORIENTED_EDGE('',*,*,#6575,.F.);
#6575 = EDGE_CURVE('',#6576,#6567,#6578,.T.);
#6576 = VERTEX_POINT('',#6577);
#6577 = CARTESIAN_POINT('',(-26.60000000008,12.59663243444,2.));
#6578 = LINE('',#6579,#6580);
#6579 = CARTESIAN_POINT('',(-26.60000000007,12.596632434421,0.));
#6580 = VECTOR('',#6581,1.);
#6581 = DIRECTION('',(0.,0.,1.));
#6582 = ORIENTED_EDGE('',*,*,#6583,.F.);
#6583 = EDGE_CURVE('',#6584,#6576,#6586,.T.);
#6584 = VERTEX_POINT('',#6585);
#6585 = CARTESIAN_POINT('',(-28.05,10.,2.));
#6586 = CIRCLE('',#6587,3.05);
#6587 = AXIS2_PLACEMENT_3D('',#6588,#6589,#6590);
#6588 = CARTESIAN_POINT('',(-25.,10.,2.));
#6589 = DIRECTION('',(0.,0.,-1.));
#6590 = DIRECTION('',(-1.,0.,0.));
#6591 = ORIENTED_EDGE('',*,*,#6592,.F.);
#6592 = EDGE_CURVE('',#5837,#6584,#6593,.T.);
#6593 = B_SPLINE_CURVE_WITH_KNOTS('',1,(#6594,#6595),.UNSPECIFIED.,.F.,
  .F.,(2,2),(0.,2.),.PIECEWISE_BEZIER_KNOTS.);
#6594 = CARTESIAN_POINT('',(-28.05,10.,0.));
#6595 = CARTESIAN_POINT('',(-28.05,10.,2.));
#6596 = ORIENTED_EDGE('',*,*,#5836,.T.);
#6597 = ORIENTED_EDGE('',*,*,#5847,.T.);
#6598 = ORIENTED_EDGE('',*,*,#5856,.T.);
#6599 = ORIENTED_EDGE('',*,*,#5865,.T.);
#6600 = ORIENTED_EDGE('',*,*,#5874,.T.);
#6601 = ORIENTED_EDGE('',*,*,#6592,.T.);
#6602 = ORIENTED_EDGE('',*,*,#6603,.F.);
#6603 = EDGE_CURVE('',#6604,#6584,#6606,.T.);
#6604 = VERTEX_POINT('',#6605);
#6605 = CARTESIAN_POINT('',(-26.6,7.40336756548,2.));
#6606 = CIRCLE('',#6607,3.05);
#6607 = AXIS2_PLACEMENT_3D('',#6608,#6609,#6610);
#6608 = CARTESIAN_POINT('',(-25.,10.,2.));
#6609 = DIRECTION('',(0.,0.,-1.));
#6610 = DIRECTION('',(-1.,0.,0.));
#6611 = ORIENTED_EDGE('',*,*,#6612,.T.);
#6612 = EDGE_CURVE('',#6604,#6613,#6615,.T.);
#6613 = VERTEX_POINT('',#6614);
#6614 = CARTESIAN_POINT('',(-26.6,7.40336756548,2.2));
#6615 = LINE('',#6616,#6617);
#6616 = CARTESIAN_POINT('',(-26.6,7.40336756548,0.));
#6617 = VECTOR('',#6618,1.);
#6618 = DIRECTION('',(0.,0.,1.));
#6619 = ORIENTED_EDGE('',*,*,#6620,.F.);
#6620 = EDGE_CURVE('',#6542,#6613,#6621,.T.);
#6621 = CIRCLE('',#6622,3.05);
#6622 = AXIS2_PLACEMENT_3D('',#6623,#6624,#6625);
#6623 = CARTESIAN_POINT('',(-25.,10.,2.2));
#6624 = DIRECTION('',(0.,0.,-1.));
#6625 = DIRECTION('',(1.,0.,0.));
#6626 = CYLINDRICAL_SURFACE('',#6627,3.05);
#6627 = AXIS2_PLACEMENT_3D('',#6628,#6629,#6630);
#6628 = CARTESIAN_POINT('',(-25.,10.,0.));
#6629 = DIRECTION('',(0.,0.,1.));
#6630 = DIRECTION('',(-1.,0.,0.));
#6631 = ADVANCED_FACE('',(#6632,#6668,#6679),#6682,.T.);
#6632 = FACE_BOUND('',#6633,.T.);
#6633 = EDGE_LOOP('',(#6634,#6644,#6651,#6652,#6653,#6654,#6655));
#6634 = ORIENTED_EDGE('',*,*,#6635,.F.);
#6635 = EDGE_CURVE('',#6636,#6638,#6640,.T.);
#6636 = VERTEX_POINT('',#6637);
#6637 = CARTESIAN_POINT('',(0.,18.534960803125,5.));
#6638 = VERTEX_POINT('',#6639);
#6639 = CARTESIAN_POINT('',(0.,1.,5.));
#6640 = LINE('',#6641,#6642);
#6641 = CARTESIAN_POINT('',(0.,20.,5.));
#6642 = VECTOR('',#6643,1.);
#6643 = DIRECTION('',(0.,-1.,0.));
#6644 = ORIENTED_EDGE('',*,*,#6645,.T.);
#6645 = EDGE_CURVE('',#6636,#6109,#6646,.T.);
#6646 = CIRCLE('',#6647,1.);
#6647 = AXIS2_PLACEMENT_3D('',#6648,#6649,#6650);
#6648 = CARTESIAN_POINT('',(1.,18.534960803125,5.));
#6649 = DIRECTION('',(-0.,-0.,-1.));
#6650 = DIRECTION('',(0.,-1.,0.));
#6651 = ORIENTED_EDGE('',*,*,#6108,.F.);
#6652 = ORIENTED_EDGE('',*,*,#6170,.T.);
#6653 = ORIENTED_EDGE('',*,*,#6233,.T.);
#6654 = ORIENTED_EDGE('',*,*,#6203,.T.);
#6655 = ORIENTED_EDGE('',*,*,#6656,.F.);
#6656 = EDGE_CURVE('',#6638,#6204,#6657,.T.);
#6657 = B_SPLINE_CURVE_WITH_KNOTS('',9,(#6658,#6659,#6660,#6661,#6662,
    #6663,#6664,#6665,#6666,#6667),.UNSPECIFIED.,.F.,.F.,(10,10),(0.,1.)
  ,.PIECEWISE_BEZIER_KNOTS.);
#6658 = CARTESIAN_POINT('',(0.,1.,5.));
#6659 = CARTESIAN_POINT('',(0.,0.824584054988,5.));
#6660 = CARTESIAN_POINT('',(-3.063901439597E-02,0.649166194231,5.));
#6661 = CARTESIAN_POINT('',(-9.499356314548E-02,0.479875921255,5.));
#6662 = CARTESIAN_POINT('',(-0.193894402661,0.324920915861,5.));
#6663 = CARTESIAN_POINT('',(-0.324920915861,0.193894402661,5.));
#6664 = CARTESIAN_POINT('',(-0.479875921255,9.499356314548E-02,5.));
#6665 = CARTESIAN_POINT('',(-0.649166194231,3.063901439597E-02,5.));
#6666 = CARTESIAN_POINT('',(-0.824584054988,0.,5.));
#6667 = CARTESIAN_POINT('',(-1.,0.,5.));
#6668 = FACE_BOUND('',#6669,.T.);
#6669 = EDGE_LOOP('',(#6670));
#6670 = ORIENTED_EDGE('',*,*,#6671,.F.);
#6671 = EDGE_CURVE('',#6672,#6672,#6674,.T.);
#6672 = VERTEX_POINT('',#6673);
#6673 = CARTESIAN_POINT('',(-26.6,10.,5.));
#6674 = CIRCLE('',#6675,1.6);
#6675 = AXIS2_PLACEMENT_3D('',#6676,#6677,#6678);
#6676 = CARTESIAN_POINT('',(-25.,10.,5.));
#6677 = DIRECTION('',(0.,0.,1.));
#6678 = DIRECTION('',(-1.,0.,0.));
#6679 = FACE_BOUND('',#6680,.T.);
#6680 = EDGE_LOOP('',(#6681));
#6681 = ORIENTED_EDGE('',*,*,#5922,.F.);
#6682 = PLANE('',#6683);
#6683 = AXIS2_PLACEMENT_3D('',#6684,#6685,#6686);
#6684 = CARTESIAN_POINT('',(15.404295192047,-2.811591259924,5.));
#6685 = DIRECTION('',(0.,0.,1.));
#6686 = DIRECTION('',(1.,0.,0.));
#6687 = ADVANCED_FACE('',(#6688,#6751),#6759,.T.);
#6688 = FACE_BOUND('',#6689,.T.);
#6689 = EDGE_LOOP('',(#6690,#6700,#6707,#6708,#6709,#6710,#6719,#6727,
    #6736,#6744));
#6690 = ORIENTED_EDGE('',*,*,#6691,.T.);
#6691 = EDGE_CURVE('',#6692,#6694,#6696,.T.);
#6692 = VERTEX_POINT('',#6693);
#6693 = CARTESIAN_POINT('',(20.,-1.,25.));
#6694 = VERTEX_POINT('',#6695);
#6695 = CARTESIAN_POINT('',(20.,-22.,25.));
#6696 = LINE('',#6697,#6698);
#6697 = CARTESIAN_POINT('',(20.,-1.,25.));
#6698 = VECTOR('',#6699,1.);
#6699 = DIRECTION('',(0.,-1.,0.));
#6700 = ORIENTED_EDGE('',*,*,#6701,.T.);
#6701 = EDGE_CURVE('',#6694,#6043,#6702,.T.);
#6702 = CIRCLE('',#6703,1.);
#6703 = AXIS2_PLACEMENT_3D('',#6704,#6705,#6706);
#6704 = CARTESIAN_POINT('',(21.,-22.,25.));
#6705 = DIRECTION('',(-0.,0.,1.));
#6706 = DIRECTION('',(0.,-1.,0.));
#6707 = ORIENTED_EDGE('',*,*,#6042,.T.);
#6708 = ORIENTED_EDGE('',*,*,#6027,.T.);
#6709 = ORIENTED_EDGE('',*,*,#6090,.T.);
#6710 = ORIENTED_EDGE('',*,*,#6711,.F.);
#6711 = EDGE_CURVE('',#6712,#6091,#6714,.T.);
#6712 = VERTEX_POINT('',#6713);
#6713 = CARTESIAN_POINT('',(0.,18.534960803125,25.));
#6714 = CIRCLE('',#6715,1.);
#6715 = AXIS2_PLACEMENT_3D('',#6716,#6717,#6718);
#6716 = CARTESIAN_POINT('',(1.,18.534960803125,25.));
#6717 = DIRECTION('',(-0.,-0.,-1.));
#6718 = DIRECTION('',(0.,-1.,0.));
#6719 = ORIENTED_EDGE('',*,*,#6720,.T.);
#6720 = EDGE_CURVE('',#6712,#6721,#6723,.T.);
#6721 = VERTEX_POINT('',#6722);
#6722 = CARTESIAN_POINT('',(0.,1.,25.));
#6723 = LINE('',#6724,#6725);
#6724 = CARTESIAN_POINT('',(0.,20.,25.));
#6725 = VECTOR('',#6726,1.);
#6726 = DIRECTION('',(0.,-1.,0.));
#6727 = ORIENTED_EDGE('',*,*,#6728,.F.);
#6728 = EDGE_CURVE('',#6729,#6721,#6731,.T.);
#6729 = VERTEX_POINT('',#6730);
#6730 = CARTESIAN_POINT('',(1.,0.,25.));
#6731 = CIRCLE('',#6732,1.);
#6732 = AXIS2_PLACEMENT_3D('',#6733,#6734,#6735);
#6733 = CARTESIAN_POINT('',(1.,1.,25.));
#6734 = DIRECTION('',(-0.,-0.,-1.));
#6735 = DIRECTION('',(0.,-1.,0.));
#6736 = ORIENTED_EDGE('',*,*,#6737,.T.);
#6737 = EDGE_CURVE('',#6729,#6738,#6740,.T.);
#6738 = VERTEX_POINT('',#6739);
#6739 = CARTESIAN_POINT('',(19.,0.,25.));
#6740 = LINE('',#6741,#6742);
#6741 = CARTESIAN_POINT('',(0.,0.,25.));
#6742 = VECTOR('',#6743,1.);
#6743 = DIRECTION('',(1.,0.,0.));
#6744 = ORIENTED_EDGE('',*,*,#6745,.F.);
#6745 = EDGE_CURVE('',#6692,#6738,#6746,.T.);
#6746 = CIRCLE('',#6747,1.);
#6747 = AXIS2_PLACEMENT_3D('',#6748,#6749,#6750);
#6748 = CARTESIAN_POINT('',(20.,0.,25.));
#6749 = DIRECTION('',(0.,0.,1.));
#6750 = DIRECTION('',(1.,0.,0.));
#6751 = FACE_BOUND('',#6752,.F.);
#6752 = EDGE_LOOP('',(#6753,#6754,#6755,#6756,#6757,#6758));
#6753 = ORIENTED_EDGE('',*,*,#6384,.T.);
#6754 = ORIENTED_EDGE('',*,*,#6353,.T.);
#6755 = ORIENTED_EDGE('',*,*,#6401,.T.);
#6756 = ORIENTED_EDGE('',*,*,#6499,.T.);
#6757 = ORIENTED_EDGE('',*,*,#6523,.T.);
#6758 = ORIENTED_EDGE('',*,*,#6482,.T.);
#6759 = PLANE('',#6760);
#6760 = AXIS2_PLACEMENT_3D('',#6761,#6762,#6763);
#6761 = CARTESIAN_POINT('',(28.445656892385,-4.167995384004,25.));
#6762 = DIRECTION('',(0.,0.,1.));
#6763 = DIRECTION('',(1.,0.,0.));
#6764 = ADVANCED_FACE('',(#6765),#6786,.F.);
#6765 = FACE_BOUND('',#6766,.F.);
#6766 = EDGE_LOOP('',(#6767,#6768,#6769,#6777,#6784,#6785));
#6767 = ORIENTED_EDGE('',*,*,#6074,.F.);
#6768 = ORIENTED_EDGE('',*,*,#5994,.F.);
#6769 = ORIENTED_EDGE('',*,*,#6770,.T.);
#6770 = EDGE_CURVE('',#5976,#6771,#6773,.T.);
#6771 = VERTEX_POINT('',#6772);
#6772 = CARTESIAN_POINT('',(42.7,-20.5,15.));
#6773 = LINE('',#6774,#6775);
#6774 = CARTESIAN_POINT('',(42.7,-23.,15.));
#6775 = VECTOR('',#6776,1.);
#6776 = DIRECTION('',(0.,1.,-2.2E-16));
#6777 = ORIENTED_EDGE('',*,*,#6778,.T.);
#6778 = EDGE_CURVE('',#6771,#6771,#6779,.T.);
#6779 = CIRCLE('',#6780,1.7);
#6780 = AXIS2_PLACEMENT_3D('',#6781,#6782,#6783);
#6781 = CARTESIAN_POINT('',(41.,-20.5,15.));
#6782 = DIRECTION('',(0.,-1.,2.2E-16));
#6783 = DIRECTION('',(1.,0.,0.));
#6784 = ORIENTED_EDGE('',*,*,#6770,.F.);
#6785 = ORIENTED_EDGE('',*,*,#5975,.F.);
#6786 = CYLINDRICAL_SURFACE('',#6787,1.7);
#6787 = AXIS2_PLACEMENT_3D('',#6788,#6789,#6790);
#6788 = CARTESIAN_POINT('',(41.,-23.,15.));
#6789 = DIRECTION('',(0.,-1.,2.2E-16));
#6790 = DIRECTION('',(1.,0.,0.));
#6791 = ADVANCED_FACE('',(#6792,#6843),#6854,.T.);
#6792 = FACE_BOUND('',#6793,.T.);
#6793 = EDGE_LOOP('',(#6794,#6795,#6796,#6805,#6813,#6822,#6830));
#6794 = ORIENTED_EDGE('',*,*,#6153,.T.);
#6795 = ORIENTED_EDGE('',*,*,#6058,.T.);
#6796 = ORIENTED_EDGE('',*,*,#6797,.F.);
#6797 = EDGE_CURVE('',#6798,#6051,#6800,.T.);
#6798 = VERTEX_POINT('',#6799);
#6799 = CARTESIAN_POINT('',(20.,-22.,5.));
#6800 = CIRCLE('',#6801,1.);
#6801 = AXIS2_PLACEMENT_3D('',#6802,#6803,#6804);
#6802 = CARTESIAN_POINT('',(21.,-22.,5.));
#6803 = DIRECTION('',(-0.,0.,1.));
#6804 = DIRECTION('',(0.,-1.,0.));
#6805 = ORIENTED_EDGE('',*,*,#6806,.F.);
#6806 = EDGE_CURVE('',#6807,#6798,#6809,.T.);
#6807 = VERTEX_POINT('',#6808);
#6808 = CARTESIAN_POINT('',(20.,-1.,5.));
#6809 = LINE('',#6810,#6811);
#6810 = CARTESIAN_POINT('',(20.,-1.,5.));
#6811 = VECTOR('',#6812,1.);
#6812 = DIRECTION('',(0.,-1.,0.));
#6813 = ORIENTED_EDGE('',*,*,#6814,.T.);
#6814 = EDGE_CURVE('',#6807,#6815,#6817,.T.);
#6815 = VERTEX_POINT('',#6816);
#6816 = CARTESIAN_POINT('',(19.,0.,5.));
#6817 = CIRCLE('',#6818,1.);
#6818 = AXIS2_PLACEMENT_3D('',#6819,#6820,#6821);
#6819 = CARTESIAN_POINT('',(20.,0.,5.));
#6820 = DIRECTION('',(0.,0.,1.));
#6821 = DIRECTION('',(1.,0.,0.));
#6822 = ORIENTED_EDGE('',*,*,#6823,.F.);
#6823 = EDGE_CURVE('',#6824,#6815,#6826,.T.);
#6824 = VERTEX_POINT('',#6825);
#6825 = CARTESIAN_POINT('',(1.,0.,5.));
#6826 = LINE('',#6827,#6828);
#6827 = CARTESIAN_POINT('',(0.,0.,5.));
#6828 = VECTOR('',#6829,1.);
#6829 = DIRECTION('',(1.,0.,0.));
#6830 = ORIENTED_EDGE('',*,*,#6831,.F.);
#6831 = EDGE_CURVE('',#6139,#6824,#6832,.T.);
#6832 = B_SPLINE_CURVE_WITH_KNOTS('',9,(#6833,#6834,#6835,#6836,#6837,
    #6838,#6839,#6840,#6841,#6842),.UNSPECIFIED.,.F.,.F.,(10,10),(0.,1.)
  ,.PIECEWISE_BEZIER_KNOTS.);
#6833 = CARTESIAN_POINT('',(0.,-1.,5.));
#6834 = CARTESIAN_POINT('',(0.,-0.824584054988,5.));
#6835 = CARTESIAN_POINT('',(3.063901439598E-02,-0.649166194231,5.));
#6836 = CARTESIAN_POINT('',(9.499356314547E-02,-0.479875921255,5.));
#6837 = CARTESIAN_POINT('',(0.193894402661,-0.324920915862,5.));
#6838 = CARTESIAN_POINT('',(0.324920915861,-0.193894402661,5.));
#6839 = CARTESIAN_POINT('',(0.479875921255,-9.499356314549E-02,5.));
#6840 = CARTESIAN_POINT('',(0.649166194231,-3.063901439597E-02,5.));
#6841 = CARTESIAN_POINT('',(0.824584054988,0.,5.));
#6842 = CARTESIAN_POINT('',(1.,0.,5.));
#6843 = FACE_BOUND('',#6844,.T.);
#6844 = EDGE_LOOP('',(#6845));
#6845 = ORIENTED_EDGE('',*,*,#6846,.F.);
#6846 = EDGE_CURVE('',#6847,#6847,#6849,.T.);
#6847 = VERTEX_POINT('',#6848);
#6848 = CARTESIAN_POINT('',(8.4,-13.,5.));
#6849 = CIRCLE('',#6850,1.6);
#6850 = AXIS2_PLACEMENT_3D('',#6851,#6852,#6853);
#6851 = CARTESIAN_POINT('',(10.,-13.,5.));
#6852 = DIRECTION('',(0.,0.,1.));
#6853 = DIRECTION('',(-1.,0.,0.));
#6854 = PLANE('',#6855);
#6855 = AXIS2_PLACEMENT_3D('',#6856,#6857,#6858);
#6856 = CARTESIAN_POINT('',(15.404295192047,-2.811591259924,5.));
#6857 = DIRECTION('',(0.,0.,1.));
#6858 = DIRECTION('',(1.,0.,0.));
#6859 = ADVANCED_FACE('',(#6860),#6871,.T.);
#6860 = FACE_BOUND('',#6861,.T.);
#6861 = EDGE_LOOP('',(#6862,#6863,#6864,#6865));
#6862 = ORIENTED_EDGE('',*,*,#6797,.T.);
#6863 = ORIENTED_EDGE('',*,*,#6050,.T.);
#6864 = ORIENTED_EDGE('',*,*,#6701,.F.);
#6865 = ORIENTED_EDGE('',*,*,#6866,.F.);
#6866 = EDGE_CURVE('',#6798,#6694,#6867,.T.);
#6867 = LINE('',#6868,#6869);
#6868 = CARTESIAN_POINT('',(20.,-22.,5.));
#6869 = VECTOR('',#6870,1.);
#6870 = DIRECTION('',(0.,0.,1.));
#6871 = CYLINDRICAL_SURFACE('',#6872,1.);
#6872 = AXIS2_PLACEMENT_3D('',#6873,#6874,#6875);
#6873 = CARTESIAN_POINT('',(21.,-22.,5.));
#6874 = DIRECTION('',(0.,0.,1.));
#6875 = DIRECTION('',(-1.,0.,0.));
#6876 = ADVANCED_FACE('',(#6877),#6888,.T.);
#6877 = FACE_BOUND('',#6878,.F.);
#6878 = EDGE_LOOP('',(#6879,#6880,#6881,#6882));
#6879 = ORIENTED_EDGE('',*,*,#6645,.T.);
#6880 = ORIENTED_EDGE('',*,*,#6116,.T.);
#6881 = ORIENTED_EDGE('',*,*,#6711,.F.);
#6882 = ORIENTED_EDGE('',*,*,#6883,.F.);
#6883 = EDGE_CURVE('',#6636,#6712,#6884,.T.);
#6884 = LINE('',#6885,#6886);
#6885 = CARTESIAN_POINT('',(0.,18.534960803125,5.));
#6886 = VECTOR('',#6887,1.);
#6887 = DIRECTION('',(0.,0.,1.));
#6888 = CYLINDRICAL_SURFACE('',#6889,1.);
#6889 = AXIS2_PLACEMENT_3D('',#6890,#6891,#6892);
#6890 = CARTESIAN_POINT('',(1.,18.534960803125,5.));
#6891 = DIRECTION('',(0.,0.,1.));
#6892 = DIRECTION('',(-1.,0.,0.));
#6893 = ADVANCED_FACE('',(#6894),#6910,.T.);
#6894 = FACE_BOUND('',#6895,.T.);
#6895 = EDGE_LOOP('',(#6896,#6906,#6907,#6908,#6909));
#6896 = ORIENTED_EDGE('',*,*,#6897,.T.);
#6897 = EDGE_CURVE('',#6824,#6638,#6898,.T.);
#6898 = ( BOUNDED_CURVE() B_SPLINE_CURVE(6,(#6899,#6900,#6901,#6902,
#6903,#6904,#6905),.UNSPECIFIED.,.F.,.F.) B_SPLINE_CURVE_WITH_KNOTS((7,7
),(0.,1.570796326795),.PIECEWISE_BEZIER_KNOTS.) CURVE() 
GEOMETRIC_REPRESENTATION_ITEM() RATIONAL_B_SPLINE_CURVE((1.031393471788,
    1.010025407661,0.997924642725,0.993958444137,0.997924642725,
1.010025407661,1.031393471788)) REPRESENTATION_ITEM('') );
#6899 = CARTESIAN_POINT('',(1.,-1.1E-16,5.));
#6900 = CARTESIAN_POINT('',(0.732663216847,1.22E-15,5.));
#6901 = CARTESIAN_POINT('',(0.472291427418,8.500435063369E-02,5.));
#6902 = CARTESIAN_POINT('',(0.248080486798,0.248080486798,5.));
#6903 = CARTESIAN_POINT('',(8.500435063369E-02,0.472291427418,5.));
#6904 = CARTESIAN_POINT('',(0.,0.732663216847,5.));
#6905 = CARTESIAN_POINT('',(-1.1E-16,1.,5.));
#6906 = ORIENTED_EDGE('',*,*,#6656,.T.);
#6907 = ORIENTED_EDGE('',*,*,#6211,.T.);
#6908 = ORIENTED_EDGE('',*,*,#6138,.T.);
#6909 = ORIENTED_EDGE('',*,*,#6831,.T.);
#6910 = B_SPLINE_SURFACE_WITH_KNOTS('',8,8,(
    (#6911,#6912,#6913,#6914,#6915,#6916,#6917,#6918,#6919)
    ,(#6920,#6921,#6922,#6923,#6924,#6925,#6926,#6927,#6928)
    ,(#6929,#6930,#6931,#6932,#6933,#6934,#6935,#6936,#6937)
    ,(#6938,#6939,#6940,#6941,#6942,#6943,#6944,#6945,#6946)
    ,(#6947,#6948,#6949,#6950,#6951,#6952,#6953,#6954,#6955)
    ,(#6956,#6957,#6958,#6959,#6960,#6961,#6962,#6963,#6964)
    ,(#6965,#6966,#6967,#6968,#6969,#6970,#6971,#6972,#6973)
    ,(#6974,#6975,#6976,#6977,#6978,#6979,#6980,#6981,#6982)
    ,(#6983,#6984,#6985,#6986,#6987,#6988,#6989,#6990,#6991
  )),.UNSPECIFIED.,.F.,.F.,.F.,(9,9),(9,9),(-0.860801411384,
    0.860801405738),(-0.61562476612,0.76464092419),
  .PIECEWISE_BEZIER_KNOTS.);
#6911 = CARTESIAN_POINT('',(-1.107225915653,2.449192573868E-02,
    5.040771138703));
#6912 = CARTESIAN_POINT('',(-0.971730221012,0.114249369242,
    5.145968599171));
#6913 = CARTESIAN_POINT('',(-0.767629179549,0.309178772444,
    5.135910791925));
#6914 = CARTESIAN_POINT('',(-0.964797233402,0.473063413487,
    5.124275761973));
#6915 = CARTESIAN_POINT('',(-0.181828866381,0.93018419988,4.851049613877
    ));
#6916 = CARTESIAN_POINT('',(-1.605602400688,0.408106141019,
    4.960620248922));
#6917 = CARTESIAN_POINT('',(-0.330876764451,0.858967242202,
    4.942790756486));
#6918 = CARTESIAN_POINT('',(-3.989105964693E-03,1.108157926821,
    4.953083482732));
#6919 = CARTESIAN_POINT('',(-7.636287983207E-03,1.17141999305,
    4.991054478834));
#6920 = CARTESIAN_POINT('',(-0.838899450079,-0.129127310477,
    4.824140632032));
#6921 = CARTESIAN_POINT('',(-0.723911596775,-0.109452403107,
    5.017737516661));
#6922 = CARTESIAN_POINT('',(-0.466817590709,5.30664184249E-02,
    5.097835964266));
#6923 = CARTESIAN_POINT('',(-1.00423956653,0.196872325694,5.157708554485
    ));
#6924 = CARTESIAN_POINT('',(0.593366863857,0.906568046898,4.819603797238
    ));
#6925 = CARTESIAN_POINT('',(-1.849928471418,9.115031994035E-02,
    5.032213991485));
#6926 = CARTESIAN_POINT('',(-0.127651545902,0.645889080482,
    5.017285071289));
#6927 = CARTESIAN_POINT('',(0.137794443178,0.924788106141,5.019301235951
    ));
#6928 = CARTESIAN_POINT('',(-1.152947808417E-02,0.941638260281,
    5.027334700029));
#6929 = CARTESIAN_POINT('',(-0.345370302629,-0.334605327697,
    4.525767537533));
#6930 = CARTESIAN_POINT('',(-0.125010991534,-0.506783925619,
    4.83188624199));
#6931 = CARTESIAN_POINT('',(0.847123295832,6.426961168662E-03,
    4.995110554747));
#6932 = CARTESIAN_POINT('',(-2.991567460815,2.140956399695E-02,
    3.714853960185));
#6933 = CARTESIAN_POINT('',(4.706625587777,1.34617316387,6.737721910087)
  );
#6934 = CARTESIAN_POINT('',(-4.916054261649,-0.426050700358,
    3.885045919673));
#6935 = CARTESIAN_POINT('',(1.025925840897,-3.597218387445E-02,
    5.383360057543));
#6936 = CARTESIAN_POINT('',(0.563345383791,1.005199951623,5.02258192605)
  );
#6937 = CARTESIAN_POINT('',(6.083478629884E-02,0.841641606373,
    5.007985208122));
#6938 = CARTESIAN_POINT('',(-1.445349121926,0.51690613138,4.385107943513
    ));
#6939 = CARTESIAN_POINT('',(-2.01070258531,0.434413829324,4.939589701395
    ));
#6940 = CARTESIAN_POINT('',(-5.101195751287,-2.553527133661,
    6.233887058065));
#6941 = CARTESIAN_POINT('',(5.880851660358,-9.021519110426E-02,
    11.093329702751));
#6942 = CARTESIAN_POINT('',(-8.908493879451,-0.148264732637,
    -3.428513915693));
#6943 = CARTESIAN_POINT('',(7.072277800672,0.203400003623,
    10.222863228751));
#6944 = CARTESIAN_POINT('',(2.71557236875,4.429082446886,3.53068834179)
  );
#6945 = CARTESIAN_POINT('',(-1.111382127966,-3.774121756995E-03,
    4.93169697331));
#6946 = CARTESIAN_POINT('',(-1.094060708889,-2.268503359895E-02,
    4.932128449885));
#6947 = CARTESIAN_POINT('',(1.120283144541,1.120283084322,2.438824729906
    ));
#6948 = CARTESIAN_POINT('',(1.672208985667,1.67220891231,2.192604884056)
  );
#6949 = CARTESIAN_POINT('',(6.13806378645,6.138063804608,0.583990171395)
  );
#6950 = CARTESIAN_POINT('',(-5.494993454551,-5.494993612372,
    -2.207606755514));
#6951 = CARTESIAN_POINT('',(5.059088983886,5.059089471129,16.9777990466)
  );
#6952 = CARTESIAN_POINT('',(-2.15250628625,-2.15250689438,
    -2.603191521885));
#6953 = CARTESIAN_POINT('',(-4.496331703458,-4.496331378874,
    7.157785845395));
#6954 = CARTESIAN_POINT('',(1.103674736691,1.103674745205,5.050686003459
    ));
#6955 = CARTESIAN_POINT('',(0.481047303503,0.481047313968,4.994181582655
    ));
#6956 = CARTESIAN_POINT('',(0.516906086671,-1.445349113365,
    4.385107950635));
#6957 = CARTESIAN_POINT('',(0.434413764993,-2.01070256117,4.939589700564
    ));
#6958 = CARTESIAN_POINT('',(-2.553527176253,-5.101195801032,
    6.233887075147));
#6959 = CARTESIAN_POINT('',(-9.021506766E-02,5.880852025913,
    11.093329440105));
#6960 = CARTESIAN_POINT('',(-0.148264708203,-8.90849447928,
    -3.428513634623));
#6961 = CARTESIAN_POINT('',(0.203399823486,7.072278476807,
    10.222863072486));
#6962 = CARTESIAN_POINT('',(4.429082513441,2.715571951697,3.530688383036
    ));
#6963 = CARTESIAN_POINT('',(-3.774128815161E-03,-1.111382122297,
    4.931696975367));
#6964 = CARTESIAN_POINT('',(-2.26850420413E-02,-1.094060707134,
    4.932128452027));
#6965 = CARTESIAN_POINT('',(-0.334605314916,-0.345370310179,
    4.525767546121));
#6966 = CARTESIAN_POINT('',(-0.506783906156,-0.125010993515,
    4.831886246891));
#6967 = CARTESIAN_POINT('',(6.426982221977E-03,0.847123326519,
    4.995110544806));
#6968 = CARTESIAN_POINT('',(2.140951653349E-02,-2.99156753984,
    3.714854054688));
#6969 = CARTESIAN_POINT('',(1.346173164938,4.706625728945,6.737721807027
    ));
#6970 = CARTESIAN_POINT('',(-0.426050675775,-4.916054431604,
    3.885045980256));
#6971 = CARTESIAN_POINT('',(-3.597216519247E-02,1.025926047443,
    5.383360038079));
#6972 = CARTESIAN_POINT('',(1.005199943394,0.563345365206,5.022581923928
    ));
#6973 = CARTESIAN_POINT('',(0.841641594676,6.083476798751E-02,
    5.007985207206));
#6974 = CARTESIAN_POINT('',(-0.129127309256,-0.838899453326,
    4.824140639393));
#6975 = CARTESIAN_POINT('',(-0.10945240021,-0.723911598369,
    5.017737520756));
#6976 = CARTESIAN_POINT('',(5.306642277646E-02,-0.466817584538,
    5.097835965427));
#6977 = CARTESIAN_POINT('',(0.196872323448,-1.004239581687,5.15770854758
    ));
#6978 = CARTESIAN_POINT('',(0.906568046356,0.593366884322,4.819603805629
    ));
#6979 = CARTESIAN_POINT('',(9.115031291805E-02,-1.849928488368,
    5.032213989289));
#6980 = CARTESIAN_POINT('',(0.645889081569,-0.127651528842,
    5.017285071734));
#6981 = CARTESIAN_POINT('',(0.92478810612,0.137794448932,5.019301234666)
  );
#6982 = CARTESIAN_POINT('',(0.941638256148,-1.152947911818E-02,
    5.027334698951));
#6983 = CARTESIAN_POINT('',(2.449192442777E-02,-1.107225912842,
    5.040771135199));
#6984 = CARTESIAN_POINT('',(0.114249368483,-0.971730220398,
    5.145968596103));
#6985 = CARTESIAN_POINT('',(0.309178771632,-0.767629178593,5.13591078993
    ));
#6986 = CARTESIAN_POINT('',(0.473063407932,-0.964797248345,
    5.124275757255));
#6987 = CARTESIAN_POINT('',(0.930184194553,-0.181828860381,4.85104962072
    ));
#6988 = CARTESIAN_POINT('',(0.408106128413,-1.605602421367,
    4.960620252413));
#6989 = CARTESIAN_POINT('',(0.85896723667,-0.330876760763,4.94279076168)
  );
#6990 = CARTESIAN_POINT('',(1.108157921859,-3.989103177712E-03,
    4.953083486157));
#6991 = CARTESIAN_POINT('',(1.17141998637,-7.636286901149E-03,
    4.991054479981));
#6992 = ADVANCED_FACE('',(#6993),#7049,.T.);
#6993 = FACE_BOUND('',#6994,.T.);
#6994 = EDGE_LOOP('',(#6995,#7001,#7002,#7010,#7018,#7026,#7034,#7042,
    #7048));
#6995 = ORIENTED_EDGE('',*,*,#6996,.F.);
#6996 = EDGE_CURVE('',#6250,#6260,#6997,.T.);
#6997 = LINE('',#6998,#6999);
#6998 = CARTESIAN_POINT('',(11.6,-14.29831621726,2.));
#6999 = VECTOR('',#7000,1.);
#7000 = DIRECTION('',(-3.4E-16,1.,0.));
#7001 = ORIENTED_EDGE('',*,*,#6249,.T.);
#7002 = ORIENTED_EDGE('',*,*,#7003,.T.);
#7003 = EDGE_CURVE('',#6252,#7004,#7006,.T.);
#7004 = VERTEX_POINT('',#7005);
#7005 = CARTESIAN_POINT('',(11.6,-14.6,2.2));
#7006 = LINE('',#7007,#7008);
#7007 = CARTESIAN_POINT('',(11.6,-15.59663243452,2.2));
#7008 = VECTOR('',#7009,1.);
#7009 = DIRECTION('',(-3.4E-16,1.,-0.));
#7010 = ORIENTED_EDGE('',*,*,#7011,.T.);
#7011 = EDGE_CURVE('',#7004,#7012,#7014,.T.);
#7012 = VERTEX_POINT('',#7013);
#7013 = CARTESIAN_POINT('',(11.6,-14.6,2.4));
#7014 = LINE('',#7015,#7016);
#7015 = CARTESIAN_POINT('',(11.6,-14.6,0.));
#7016 = VECTOR('',#7017,1.);
#7017 = DIRECTION('',(0.,0.,1.));
#7018 = ORIENTED_EDGE('',*,*,#7019,.T.);
#7019 = EDGE_CURVE('',#7012,#7020,#7022,.T.);
#7020 = VERTEX_POINT('',#7021);
#7021 = CARTESIAN_POINT('',(11.6,-13.,2.4));
#7022 = LINE('',#7023,#7024);
#7023 = CARTESIAN_POINT('',(11.6,-14.6,2.4));
#7024 = VECTOR('',#7025,1.);
#7025 = DIRECTION('',(0.,1.,0.));
#7026 = ORIENTED_EDGE('',*,*,#7027,.T.);
#7027 = EDGE_CURVE('',#7020,#7028,#7030,.T.);
#7028 = VERTEX_POINT('',#7029);
#7029 = CARTESIAN_POINT('',(11.6,-11.4,2.4));
#7030 = LINE('',#7031,#7032);
#7031 = CARTESIAN_POINT('',(11.6,-14.6,2.4));
#7032 = VECTOR('',#7033,1.);
#7033 = DIRECTION('',(0.,1.,0.));
#7034 = ORIENTED_EDGE('',*,*,#7035,.F.);
#7035 = EDGE_CURVE('',#7036,#7028,#7038,.T.);
#7036 = VERTEX_POINT('',#7037);
#7037 = CARTESIAN_POINT('',(11.6,-11.4,2.2));
#7038 = LINE('',#7039,#7040);
#7039 = CARTESIAN_POINT('',(11.6,-11.4,0.));
#7040 = VECTOR('',#7041,1.);
#7041 = DIRECTION('',(0.,0.,1.));
#7042 = ORIENTED_EDGE('',*,*,#7043,.T.);
#7043 = EDGE_CURVE('',#7036,#6269,#7044,.T.);
#7044 = LINE('',#7045,#7046);
#7045 = CARTESIAN_POINT('',(11.6,-15.59663243452,2.2));
#7046 = VECTOR('',#7047,1.);
#7047 = DIRECTION('',(-3.4E-16,1.,-0.));
#7048 = ORIENTED_EDGE('',*,*,#6268,.F.);
#7049 = PLANE('',#7050);
#7050 = AXIS2_PLACEMENT_3D('',#7051,#7052,#7053);
#7051 = CARTESIAN_POINT('',(11.6,-13.,2.164363123941));
#7052 = DIRECTION('',(-1.,-3.7E-16,2.13E-15));
#7053 = DIRECTION('',(-2.13E-15,0.,-1.));
#7054 = ADVANCED_FACE('',(#7055),#7059,.T.);
#7055 = FACE_BOUND('',#7056,.T.);
#7056 = EDGE_LOOP('',(#7057,#7058));
#7057 = ORIENTED_EDGE('',*,*,#6996,.T.);
#7058 = ORIENTED_EDGE('',*,*,#6259,.T.);
#7059 = PLANE('',#7060);
#7060 = AXIS2_PLACEMENT_3D('',#7061,#7062,#7063);
#7061 = CARTESIAN_POINT('',(10.,-13.,2.));
#7062 = DIRECTION('',(0.,0.,-1.));
#7063 = DIRECTION('',(-1.,0.,0.));
#7064 = ADVANCED_FACE('',(#7065),#7083,.F.);
#7065 = FACE_BOUND('',#7066,.F.);
#7066 = EDGE_LOOP('',(#7067,#7075,#7081,#7082));
#7067 = ORIENTED_EDGE('',*,*,#7068,.F.);
#7068 = EDGE_CURVE('',#7069,#6277,#7071,.T.);
#7069 = VERTEX_POINT('',#7070);
#7070 = CARTESIAN_POINT('',(8.4,-11.4,2.2));
#7071 = LINE('',#7072,#7073);
#7072 = CARTESIAN_POINT('',(8.4,-15.59663243452,2.2));
#7073 = VECTOR('',#7074,1.);
#7074 = DIRECTION('',(0.,1.,0.));
#7075 = ORIENTED_EDGE('',*,*,#7076,.T.);
#7076 = EDGE_CURVE('',#7069,#7036,#7077,.T.);
#7077 = LINE('',#7078,#7079);
#7078 = CARTESIAN_POINT('',(1.633333333339,-11.4,2.2));
#7079 = VECTOR('',#7080,1.);
#7080 = DIRECTION('',(1.,0.,0.));
#7081 = ORIENTED_EDGE('',*,*,#7043,.T.);
#7082 = ORIENTED_EDGE('',*,*,#6276,.F.);
#7083 = PLANE('',#7084);
#7084 = AXIS2_PLACEMENT_3D('',#7085,#7086,#7087);
#7085 = CARTESIAN_POINT('',(-8.333333333323,2.333333333327,2.2));
#7086 = DIRECTION('',(0.,0.,1.));
#7087 = DIRECTION('',(1.,0.,0.));
#7088 = ADVANCED_FACE('',(#7089),#7138,.T.);
#7089 = FACE_BOUND('',#7090,.T.);
#7090 = EDGE_LOOP('',(#7091,#7092,#7100,#7108,#7116,#7124,#7130,#7131,
    #7137));
#7091 = ORIENTED_EDGE('',*,*,#7068,.F.);
#7092 = ORIENTED_EDGE('',*,*,#7093,.T.);
#7093 = EDGE_CURVE('',#7069,#7094,#7096,.T.);
#7094 = VERTEX_POINT('',#7095);
#7095 = CARTESIAN_POINT('',(8.4,-11.4,2.4));
#7096 = LINE('',#7097,#7098);
#7097 = CARTESIAN_POINT('',(8.4,-11.4,0.));
#7098 = VECTOR('',#7099,1.);
#7099 = DIRECTION('',(0.,0.,1.));
#7100 = ORIENTED_EDGE('',*,*,#7101,.T.);
#7101 = EDGE_CURVE('',#7094,#7102,#7104,.T.);
#7102 = VERTEX_POINT('',#7103);
#7103 = CARTESIAN_POINT('',(8.4,-13.,2.4));
#7104 = LINE('',#7105,#7106);
#7105 = CARTESIAN_POINT('',(8.4,-11.4,2.4));
#7106 = VECTOR('',#7107,1.);
#7107 = DIRECTION('',(0.,-1.,0.));
#7108 = ORIENTED_EDGE('',*,*,#7109,.T.);
#7109 = EDGE_CURVE('',#7102,#7110,#7112,.T.);
#7110 = VERTEX_POINT('',#7111);
#7111 = CARTESIAN_POINT('',(8.4,-14.6,2.4));
#7112 = LINE('',#7113,#7114);
#7113 = CARTESIAN_POINT('',(8.4,-11.4,2.4));
#7114 = VECTOR('',#7115,1.);
#7115 = DIRECTION('',(0.,-1.,0.));
#7116 = ORIENTED_EDGE('',*,*,#7117,.F.);
#7117 = EDGE_CURVE('',#7118,#7110,#7120,.T.);
#7118 = VERTEX_POINT('',#7119);
#7119 = CARTESIAN_POINT('',(8.4,-14.6,2.2));
#7120 = LINE('',#7121,#7122);
#7121 = CARTESIAN_POINT('',(8.4,-14.6,0.));
#7122 = VECTOR('',#7123,1.);
#7123 = DIRECTION('',(0.,0.,1.));
#7124 = ORIENTED_EDGE('',*,*,#7125,.F.);
#7125 = EDGE_CURVE('',#6323,#7118,#7126,.T.);
#7126 = LINE('',#7127,#7128);
#7127 = CARTESIAN_POINT('',(8.4,-15.59663243452,2.2));
#7128 = VECTOR('',#7129,1.);
#7129 = DIRECTION('',(0.,1.,0.));
#7130 = ORIENTED_EDGE('',*,*,#6322,.F.);
#7131 = ORIENTED_EDGE('',*,*,#7132,.T.);
#7132 = EDGE_CURVE('',#6314,#6286,#7133,.T.);
#7133 = LINE('',#7134,#7135);
#7134 = CARTESIAN_POINT('',(8.4,-14.29831621726,2.));
#7135 = VECTOR('',#7136,1.);
#7136 = DIRECTION('',(0.,1.,0.));
#7137 = ORIENTED_EDGE('',*,*,#6285,.T.);
#7138 = PLANE('',#7139);
#7139 = AXIS2_PLACEMENT_3D('',#7140,#7141,#7142);
#7140 = CARTESIAN_POINT('',(8.4,-13.,2.164363123941));
#7141 = DIRECTION('',(1.,0.,0.));
#7142 = DIRECTION('',(0.,0.,1.));
#7143 = ADVANCED_FACE('',(#7144),#7149,.T.);
#7144 = FACE_BOUND('',#7145,.T.);
#7145 = EDGE_LOOP('',(#7146,#7147,#7148));
#7146 = ORIENTED_EDGE('',*,*,#6313,.T.);
#7147 = ORIENTED_EDGE('',*,*,#6293,.T.);
#7148 = ORIENTED_EDGE('',*,*,#7132,.F.);
#7149 = PLANE('',#7150);
#7150 = AXIS2_PLACEMENT_3D('',#7151,#7152,#7153);
#7151 = CARTESIAN_POINT('',(10.,-13.,2.));
#7152 = DIRECTION('',(0.,0.,-1.));
#7153 = DIRECTION('',(-1.,0.,0.));
#7154 = ADVANCED_FACE('',(#7155),#7166,.F.);
#7155 = FACE_BOUND('',#7156,.F.);
#7156 = EDGE_LOOP('',(#7157,#7158,#7159,#7165));
#7157 = ORIENTED_EDGE('',*,*,#6330,.F.);
#7158 = ORIENTED_EDGE('',*,*,#7003,.T.);
#7159 = ORIENTED_EDGE('',*,*,#7160,.T.);
#7160 = EDGE_CURVE('',#7004,#7118,#7161,.T.);
#7161 = LINE('',#7162,#7163);
#7162 = CARTESIAN_POINT('',(3.333333333858E-02,-14.6,2.2));
#7163 = VECTOR('',#7164,1.);
#7164 = DIRECTION('',(-1.,0.,0.));
#7165 = ORIENTED_EDGE('',*,*,#7125,.F.);
#7166 = PLANE('',#7167);
#7167 = AXIS2_PLACEMENT_3D('',#7168,#7169,#7170);
#7168 = CARTESIAN_POINT('',(-8.333333333323,2.333333333327,2.2));
#7169 = DIRECTION('',(0.,0.,1.));
#7170 = DIRECTION('',(1.,0.,0.));
#7171 = ADVANCED_FACE('',(#7172),#7197,.F.);
#7172 = FACE_BOUND('',#7173,.F.);
#7173 = EDGE_LOOP('',(#7174,#7182,#7190,#7196));
#7174 = ORIENTED_EDGE('',*,*,#7175,.T.);
#7175 = EDGE_CURVE('',#6419,#7176,#7178,.T.);
#7176 = VERTEX_POINT('',#7177);
#7177 = CARTESIAN_POINT('',(41.,-20.5,18.233161507462));
#7178 = LINE('',#7179,#7180);
#7179 = CARTESIAN_POINT('',(41.,-17.5,18.233161507462));
#7180 = VECTOR('',#7181,1.);
#7181 = DIRECTION('',(0.,-1.,2.2E-16));
#7182 = ORIENTED_EDGE('',*,*,#7183,.T.);
#7183 = EDGE_CURVE('',#7176,#7184,#7186,.T.);
#7184 = VERTEX_POINT('',#7185);
#7185 = CARTESIAN_POINT('',(43.8,-20.5,16.616580753731));
#7186 = LINE('',#7187,#7188);
#7187 = CARTESIAN_POINT('',(41.,-20.5,18.233161507462));
#7188 = VECTOR('',#7189,1.);
#7189 = DIRECTION('',(0.866025403784,0.,-0.5));
#7190 = ORIENTED_EDGE('',*,*,#7191,.F.);
#7191 = EDGE_CURVE('',#6421,#7184,#7192,.T.);
#7192 = LINE('',#7193,#7194);
#7193 = CARTESIAN_POINT('',(43.8,-17.5,16.616580753731));
#7194 = VECTOR('',#7195,1.);
#7195 = DIRECTION('',(0.,-1.,2.2E-16));
#7196 = ORIENTED_EDGE('',*,*,#6418,.F.);
#7197 = PLANE('',#7198);
#7198 = AXIS2_PLACEMENT_3D('',#7199,#7200,#7201);
#7199 = CARTESIAN_POINT('',(41.,-17.5,18.233161507462));
#7200 = DIRECTION('',(0.5,1.9E-16,0.866025403784));
#7201 = DIRECTION('',(0.866025403784,-1.1E-16,-0.5));
#7202 = ADVANCED_FACE('',(#7203),#7221,.F.);
#7203 = FACE_BOUND('',#7204,.F.);
#7204 = EDGE_LOOP('',(#7205,#7206,#7214,#7220));
#7205 = ORIENTED_EDGE('',*,*,#7191,.T.);
#7206 = ORIENTED_EDGE('',*,*,#7207,.T.);
#7207 = EDGE_CURVE('',#7184,#7208,#7210,.T.);
#7208 = VERTEX_POINT('',#7209);
#7209 = CARTESIAN_POINT('',(43.8,-20.5,13.383419246269));
#7210 = LINE('',#7211,#7212);
#7211 = CARTESIAN_POINT('',(43.8,-20.5,16.616580753731));
#7212 = VECTOR('',#7213,1.);
#7213 = DIRECTION('',(0.,0.,-1.));
#7214 = ORIENTED_EDGE('',*,*,#7215,.F.);
#7215 = EDGE_CURVE('',#6453,#7208,#7216,.T.);
#7216 = LINE('',#7217,#7218);
#7217 = CARTESIAN_POINT('',(43.8,-17.5,13.383419246269));
#7218 = VECTOR('',#7219,1.);
#7219 = DIRECTION('',(0.,-1.,2.2E-16));
#7220 = ORIENTED_EDGE('',*,*,#6460,.F.);
#7221 = PLANE('',#7222);
#7222 = AXIS2_PLACEMENT_3D('',#7223,#7224,#7225);
#7223 = CARTESIAN_POINT('',(43.8,-17.5,16.616580753731));
#7224 = DIRECTION('',(1.,0.,0.));
#7225 = DIRECTION('',(0.,-2.2E-16,-1.));
#7226 = ADVANCED_FACE('',(#7227),#7245,.F.);
#7227 = FACE_BOUND('',#7228,.F.);
#7228 = EDGE_LOOP('',(#7229,#7230,#7238,#7244));
#7229 = ORIENTED_EDGE('',*,*,#7215,.T.);
#7230 = ORIENTED_EDGE('',*,*,#7231,.T.);
#7231 = EDGE_CURVE('',#7208,#7232,#7234,.T.);
#7232 = VERTEX_POINT('',#7233);
#7233 = CARTESIAN_POINT('',(41.,-20.5,11.766838492538));
#7234 = LINE('',#7235,#7236);
#7235 = CARTESIAN_POINT('',(43.8,-20.5,13.383419246269));
#7236 = VECTOR('',#7237,1.);
#7237 = DIRECTION('',(-0.866025403784,0.,-0.5));
#7238 = ORIENTED_EDGE('',*,*,#7239,.F.);
#7239 = EDGE_CURVE('',#6445,#7232,#7240,.T.);
#7240 = LINE('',#7241,#7242);
#7241 = CARTESIAN_POINT('',(41.,-17.5,11.766838492538));
#7242 = VECTOR('',#7243,1.);
#7243 = DIRECTION('',(0.,-1.,2.2E-16));
#7244 = ORIENTED_EDGE('',*,*,#6452,.F.);
#7245 = PLANE('',#7246);
#7246 = AXIS2_PLACEMENT_3D('',#7247,#7248,#7249);
#7247 = CARTESIAN_POINT('',(43.8,-17.5,13.383419246269));
#7248 = DIRECTION('',(0.5,-1.9E-16,-0.866025403784));
#7249 = DIRECTION('',(-0.866025403784,-1.1E-16,-0.5));
#7250 = ADVANCED_FACE('',(#7251),#7269,.F.);
#7251 = FACE_BOUND('',#7252,.F.);
#7252 = EDGE_LOOP('',(#7253,#7254,#7262,#7268));
#7253 = ORIENTED_EDGE('',*,*,#7239,.T.);
#7254 = ORIENTED_EDGE('',*,*,#7255,.T.);
#7255 = EDGE_CURVE('',#7232,#7256,#7258,.T.);
#7256 = VERTEX_POINT('',#7257);
#7257 = CARTESIAN_POINT('',(38.2,-20.5,13.383419246269));
#7258 = LINE('',#7259,#7260);
#7259 = CARTESIAN_POINT('',(41.,-20.5,11.766838492538));
#7260 = VECTOR('',#7261,1.);
#7261 = DIRECTION('',(-0.866025403784,0.,0.5));
#7262 = ORIENTED_EDGE('',*,*,#7263,.F.);
#7263 = EDGE_CURVE('',#6437,#7256,#7264,.T.);
#7264 = LINE('',#7265,#7266);
#7265 = CARTESIAN_POINT('',(38.2,-17.5,13.383419246269));
#7266 = VECTOR('',#7267,1.);
#7267 = DIRECTION('',(0.,-1.,2.2E-16));
#7268 = ORIENTED_EDGE('',*,*,#6444,.F.);
#7269 = PLANE('',#7270);
#7270 = AXIS2_PLACEMENT_3D('',#7271,#7272,#7273);
#7271 = CARTESIAN_POINT('',(41.,-17.5,11.766838492538));
#7272 = DIRECTION('',(-0.5,-1.9E-16,-0.866025403784));
#7273 = DIRECTION('',(-0.866025403784,1.1E-16,0.5));
#7274 = ADVANCED_FACE('',(#7275),#7293,.F.);
#7275 = FACE_BOUND('',#7276,.F.);
#7276 = EDGE_LOOP('',(#7277,#7278,#7286,#7292));
#7277 = ORIENTED_EDGE('',*,*,#7263,.T.);
#7278 = ORIENTED_EDGE('',*,*,#7279,.T.);
#7279 = EDGE_CURVE('',#7256,#7280,#7282,.T.);
#7280 = VERTEX_POINT('',#7281);
#7281 = CARTESIAN_POINT('',(38.2,-20.5,16.616580753731));
#7282 = LINE('',#7283,#7284);
#7283 = CARTESIAN_POINT('',(38.2,-20.5,13.383419246269));
#7284 = VECTOR('',#7285,1.);
#7285 = DIRECTION('',(0.,0.,1.));
#7286 = ORIENTED_EDGE('',*,*,#7287,.F.);
#7287 = EDGE_CURVE('',#6429,#7280,#7288,.T.);
#7288 = LINE('',#7289,#7290);
#7289 = CARTESIAN_POINT('',(38.2,-17.5,16.616580753731));
#7290 = VECTOR('',#7291,1.);
#7291 = DIRECTION('',(0.,-1.,2.2E-16));
#7292 = ORIENTED_EDGE('',*,*,#6436,.F.);
#7293 = PLANE('',#7294);
#7294 = AXIS2_PLACEMENT_3D('',#7295,#7296,#7297);
#7295 = CARTESIAN_POINT('',(38.2,-17.5,13.383419246269));
#7296 = DIRECTION('',(-1.,0.,0.));
#7297 = DIRECTION('',(0.,2.2E-16,1.));
#7298 = ADVANCED_FACE('',(#7299),#7310,.F.);
#7299 = FACE_BOUND('',#7300,.F.);
#7300 = EDGE_LOOP('',(#7301,#7302,#7308,#7309));
#7301 = ORIENTED_EDGE('',*,*,#7287,.T.);
#7302 = ORIENTED_EDGE('',*,*,#7303,.T.);
#7303 = EDGE_CURVE('',#7280,#7176,#7304,.T.);
#7304 = LINE('',#7305,#7306);
#7305 = CARTESIAN_POINT('',(38.2,-20.5,16.616580753731));
#7306 = VECTOR('',#7307,1.);
#7307 = DIRECTION('',(0.866025403784,0.,0.5));
#7308 = ORIENTED_EDGE('',*,*,#7175,.F.);
#7309 = ORIENTED_EDGE('',*,*,#6428,.F.);
#7310 = PLANE('',#7311);
#7311 = AXIS2_PLACEMENT_3D('',#7312,#7313,#7314);
#7312 = CARTESIAN_POINT('',(38.2,-17.5,16.616580753731));
#7313 = DIRECTION('',(-0.5,1.9E-16,0.866025403784));
#7314 = DIRECTION('',(0.866025403784,1.1E-16,0.5));
#7315 = ADVANCED_FACE('',(#7316),#7372,.T.);
#7316 = FACE_BOUND('',#7317,.T.);
#7317 = EDGE_LOOP('',(#7318,#7324,#7325,#7333,#7341,#7349,#7357,#7365,
    #7371));
#7318 = ORIENTED_EDGE('',*,*,#7319,.F.);
#7319 = EDGE_CURVE('',#6540,#6550,#7320,.T.);
#7320 = LINE('',#7321,#7322);
#7321 = CARTESIAN_POINT('',(-23.40000000001,8.70168378275,2.));
#7322 = VECTOR('',#7323,1.);
#7323 = DIRECTION('',(-1.226318E-11,1.,0.));
#7324 = ORIENTED_EDGE('',*,*,#6539,.T.);
#7325 = ORIENTED_EDGE('',*,*,#7326,.T.);
#7326 = EDGE_CURVE('',#6542,#7327,#7329,.T.);
#7327 = VERTEX_POINT('',#7328);
#7328 = CARTESIAN_POINT('',(-23.4,8.4,2.2));
#7329 = LINE('',#7330,#7331);
#7330 = CARTESIAN_POINT('',(-23.4,7.40336756548,2.2));
#7331 = VECTOR('',#7332,1.);
#7332 = DIRECTION('',(-1.226318E-11,1.,-0.));
#7333 = ORIENTED_EDGE('',*,*,#7334,.T.);
#7334 = EDGE_CURVE('',#7327,#7335,#7337,.T.);
#7335 = VERTEX_POINT('',#7336);
#7336 = CARTESIAN_POINT('',(-23.4,8.4,2.4));
#7337 = LINE('',#7338,#7339);
#7338 = CARTESIAN_POINT('',(-23.4,8.4,0.));
#7339 = VECTOR('',#7340,1.);
#7340 = DIRECTION('',(0.,0.,1.));
#7341 = ORIENTED_EDGE('',*,*,#7342,.T.);
#7342 = EDGE_CURVE('',#7335,#7343,#7345,.T.);
#7343 = VERTEX_POINT('',#7344);
#7344 = CARTESIAN_POINT('',(-23.4,10.,2.4));
#7345 = LINE('',#7346,#7347);
#7346 = CARTESIAN_POINT('',(-23.4,8.4,2.4));
#7347 = VECTOR('',#7348,1.);
#7348 = DIRECTION('',(0.,1.,0.));
#7349 = ORIENTED_EDGE('',*,*,#7350,.T.);
#7350 = EDGE_CURVE('',#7343,#7351,#7353,.T.);
#7351 = VERTEX_POINT('',#7352);
#7352 = CARTESIAN_POINT('',(-23.4,11.6,2.4));
#7353 = LINE('',#7354,#7355);
#7354 = CARTESIAN_POINT('',(-23.4,8.4,2.4));
#7355 = VECTOR('',#7356,1.);
#7356 = DIRECTION('',(0.,1.,0.));
#7357 = ORIENTED_EDGE('',*,*,#7358,.F.);
#7358 = EDGE_CURVE('',#7359,#7351,#7361,.T.);
#7359 = VERTEX_POINT('',#7360);
#7360 = CARTESIAN_POINT('',(-23.40000000002,11.6,2.2));
#7361 = LINE('',#7362,#7363);
#7362 = CARTESIAN_POINT('',(-23.4,11.6,0.));
#7363 = VECTOR('',#7364,1.);
#7364 = DIRECTION('',(0.,0.,1.));
#7365 = ORIENTED_EDGE('',*,*,#7366,.T.);
#7366 = EDGE_CURVE('',#7359,#6559,#7367,.T.);
#7367 = LINE('',#7368,#7369);
#7368 = CARTESIAN_POINT('',(-23.4,7.40336756548,2.2));
#7369 = VECTOR('',#7370,1.);
#7370 = DIRECTION('',(-1.226318E-11,1.,-0.));
#7371 = ORIENTED_EDGE('',*,*,#6558,.F.);
#7372 = PLANE('',#7373);
#7373 = AXIS2_PLACEMENT_3D('',#7374,#7375,#7376);
#7374 = CARTESIAN_POINT('',(-23.40000000002,10.000000000012,
    2.164363123941));
#7375 = DIRECTION('',(-1.,-1.044588E-11,7.629519E-11));
#7376 = DIRECTION('',(-7.629519E-11,0.,-1.));
#7377 = ADVANCED_FACE('',(#7378),#7382,.T.);
#7378 = FACE_BOUND('',#7379,.T.);
#7379 = EDGE_LOOP('',(#7380,#7381));
#7380 = ORIENTED_EDGE('',*,*,#7319,.T.);
#7381 = ORIENTED_EDGE('',*,*,#6549,.T.);
#7382 = PLANE('',#7383);
#7383 = AXIS2_PLACEMENT_3D('',#7384,#7385,#7386);
#7384 = CARTESIAN_POINT('',(-25.,10.,2.));
#7385 = DIRECTION('',(0.,0.,-1.));
#7386 = DIRECTION('',(-1.,0.,0.));
#7387 = ADVANCED_FACE('',(#7388),#7406,.F.);
#7388 = FACE_BOUND('',#7389,.F.);
#7389 = EDGE_LOOP('',(#7390,#7398,#7404,#7405));
#7390 = ORIENTED_EDGE('',*,*,#7391,.F.);
#7391 = EDGE_CURVE('',#7392,#6567,#7394,.T.);
#7392 = VERTEX_POINT('',#7393);
#7393 = CARTESIAN_POINT('',(-26.60000000003,11.6,2.2));
#7394 = LINE('',#7395,#7396);
#7395 = CARTESIAN_POINT('',(-26.6,7.40336756548,2.2));
#7396 = VECTOR('',#7397,1.);
#7397 = DIRECTION('',(-1.412872E-11,1.,-0.));
#7398 = ORIENTED_EDGE('',*,*,#7399,.T.);
#7399 = EDGE_CURVE('',#7392,#7359,#7400,.T.);
#7400 = LINE('',#7401,#7402);
#7401 = CARTESIAN_POINT('',(-15.86666666666,11.6,2.2));
#7402 = VECTOR('',#7403,1.);
#7403 = DIRECTION('',(1.,0.,0.));
#7404 = ORIENTED_EDGE('',*,*,#7366,.T.);
#7405 = ORIENTED_EDGE('',*,*,#6566,.F.);
#7406 = PLANE('',#7407);
#7407 = AXIS2_PLACEMENT_3D('',#7408,#7409,#7410);
#7408 = CARTESIAN_POINT('',(-8.333333333323,2.333333333327,2.2));
#7409 = DIRECTION('',(0.,0.,1.));
#7410 = DIRECTION('',(1.,0.,0.));
#7411 = ADVANCED_FACE('',(#7412),#7461,.T.);
#7412 = FACE_BOUND('',#7413,.T.);
#7413 = EDGE_LOOP('',(#7414,#7415,#7423,#7431,#7439,#7447,#7453,#7454,
    #7460));
#7414 = ORIENTED_EDGE('',*,*,#7391,.F.);
#7415 = ORIENTED_EDGE('',*,*,#7416,.T.);
#7416 = EDGE_CURVE('',#7392,#7417,#7419,.T.);
#7417 = VERTEX_POINT('',#7418);
#7418 = CARTESIAN_POINT('',(-26.6,11.6,2.4));
#7419 = LINE('',#7420,#7421);
#7420 = CARTESIAN_POINT('',(-26.6,11.6,0.));
#7421 = VECTOR('',#7422,1.);
#7422 = DIRECTION('',(0.,0.,1.));
#7423 = ORIENTED_EDGE('',*,*,#7424,.T.);
#7424 = EDGE_CURVE('',#7417,#7425,#7427,.T.);
#7425 = VERTEX_POINT('',#7426);
#7426 = CARTESIAN_POINT('',(-26.6,10.,2.4));
#7427 = LINE('',#7428,#7429);
#7428 = CARTESIAN_POINT('',(-26.6,11.6,2.4));
#7429 = VECTOR('',#7430,1.);
#7430 = DIRECTION('',(0.,-1.,0.));
#7431 = ORIENTED_EDGE('',*,*,#7432,.T.);
#7432 = EDGE_CURVE('',#7425,#7433,#7435,.T.);
#7433 = VERTEX_POINT('',#7434);
#7434 = CARTESIAN_POINT('',(-26.6,8.4,2.4));
#7435 = LINE('',#7436,#7437);
#7436 = CARTESIAN_POINT('',(-26.6,11.6,2.4));
#7437 = VECTOR('',#7438,1.);
#7438 = DIRECTION('',(0.,-1.,0.));
#7439 = ORIENTED_EDGE('',*,*,#7440,.F.);
#7440 = EDGE_CURVE('',#7441,#7433,#7443,.T.);
#7441 = VERTEX_POINT('',#7442);
#7442 = CARTESIAN_POINT('',(-26.6,8.4,2.2));
#7443 = LINE('',#7444,#7445);
#7444 = CARTESIAN_POINT('',(-26.6,8.4,0.));
#7445 = VECTOR('',#7446,1.);
#7446 = DIRECTION('',(0.,0.,1.));
#7447 = ORIENTED_EDGE('',*,*,#7448,.F.);
#7448 = EDGE_CURVE('',#6613,#7441,#7449,.T.);
#7449 = LINE('',#7450,#7451);
#7450 = CARTESIAN_POINT('',(-26.6,7.40336756548,2.2));
#7451 = VECTOR('',#7452,1.);
#7452 = DIRECTION('',(-1.412872E-11,1.,-0.));
#7453 = ORIENTED_EDGE('',*,*,#6612,.F.);
#7454 = ORIENTED_EDGE('',*,*,#7455,.T.);
#7455 = EDGE_CURVE('',#6604,#6576,#7456,.T.);
#7456 = LINE('',#7457,#7458);
#7457 = CARTESIAN_POINT('',(-26.60000000001,8.701683782729,2.));
#7458 = VECTOR('',#7459,1.);
#7459 = DIRECTION('',(-1.412872E-11,1.,0.));
#7460 = ORIENTED_EDGE('',*,*,#6575,.T.);
#7461 = PLANE('',#7462);
#7462 = AXIS2_PLACEMENT_3D('',#7463,#7464,#7465);
#7463 = CARTESIAN_POINT('',(-26.60000000002,9.999999999948,
    2.164363123942));
#7464 = DIRECTION('',(1.,1.203513E-11,-8.789663E-11));
#7465 = DIRECTION('',(8.789663E-11,0.,1.));
#7466 = ADVANCED_FACE('',(#7467),#7472,.T.);
#7467 = FACE_BOUND('',#7468,.T.);
#7468 = EDGE_LOOP('',(#7469,#7470,#7471));
#7469 = ORIENTED_EDGE('',*,*,#6603,.T.);
#7470 = ORIENTED_EDGE('',*,*,#6583,.T.);
#7471 = ORIENTED_EDGE('',*,*,#7455,.F.);
#7472 = PLANE('',#7473);
#7473 = AXIS2_PLACEMENT_3D('',#7474,#7475,#7476);
#7474 = CARTESIAN_POINT('',(-25.,10.,2.));
#7475 = DIRECTION('',(0.,0.,-1.));
#7476 = DIRECTION('',(-1.,0.,0.));
#7477 = ADVANCED_FACE('',(#7478),#7489,.F.);
#7478 = FACE_BOUND('',#7479,.F.);
#7479 = EDGE_LOOP('',(#7480,#7481,#7482,#7488));
#7480 = ORIENTED_EDGE('',*,*,#6620,.F.);
#7481 = ORIENTED_EDGE('',*,*,#7326,.T.);
#7482 = ORIENTED_EDGE('',*,*,#7483,.T.);
#7483 = EDGE_CURVE('',#7327,#7441,#7484,.T.);
#7484 = LINE('',#7485,#7486);
#7485 = CARTESIAN_POINT('',(-17.46666666666,8.4,2.2));
#7486 = VECTOR('',#7487,1.);
#7487 = DIRECTION('',(-1.,0.,0.));
#7488 = ORIENTED_EDGE('',*,*,#7448,.F.);
#7489 = PLANE('',#7490);
#7490 = AXIS2_PLACEMENT_3D('',#7491,#7492,#7493);
#7491 = CARTESIAN_POINT('',(-8.333333333323,2.333333333327,2.2));
#7492 = DIRECTION('',(0.,0.,1.));
#7493 = DIRECTION('',(1.,0.,0.));
#7494 = ADVANCED_FACE('',(#7495),#7506,.F.);
#7495 = FACE_BOUND('',#7496,.F.);
#7496 = EDGE_LOOP('',(#7497,#7498,#7499,#7500));
#7497 = ORIENTED_EDGE('',*,*,#6635,.F.);
#7498 = ORIENTED_EDGE('',*,*,#6883,.T.);
#7499 = ORIENTED_EDGE('',*,*,#6720,.T.);
#7500 = ORIENTED_EDGE('',*,*,#7501,.F.);
#7501 = EDGE_CURVE('',#6638,#6721,#7502,.T.);
#7502 = LINE('',#7503,#7504);
#7503 = CARTESIAN_POINT('',(-2.2E-16,1.,5.));
#7504 = VECTOR('',#7505,1.);
#7505 = DIRECTION('',(0.,0.,1.));
#7506 = PLANE('',#7507);
#7507 = AXIS2_PLACEMENT_3D('',#7508,#7509,#7510);
#7508 = CARTESIAN_POINT('',(0.,20.,5.));
#7509 = DIRECTION('',(1.,0.,0.));
#7510 = DIRECTION('',(0.,-1.,0.));
#7511 = ADVANCED_FACE('',(#7512),#7554,.F.);
#7512 = FACE_BOUND('',#7513,.T.);
#7513 = EDGE_LOOP('',(#7514,#7523,#7529,#7530,#7531,#7540,#7547));
#7514 = ORIENTED_EDGE('',*,*,#7515,.F.);
#7515 = EDGE_CURVE('',#7425,#7516,#7518,.T.);
#7516 = VERTEX_POINT('',#7517);
#7517 = CARTESIAN_POINT('',(-25.,8.4,2.4));
#7518 = CIRCLE('',#7519,1.6);
#7519 = AXIS2_PLACEMENT_3D('',#7520,#7521,#7522);
#7520 = CARTESIAN_POINT('',(-25.,10.,2.4));
#7521 = DIRECTION('',(0.,0.,1.));
#7522 = DIRECTION('',(-1.,0.,0.));
#7523 = ORIENTED_EDGE('',*,*,#7524,.T.);
#7524 = EDGE_CURVE('',#7425,#6672,#7525,.T.);
#7525 = LINE('',#7526,#7527);
#7526 = CARTESIAN_POINT('',(-26.6,10.,2.));
#7527 = VECTOR('',#7528,1.);
#7528 = DIRECTION('',(6.E-17,0.,1.));
#7529 = ORIENTED_EDGE('',*,*,#6671,.T.);
#7530 = ORIENTED_EDGE('',*,*,#7524,.F.);
#7531 = ORIENTED_EDGE('',*,*,#7532,.F.);
#7532 = EDGE_CURVE('',#7533,#7425,#7535,.T.);
#7533 = VERTEX_POINT('',#7534);
#7534 = CARTESIAN_POINT('',(-25.,11.6,2.4));
#7535 = CIRCLE('',#7536,1.6);
#7536 = AXIS2_PLACEMENT_3D('',#7537,#7538,#7539);
#7537 = CARTESIAN_POINT('',(-25.,10.,2.4));
#7538 = DIRECTION('',(0.,0.,1.));
#7539 = DIRECTION('',(-1.,0.,0.));
#7540 = ORIENTED_EDGE('',*,*,#7541,.F.);
#7541 = EDGE_CURVE('',#7343,#7533,#7542,.T.);
#7542 = CIRCLE('',#7543,1.6);
#7543 = AXIS2_PLACEMENT_3D('',#7544,#7545,#7546);
#7544 = CARTESIAN_POINT('',(-25.,10.,2.4));
#7545 = DIRECTION('',(0.,0.,1.));
#7546 = DIRECTION('',(-1.,0.,0.));
#7547 = ORIENTED_EDGE('',*,*,#7548,.F.);
#7548 = EDGE_CURVE('',#7516,#7343,#7549,.T.);
#7549 = CIRCLE('',#7550,1.6);
#7550 = AXIS2_PLACEMENT_3D('',#7551,#7552,#7553);
#7551 = CARTESIAN_POINT('',(-25.,10.,2.4));
#7552 = DIRECTION('',(0.,0.,1.));
#7553 = DIRECTION('',(-1.,0.,0.));
#7554 = CYLINDRICAL_SURFACE('',#7555,1.6);
#7555 = AXIS2_PLACEMENT_3D('',#7556,#7557,#7558);
#7556 = CARTESIAN_POINT('',(-25.,10.,2.));
#7557 = DIRECTION('',(0.,0.,1.));
#7558 = DIRECTION('',(-1.,0.,0.));
#7559 = ADVANCED_FACE('',(#7560),#7571,.F.);
#7560 = FACE_BOUND('',#7561,.F.);
#7561 = EDGE_LOOP('',(#7562,#7563,#7569,#7570));
#7562 = ORIENTED_EDGE('',*,*,#6806,.F.);
#7563 = ORIENTED_EDGE('',*,*,#7564,.T.);
#7564 = EDGE_CURVE('',#6807,#6692,#7565,.T.);
#7565 = LINE('',#7566,#7567);
#7566 = CARTESIAN_POINT('',(20.,-1.,5.));
#7567 = VECTOR('',#7568,1.);
#7568 = DIRECTION('',(0.,0.,1.));
#7569 = ORIENTED_EDGE('',*,*,#6691,.T.);
#7570 = ORIENTED_EDGE('',*,*,#6866,.F.);
#7571 = PLANE('',#7572);
#7572 = AXIS2_PLACEMENT_3D('',#7573,#7574,#7575);
#7573 = CARTESIAN_POINT('',(20.,-1.,5.));
#7574 = DIRECTION('',(1.,0.,0.));
#7575 = DIRECTION('',(0.,-1.,0.));
#7576 = ADVANCED_FACE('',(#7577),#7588,.F.);
#7577 = FACE_BOUND('',#7578,.T.);
#7578 = EDGE_LOOP('',(#7579,#7580,#7581,#7587));
#7579 = ORIENTED_EDGE('',*,*,#7564,.T.);
#7580 = ORIENTED_EDGE('',*,*,#6745,.T.);
#7581 = ORIENTED_EDGE('',*,*,#7582,.F.);
#7582 = EDGE_CURVE('',#6815,#6738,#7583,.T.);
#7583 = LINE('',#7584,#7585);
#7584 = CARTESIAN_POINT('',(19.,1.8E-16,5.));
#7585 = VECTOR('',#7586,1.);
#7586 = DIRECTION('',(0.,0.,1.));
#7587 = ORIENTED_EDGE('',*,*,#6814,.F.);
#7588 = CYLINDRICAL_SURFACE('',#7589,1.);
#7589 = AXIS2_PLACEMENT_3D('',#7590,#7591,#7592);
#7590 = CARTESIAN_POINT('',(20.,0.,5.));
#7591 = DIRECTION('',(-0.,-0.,-1.));
#7592 = DIRECTION('',(1.,0.,0.));
#7593 = ADVANCED_FACE('',(#7594),#7605,.F.);
#7594 = FACE_BOUND('',#7595,.F.);
#7595 = EDGE_LOOP('',(#7596,#7597,#7603,#7604));
#7596 = ORIENTED_EDGE('',*,*,#6823,.F.);
#7597 = ORIENTED_EDGE('',*,*,#7598,.T.);
#7598 = EDGE_CURVE('',#6824,#6729,#7599,.T.);
#7599 = LINE('',#7600,#7601);
#7600 = CARTESIAN_POINT('',(1.,-2.2E-16,5.));
#7601 = VECTOR('',#7602,1.);
#7602 = DIRECTION('',(0.,0.,1.));
#7603 = ORIENTED_EDGE('',*,*,#6737,.T.);
#7604 = ORIENTED_EDGE('',*,*,#7582,.F.);
#7605 = PLANE('',#7606);
#7606 = AXIS2_PLACEMENT_3D('',#7607,#7608,#7609);
#7607 = CARTESIAN_POINT('',(0.,0.,5.));
#7608 = DIRECTION('',(0.,1.,0.));
#7609 = DIRECTION('',(1.,0.,0.));
#7610 = ADVANCED_FACE('',(#7611),#7617,.T.);
#7611 = FACE_BOUND('',#7612,.F.);
#7612 = EDGE_LOOP('',(#7613,#7614,#7615,#7616));
#7613 = ORIENTED_EDGE('',*,*,#6897,.T.);
#7614 = ORIENTED_EDGE('',*,*,#7501,.T.);
#7615 = ORIENTED_EDGE('',*,*,#6728,.F.);
#7616 = ORIENTED_EDGE('',*,*,#7598,.F.);
#7617 = CYLINDRICAL_SURFACE('',#7618,1.);
#7618 = AXIS2_PLACEMENT_3D('',#7619,#7620,#7621);
#7619 = CARTESIAN_POINT('',(1.,1.,5.));
#7620 = DIRECTION('',(0.,0.,1.));
#7621 = DIRECTION('',(0.,-1.,0.));
#7622 = ADVANCED_FACE('',(#7623,#7631),#7634,.T.);
#7623 = FACE_BOUND('',#7624,.T.);
#7624 = EDGE_LOOP('',(#7625,#7626,#7627,#7628,#7629,#7630));
#7625 = ORIENTED_EDGE('',*,*,#7183,.T.);
#7626 = ORIENTED_EDGE('',*,*,#7207,.T.);
#7627 = ORIENTED_EDGE('',*,*,#7231,.T.);
#7628 = ORIENTED_EDGE('',*,*,#7255,.T.);
#7629 = ORIENTED_EDGE('',*,*,#7279,.T.);
#7630 = ORIENTED_EDGE('',*,*,#7303,.T.);
#7631 = FACE_BOUND('',#7632,.T.);
#7632 = EDGE_LOOP('',(#7633));
#7633 = ORIENTED_EDGE('',*,*,#6778,.T.);
#7634 = PLANE('',#7635);
#7635 = AXIS2_PLACEMENT_3D('',#7636,#7637,#7638);
#7636 = CARTESIAN_POINT('',(41.,-20.5,15.));
#7637 = DIRECTION('',(0.,1.,0.));
#7638 = DIRECTION('',(0.,0.,1.));
#7639 = ADVANCED_FACE('',(#7640),#7682,.F.);
#7640 = FACE_BOUND('',#7641,.T.);
#7641 = EDGE_LOOP('',(#7642,#7651,#7657,#7658,#7659,#7668,#7675));
#7642 = ORIENTED_EDGE('',*,*,#7643,.F.);
#7643 = EDGE_CURVE('',#7102,#7644,#7646,.T.);
#7644 = VERTEX_POINT('',#7645);
#7645 = CARTESIAN_POINT('',(10.,-14.6,2.4));
#7646 = CIRCLE('',#7647,1.6);
#7647 = AXIS2_PLACEMENT_3D('',#7648,#7649,#7650);
#7648 = CARTESIAN_POINT('',(10.,-13.,2.4));
#7649 = DIRECTION('',(0.,0.,1.));
#7650 = DIRECTION('',(-1.,0.,0.));
#7651 = ORIENTED_EDGE('',*,*,#7652,.T.);
#7652 = EDGE_CURVE('',#7102,#6847,#7653,.T.);
#7653 = LINE('',#7654,#7655);
#7654 = CARTESIAN_POINT('',(8.4,-13.,2.));
#7655 = VECTOR('',#7656,1.);
#7656 = DIRECTION('',(6.E-17,0.,1.));
#7657 = ORIENTED_EDGE('',*,*,#6846,.T.);
#7658 = ORIENTED_EDGE('',*,*,#7652,.F.);
#7659 = ORIENTED_EDGE('',*,*,#7660,.F.);
#7660 = EDGE_CURVE('',#7661,#7102,#7663,.T.);
#7661 = VERTEX_POINT('',#7662);
#7662 = CARTESIAN_POINT('',(10.,-11.4,2.4));
#7663 = CIRCLE('',#7664,1.6);
#7664 = AXIS2_PLACEMENT_3D('',#7665,#7666,#7667);
#7665 = CARTESIAN_POINT('',(10.,-13.,2.4));
#7666 = DIRECTION('',(0.,0.,1.));
#7667 = DIRECTION('',(-1.,0.,0.));
#7668 = ORIENTED_EDGE('',*,*,#7669,.F.);
#7669 = EDGE_CURVE('',#7020,#7661,#7670,.T.);
#7670 = CIRCLE('',#7671,1.6);
#7671 = AXIS2_PLACEMENT_3D('',#7672,#7673,#7674);
#7672 = CARTESIAN_POINT('',(10.,-13.,2.4));
#7673 = DIRECTION('',(0.,0.,1.));
#7674 = DIRECTION('',(-1.,0.,0.));
#7675 = ORIENTED_EDGE('',*,*,#7676,.F.);
#7676 = EDGE_CURVE('',#7644,#7020,#7677,.T.);
#7677 = CIRCLE('',#7678,1.6);
#7678 = AXIS2_PLACEMENT_3D('',#7679,#7680,#7681);
#7679 = CARTESIAN_POINT('',(10.,-13.,2.4));
#7680 = DIRECTION('',(0.,0.,1.));
#7681 = DIRECTION('',(-1.,0.,0.));
#7682 = CYLINDRICAL_SURFACE('',#7683,1.6);
#7683 = AXIS2_PLACEMENT_3D('',#7684,#7685,#7686);
#7684 = CARTESIAN_POINT('',(10.,-13.,2.));
#7685 = DIRECTION('',(0.,0.,1.));
#7686 = DIRECTION('',(-1.,0.,0.));
#7687 = ADVANCED_FACE('',(#7688),#7705,.T.);
#7688 = FACE_BOUND('',#7689,.T.);
#7689 = EDGE_LOOP('',(#7690,#7691,#7692,#7698,#7704));
#7690 = ORIENTED_EDGE('',*,*,#7160,.T.);
#7691 = ORIENTED_EDGE('',*,*,#7117,.T.);
#7692 = ORIENTED_EDGE('',*,*,#7693,.T.);
#7693 = EDGE_CURVE('',#7110,#7644,#7694,.T.);
#7694 = LINE('',#7695,#7696);
#7695 = CARTESIAN_POINT('',(8.4,-14.6,2.4));
#7696 = VECTOR('',#7697,1.);
#7697 = DIRECTION('',(1.,0.,0.));
#7698 = ORIENTED_EDGE('',*,*,#7699,.T.);
#7699 = EDGE_CURVE('',#7644,#7012,#7700,.T.);
#7700 = LINE('',#7701,#7702);
#7701 = CARTESIAN_POINT('',(8.4,-14.6,2.4));
#7702 = VECTOR('',#7703,1.);
#7703 = DIRECTION('',(1.,0.,0.));
#7704 = ORIENTED_EDGE('',*,*,#7011,.F.);
#7705 = PLANE('',#7706);
#7706 = AXIS2_PLACEMENT_3D('',#7707,#7708,#7709);
#7707 = CARTESIAN_POINT('',(10.,-14.6,2.3));
#7708 = DIRECTION('',(0.,1.,0.));
#7709 = DIRECTION('',(0.,0.,1.));
#7710 = ADVANCED_FACE('',(#7711),#7716,.F.);
#7711 = FACE_BOUND('',#7712,.F.);
#7712 = EDGE_LOOP('',(#7713,#7714,#7715));
#7713 = ORIENTED_EDGE('',*,*,#7676,.F.);
#7714 = ORIENTED_EDGE('',*,*,#7699,.T.);
#7715 = ORIENTED_EDGE('',*,*,#7019,.T.);
#7716 = PLANE('',#7717);
#7717 = AXIS2_PLACEMENT_3D('',#7718,#7719,#7720);
#7718 = CARTESIAN_POINT('',(-8.333333333333,2.333333333333,2.4));
#7719 = DIRECTION('',(0.,0.,1.));
#7720 = DIRECTION('',(1.,0.,0.));
#7721 = ADVANCED_FACE('',(#7722),#7732,.F.);
#7722 = FACE_BOUND('',#7723,.F.);
#7723 = EDGE_LOOP('',(#7724,#7725,#7726));
#7724 = ORIENTED_EDGE('',*,*,#7669,.F.);
#7725 = ORIENTED_EDGE('',*,*,#7027,.T.);
#7726 = ORIENTED_EDGE('',*,*,#7727,.T.);
#7727 = EDGE_CURVE('',#7028,#7661,#7728,.T.);
#7728 = LINE('',#7729,#7730);
#7729 = CARTESIAN_POINT('',(11.6,-11.4,2.4));
#7730 = VECTOR('',#7731,1.);
#7731 = DIRECTION('',(-1.,0.,0.));
#7732 = PLANE('',#7733);
#7733 = AXIS2_PLACEMENT_3D('',#7734,#7735,#7736);
#7734 = CARTESIAN_POINT('',(-8.333333333333,2.333333333333,2.4));
#7735 = DIRECTION('',(0.,0.,1.));
#7736 = DIRECTION('',(1.,0.,0.));
#7737 = ADVANCED_FACE('',(#7738),#7750,.T.);
#7738 = FACE_BOUND('',#7739,.T.);
#7739 = EDGE_LOOP('',(#7740,#7741,#7742,#7743,#7749));
#7740 = ORIENTED_EDGE('',*,*,#7076,.T.);
#7741 = ORIENTED_EDGE('',*,*,#7035,.T.);
#7742 = ORIENTED_EDGE('',*,*,#7727,.T.);
#7743 = ORIENTED_EDGE('',*,*,#7744,.T.);
#7744 = EDGE_CURVE('',#7661,#7094,#7745,.T.);
#7745 = LINE('',#7746,#7747);
#7746 = CARTESIAN_POINT('',(11.6,-11.4,2.4));
#7747 = VECTOR('',#7748,1.);
#7748 = DIRECTION('',(-1.,0.,0.));
#7749 = ORIENTED_EDGE('',*,*,#7093,.F.);
#7750 = PLANE('',#7751);
#7751 = AXIS2_PLACEMENT_3D('',#7752,#7753,#7754);
#7752 = CARTESIAN_POINT('',(10.,-11.4,2.3));
#7753 = DIRECTION('',(-0.,-1.,-0.));
#7754 = DIRECTION('',(0.,0.,-1.));
#7755 = ADVANCED_FACE('',(#7756),#7761,.F.);
#7756 = FACE_BOUND('',#7757,.F.);
#7757 = EDGE_LOOP('',(#7758,#7759,#7760));
#7758 = ORIENTED_EDGE('',*,*,#7101,.T.);
#7759 = ORIENTED_EDGE('',*,*,#7660,.F.);
#7760 = ORIENTED_EDGE('',*,*,#7744,.T.);
#7761 = PLANE('',#7762);
#7762 = AXIS2_PLACEMENT_3D('',#7763,#7764,#7765);
#7763 = CARTESIAN_POINT('',(-8.333333333333,2.333333333333,2.4));
#7764 = DIRECTION('',(0.,0.,1.));
#7765 = DIRECTION('',(1.,0.,0.));
#7766 = ADVANCED_FACE('',(#7767),#7772,.F.);
#7767 = FACE_BOUND('',#7768,.F.);
#7768 = EDGE_LOOP('',(#7769,#7770,#7771));
#7769 = ORIENTED_EDGE('',*,*,#7109,.T.);
#7770 = ORIENTED_EDGE('',*,*,#7693,.T.);
#7771 = ORIENTED_EDGE('',*,*,#7643,.F.);
#7772 = PLANE('',#7773);
#7773 = AXIS2_PLACEMENT_3D('',#7774,#7775,#7776);
#7774 = CARTESIAN_POINT('',(-8.333333333333,2.333333333333,2.4));
#7775 = DIRECTION('',(0.,0.,1.));
#7776 = DIRECTION('',(1.,0.,0.));
#7777 = ADVANCED_FACE('',(#7778),#7795,.T.);
#7778 = FACE_BOUND('',#7779,.T.);
#7779 = EDGE_LOOP('',(#7780,#7781,#7782,#7788,#7794));
#7780 = ORIENTED_EDGE('',*,*,#7483,.T.);
#7781 = ORIENTED_EDGE('',*,*,#7440,.T.);
#7782 = ORIENTED_EDGE('',*,*,#7783,.T.);
#7783 = EDGE_CURVE('',#7433,#7516,#7784,.T.);
#7784 = LINE('',#7785,#7786);
#7785 = CARTESIAN_POINT('',(-26.6,8.4,2.4));
#7786 = VECTOR('',#7787,1.);
#7787 = DIRECTION('',(1.,0.,0.));
#7788 = ORIENTED_EDGE('',*,*,#7789,.T.);
#7789 = EDGE_CURVE('',#7516,#7335,#7790,.T.);
#7790 = LINE('',#7791,#7792);
#7791 = CARTESIAN_POINT('',(-26.6,8.4,2.4));
#7792 = VECTOR('',#7793,1.);
#7793 = DIRECTION('',(1.,0.,0.));
#7794 = ORIENTED_EDGE('',*,*,#7334,.F.);
#7795 = PLANE('',#7796);
#7796 = AXIS2_PLACEMENT_3D('',#7797,#7798,#7799);
#7797 = CARTESIAN_POINT('',(-25.,8.4,2.3));
#7798 = DIRECTION('',(0.,1.,0.));
#7799 = DIRECTION('',(0.,0.,1.));
#7800 = ADVANCED_FACE('',(#7801),#7806,.F.);
#7801 = FACE_BOUND('',#7802,.F.);
#7802 = EDGE_LOOP('',(#7803,#7804,#7805));
#7803 = ORIENTED_EDGE('',*,*,#7548,.F.);
#7804 = ORIENTED_EDGE('',*,*,#7789,.T.);
#7805 = ORIENTED_EDGE('',*,*,#7342,.T.);
#7806 = PLANE('',#7807);
#7807 = AXIS2_PLACEMENT_3D('',#7808,#7809,#7810);
#7808 = CARTESIAN_POINT('',(-8.333333333333,2.333333333333,2.4));
#7809 = DIRECTION('',(0.,0.,1.));
#7810 = DIRECTION('',(1.,0.,0.));
#7811 = ADVANCED_FACE('',(#7812),#7822,.F.);
#7812 = FACE_BOUND('',#7813,.F.);
#7813 = EDGE_LOOP('',(#7814,#7815,#7816));
#7814 = ORIENTED_EDGE('',*,*,#7541,.F.);
#7815 = ORIENTED_EDGE('',*,*,#7350,.T.);
#7816 = ORIENTED_EDGE('',*,*,#7817,.T.);
#7817 = EDGE_CURVE('',#7351,#7533,#7818,.T.);
#7818 = LINE('',#7819,#7820);
#7819 = CARTESIAN_POINT('',(-23.4,11.6,2.4));
#7820 = VECTOR('',#7821,1.);
#7821 = DIRECTION('',(-1.,0.,0.));
#7822 = PLANE('',#7823);
#7823 = AXIS2_PLACEMENT_3D('',#7824,#7825,#7826);
#7824 = CARTESIAN_POINT('',(-8.333333333333,2.333333333333,2.4));
#7825 = DIRECTION('',(0.,0.,1.));
#7826 = DIRECTION('',(1.,0.,0.));
#7827 = ADVANCED_FACE('',(#7828),#7840,.T.);
#7828 = FACE_BOUND('',#7829,.T.);
#7829 = EDGE_LOOP('',(#7830,#7831,#7832,#7833,#7839));
#7830 = ORIENTED_EDGE('',*,*,#7399,.T.);
#7831 = ORIENTED_EDGE('',*,*,#7358,.T.);
#7832 = ORIENTED_EDGE('',*,*,#7817,.T.);
#7833 = ORIENTED_EDGE('',*,*,#7834,.T.);
#7834 = EDGE_CURVE('',#7533,#7417,#7835,.T.);
#7835 = LINE('',#7836,#7837);
#7836 = CARTESIAN_POINT('',(-23.4,11.6,2.4));
#7837 = VECTOR('',#7838,1.);
#7838 = DIRECTION('',(-1.,0.,0.));
#7839 = ORIENTED_EDGE('',*,*,#7416,.F.);
#7840 = PLANE('',#7841);
#7841 = AXIS2_PLACEMENT_3D('',#7842,#7843,#7844);
#7842 = CARTESIAN_POINT('',(-25.,11.6,2.3));
#7843 = DIRECTION('',(-0.,-1.,-0.));
#7844 = DIRECTION('',(0.,0.,-1.));
#7845 = ADVANCED_FACE('',(#7846),#7851,.F.);
#7846 = FACE_BOUND('',#7847,.F.);
#7847 = EDGE_LOOP('',(#7848,#7849,#7850));
#7848 = ORIENTED_EDGE('',*,*,#7424,.T.);
#7849 = ORIENTED_EDGE('',*,*,#7532,.F.);
#7850 = ORIENTED_EDGE('',*,*,#7834,.T.);
#7851 = PLANE('',#7852);
#7852 = AXIS2_PLACEMENT_3D('',#7853,#7854,#7855);
#7853 = CARTESIAN_POINT('',(-8.333333333333,2.333333333333,2.4));
#7854 = DIRECTION('',(0.,0.,1.));
#7855 = DIRECTION('',(1.,0.,0.));
#7856 = ADVANCED_FACE('',(#7857),#7862,.F.);
#7857 = FACE_BOUND('',#7858,.F.);
#7858 = EDGE_LOOP('',(#7859,#7860,#7861));
#7859 = ORIENTED_EDGE('',*,*,#7432,.T.);
#7860 = ORIENTED_EDGE('',*,*,#7783,.T.);
#7861 = ORIENTED_EDGE('',*,*,#7515,.F.);
#7862 = PLANE('',#7863);
#7863 = AXIS2_PLACEMENT_3D('',#7864,#7865,#7866);
#7864 = CARTESIAN_POINT('',(-8.333333333333,2.333333333333,2.4));
#7865 = DIRECTION('',(0.,0.,1.));
#7866 = DIRECTION('',(1.,0.,0.));
#7867 = ( GEOMETRIC_REPRESENTATION_CONTEXT(3) 
GLOBAL_UNCERTAINTY_ASSIGNED_CONTEXT((#7871)) 
GLOBAL_UNIT_ASSIGNED_CONTEXT((#7868,#7869,#7870)) REPRESENTATION_CONTEXT
('Context #1','3D Context with UNIT and UNCERTAINTY') );
#7868 = ( LENGTH_UNIT() NAMED_UNIT(*) SI_UNIT(.MILLI.,.METRE.) );
#7869 = ( NAMED_UNIT(*) PLANE_ANGLE_UNIT() SI_UNIT($,.RADIAN.) );
#7870 = ( NAMED_UNIT(*) SI_UNIT($,.STERADIAN.) SOLID_ANGLE_UNIT() );
#7871 = UNCERTAINTY_MEASURE_WITH_UNIT(LENGTH_MEASURE(5.E-03),#7868,
  'distance_accuracy_value','confusion accuracy');
#7872 = CONTEXT_DEPENDENT_SHAPE_REPRESENTATION(#7873,#7875);
#7873 = ( REPRESENTATION_RELATIONSHIP('','',#5274,#10) 
REPRESENTATION_RELATIONSHIP_WITH_TRANSFORMATION(#7874) 
SHAPE_REPRESENTATION_RELATIONSHIP() );
#7874 = ITEM_DEFINED_TRANSFORMATION('','',#11,#23);
#7875 = PRODUCT_DEFINITION_SHAPE('Placement','Placement of an item',
  #7876);
#7876 = NEXT_ASSEMBLY_USAGE_OCCURRENCE('3','BedCornerRearRight','',#5,
  #5269,$);
#7877 = PRODUCT_RELATED_PRODUCT_CATEGORY('part',$,(#5271));
#7878 = SHAPE_DEFINITION_REPRESENTATION(#7879,#7885);
#7879 = PRODUCT_DEFINITION_SHAPE('','',#7880);
#7880 = PRODUCT_DEFINITION('design','',#7881,#7884);
#7881 = PRODUCT_DEFINITION_FORMATION('','',#7882);
#7882 = PRODUCT('BedCornerRearLeft','BedCornerRearLeft','',(#7883));
#7883 = PRODUCT_CONTEXT('',#2,'mechanical');
#7884 = PRODUCT_DEFINITION_CONTEXT('part definition',#2,'design');
#7885 = ADVANCED_BREP_SHAPE_REPRESENTATION('',(#11,#7886),#10478);
#7886 = MANIFOLD_SOLID_BREP('',#7887);
#7887 = CLOSED_SHELL('',(#7888,#7913,#7984,#8096,#8120,#8152,#8169,#8193
    ,#8225,#8242,#8276,#8287,#8503,#8520,#8554,#8565,#8649,#8697,#8737,
    #8776,#8800,#8839,#8856,#8952,#8983,#9007,#9081,#9105,#9129,#9146,
    #9242,#9298,#9375,#9402,#9470,#9487,#9504,#9603,#9665,#9675,#9699,
    #9754,#9765,#9782,#9813,#9837,#9861,#9885,#9909,#9926,#9988,#9998,
    #10022,#10077,#10088,#10105,#10122,#10170,#10187,#10204,#10221,
    #10233,#10250,#10298,#10321,#10332,#10348,#10366,#10377,#10388,
    #10411,#10422,#10438,#10456,#10467));
#7888 = ADVANCED_FACE('',(#7889),#7908,.T.);
#7889 = FACE_BOUND('',#7890,.F.);
#7890 = EDGE_LOOP('',(#7891,#7901));
#7891 = ORIENTED_EDGE('',*,*,#7892,.T.);
#7892 = EDGE_CURVE('',#7893,#7895,#7897,.T.);
#7893 = VERTEX_POINT('',#7894);
#7894 = CARTESIAN_POINT('',(-66.60000000009,62.403367565546,-23.));
#7895 = VERTEX_POINT('',#7896);
#7896 = CARTESIAN_POINT('',(-66.6,67.59663243452,-23.));
#7897 = LINE('',#7898,#7899);
#7898 = CARTESIAN_POINT('',(-66.60000000007,63.70168378279,-23.));
#7899 = VECTOR('',#7900,1.);
#7900 = DIRECTION('',(1.805683E-11,1.,0.));
#7901 = ORIENTED_EDGE('',*,*,#7902,.T.);
#7902 = EDGE_CURVE('',#7895,#7893,#7903,.T.);
#7903 = CIRCLE('',#7904,3.05);
#7904 = AXIS2_PLACEMENT_3D('',#7905,#7906,#7907);
#7905 = CARTESIAN_POINT('',(-65.,65.,-23.));
#7906 = DIRECTION('',(0.,0.,1.));
#7907 = DIRECTION('',(1.,0.,0.));
#7908 = PLANE('',#7909);
#7909 = AXIS2_PLACEMENT_3D('',#7910,#7911,#7912);
#7910 = CARTESIAN_POINT('',(-65.,65.,-23.));
#7911 = DIRECTION('',(-0.,-0.,-1.));
#7912 = DIRECTION('',(-1.,0.,0.));
#7913 = ADVANCED_FACE('',(#7914),#7979,.T.);
#7914 = FACE_BOUND('',#7915,.F.);
#7915 = EDGE_LOOP('',(#7916,#7917,#7925,#7933,#7941,#7949,#7957,#7965,
    #7973));
#7916 = ORIENTED_EDGE('',*,*,#7892,.F.);
#7917 = ORIENTED_EDGE('',*,*,#7918,.T.);
#7918 = EDGE_CURVE('',#7893,#7919,#7921,.T.);
#7919 = VERTEX_POINT('',#7920);
#7920 = CARTESIAN_POINT('',(-66.60000000009,62.40336756555,-22.8));
#7921 = LINE('',#7922,#7923);
#7922 = CARTESIAN_POINT('',(-66.60000000009,62.40336756555,-25.));
#7923 = VECTOR('',#7924,1.);
#7924 = DIRECTION('',(0.,0.,1.));
#7925 = ORIENTED_EDGE('',*,*,#7926,.T.);
#7926 = EDGE_CURVE('',#7919,#7927,#7929,.T.);
#7927 = VERTEX_POINT('',#7928);
#7928 = CARTESIAN_POINT('',(-66.60000000003,63.4,-22.8));
#7929 = LINE('',#7930,#7931);
#7930 = CARTESIAN_POINT('',(-66.60000000009,62.40336756555,-22.8));
#7931 = VECTOR('',#7932,1.);
#7932 = DIRECTION('',(1.805683E-11,1.,0.));
#7933 = ORIENTED_EDGE('',*,*,#7934,.T.);
#7934 = EDGE_CURVE('',#7927,#7935,#7937,.T.);
#7935 = VERTEX_POINT('',#7936);
#7936 = CARTESIAN_POINT('',(-66.6,63.4,-22.6));
#7937 = LINE('',#7938,#7939);
#7938 = CARTESIAN_POINT('',(-66.6,63.4,-25.));
#7939 = VECTOR('',#7940,1.);
#7940 = DIRECTION('',(0.,0.,1.));
#7941 = ORIENTED_EDGE('',*,*,#7942,.T.);
#7942 = EDGE_CURVE('',#7935,#7943,#7945,.T.);
#7943 = VERTEX_POINT('',#7944);
#7944 = CARTESIAN_POINT('',(-66.6,65.,-22.6));
#7945 = LINE('',#7946,#7947);
#7946 = CARTESIAN_POINT('',(-66.6,63.4,-22.6));
#7947 = VECTOR('',#7948,1.);
#7948 = DIRECTION('',(-0.,1.,0.));
#7949 = ORIENTED_EDGE('',*,*,#7950,.T.);
#7950 = EDGE_CURVE('',#7943,#7951,#7953,.T.);
#7951 = VERTEX_POINT('',#7952);
#7952 = CARTESIAN_POINT('',(-66.6,66.6,-22.6));
#7953 = LINE('',#7954,#7955);
#7954 = CARTESIAN_POINT('',(-66.6,63.4,-22.6));
#7955 = VECTOR('',#7956,1.);
#7956 = DIRECTION('',(-0.,1.,0.));
#7957 = ORIENTED_EDGE('',*,*,#7958,.F.);
#7958 = EDGE_CURVE('',#7959,#7951,#7961,.T.);
#7959 = VERTEX_POINT('',#7960);
#7960 = CARTESIAN_POINT('',(-66.6,66.6,-22.8));
#7961 = LINE('',#7962,#7963);
#7962 = CARTESIAN_POINT('',(-66.6,66.6,-25.));
#7963 = VECTOR('',#7964,1.);
#7964 = DIRECTION('',(0.,0.,1.));
#7965 = ORIENTED_EDGE('',*,*,#7966,.T.);
#7966 = EDGE_CURVE('',#7959,#7967,#7969,.T.);
#7967 = VERTEX_POINT('',#7968);
#7968 = CARTESIAN_POINT('',(-66.6,67.59663243452,-22.8));
#7969 = LINE('',#7970,#7971);
#7970 = CARTESIAN_POINT('',(-66.60000000009,62.40336756555,-22.8));
#7971 = VECTOR('',#7972,1.);
#7972 = DIRECTION('',(1.805683E-11,1.,0.));
#7973 = ORIENTED_EDGE('',*,*,#7974,.F.);
#7974 = EDGE_CURVE('',#7895,#7967,#7975,.T.);
#7975 = LINE('',#7976,#7977);
#7976 = CARTESIAN_POINT('',(-66.6,67.59663243452,-25.));
#7977 = VECTOR('',#7978,1.);
#7978 = DIRECTION('',(0.,0.,1.));
#7979 = PLANE('',#7980);
#7980 = AXIS2_PLACEMENT_3D('',#7981,#7982,#7983);
#7981 = CARTESIAN_POINT('',(-66.60000000003,65.000000000035,
    -22.83563687605));
#7982 = DIRECTION('',(1.,-1.538118E-11,-1.1227661E-10));
#7983 = DIRECTION('',(1.1227661E-10,0.,1.));
#7984 = ADVANCED_FACE('',(#7985),#8091,.F.);
#7985 = FACE_BOUND('',#7986,.F.);
#7986 = EDGE_LOOP('',(#7987,#7988,#7989,#7990,#7999,#8007,#8016,#8023,
    #8032,#8041,#8050,#8059,#8066,#8067,#8076,#8084));
#7987 = ORIENTED_EDGE('',*,*,#7918,.F.);
#7988 = ORIENTED_EDGE('',*,*,#7902,.F.);
#7989 = ORIENTED_EDGE('',*,*,#7974,.T.);
#7990 = ORIENTED_EDGE('',*,*,#7991,.F.);
#7991 = EDGE_CURVE('',#7992,#7967,#7994,.T.);
#7992 = VERTEX_POINT('',#7993);
#7993 = CARTESIAN_POINT('',(-63.4,67.59663243452,-22.8));
#7994 = CIRCLE('',#7995,3.05);
#7995 = AXIS2_PLACEMENT_3D('',#7996,#7997,#7998);
#7996 = CARTESIAN_POINT('',(-65.,65.,-22.8));
#7997 = DIRECTION('',(0.,0.,1.));
#7998 = DIRECTION('',(-1.,0.,0.));
#7999 = ORIENTED_EDGE('',*,*,#8000,.F.);
#8000 = EDGE_CURVE('',#8001,#7992,#8003,.T.);
#8001 = VERTEX_POINT('',#8002);
#8002 = CARTESIAN_POINT('',(-63.4,67.59663243452,-23.));
#8003 = LINE('',#8004,#8005);
#8004 = CARTESIAN_POINT('',(-63.4,67.59663243452,-25.));
#8005 = VECTOR('',#8006,1.);
#8006 = DIRECTION('',(0.,0.,1.));
#8007 = ORIENTED_EDGE('',*,*,#8008,.F.);
#8008 = EDGE_CURVE('',#8009,#8001,#8011,.T.);
#8009 = VERTEX_POINT('',#8010);
#8010 = CARTESIAN_POINT('',(-61.95,65.,-23.));
#8011 = CIRCLE('',#8012,3.05);
#8012 = AXIS2_PLACEMENT_3D('',#8013,#8014,#8015);
#8013 = CARTESIAN_POINT('',(-65.,65.,-23.));
#8014 = DIRECTION('',(0.,0.,1.));
#8015 = DIRECTION('',(1.,0.,0.));
#8016 = ORIENTED_EDGE('',*,*,#8017,.F.);
#8017 = EDGE_CURVE('',#8018,#8009,#8020,.T.);
#8018 = VERTEX_POINT('',#8019);
#8019 = CARTESIAN_POINT('',(-61.95,65.,-25.));
#8020 = B_SPLINE_CURVE_WITH_KNOTS('',1,(#8021,#8022),.UNSPECIFIED.,.F.,
  .F.,(2,2),(0.,2.),.PIECEWISE_BEZIER_KNOTS.);
#8021 = CARTESIAN_POINT('',(-61.95,65.,-25.));
#8022 = CARTESIAN_POINT('',(-61.95,65.,-23.));
#8023 = ORIENTED_EDGE('',*,*,#8024,.T.);
#8024 = EDGE_CURVE('',#8018,#8025,#8027,.T.);
#8025 = VERTEX_POINT('',#8026);
#8026 = CARTESIAN_POINT('',(-63.4,67.59663243452,-25.));
#8027 = CIRCLE('',#8028,3.05);
#8028 = AXIS2_PLACEMENT_3D('',#8029,#8030,#8031);
#8029 = CARTESIAN_POINT('',(-65.,65.,-25.));
#8030 = DIRECTION('',(0.,0.,1.));
#8031 = DIRECTION('',(1.,0.,0.));
#8032 = ORIENTED_EDGE('',*,*,#8033,.T.);
#8033 = EDGE_CURVE('',#8025,#8034,#8036,.T.);
#8034 = VERTEX_POINT('',#8035);
#8035 = CARTESIAN_POINT('',(-66.6,67.59663243452,-25.));
#8036 = CIRCLE('',#8037,3.05);
#8037 = AXIS2_PLACEMENT_3D('',#8038,#8039,#8040);
#8038 = CARTESIAN_POINT('',(-65.,65.,-25.));
#8039 = DIRECTION('',(0.,0.,1.));
#8040 = DIRECTION('',(1.,0.,0.));
#8041 = ORIENTED_EDGE('',*,*,#8042,.T.);
#8042 = EDGE_CURVE('',#8034,#8043,#8045,.T.);
#8043 = VERTEX_POINT('',#8044);
#8044 = CARTESIAN_POINT('',(-66.60000000009,62.40336756555,-25.));
#8045 = CIRCLE('',#8046,3.05);
#8046 = AXIS2_PLACEMENT_3D('',#8047,#8048,#8049);
#8047 = CARTESIAN_POINT('',(-65.,65.,-25.));
#8048 = DIRECTION('',(0.,0.,1.));
#8049 = DIRECTION('',(1.,0.,0.));
#8050 = ORIENTED_EDGE('',*,*,#8051,.T.);
#8051 = EDGE_CURVE('',#8043,#8052,#8054,.T.);
#8052 = VERTEX_POINT('',#8053);
#8053 = CARTESIAN_POINT('',(-63.39999999991,62.40336756554,-25.));
#8054 = CIRCLE('',#8055,3.05);
#8055 = AXIS2_PLACEMENT_3D('',#8056,#8057,#8058);
#8056 = CARTESIAN_POINT('',(-65.,65.,-25.));
#8057 = DIRECTION('',(0.,0.,1.));
#8058 = DIRECTION('',(1.,0.,0.));
#8059 = ORIENTED_EDGE('',*,*,#8060,.T.);
#8060 = EDGE_CURVE('',#8052,#8018,#8061,.T.);
#8061 = CIRCLE('',#8062,3.05);
#8062 = AXIS2_PLACEMENT_3D('',#8063,#8064,#8065);
#8063 = CARTESIAN_POINT('',(-65.,65.,-25.));
#8064 = DIRECTION('',(0.,0.,1.));
#8065 = DIRECTION('',(1.,0.,0.));
#8066 = ORIENTED_EDGE('',*,*,#8017,.T.);
#8067 = ORIENTED_EDGE('',*,*,#8068,.F.);
#8068 = EDGE_CURVE('',#8069,#8009,#8071,.T.);
#8069 = VERTEX_POINT('',#8070);
#8070 = CARTESIAN_POINT('',(-63.39999999991,62.403367565536,-23.));
#8071 = CIRCLE('',#8072,3.05);
#8072 = AXIS2_PLACEMENT_3D('',#8073,#8074,#8075);
#8073 = CARTESIAN_POINT('',(-65.,65.,-23.));
#8074 = DIRECTION('',(0.,0.,1.));
#8075 = DIRECTION('',(1.,0.,0.));
#8076 = ORIENTED_EDGE('',*,*,#8077,.T.);
#8077 = EDGE_CURVE('',#8069,#8078,#8080,.T.);
#8078 = VERTEX_POINT('',#8079);
#8079 = CARTESIAN_POINT('',(-63.39999999991,62.40336756554,-22.8));
#8080 = LINE('',#8081,#8082);
#8081 = CARTESIAN_POINT('',(-63.39999999991,62.40336756554,-25.));
#8082 = VECTOR('',#8083,1.);
#8083 = DIRECTION('',(0.,0.,1.));
#8084 = ORIENTED_EDGE('',*,*,#8085,.F.);
#8085 = EDGE_CURVE('',#7919,#8078,#8086,.T.);
#8086 = CIRCLE('',#8087,3.049999999991);
#8087 = AXIS2_PLACEMENT_3D('',#8088,#8089,#8090);
#8088 = CARTESIAN_POINT('',(-64.99999999999,65.,-22.8));
#8089 = DIRECTION('',(0.,0.,1.));
#8090 = DIRECTION('',(-1.,0.,0.));
#8091 = CYLINDRICAL_SURFACE('',#8092,3.05);
#8092 = AXIS2_PLACEMENT_3D('',#8093,#8094,#8095);
#8093 = CARTESIAN_POINT('',(-65.,65.,-25.));
#8094 = DIRECTION('',(0.,0.,1.));
#8095 = DIRECTION('',(1.,0.,0.));
#8096 = ADVANCED_FACE('',(#8097),#8115,.F.);
#8097 = FACE_BOUND('',#8098,.T.);
#8098 = EDGE_LOOP('',(#8099,#8100,#8101,#8109));
#8099 = ORIENTED_EDGE('',*,*,#8085,.F.);
#8100 = ORIENTED_EDGE('',*,*,#7926,.T.);
#8101 = ORIENTED_EDGE('',*,*,#8102,.T.);
#8102 = EDGE_CURVE('',#7927,#8103,#8105,.T.);
#8103 = VERTEX_POINT('',#8104);
#8104 = CARTESIAN_POINT('',(-63.39999999996,63.4,-22.8));
#8105 = LINE('',#8106,#8107);
#8106 = CARTESIAN_POINT('',(-65.03333333333,63.4,-22.8));
#8107 = VECTOR('',#8108,1.);
#8108 = DIRECTION('',(1.,0.,0.));
#8109 = ORIENTED_EDGE('',*,*,#8110,.F.);
#8110 = EDGE_CURVE('',#8078,#8103,#8111,.T.);
#8111 = LINE('',#8112,#8113);
#8112 = CARTESIAN_POINT('',(-63.39999999991,62.40336756554,-22.8));
#8113 = VECTOR('',#8114,1.);
#8114 = DIRECTION('',(-1.571891E-11,1.,0.));
#8115 = PLANE('',#8116);
#8116 = AXIS2_PLACEMENT_3D('',#8117,#8118,#8119);
#8117 = CARTESIAN_POINT('',(-66.66666666667,57.333333333327,-22.8));
#8118 = DIRECTION('',(0.,0.,1.));
#8119 = DIRECTION('',(1.,0.,0.));
#8120 = ADVANCED_FACE('',(#8121),#8147,.T.);
#8121 = FACE_BOUND('',#8122,.F.);
#8122 = EDGE_LOOP('',(#8123,#8124,#8132,#8140,#8146));
#8123 = ORIENTED_EDGE('',*,*,#8102,.T.);
#8124 = ORIENTED_EDGE('',*,*,#8125,.T.);
#8125 = EDGE_CURVE('',#8103,#8126,#8128,.T.);
#8126 = VERTEX_POINT('',#8127);
#8127 = CARTESIAN_POINT('',(-63.4,63.4,-22.6));
#8128 = LINE('',#8129,#8130);
#8129 = CARTESIAN_POINT('',(-63.4,63.4,-25.));
#8130 = VECTOR('',#8131,1.);
#8131 = DIRECTION('',(0.,0.,1.));
#8132 = ORIENTED_EDGE('',*,*,#8133,.T.);
#8133 = EDGE_CURVE('',#8126,#8134,#8136,.T.);
#8134 = VERTEX_POINT('',#8135);
#8135 = CARTESIAN_POINT('',(-65.,63.4,-22.6));
#8136 = LINE('',#8137,#8138);
#8137 = CARTESIAN_POINT('',(-63.4,63.4,-22.6));
#8138 = VECTOR('',#8139,1.);
#8139 = DIRECTION('',(-1.,0.,0.));
#8140 = ORIENTED_EDGE('',*,*,#8141,.T.);
#8141 = EDGE_CURVE('',#8134,#7935,#8142,.T.);
#8142 = LINE('',#8143,#8144);
#8143 = CARTESIAN_POINT('',(-63.4,63.4,-22.6));
#8144 = VECTOR('',#8145,1.);
#8145 = DIRECTION('',(-1.,0.,0.));
#8146 = ORIENTED_EDGE('',*,*,#7934,.F.);
#8147 = PLANE('',#8148);
#8148 = AXIS2_PLACEMENT_3D('',#8149,#8150,#8151);
#8149 = CARTESIAN_POINT('',(-65.,63.4,-22.7));
#8150 = DIRECTION('',(0.,1.,0.));
#8151 = DIRECTION('',(-0.,-0.,-1.));
#8152 = ADVANCED_FACE('',(#8153),#8164,.F.);
#8153 = FACE_BOUND('',#8154,.T.);
#8154 = EDGE_LOOP('',(#8155,#8162,#8163));
#8155 = ORIENTED_EDGE('',*,*,#8156,.F.);
#8156 = EDGE_CURVE('',#8134,#7943,#8157,.T.);
#8157 = CIRCLE('',#8158,1.6);
#8158 = AXIS2_PLACEMENT_3D('',#8159,#8160,#8161);
#8159 = CARTESIAN_POINT('',(-65.,65.,-22.6));
#8160 = DIRECTION('',(0.,0.,-1.));
#8161 = DIRECTION('',(1.,0.,0.));
#8162 = ORIENTED_EDGE('',*,*,#8141,.T.);
#8163 = ORIENTED_EDGE('',*,*,#7942,.T.);
#8164 = PLANE('',#8165);
#8165 = AXIS2_PLACEMENT_3D('',#8166,#8167,#8168);
#8166 = CARTESIAN_POINT('',(-66.66666666666,57.333333333333,-22.6));
#8167 = DIRECTION('',(0.,0.,1.));
#8168 = DIRECTION('',(1.,0.,0.));
#8169 = ADVANCED_FACE('',(#8170),#8188,.F.);
#8170 = FACE_BOUND('',#8171,.T.);
#8171 = EDGE_LOOP('',(#8172,#8181,#8182));
#8172 = ORIENTED_EDGE('',*,*,#8173,.F.);
#8173 = EDGE_CURVE('',#7943,#8174,#8176,.T.);
#8174 = VERTEX_POINT('',#8175);
#8175 = CARTESIAN_POINT('',(-65.,66.6,-22.6));
#8176 = CIRCLE('',#8177,1.6);
#8177 = AXIS2_PLACEMENT_3D('',#8178,#8179,#8180);
#8178 = CARTESIAN_POINT('',(-65.,65.,-22.6));
#8179 = DIRECTION('',(0.,0.,-1.));
#8180 = DIRECTION('',(1.,0.,0.));
#8181 = ORIENTED_EDGE('',*,*,#7950,.T.);
#8182 = ORIENTED_EDGE('',*,*,#8183,.T.);
#8183 = EDGE_CURVE('',#7951,#8174,#8184,.T.);
#8184 = LINE('',#8185,#8186);
#8185 = CARTESIAN_POINT('',(-66.6,66.6,-22.6));
#8186 = VECTOR('',#8187,1.);
#8187 = DIRECTION('',(1.,0.,0.));
#8188 = PLANE('',#8189);
#8189 = AXIS2_PLACEMENT_3D('',#8190,#8191,#8192);
#8190 = CARTESIAN_POINT('',(-66.66666666666,57.333333333333,-22.6));
#8191 = DIRECTION('',(0.,0.,1.));
#8192 = DIRECTION('',(1.,0.,0.));
#8193 = ADVANCED_FACE('',(#8194),#8220,.T.);
#8194 = FACE_BOUND('',#8195,.F.);
#8195 = EDGE_LOOP('',(#8196,#8204,#8205,#8206,#8214));
#8196 = ORIENTED_EDGE('',*,*,#8197,.T.);
#8197 = EDGE_CURVE('',#8198,#7959,#8200,.T.);
#8198 = VERTEX_POINT('',#8199);
#8199 = CARTESIAN_POINT('',(-63.39999999999,66.6,-22.8));
#8200 = LINE('',#8201,#8202);
#8201 = CARTESIAN_POINT('',(-66.63333333333,66.6,-22.8));
#8202 = VECTOR('',#8203,1.);
#8203 = DIRECTION('',(-1.,-0.,-0.));
#8204 = ORIENTED_EDGE('',*,*,#7958,.T.);
#8205 = ORIENTED_EDGE('',*,*,#8183,.T.);
#8206 = ORIENTED_EDGE('',*,*,#8207,.T.);
#8207 = EDGE_CURVE('',#8174,#8208,#8210,.T.);
#8208 = VERTEX_POINT('',#8209);
#8209 = CARTESIAN_POINT('',(-63.4,66.6,-22.6));
#8210 = LINE('',#8211,#8212);
#8211 = CARTESIAN_POINT('',(-66.6,66.6,-22.6));
#8212 = VECTOR('',#8213,1.);
#8213 = DIRECTION('',(1.,0.,0.));
#8214 = ORIENTED_EDGE('',*,*,#8215,.F.);
#8215 = EDGE_CURVE('',#8198,#8208,#8216,.T.);
#8216 = LINE('',#8217,#8218);
#8217 = CARTESIAN_POINT('',(-63.4,66.6,-25.));
#8218 = VECTOR('',#8219,1.);
#8219 = DIRECTION('',(0.,0.,1.));
#8220 = PLANE('',#8221);
#8221 = AXIS2_PLACEMENT_3D('',#8222,#8223,#8224);
#8222 = CARTESIAN_POINT('',(-65.,66.6,-22.7));
#8223 = DIRECTION('',(0.,-1.,0.));
#8224 = DIRECTION('',(0.,0.,1.));
#8225 = ADVANCED_FACE('',(#8226),#8237,.F.);
#8226 = FACE_BOUND('',#8227,.T.);
#8227 = EDGE_LOOP('',(#8228,#8234,#8235,#8236));
#8228 = ORIENTED_EDGE('',*,*,#8229,.F.);
#8229 = EDGE_CURVE('',#8198,#7992,#8230,.T.);
#8230 = LINE('',#8231,#8232);
#8231 = CARTESIAN_POINT('',(-63.39999999991,62.40336756554,-22.8));
#8232 = VECTOR('',#8233,1.);
#8233 = DIRECTION('',(-1.571891E-11,1.,0.));
#8234 = ORIENTED_EDGE('',*,*,#8197,.T.);
#8235 = ORIENTED_EDGE('',*,*,#7966,.T.);
#8236 = ORIENTED_EDGE('',*,*,#7991,.F.);
#8237 = PLANE('',#8238);
#8238 = AXIS2_PLACEMENT_3D('',#8239,#8240,#8241);
#8239 = CARTESIAN_POINT('',(-66.66666666667,57.333333333327,-22.8));
#8240 = DIRECTION('',(0.,0.,1.));
#8241 = DIRECTION('',(1.,0.,0.));
#8242 = ADVANCED_FACE('',(#8243),#8271,.T.);
#8243 = FACE_BOUND('',#8244,.F.);
#8244 = EDGE_LOOP('',(#8245,#8246,#8247,#8255,#8261,#8262,#8263,#8264,
    #8270));
#8245 = ORIENTED_EDGE('',*,*,#8229,.F.);
#8246 = ORIENTED_EDGE('',*,*,#8215,.T.);
#8247 = ORIENTED_EDGE('',*,*,#8248,.T.);
#8248 = EDGE_CURVE('',#8208,#8249,#8251,.T.);
#8249 = VERTEX_POINT('',#8250);
#8250 = CARTESIAN_POINT('',(-63.4,65.,-22.6));
#8251 = LINE('',#8252,#8253);
#8252 = CARTESIAN_POINT('',(-63.4,66.6,-22.6));
#8253 = VECTOR('',#8254,1.);
#8254 = DIRECTION('',(0.,-1.,0.));
#8255 = ORIENTED_EDGE('',*,*,#8256,.T.);
#8256 = EDGE_CURVE('',#8249,#8126,#8257,.T.);
#8257 = LINE('',#8258,#8259);
#8258 = CARTESIAN_POINT('',(-63.4,66.6,-22.6));
#8259 = VECTOR('',#8260,1.);
#8260 = DIRECTION('',(0.,-1.,0.));
#8261 = ORIENTED_EDGE('',*,*,#8125,.F.);
#8262 = ORIENTED_EDGE('',*,*,#8110,.F.);
#8263 = ORIENTED_EDGE('',*,*,#8077,.F.);
#8264 = ORIENTED_EDGE('',*,*,#8265,.T.);
#8265 = EDGE_CURVE('',#8069,#8001,#8266,.T.);
#8266 = LINE('',#8267,#8268);
#8267 = CARTESIAN_POINT('',(-63.39999999993,63.701683782782,-23.));
#8268 = VECTOR('',#8269,1.);
#8269 = DIRECTION('',(-1.571891E-11,1.,0.));
#8270 = ORIENTED_EDGE('',*,*,#8000,.T.);
#8271 = PLANE('',#8272);
#8272 = AXIS2_PLACEMENT_3D('',#8273,#8274,#8275);
#8273 = CARTESIAN_POINT('',(-63.39999999997,65.000000000028,
    -22.83563687605));
#8274 = DIRECTION('',(-1.,-1.338967E-11,-9.77456E-11));
#8275 = DIRECTION('',(9.77456E-11,0.,-1.));
#8276 = ADVANCED_FACE('',(#8277),#8282,.T.);
#8277 = FACE_BOUND('',#8278,.F.);
#8278 = EDGE_LOOP('',(#8279,#8280,#8281));
#8279 = ORIENTED_EDGE('',*,*,#8068,.T.);
#8280 = ORIENTED_EDGE('',*,*,#8008,.T.);
#8281 = ORIENTED_EDGE('',*,*,#8265,.F.);
#8282 = PLANE('',#8283);
#8283 = AXIS2_PLACEMENT_3D('',#8284,#8285,#8286);
#8284 = CARTESIAN_POINT('',(-65.,65.,-23.));
#8285 = DIRECTION('',(-0.,-0.,-1.));
#8286 = DIRECTION('',(-1.,0.,0.));
#8287 = ADVANCED_FACE('',(#8288,#8347,#8394,#8444,#8491),#8498,.F.);
#8288 = FACE_BOUND('',#8289,.T.);
#8289 = EDGE_LOOP('',(#8290,#8301,#8309,#8317,#8325,#8333,#8341));
#8290 = ORIENTED_EDGE('',*,*,#8291,.T.);
#8291 = EDGE_CURVE('',#8292,#8294,#8296,.T.);
#8292 = VERTEX_POINT('',#8293);
#8293 = CARTESIAN_POINT('',(-116.,32.,-25.));
#8294 = VERTEX_POINT('',#8295);
#8295 = CARTESIAN_POINT('',(-120.7364298667,57.106454151278,-25.));
#8296 = CIRCLE('',#8297,13.);
#8297 = AXIS2_PLACEMENT_3D('',#8298,#8299,#8300);
#8298 = CARTESIAN_POINT('',(-116.,45.,-25.));
#8299 = DIRECTION('',(0.,0.,-1.));
#8300 = DIRECTION('',(-1.,-0.,-0.));
#8301 = ORIENTED_EDGE('',*,*,#8302,.T.);
#8302 = EDGE_CURVE('',#8294,#8303,#8305,.T.);
#8303 = VERTEX_POINT('',#8304);
#8304 = CARTESIAN_POINT('',(-75.,75.,-25.));
#8305 = LINE('',#8306,#8307);
#8306 = CARTESIAN_POINT('',(-120.7364298667,57.106454151278,-25.));
#8307 = VECTOR('',#8308,1.);
#8308 = DIRECTION('',(0.931265703944,0.364340758984,0.));
#8309 = ORIENTED_EDGE('',*,*,#8310,.T.);
#8310 = EDGE_CURVE('',#8303,#8311,#8313,.T.);
#8311 = VERTEX_POINT('',#8312);
#8312 = CARTESIAN_POINT('',(-45.,75.,-25.));
#8313 = LINE('',#8314,#8315);
#8314 = CARTESIAN_POINT('',(-75.,75.,-25.));
#8315 = VECTOR('',#8316,1.);
#8316 = DIRECTION('',(1.,0.,0.));
#8317 = ORIENTED_EDGE('',*,*,#8318,.T.);
#8318 = EDGE_CURVE('',#8311,#8319,#8321,.T.);
#8319 = VERTEX_POINT('',#8320);
#8320 = CARTESIAN_POINT('',(-45.,55.,-25.));
#8321 = LINE('',#8322,#8323);
#8322 = CARTESIAN_POINT('',(-45.,75.,-25.));
#8323 = VECTOR('',#8324,1.);
#8324 = DIRECTION('',(-0.,-1.,-0.));
#8325 = ORIENTED_EDGE('',*,*,#8326,.T.);
#8326 = EDGE_CURVE('',#8319,#8327,#8329,.T.);
#8327 = VERTEX_POINT('',#8328);
#8328 = CARTESIAN_POINT('',(-75.,55.,-25.));
#8329 = LINE('',#8330,#8331);
#8330 = CARTESIAN_POINT('',(-45.,55.,-25.));
#8331 = VECTOR('',#8332,1.);
#8332 = DIRECTION('',(-1.,-0.,-0.));
#8333 = ORIENTED_EDGE('',*,*,#8334,.T.);
#8334 = EDGE_CURVE('',#8327,#8335,#8337,.T.);
#8335 = VERTEX_POINT('',#8336);
#8336 = CARTESIAN_POINT('',(-75.,32.,-25.));
#8337 = LINE('',#8338,#8339);
#8338 = CARTESIAN_POINT('',(-75.,55.,-25.));
#8339 = VECTOR('',#8340,1.);
#8340 = DIRECTION('',(-0.,-1.,-0.));
#8341 = ORIENTED_EDGE('',*,*,#8342,.T.);
#8342 = EDGE_CURVE('',#8335,#8292,#8343,.T.);
#8343 = LINE('',#8344,#8345);
#8344 = CARTESIAN_POINT('',(-75.,32.,-25.));
#8345 = VECTOR('',#8346,1.);
#8346 = DIRECTION('',(-1.,-0.,-0.));
#8347 = FACE_BOUND('',#8348,.T.);
#8348 = EDGE_LOOP('',(#8349,#8360,#8369,#8378,#8387));
#8349 = ORIENTED_EDGE('',*,*,#8350,.T.);
#8350 = EDGE_CURVE('',#8351,#8353,#8355,.T.);
#8351 = VERTEX_POINT('',#8352);
#8352 = CARTESIAN_POINT('',(-81.95,42.,-25.));
#8353 = VERTEX_POINT('',#8354);
#8354 = CARTESIAN_POINT('',(-83.4,44.59663243452,-25.));
#8355 = CIRCLE('',#8356,3.05);
#8356 = AXIS2_PLACEMENT_3D('',#8357,#8358,#8359);
#8357 = CARTESIAN_POINT('',(-85.,42.,-25.));
#8358 = DIRECTION('',(0.,0.,1.));
#8359 = DIRECTION('',(1.,0.,0.));
#8360 = ORIENTED_EDGE('',*,*,#8361,.T.);
#8361 = EDGE_CURVE('',#8353,#8362,#8364,.T.);
#8362 = VERTEX_POINT('',#8363);
#8363 = CARTESIAN_POINT('',(-86.6,44.59663243452,-25.));
#8364 = CIRCLE('',#8365,3.05);
#8365 = AXIS2_PLACEMENT_3D('',#8366,#8367,#8368);
#8366 = CARTESIAN_POINT('',(-85.,42.,-25.));
#8367 = DIRECTION('',(0.,0.,1.));
#8368 = DIRECTION('',(1.,0.,0.));
#8369 = ORIENTED_EDGE('',*,*,#8370,.T.);
#8370 = EDGE_CURVE('',#8362,#8371,#8373,.T.);
#8371 = VERTEX_POINT('',#8372);
#8372 = CARTESIAN_POINT('',(-86.6,39.40336756548,-25.));
#8373 = CIRCLE('',#8374,3.05);
#8374 = AXIS2_PLACEMENT_3D('',#8375,#8376,#8377);
#8375 = CARTESIAN_POINT('',(-85.,42.,-25.));
#8376 = DIRECTION('',(0.,0.,1.));
#8377 = DIRECTION('',(1.,0.,0.));
#8378 = ORIENTED_EDGE('',*,*,#8379,.T.);
#8379 = EDGE_CURVE('',#8371,#8380,#8382,.T.);
#8380 = VERTEX_POINT('',#8381);
#8381 = CARTESIAN_POINT('',(-83.4,39.40336756548,-25.));
#8382 = CIRCLE('',#8383,3.05);
#8383 = AXIS2_PLACEMENT_3D('',#8384,#8385,#8386);
#8384 = CARTESIAN_POINT('',(-85.,42.,-25.));
#8385 = DIRECTION('',(0.,0.,1.));
#8386 = DIRECTION('',(1.,0.,0.));
#8387 = ORIENTED_EDGE('',*,*,#8388,.T.);
#8388 = EDGE_CURVE('',#8380,#8351,#8389,.T.);
#8389 = CIRCLE('',#8390,3.05);
#8390 = AXIS2_PLACEMENT_3D('',#8391,#8392,#8393);
#8391 = CARTESIAN_POINT('',(-85.,42.,-25.));
#8392 = DIRECTION('',(0.,0.,1.));
#8393 = DIRECTION('',(1.,0.,0.));
#8394 = FACE_BOUND('',#8395,.T.);
#8395 = EDGE_LOOP('',(#8396,#8406,#8414,#8422,#8430,#8438));
#8396 = ORIENTED_EDGE('',*,*,#8397,.F.);
#8397 = EDGE_CURVE('',#8398,#8400,#8402,.T.);
#8398 = VERTEX_POINT('',#8399);
#8399 = CARTESIAN_POINT('',(-107.3397459621,45.,-25.));
#8400 = VERTEX_POINT('',#8401);
#8401 = CARTESIAN_POINT('',(-111.669872981,37.5,-25.));
#8402 = LINE('',#8403,#8404);
#8403 = CARTESIAN_POINT('',(-107.3397459621,45.,-25.));
#8404 = VECTOR('',#8405,1.);
#8405 = DIRECTION('',(-0.5,-0.866025403784,-0.));
#8406 = ORIENTED_EDGE('',*,*,#8407,.F.);
#8407 = EDGE_CURVE('',#8408,#8398,#8410,.T.);
#8408 = VERTEX_POINT('',#8409);
#8409 = CARTESIAN_POINT('',(-111.669872981,52.5,-25.));
#8410 = LINE('',#8411,#8412);
#8411 = CARTESIAN_POINT('',(-111.669872981,52.5,-25.));
#8412 = VECTOR('',#8413,1.);
#8413 = DIRECTION('',(0.5,-0.866025403784,0.));
#8414 = ORIENTED_EDGE('',*,*,#8415,.F.);
#8415 = EDGE_CURVE('',#8416,#8408,#8418,.T.);
#8416 = VERTEX_POINT('',#8417);
#8417 = CARTESIAN_POINT('',(-120.3301270189,52.5,-25.));
#8418 = LINE('',#8419,#8420);
#8419 = CARTESIAN_POINT('',(-120.3301270189,52.5,-25.));
#8420 = VECTOR('',#8421,1.);
#8421 = DIRECTION('',(1.,0.,0.));
#8422 = ORIENTED_EDGE('',*,*,#8423,.F.);
#8423 = EDGE_CURVE('',#8424,#8416,#8426,.T.);
#8424 = VERTEX_POINT('',#8425);
#8425 = CARTESIAN_POINT('',(-124.6602540378,45.,-25.));
#8426 = LINE('',#8427,#8428);
#8427 = CARTESIAN_POINT('',(-124.6602540378,45.,-25.));
#8428 = VECTOR('',#8429,1.);
#8429 = DIRECTION('',(0.5,0.866025403784,0.));
#8430 = ORIENTED_EDGE('',*,*,#8431,.F.);
#8431 = EDGE_CURVE('',#8432,#8424,#8434,.T.);
#8432 = VERTEX_POINT('',#8433);
#8433 = CARTESIAN_POINT('',(-120.3301270189,37.5,-25.));
#8434 = LINE('',#8435,#8436);
#8435 = CARTESIAN_POINT('',(-120.3301270189,37.5,-25.));
#8436 = VECTOR('',#8437,1.);
#8437 = DIRECTION('',(-0.5,0.866025403784,0.));
#8438 = ORIENTED_EDGE('',*,*,#8439,.F.);
#8439 = EDGE_CURVE('',#8400,#8432,#8440,.T.);
#8440 = LINE('',#8441,#8442);
#8441 = CARTESIAN_POINT('',(-111.669872981,37.5,-25.));
#8442 = VECTOR('',#8443,1.);
#8443 = DIRECTION('',(-1.,-0.,-0.));
#8444 = FACE_BOUND('',#8445,.T.);
#8445 = EDGE_LOOP('',(#8446,#8457,#8466,#8475,#8484));
#8446 = ORIENTED_EDGE('',*,*,#8447,.T.);
#8447 = EDGE_CURVE('',#8448,#8450,#8452,.T.);
#8448 = VERTEX_POINT('',#8449);
#8449 = CARTESIAN_POINT('',(-46.95,65.,-25.));
#8450 = VERTEX_POINT('',#8451);
#8451 = CARTESIAN_POINT('',(-48.39999999992,67.596632434421,-25.));
#8452 = CIRCLE('',#8453,3.05);
#8453 = AXIS2_PLACEMENT_3D('',#8454,#8455,#8456);
#8454 = CARTESIAN_POINT('',(-50.,65.,-25.));
#8455 = DIRECTION('',(0.,0.,1.));
#8456 = DIRECTION('',(1.,0.,0.));
#8457 = ORIENTED_EDGE('',*,*,#8458,.T.);
#8458 = EDGE_CURVE('',#8450,#8459,#8461,.T.);
#8459 = VERTEX_POINT('',#8460);
#8460 = CARTESIAN_POINT('',(-51.59999999993,67.596632434541,-25.));
#8461 = CIRCLE('',#8462,3.05);
#8462 = AXIS2_PLACEMENT_3D('',#8463,#8464,#8465);
#8463 = CARTESIAN_POINT('',(-50.,65.,-25.));
#8464 = DIRECTION('',(0.,0.,1.));
#8465 = DIRECTION('',(1.,0.,0.));
#8466 = ORIENTED_EDGE('',*,*,#8467,.T.);
#8467 = EDGE_CURVE('',#8459,#8468,#8470,.T.);
#8468 = VERTEX_POINT('',#8469);
#8469 = CARTESIAN_POINT('',(-51.6,62.40336756548,-25.));
#8470 = CIRCLE('',#8471,3.05);
#8471 = AXIS2_PLACEMENT_3D('',#8472,#8473,#8474);
#8472 = CARTESIAN_POINT('',(-50.,65.,-25.));
#8473 = DIRECTION('',(0.,0.,1.));
#8474 = DIRECTION('',(1.,0.,0.));
#8475 = ORIENTED_EDGE('',*,*,#8476,.T.);
#8476 = EDGE_CURVE('',#8468,#8477,#8479,.T.);
#8477 = VERTEX_POINT('',#8478);
#8478 = CARTESIAN_POINT('',(-48.4,62.40336756548,-25.));
#8479 = CIRCLE('',#8480,3.05);
#8480 = AXIS2_PLACEMENT_3D('',#8481,#8482,#8483);
#8481 = CARTESIAN_POINT('',(-50.,65.,-25.));
#8482 = DIRECTION('',(0.,0.,1.));
#8483 = DIRECTION('',(1.,0.,0.));
#8484 = ORIENTED_EDGE('',*,*,#8485,.T.);
#8485 = EDGE_CURVE('',#8477,#8448,#8486,.T.);
#8486 = CIRCLE('',#8487,3.05);
#8487 = AXIS2_PLACEMENT_3D('',#8488,#8489,#8490);
#8488 = CARTESIAN_POINT('',(-50.,65.,-25.));
#8489 = DIRECTION('',(0.,0.,1.));
#8490 = DIRECTION('',(1.,0.,0.));
#8491 = FACE_BOUND('',#8492,.T.);
#8492 = EDGE_LOOP('',(#8493,#8494,#8495,#8496,#8497));
#8493 = ORIENTED_EDGE('',*,*,#8024,.T.);
#8494 = ORIENTED_EDGE('',*,*,#8033,.T.);
#8495 = ORIENTED_EDGE('',*,*,#8042,.T.);
#8496 = ORIENTED_EDGE('',*,*,#8051,.T.);
#8497 = ORIENTED_EDGE('',*,*,#8060,.T.);
#8498 = PLANE('',#8499);
#8499 = AXIS2_PLACEMENT_3D('',#8500,#8501,#8502);
#8500 = CARTESIAN_POINT('',(-90.40429519204,52.188408740076,-25.));
#8501 = DIRECTION('',(0.,0.,1.));
#8502 = DIRECTION('',(1.,0.,0.));
#8503 = ADVANCED_FACE('',(#8504),#8515,.F.);
#8504 = FACE_BOUND('',#8505,.T.);
#8505 = EDGE_LOOP('',(#8506,#8507,#8508));
#8506 = ORIENTED_EDGE('',*,*,#8256,.T.);
#8507 = ORIENTED_EDGE('',*,*,#8133,.T.);
#8508 = ORIENTED_EDGE('',*,*,#8509,.F.);
#8509 = EDGE_CURVE('',#8249,#8134,#8510,.T.);
#8510 = CIRCLE('',#8511,1.6);
#8511 = AXIS2_PLACEMENT_3D('',#8512,#8513,#8514);
#8512 = CARTESIAN_POINT('',(-65.,65.,-22.6));
#8513 = DIRECTION('',(0.,0.,-1.));
#8514 = DIRECTION('',(1.,0.,0.));
#8515 = PLANE('',#8516);
#8516 = AXIS2_PLACEMENT_3D('',#8517,#8518,#8519);
#8517 = CARTESIAN_POINT('',(-66.66666666666,57.333333333333,-22.6));
#8518 = DIRECTION('',(0.,0.,1.));
#8519 = DIRECTION('',(1.,0.,0.));
#8520 = ADVANCED_FACE('',(#8521),#8549,.F.);
#8521 = FACE_BOUND('',#8522,.F.);
#8522 = EDGE_LOOP('',(#8523,#8524,#8532,#8539,#8540,#8547,#8548));
#8523 = ORIENTED_EDGE('',*,*,#8509,.F.);
#8524 = ORIENTED_EDGE('',*,*,#8525,.T.);
#8525 = EDGE_CURVE('',#8249,#8526,#8528,.T.);
#8526 = VERTEX_POINT('',#8527);
#8527 = CARTESIAN_POINT('',(-63.4,65.,-20.));
#8528 = LINE('',#8529,#8530);
#8529 = CARTESIAN_POINT('',(-63.4,65.,-23.));
#8530 = VECTOR('',#8531,1.);
#8531 = DIRECTION('',(-6.E-17,0.,1.));
#8532 = ORIENTED_EDGE('',*,*,#8533,.T.);
#8533 = EDGE_CURVE('',#8526,#8526,#8534,.T.);
#8534 = CIRCLE('',#8535,1.6);
#8535 = AXIS2_PLACEMENT_3D('',#8536,#8537,#8538);
#8536 = CARTESIAN_POINT('',(-65.,65.,-20.));
#8537 = DIRECTION('',(0.,0.,-1.));
#8538 = DIRECTION('',(1.,0.,0.));
#8539 = ORIENTED_EDGE('',*,*,#8525,.F.);
#8540 = ORIENTED_EDGE('',*,*,#8541,.F.);
#8541 = EDGE_CURVE('',#8174,#8249,#8542,.T.);
#8542 = CIRCLE('',#8543,1.6);
#8543 = AXIS2_PLACEMENT_3D('',#8544,#8545,#8546);
#8544 = CARTESIAN_POINT('',(-65.,65.,-22.6));
#8545 = DIRECTION('',(0.,0.,-1.));
#8546 = DIRECTION('',(1.,0.,0.));
#8547 = ORIENTED_EDGE('',*,*,#8173,.F.);
#8548 = ORIENTED_EDGE('',*,*,#8156,.F.);
#8549 = CYLINDRICAL_SURFACE('',#8550,1.6);
#8550 = AXIS2_PLACEMENT_3D('',#8551,#8552,#8553);
#8551 = CARTESIAN_POINT('',(-65.,65.,-23.));
#8552 = DIRECTION('',(0.,0.,1.));
#8553 = DIRECTION('',(1.,0.,0.));
#8554 = ADVANCED_FACE('',(#8555),#8560,.F.);
#8555 = FACE_BOUND('',#8556,.T.);
#8556 = EDGE_LOOP('',(#8557,#8558,#8559));
#8557 = ORIENTED_EDGE('',*,*,#8248,.T.);
#8558 = ORIENTED_EDGE('',*,*,#8541,.F.);
#8559 = ORIENTED_EDGE('',*,*,#8207,.T.);
#8560 = PLANE('',#8561);
#8561 = AXIS2_PLACEMENT_3D('',#8562,#8563,#8564);
#8562 = CARTESIAN_POINT('',(-66.66666666666,57.333333333333,-22.6));
#8563 = DIRECTION('',(0.,0.,1.));
#8564 = DIRECTION('',(1.,0.,0.));
#8565 = ADVANCED_FACE('',(#8566),#8644,.T.);
#8566 = FACE_BOUND('',#8567,.T.);
#8567 = EDGE_LOOP('',(#8568,#8576,#8577,#8585,#8604,#8629,#8637));
#8568 = ORIENTED_EDGE('',*,*,#8569,.F.);
#8569 = EDGE_CURVE('',#8294,#8570,#8572,.T.);
#8570 = VERTEX_POINT('',#8571);
#8571 = CARTESIAN_POINT('',(-120.7364298667,57.106454151278,0.));
#8572 = LINE('',#8573,#8574);
#8573 = CARTESIAN_POINT('',(-120.7364298667,57.106454151278,-20.));
#8574 = VECTOR('',#8575,1.);
#8575 = DIRECTION('',(0.,0.,1.));
#8576 = ORIENTED_EDGE('',*,*,#8291,.F.);
#8577 = ORIENTED_EDGE('',*,*,#8578,.T.);
#8578 = EDGE_CURVE('',#8292,#8579,#8581,.T.);
#8579 = VERTEX_POINT('',#8580);
#8580 = CARTESIAN_POINT('',(-116.,32.,-11.7));
#8581 = LINE('',#8582,#8583);
#8582 = CARTESIAN_POINT('',(-116.,32.,-25.));
#8583 = VECTOR('',#8584,1.);
#8584 = DIRECTION('',(0.,0.,1.));
#8585 = ORIENTED_EDGE('',*,*,#8586,.T.);
#8586 = EDGE_CURVE('',#8579,#8587,#8589,.T.);
#8587 = VERTEX_POINT('',#8588);
#8588 = CARTESIAN_POINT('',(-117.7,32.111633152335,-10.));
#8589 = B_SPLINE_CURVE_WITH_KNOTS('',7,(#8590,#8591,#8592,#8593,#8594,
    #8595,#8596,#8597,#8598,#8599,#8600,#8601,#8602,#8603),
  .UNSPECIFIED.,.F.,.F.,(8,6,8),(0.,0.454078941848,1.),.UNSPECIFIED.);
#8590 = CARTESIAN_POINT('',(-116.,32.,-11.7));
#8591 = CARTESIAN_POINT('',(-116.2052963898,32.,-11.7));
#8592 = CARTESIAN_POINT('',(-116.4066404314,32.00378246436,
    -11.67107601562));
#8593 = CARTESIAN_POINT('',(-116.5989228986,32.011084668195,
    -11.61523161965));
#8594 = CARTESIAN_POINT('',(-116.7776275075,32.021096376665,
    -11.53563546037));
#8595 = CARTESIAN_POINT('',(-116.9391007127,32.032609701887,
    -11.43655102745));
#8596 = CARTESIAN_POINT('',(-117.0808848353,32.044441220606,
    -11.32327822067));
#8597 = CARTESIAN_POINT('',(-117.3477914929,32.069227687967,
    -11.05637156306));
#8598 = CARTESIAN_POINT('',(-117.46717995,32.082244937463,
    -10.89577235348));
#8599 = CARTESIAN_POINT('',(-117.5611867472,32.093587989806,
    -10.72515613959));
#8600 = CARTESIAN_POINT('',(-117.6308454055,32.102511272061,
    -10.54788638163));
#8601 = CARTESIAN_POINT('',(-117.6769605225,32.108594263262,
    -10.36652792677));
#8602 = CARTESIAN_POINT('',(-117.7,32.111633152335,-10.18322828649));
#8603 = CARTESIAN_POINT('',(-117.7,32.111633152335,-10.));
#8604 = ORIENTED_EDGE('',*,*,#8605,.T.);
#8605 = EDGE_CURVE('',#8587,#8606,#8608,.T.);
#8606 = VERTEX_POINT('',#8607);
#8607 = CARTESIAN_POINT('',(-116.,32.,-8.3));
#8608 = B_SPLINE_CURVE_WITH_KNOTS('',7,(#8609,#8610,#8611,#8612,#8613,
    #8614,#8615,#8616,#8617,#8618,#8619,#8620,#8621,#8622,#8623,#8624,
    #8625,#8626,#8627,#8628),.UNSPECIFIED.,.F.,.F.,(8,6,6,8),(0.,
    0.503252934517,0.791161002024,1.),.UNSPECIFIED.);
#8609 = CARTESIAN_POINT('',(-117.7,32.111633152335,-10.));
#8610 = CARTESIAN_POINT('',(-117.7,32.111633152335,-9.830337148017));
#8611 = CARTESIAN_POINT('',(-117.6802455632,32.109027523068,
    -9.660781115796));
#8612 = CARTESIAN_POINT('',(-117.6407792375,32.103821745673,
    -9.492799265908));
#8613 = CARTESIAN_POINT('',(-117.5812326064,32.096161739667,
    -9.327999046941));
#8614 = CARTESIAN_POINT('',(-117.5009657703,32.086347981275,
    -9.168350104079));
#8615 = CARTESIAN_POINT('',(-117.3991913301,32.074916261978,
    -9.016423069282));
#8616 = CARTESIAN_POINT('',(-117.2042477049,32.055701293582,
    -8.795302930825));
#8617 = CARTESIAN_POINT('',(-117.1258644505,32.048433543007,
    -8.718336627985));
#8618 = CARTESIAN_POINT('',(-117.0400359369,32.041062247454,
    -8.645786879383));
#8619 = CARTESIAN_POINT('',(-116.9468566558,32.033795089798,
    -8.57860352719));
#8620 = CARTESIAN_POINT('',(-116.8465259628,32.026870337549,
    -8.517775282922));
#8621 = CARTESIAN_POINT('',(-116.7393604931,32.020544336183,
    -8.46433710589));
#8622 = CARTESIAN_POINT('',(-116.543447226,32.011102249108,
    -8.386769556161));
#8623 = CARTESIAN_POINT('',(-116.4577346255,32.007582261625,
    -8.358625699916));
#8624 = CARTESIAN_POINT('',(-116.3692195599,32.00462668672,
    -8.335510276922));
#8625 = CARTESIAN_POINT('',(-116.278515288,32.002334989295,
    -8.317855528336));
#8626 = CARTESIAN_POINT('',(-116.1862829841,32.000779722246,
    -8.30596269422));
#8627 = CARTESIAN_POINT('',(-116.0932119841,32.,-8.3));
#8628 = CARTESIAN_POINT('',(-116.,32.,-8.3));
#8629 = ORIENTED_EDGE('',*,*,#8630,.T.);
#8630 = EDGE_CURVE('',#8606,#8631,#8633,.T.);
#8631 = VERTEX_POINT('',#8632);
#8632 = CARTESIAN_POINT('',(-116.,32.,0.));
#8633 = LINE('',#8634,#8635);
#8634 = CARTESIAN_POINT('',(-116.,32.,-25.));
#8635 = VECTOR('',#8636,1.);
#8636 = DIRECTION('',(0.,0.,1.));
#8637 = ORIENTED_EDGE('',*,*,#8638,.T.);
#8638 = EDGE_CURVE('',#8631,#8570,#8639,.T.);
#8639 = CIRCLE('',#8640,13.);
#8640 = AXIS2_PLACEMENT_3D('',#8641,#8642,#8643);
#8641 = CARTESIAN_POINT('',(-116.,45.,0.));
#8642 = DIRECTION('',(0.,0.,-1.));
#8643 = DIRECTION('',(-1.,-0.,-0.));
#8644 = CYLINDRICAL_SURFACE('',#8645,13.);
#8645 = AXIS2_PLACEMENT_3D('',#8646,#8647,#8648);
#8646 = CARTESIAN_POINT('',(-116.,45.,-25.));
#8647 = DIRECTION('',(0.,0.,-1.));
#8648 = DIRECTION('',(-1.,0.,0.));
#8649 = ADVANCED_FACE('',(#8650),#8692,.T.);
#8650 = FACE_BOUND('',#8651,.F.);
#8651 = EDGE_LOOP('',(#8652,#8660,#8668,#8676,#8682,#8683,#8684,#8691));
#8652 = ORIENTED_EDGE('',*,*,#8653,.F.);
#8653 = EDGE_CURVE('',#8654,#8631,#8656,.T.);
#8654 = VERTEX_POINT('',#8655);
#8655 = CARTESIAN_POINT('',(-96.,32.,0.));
#8656 = LINE('',#8657,#8658);
#8657 = CARTESIAN_POINT('',(-95.,32.,0.));
#8658 = VECTOR('',#8659,1.);
#8659 = DIRECTION('',(-1.,-0.,-0.));
#8660 = ORIENTED_EDGE('',*,*,#8661,.F.);
#8661 = EDGE_CURVE('',#8662,#8654,#8664,.T.);
#8662 = VERTEX_POINT('',#8663);
#8663 = CARTESIAN_POINT('',(-96.,32.,-20.));
#8664 = LINE('',#8665,#8666);
#8665 = CARTESIAN_POINT('',(-96.,32.,-20.));
#8666 = VECTOR('',#8667,1.);
#8667 = DIRECTION('',(0.,0.,1.));
#8668 = ORIENTED_EDGE('',*,*,#8669,.F.);
#8669 = EDGE_CURVE('',#8670,#8662,#8672,.T.);
#8670 = VERTEX_POINT('',#8671);
#8671 = CARTESIAN_POINT('',(-75.,32.,-20.));
#8672 = LINE('',#8673,#8674);
#8673 = CARTESIAN_POINT('',(-75.,32.,-20.));
#8674 = VECTOR('',#8675,1.);
#8675 = DIRECTION('',(-1.,-0.,-0.));
#8676 = ORIENTED_EDGE('',*,*,#8677,.F.);
#8677 = EDGE_CURVE('',#8335,#8670,#8678,.T.);
#8678 = LINE('',#8679,#8680);
#8679 = CARTESIAN_POINT('',(-75.,32.,-25.));
#8680 = VECTOR('',#8681,1.);
#8681 = DIRECTION('',(0.,0.,1.));
#8682 = ORIENTED_EDGE('',*,*,#8342,.T.);
#8683 = ORIENTED_EDGE('',*,*,#8578,.T.);
#8684 = ORIENTED_EDGE('',*,*,#8685,.F.);
#8685 = EDGE_CURVE('',#8606,#8579,#8686,.T.);
#8686 = CIRCLE('',#8687,1.7);
#8687 = AXIS2_PLACEMENT_3D('',#8688,#8689,#8690);
#8688 = CARTESIAN_POINT('',(-116.,32.,-10.));
#8689 = DIRECTION('',(0.,1.,-0.));
#8690 = DIRECTION('',(-1.,0.,-0.));
#8691 = ORIENTED_EDGE('',*,*,#8630,.T.);
#8692 = PLANE('',#8693);
#8693 = AXIS2_PLACEMENT_3D('',#8694,#8695,#8696);
#8694 = CARTESIAN_POINT('',(-98.5303030303,32.,-15.5303030303));
#8695 = DIRECTION('',(0.,-1.,0.));
#8696 = DIRECTION('',(0.,0.,1.));
#8697 = ADVANCED_FACE('',(#8698),#8732,.T.);
#8698 = FACE_BOUND('',#8699,.F.);
#8699 = EDGE_LOOP('',(#8700,#8708,#8709,#8710,#8718,#8726));
#8700 = ORIENTED_EDGE('',*,*,#8701,.F.);
#8701 = EDGE_CURVE('',#8570,#8702,#8704,.T.);
#8702 = VERTEX_POINT('',#8703);
#8703 = CARTESIAN_POINT('',(-76.36434075898,74.46622650707,0.));
#8704 = LINE('',#8705,#8706);
#8705 = CARTESIAN_POINT('',(-120.7364298667,57.106454151278,0.));
#8706 = VECTOR('',#8707,1.);
#8707 = DIRECTION('',(0.931265703944,0.364340758984,0.));
#8708 = ORIENTED_EDGE('',*,*,#8569,.F.);
#8709 = ORIENTED_EDGE('',*,*,#8302,.T.);
#8710 = ORIENTED_EDGE('',*,*,#8711,.T.);
#8711 = EDGE_CURVE('',#8303,#8712,#8714,.T.);
#8712 = VERTEX_POINT('',#8713);
#8713 = CARTESIAN_POINT('',(-75.,75.,-20.));
#8714 = LINE('',#8715,#8716);
#8715 = CARTESIAN_POINT('',(-75.,75.,-25.));
#8716 = VECTOR('',#8717,1.);
#8717 = DIRECTION('',(0.,0.,1.));
#8718 = ORIENTED_EDGE('',*,*,#8719,.T.);
#8719 = EDGE_CURVE('',#8712,#8720,#8722,.T.);
#8720 = VERTEX_POINT('',#8721);
#8721 = CARTESIAN_POINT('',(-76.36434075898,74.46622650707,-20.));
#8722 = LINE('',#8723,#8724);
#8723 = CARTESIAN_POINT('',(-96.98380398378,66.399236764676,-20.));
#8724 = VECTOR('',#8725,1.);
#8725 = DIRECTION('',(-0.931265703944,-0.364340758984,-0.));
#8726 = ORIENTED_EDGE('',*,*,#8727,.T.);
#8727 = EDGE_CURVE('',#8720,#8702,#8728,.T.);
#8728 = LINE('',#8729,#8730);
#8729 = CARTESIAN_POINT('',(-76.36434075898,74.46622650707,-20.));
#8730 = VECTOR('',#8731,1.);
#8731 = DIRECTION('',(0.,0.,1.));
#8732 = PLANE('',#8733);
#8733 = AXIS2_PLACEMENT_3D('',#8734,#8735,#8736);
#8734 = CARTESIAN_POINT('',(-97.86821493339,66.053227075639,-12.5));
#8735 = DIRECTION('',(-0.364340758984,0.931265703944,0.));
#8736 = DIRECTION('',(0.931265703944,0.364340758984,0.));
#8737 = ADVANCED_FACE('',(#8738),#8771,.F.);
#8738 = FACE_BOUND('',#8739,.T.);
#8739 = EDGE_LOOP('',(#8740,#8748,#8763,#8769,#8770));
#8740 = ORIENTED_EDGE('',*,*,#8741,.T.);
#8741 = EDGE_CURVE('',#8327,#8742,#8744,.T.);
#8742 = VERTEX_POINT('',#8743);
#8743 = CARTESIAN_POINT('',(-75.,55.,-21.));
#8744 = LINE('',#8745,#8746);
#8745 = CARTESIAN_POINT('',(-75.,55.,-25.));
#8746 = VECTOR('',#8747,1.);
#8747 = DIRECTION('',(0.,0.,1.));
#8748 = ORIENTED_EDGE('',*,*,#8749,.T.);
#8749 = EDGE_CURVE('',#8742,#8750,#8752,.T.);
#8750 = VERTEX_POINT('',#8751);
#8751 = CARTESIAN_POINT('',(-75.,54.,-20.));
#8752 = B_SPLINE_CURVE_WITH_KNOTS('',9,(#8753,#8754,#8755,#8756,#8757,
    #8758,#8759,#8760,#8761,#8762),.UNSPECIFIED.,.F.,.F.,(10,10),(0.,1.)
  ,.PIECEWISE_BEZIER_KNOTS.);
#8753 = CARTESIAN_POINT('',(-75.,55.,-21.));
#8754 = CARTESIAN_POINT('',(-75.,55.,-20.82458405498));
#8755 = CARTESIAN_POINT('',(-75.,54.969360985604,-20.64916619423));
#8756 = CARTESIAN_POINT('',(-75.,54.905006436855,-20.47987592125));
#8757 = CARTESIAN_POINT('',(-75.,54.806105597339,-20.32492091586));
#8758 = CARTESIAN_POINT('',(-75.,54.675079084139,-20.19389440266));
#8759 = CARTESIAN_POINT('',(-75.,54.520124078745,-20.09499356314));
#8760 = CARTESIAN_POINT('',(-75.,54.350833805769,-20.03063901439));
#8761 = CARTESIAN_POINT('',(-75.,54.175415945012,-20.));
#8762 = CARTESIAN_POINT('',(-75.,54.,-20.));
#8763 = ORIENTED_EDGE('',*,*,#8764,.T.);
#8764 = EDGE_CURVE('',#8750,#8670,#8765,.T.);
#8765 = LINE('',#8766,#8767);
#8766 = CARTESIAN_POINT('',(-75.,55.,-20.));
#8767 = VECTOR('',#8768,1.);
#8768 = DIRECTION('',(-0.,-1.,-0.));
#8769 = ORIENTED_EDGE('',*,*,#8677,.F.);
#8770 = ORIENTED_EDGE('',*,*,#8334,.F.);
#8771 = PLANE('',#8772);
#8772 = AXIS2_PLACEMENT_3D('',#8773,#8774,#8775);
#8773 = CARTESIAN_POINT('',(-75.,55.,-25.));
#8774 = DIRECTION('',(-1.,-0.,-0.));
#8775 = DIRECTION('',(0.,1.,0.));
#8776 = ADVANCED_FACE('',(#8777),#8795,.F.);
#8777 = FACE_BOUND('',#8778,.T.);
#8778 = EDGE_LOOP('',(#8779,#8780,#8788,#8794));
#8779 = ORIENTED_EDGE('',*,*,#8711,.T.);
#8780 = ORIENTED_EDGE('',*,*,#8781,.T.);
#8781 = EDGE_CURVE('',#8712,#8782,#8784,.T.);
#8782 = VERTEX_POINT('',#8783);
#8783 = CARTESIAN_POINT('',(-45.,75.,-20.));
#8784 = LINE('',#8785,#8786);
#8785 = CARTESIAN_POINT('',(-75.,75.,-20.));
#8786 = VECTOR('',#8787,1.);
#8787 = DIRECTION('',(1.,0.,0.));
#8788 = ORIENTED_EDGE('',*,*,#8789,.F.);
#8789 = EDGE_CURVE('',#8311,#8782,#8790,.T.);
#8790 = LINE('',#8791,#8792);
#8791 = CARTESIAN_POINT('',(-45.,75.,-25.));
#8792 = VECTOR('',#8793,1.);
#8793 = DIRECTION('',(0.,0.,1.));
#8794 = ORIENTED_EDGE('',*,*,#8310,.F.);
#8795 = PLANE('',#8796);
#8796 = AXIS2_PLACEMENT_3D('',#8797,#8798,#8799);
#8797 = CARTESIAN_POINT('',(-75.,75.,-25.));
#8798 = DIRECTION('',(-0.,-1.,-0.));
#8799 = DIRECTION('',(-1.,0.,0.));
#8800 = ADVANCED_FACE('',(#8801),#8834,.F.);
#8801 = FACE_BOUND('',#8802,.T.);
#8802 = EDGE_LOOP('',(#8803,#8804,#8805,#8813,#8821));
#8803 = ORIENTED_EDGE('',*,*,#8741,.F.);
#8804 = ORIENTED_EDGE('',*,*,#8326,.F.);
#8805 = ORIENTED_EDGE('',*,*,#8806,.T.);
#8806 = EDGE_CURVE('',#8319,#8807,#8809,.T.);
#8807 = VERTEX_POINT('',#8808);
#8808 = CARTESIAN_POINT('',(-45.,55.,-20.));
#8809 = LINE('',#8810,#8811);
#8810 = CARTESIAN_POINT('',(-45.,55.,-25.));
#8811 = VECTOR('',#8812,1.);
#8812 = DIRECTION('',(0.,0.,1.));
#8813 = ORIENTED_EDGE('',*,*,#8814,.T.);
#8814 = EDGE_CURVE('',#8807,#8815,#8817,.T.);
#8815 = VERTEX_POINT('',#8816);
#8816 = CARTESIAN_POINT('',(-74.,55.,-20.));
#8817 = LINE('',#8818,#8819);
#8818 = CARTESIAN_POINT('',(-45.,55.,-20.));
#8819 = VECTOR('',#8820,1.);
#8820 = DIRECTION('',(-1.,-0.,-0.));
#8821 = ORIENTED_EDGE('',*,*,#8822,.T.);
#8822 = EDGE_CURVE('',#8815,#8742,#8823,.T.);
#8823 = B_SPLINE_CURVE_WITH_KNOTS('',9,(#8824,#8825,#8826,#8827,#8828,
    #8829,#8830,#8831,#8832,#8833),.UNSPECIFIED.,.F.,.F.,(10,10),(0.,1.)
  ,.PIECEWISE_BEZIER_KNOTS.);
#8824 = CARTESIAN_POINT('',(-74.,55.,-20.));
#8825 = CARTESIAN_POINT('',(-74.17541594501,55.,-20.));
#8826 = CARTESIAN_POINT('',(-74.35083380576,55.,-20.03063901439));
#8827 = CARTESIAN_POINT('',(-74.52012407874,55.,-20.09499356314));
#8828 = CARTESIAN_POINT('',(-74.67507908413,55.,-20.19389440266));
#8829 = CARTESIAN_POINT('',(-74.80610559733,55.,-20.32492091586));
#8830 = CARTESIAN_POINT('',(-74.90500643685,55.,-20.47987592125));
#8831 = CARTESIAN_POINT('',(-74.9693609856,55.,-20.64916619423));
#8832 = CARTESIAN_POINT('',(-75.,55.,-20.82458405498));
#8833 = CARTESIAN_POINT('',(-75.,55.,-21.));
#8834 = PLANE('',#8835);
#8835 = AXIS2_PLACEMENT_3D('',#8836,#8837,#8838);
#8836 = CARTESIAN_POINT('',(-45.,55.,-25.));
#8837 = DIRECTION('',(0.,1.,0.));
#8838 = DIRECTION('',(1.,0.,0.));
#8839 = ADVANCED_FACE('',(#8840),#8851,.F.);
#8840 = FACE_BOUND('',#8841,.T.);
#8841 = EDGE_LOOP('',(#8842,#8843,#8849,#8850));
#8842 = ORIENTED_EDGE('',*,*,#8789,.T.);
#8843 = ORIENTED_EDGE('',*,*,#8844,.T.);
#8844 = EDGE_CURVE('',#8782,#8807,#8845,.T.);
#8845 = LINE('',#8846,#8847);
#8846 = CARTESIAN_POINT('',(-45.,75.,-20.));
#8847 = VECTOR('',#8848,1.);
#8848 = DIRECTION('',(-0.,-1.,-0.));
#8849 = ORIENTED_EDGE('',*,*,#8806,.F.);
#8850 = ORIENTED_EDGE('',*,*,#8318,.F.);
#8851 = PLANE('',#8852);
#8852 = AXIS2_PLACEMENT_3D('',#8853,#8854,#8855);
#8853 = CARTESIAN_POINT('',(-45.,75.,-25.));
#8854 = DIRECTION('',(-1.,-0.,-0.));
#8855 = DIRECTION('',(0.,1.,0.));
#8856 = ADVANCED_FACE('',(#8857),#8947,.F.);
#8857 = FACE_BOUND('',#8858,.F.);
#8858 = EDGE_LOOP('',(#8859,#8869,#8878,#8886,#8895,#8903,#8912,#8917,
    #8918,#8919,#8920,#8921,#8922,#8923,#8932,#8940));
#8859 = ORIENTED_EDGE('',*,*,#8860,.F.);
#8860 = EDGE_CURVE('',#8861,#8863,#8865,.T.);
#8861 = VERTEX_POINT('',#8862);
#8862 = CARTESIAN_POINT('',(-86.6,39.40336756548,-23.));
#8863 = VERTEX_POINT('',#8864);
#8864 = CARTESIAN_POINT('',(-86.6,39.40336756548,-22.8));
#8865 = LINE('',#8866,#8867);
#8866 = CARTESIAN_POINT('',(-86.6,39.40336756548,-25.));
#8867 = VECTOR('',#8868,1.);
#8868 = DIRECTION('',(0.,0.,1.));
#8869 = ORIENTED_EDGE('',*,*,#8870,.F.);
#8870 = EDGE_CURVE('',#8871,#8861,#8873,.T.);
#8871 = VERTEX_POINT('',#8872);
#8872 = CARTESIAN_POINT('',(-86.6,44.59663243452,-23.));
#8873 = CIRCLE('',#8874,3.05);
#8874 = AXIS2_PLACEMENT_3D('',#8875,#8876,#8877);
#8875 = CARTESIAN_POINT('',(-85.,42.,-23.));
#8876 = DIRECTION('',(0.,0.,1.));
#8877 = DIRECTION('',(1.,0.,0.));
#8878 = ORIENTED_EDGE('',*,*,#8879,.T.);
#8879 = EDGE_CURVE('',#8871,#8880,#8882,.T.);
#8880 = VERTEX_POINT('',#8881);
#8881 = CARTESIAN_POINT('',(-86.6,44.59663243452,-22.8));
#8882 = LINE('',#8883,#8884);
#8883 = CARTESIAN_POINT('',(-86.6,44.59663243452,-25.));
#8884 = VECTOR('',#8885,1.);
#8885 = DIRECTION('',(0.,0.,1.));
#8886 = ORIENTED_EDGE('',*,*,#8887,.F.);
#8887 = EDGE_CURVE('',#8888,#8880,#8890,.T.);
#8888 = VERTEX_POINT('',#8889);
#8889 = CARTESIAN_POINT('',(-83.4,44.59663243452,-22.8));
#8890 = CIRCLE('',#8891,3.05);
#8891 = AXIS2_PLACEMENT_3D('',#8892,#8893,#8894);
#8892 = CARTESIAN_POINT('',(-85.,42.,-22.8));
#8893 = DIRECTION('',(0.,0.,1.));
#8894 = DIRECTION('',(-1.,0.,0.));
#8895 = ORIENTED_EDGE('',*,*,#8896,.F.);
#8896 = EDGE_CURVE('',#8897,#8888,#8899,.T.);
#8897 = VERTEX_POINT('',#8898);
#8898 = CARTESIAN_POINT('',(-83.4,44.59663243452,-23.));
#8899 = LINE('',#8900,#8901);
#8900 = CARTESIAN_POINT('',(-83.4,44.59663243452,-25.));
#8901 = VECTOR('',#8902,1.);
#8902 = DIRECTION('',(0.,0.,1.));
#8903 = ORIENTED_EDGE('',*,*,#8904,.F.);
#8904 = EDGE_CURVE('',#8905,#8897,#8907,.T.);
#8905 = VERTEX_POINT('',#8906);
#8906 = CARTESIAN_POINT('',(-81.95,42.,-23.));
#8907 = CIRCLE('',#8908,3.05);
#8908 = AXIS2_PLACEMENT_3D('',#8909,#8910,#8911);
#8909 = CARTESIAN_POINT('',(-85.,42.,-23.));
#8910 = DIRECTION('',(0.,0.,1.));
#8911 = DIRECTION('',(1.,0.,0.));
#8912 = ORIENTED_EDGE('',*,*,#8913,.F.);
#8913 = EDGE_CURVE('',#8351,#8905,#8914,.T.);
#8914 = B_SPLINE_CURVE_WITH_KNOTS('',1,(#8915,#8916),.UNSPECIFIED.,.F.,
  .F.,(2,2),(0.,2.),.PIECEWISE_BEZIER_KNOTS.);
#8915 = CARTESIAN_POINT('',(-81.95,42.,-25.));
#8916 = CARTESIAN_POINT('',(-81.95,42.,-23.));
#8917 = ORIENTED_EDGE('',*,*,#8350,.T.);
#8918 = ORIENTED_EDGE('',*,*,#8361,.T.);
#8919 = ORIENTED_EDGE('',*,*,#8370,.T.);
#8920 = ORIENTED_EDGE('',*,*,#8379,.T.);
#8921 = ORIENTED_EDGE('',*,*,#8388,.T.);
#8922 = ORIENTED_EDGE('',*,*,#8913,.T.);
#8923 = ORIENTED_EDGE('',*,*,#8924,.F.);
#8924 = EDGE_CURVE('',#8925,#8905,#8927,.T.);
#8925 = VERTEX_POINT('',#8926);
#8926 = CARTESIAN_POINT('',(-83.4,39.40336756548,-23.));
#8927 = CIRCLE('',#8928,3.05);
#8928 = AXIS2_PLACEMENT_3D('',#8929,#8930,#8931);
#8929 = CARTESIAN_POINT('',(-85.,42.,-23.));
#8930 = DIRECTION('',(0.,0.,1.));
#8931 = DIRECTION('',(1.,0.,0.));
#8932 = ORIENTED_EDGE('',*,*,#8933,.T.);
#8933 = EDGE_CURVE('',#8925,#8934,#8936,.T.);
#8934 = VERTEX_POINT('',#8935);
#8935 = CARTESIAN_POINT('',(-83.4,39.40336756548,-22.8));
#8936 = LINE('',#8937,#8938);
#8937 = CARTESIAN_POINT('',(-83.4,39.40336756548,-25.));
#8938 = VECTOR('',#8939,1.);
#8939 = DIRECTION('',(0.,0.,1.));
#8940 = ORIENTED_EDGE('',*,*,#8941,.F.);
#8941 = EDGE_CURVE('',#8863,#8934,#8942,.T.);
#8942 = CIRCLE('',#8943,3.05);
#8943 = AXIS2_PLACEMENT_3D('',#8944,#8945,#8946);
#8944 = CARTESIAN_POINT('',(-85.,42.,-22.8));
#8945 = DIRECTION('',(0.,0.,1.));
#8946 = DIRECTION('',(-1.,0.,0.));
#8947 = CYLINDRICAL_SURFACE('',#8948,3.05);
#8948 = AXIS2_PLACEMENT_3D('',#8949,#8950,#8951);
#8949 = CARTESIAN_POINT('',(-85.,42.,-25.));
#8950 = DIRECTION('',(0.,0.,1.));
#8951 = DIRECTION('',(1.,0.,0.));
#8952 = ADVANCED_FACE('',(#8953),#8978,.T.);
#8953 = FACE_BOUND('',#8954,.F.);
#8954 = EDGE_LOOP('',(#8955,#8963,#8971,#8977));
#8955 = ORIENTED_EDGE('',*,*,#8956,.T.);
#8956 = EDGE_CURVE('',#8398,#8957,#8959,.T.);
#8957 = VERTEX_POINT('',#8958);
#8958 = CARTESIAN_POINT('',(-107.3397459621,45.,0.));
#8959 = LINE('',#8960,#8961);
#8960 = CARTESIAN_POINT('',(-107.3397459621,45.,-25.));
#8961 = VECTOR('',#8962,1.);
#8962 = DIRECTION('',(0.,0.,1.));
#8963 = ORIENTED_EDGE('',*,*,#8964,.T.);
#8964 = EDGE_CURVE('',#8957,#8965,#8967,.T.);
#8965 = VERTEX_POINT('',#8966);
#8966 = CARTESIAN_POINT('',(-111.669872981,37.5,0.));
#8967 = LINE('',#8968,#8969);
#8968 = CARTESIAN_POINT('',(-107.3397459621,45.,0.));
#8969 = VECTOR('',#8970,1.);
#8970 = DIRECTION('',(-0.5,-0.866025403784,-0.));
#8971 = ORIENTED_EDGE('',*,*,#8972,.F.);
#8972 = EDGE_CURVE('',#8400,#8965,#8973,.T.);
#8973 = LINE('',#8974,#8975);
#8974 = CARTESIAN_POINT('',(-111.669872981,37.5,-20.));
#8975 = VECTOR('',#8976,1.);
#8976 = DIRECTION('',(0.,0.,1.));
#8977 = ORIENTED_EDGE('',*,*,#8397,.F.);
#8978 = PLANE('',#8979);
#8979 = AXIS2_PLACEMENT_3D('',#8980,#8981,#8982);
#8980 = CARTESIAN_POINT('',(-109.5048094716,41.25,-12.5));
#8981 = DIRECTION('',(-0.866025403784,0.5,0.));
#8982 = DIRECTION('',(-0.5,-0.866025403784,0.));
#8983 = ADVANCED_FACE('',(#8984),#9002,.T.);
#8984 = FACE_BOUND('',#8985,.F.);
#8985 = EDGE_LOOP('',(#8986,#8994,#9000,#9001));
#8986 = ORIENTED_EDGE('',*,*,#8987,.T.);
#8987 = EDGE_CURVE('',#8408,#8988,#8990,.T.);
#8988 = VERTEX_POINT('',#8989);
#8989 = CARTESIAN_POINT('',(-111.669872981,52.5,0.));
#8990 = LINE('',#8991,#8992);
#8991 = CARTESIAN_POINT('',(-111.669872981,52.5,-20.));
#8992 = VECTOR('',#8993,1.);
#8993 = DIRECTION('',(0.,0.,1.));
#8994 = ORIENTED_EDGE('',*,*,#8995,.T.);
#8995 = EDGE_CURVE('',#8988,#8957,#8996,.T.);
#8996 = LINE('',#8997,#8998);
#8997 = CARTESIAN_POINT('',(-111.669872981,52.5,0.));
#8998 = VECTOR('',#8999,1.);
#8999 = DIRECTION('',(0.5,-0.866025403784,0.));
#9000 = ORIENTED_EDGE('',*,*,#8956,.F.);
#9001 = ORIENTED_EDGE('',*,*,#8407,.F.);
#9002 = PLANE('',#9003);
#9003 = AXIS2_PLACEMENT_3D('',#9004,#9005,#9006);
#9004 = CARTESIAN_POINT('',(-109.5048094716,48.75,-12.5));
#9005 = DIRECTION('',(-0.866025403784,-0.5,-0.));
#9006 = DIRECTION('',(0.5,-0.866025403784,0.));
#9007 = ADVANCED_FACE('',(#9008,#9026),#9076,.T.);
#9008 = FACE_BOUND('',#9009,.F.);
#9009 = EDGE_LOOP('',(#9010,#9011,#9019,#9025));
#9010 = ORIENTED_EDGE('',*,*,#8972,.T.);
#9011 = ORIENTED_EDGE('',*,*,#9012,.T.);
#9012 = EDGE_CURVE('',#8965,#9013,#9015,.T.);
#9013 = VERTEX_POINT('',#9014);
#9014 = CARTESIAN_POINT('',(-120.3301270189,37.5,0.));
#9015 = LINE('',#9016,#9017);
#9016 = CARTESIAN_POINT('',(-111.669872981,37.5,0.));
#9017 = VECTOR('',#9018,1.);
#9018 = DIRECTION('',(-1.,-0.,-0.));
#9019 = ORIENTED_EDGE('',*,*,#9020,.F.);
#9020 = EDGE_CURVE('',#8432,#9013,#9021,.T.);
#9021 = LINE('',#9022,#9023);
#9022 = CARTESIAN_POINT('',(-120.3301270189,37.5,-20.));
#9023 = VECTOR('',#9024,1.);
#9024 = DIRECTION('',(0.,0.,1.));
#9025 = ORIENTED_EDGE('',*,*,#8439,.F.);
#9026 = FACE_BOUND('',#9027,.F.);
#9027 = EDGE_LOOP('',(#9028,#9038,#9046,#9054,#9062,#9070));
#9028 = ORIENTED_EDGE('',*,*,#9029,.F.);
#9029 = EDGE_CURVE('',#9030,#9032,#9034,.T.);
#9030 = VERTEX_POINT('',#9031);
#9031 = CARTESIAN_POINT('',(-116.,37.5,-6.766838492538));
#9032 = VERTEX_POINT('',#9033);
#9033 = CARTESIAN_POINT('',(-118.8,37.5,-8.383419246269));
#9034 = LINE('',#9035,#9036);
#9035 = CARTESIAN_POINT('',(-116.,37.5,-6.766838492538));
#9036 = VECTOR('',#9037,1.);
#9037 = DIRECTION('',(-0.866025403784,0.,-0.5));
#9038 = ORIENTED_EDGE('',*,*,#9039,.F.);
#9039 = EDGE_CURVE('',#9040,#9030,#9042,.T.);
#9040 = VERTEX_POINT('',#9041);
#9041 = CARTESIAN_POINT('',(-113.2,37.5,-8.383419246269));
#9042 = LINE('',#9043,#9044);
#9043 = CARTESIAN_POINT('',(-113.2,37.5,-8.383419246269));
#9044 = VECTOR('',#9045,1.);
#9045 = DIRECTION('',(-0.866025403784,0.,0.5));
#9046 = ORIENTED_EDGE('',*,*,#9047,.F.);
#9047 = EDGE_CURVE('',#9048,#9040,#9050,.T.);
#9048 = VERTEX_POINT('',#9049);
#9049 = CARTESIAN_POINT('',(-113.2,37.5,-11.61658075373));
#9050 = LINE('',#9051,#9052);
#9051 = CARTESIAN_POINT('',(-113.2,37.5,-11.61658075373));
#9052 = VECTOR('',#9053,1.);
#9053 = DIRECTION('',(0.,0.,1.));
#9054 = ORIENTED_EDGE('',*,*,#9055,.F.);
#9055 = EDGE_CURVE('',#9056,#9048,#9058,.T.);
#9056 = VERTEX_POINT('',#9057);
#9057 = CARTESIAN_POINT('',(-116.,37.5,-13.23316150746));
#9058 = LINE('',#9059,#9060);
#9059 = CARTESIAN_POINT('',(-116.,37.5,-13.23316150746));
#9060 = VECTOR('',#9061,1.);
#9061 = DIRECTION('',(0.866025403784,0.,0.5));
#9062 = ORIENTED_EDGE('',*,*,#9063,.F.);
#9063 = EDGE_CURVE('',#9064,#9056,#9066,.T.);
#9064 = VERTEX_POINT('',#9065);
#9065 = CARTESIAN_POINT('',(-118.8,37.5,-11.61658075373));
#9066 = LINE('',#9067,#9068);
#9067 = CARTESIAN_POINT('',(-118.8,37.5,-11.61658075373));
#9068 = VECTOR('',#9069,1.);
#9069 = DIRECTION('',(0.866025403784,-0.,-0.5));
#9070 = ORIENTED_EDGE('',*,*,#9071,.F.);
#9071 = EDGE_CURVE('',#9032,#9064,#9072,.T.);
#9072 = LINE('',#9073,#9074);
#9073 = CARTESIAN_POINT('',(-118.8,37.5,-8.383419246269));
#9074 = VECTOR('',#9075,1.);
#9075 = DIRECTION('',(0.,-0.,-1.));
#9076 = PLANE('',#9077);
#9077 = AXIS2_PLACEMENT_3D('',#9078,#9079,#9080);
#9078 = CARTESIAN_POINT('',(-116.,37.5,-12.5));
#9079 = DIRECTION('',(0.,1.,0.));
#9080 = DIRECTION('',(-0.,-0.,-1.));
#9081 = ADVANCED_FACE('',(#9082),#9100,.T.);
#9082 = FACE_BOUND('',#9083,.F.);
#9083 = EDGE_LOOP('',(#9084,#9092,#9098,#9099));
#9084 = ORIENTED_EDGE('',*,*,#9085,.T.);
#9085 = EDGE_CURVE('',#8416,#9086,#9088,.T.);
#9086 = VERTEX_POINT('',#9087);
#9087 = CARTESIAN_POINT('',(-120.3301270189,52.5,0.));
#9088 = LINE('',#9089,#9090);
#9089 = CARTESIAN_POINT('',(-120.3301270189,52.5,-20.));
#9090 = VECTOR('',#9091,1.);
#9091 = DIRECTION('',(0.,0.,1.));
#9092 = ORIENTED_EDGE('',*,*,#9093,.T.);
#9093 = EDGE_CURVE('',#9086,#8988,#9094,.T.);
#9094 = LINE('',#9095,#9096);
#9095 = CARTESIAN_POINT('',(-120.3301270189,52.5,0.));
#9096 = VECTOR('',#9097,1.);
#9097 = DIRECTION('',(1.,1.5E-16,0.));
#9098 = ORIENTED_EDGE('',*,*,#8987,.F.);
#9099 = ORIENTED_EDGE('',*,*,#8415,.F.);
#9100 = PLANE('',#9101);
#9101 = AXIS2_PLACEMENT_3D('',#9102,#9103,#9104);
#9102 = CARTESIAN_POINT('',(-116.,52.5,-12.5));
#9103 = DIRECTION('',(0.,-1.,0.));
#9104 = DIRECTION('',(0.,0.,1.));
#9105 = ADVANCED_FACE('',(#9106),#9124,.T.);
#9106 = FACE_BOUND('',#9107,.F.);
#9107 = EDGE_LOOP('',(#9108,#9109,#9117,#9123));
#9108 = ORIENTED_EDGE('',*,*,#9020,.T.);
#9109 = ORIENTED_EDGE('',*,*,#9110,.T.);
#9110 = EDGE_CURVE('',#9013,#9111,#9113,.T.);
#9111 = VERTEX_POINT('',#9112);
#9112 = CARTESIAN_POINT('',(-124.6602540378,45.,0.));
#9113 = LINE('',#9114,#9115);
#9114 = CARTESIAN_POINT('',(-120.3301270189,37.5,0.));
#9115 = VECTOR('',#9116,1.);
#9116 = DIRECTION('',(-0.5,0.866025403784,0.));
#9117 = ORIENTED_EDGE('',*,*,#9118,.F.);
#9118 = EDGE_CURVE('',#8424,#9111,#9119,.T.);
#9119 = LINE('',#9120,#9121);
#9120 = CARTESIAN_POINT('',(-124.6602540378,45.,-20.));
#9121 = VECTOR('',#9122,1.);
#9122 = DIRECTION('',(0.,0.,1.));
#9123 = ORIENTED_EDGE('',*,*,#8431,.F.);
#9124 = PLANE('',#9125);
#9125 = AXIS2_PLACEMENT_3D('',#9126,#9127,#9128);
#9126 = CARTESIAN_POINT('',(-122.4951905283,41.25,-12.5));
#9127 = DIRECTION('',(0.866025403784,0.5,0.));
#9128 = DIRECTION('',(-0.5,0.866025403784,0.));
#9129 = ADVANCED_FACE('',(#9130),#9141,.T.);
#9130 = FACE_BOUND('',#9131,.F.);
#9131 = EDGE_LOOP('',(#9132,#9133,#9139,#9140));
#9132 = ORIENTED_EDGE('',*,*,#9118,.T.);
#9133 = ORIENTED_EDGE('',*,*,#9134,.T.);
#9134 = EDGE_CURVE('',#9111,#9086,#9135,.T.);
#9135 = LINE('',#9136,#9137);
#9136 = CARTESIAN_POINT('',(-124.6602540378,45.,0.));
#9137 = VECTOR('',#9138,1.);
#9138 = DIRECTION('',(0.5,0.866025403784,0.));
#9139 = ORIENTED_EDGE('',*,*,#9085,.F.);
#9140 = ORIENTED_EDGE('',*,*,#8423,.F.);
#9141 = PLANE('',#9142);
#9142 = AXIS2_PLACEMENT_3D('',#9143,#9144,#9145);
#9143 = CARTESIAN_POINT('',(-122.4951905283,48.75,-12.5));
#9144 = DIRECTION('',(0.866025403784,-0.5,0.));
#9145 = DIRECTION('',(0.5,0.866025403784,0.));
#9146 = ADVANCED_FACE('',(#9147),#9237,.F.);
#9147 = FACE_BOUND('',#9148,.F.);
#9148 = EDGE_LOOP('',(#9149,#9159,#9168,#9176,#9185,#9193,#9202,#9207,
    #9208,#9209,#9210,#9211,#9212,#9213,#9222,#9230));
#9149 = ORIENTED_EDGE('',*,*,#9150,.F.);
#9150 = EDGE_CURVE('',#9151,#9153,#9155,.T.);
#9151 = VERTEX_POINT('',#9152);
#9152 = CARTESIAN_POINT('',(-51.6,62.40336756548,-23.));
#9153 = VERTEX_POINT('',#9154);
#9154 = CARTESIAN_POINT('',(-51.6,62.40336756548,-22.8));
#9155 = LINE('',#9156,#9157);
#9156 = CARTESIAN_POINT('',(-51.6,62.40336756548,-25.));
#9157 = VECTOR('',#9158,1.);
#9158 = DIRECTION('',(0.,0.,1.));
#9159 = ORIENTED_EDGE('',*,*,#9160,.F.);
#9160 = EDGE_CURVE('',#9161,#9151,#9163,.T.);
#9161 = VERTEX_POINT('',#9162);
#9162 = CARTESIAN_POINT('',(-51.59999999994,67.596632434548,-23.));
#9163 = CIRCLE('',#9164,3.05);
#9164 = AXIS2_PLACEMENT_3D('',#9165,#9166,#9167);
#9165 = CARTESIAN_POINT('',(-50.,65.,-23.));
#9166 = DIRECTION('',(0.,0.,1.));
#9167 = DIRECTION('',(1.,0.,0.));
#9168 = ORIENTED_EDGE('',*,*,#9169,.T.);
#9169 = EDGE_CURVE('',#9161,#9170,#9172,.T.);
#9170 = VERTEX_POINT('',#9171);
#9171 = CARTESIAN_POINT('',(-51.59999999993,67.596632434541,-22.8));
#9172 = LINE('',#9173,#9174);
#9173 = CARTESIAN_POINT('',(-51.59999999993,67.596632434541,-25.));
#9174 = VECTOR('',#9175,1.);
#9175 = DIRECTION('',(0.,0.,1.));
#9176 = ORIENTED_EDGE('',*,*,#9177,.F.);
#9177 = EDGE_CURVE('',#9178,#9170,#9180,.T.);
#9178 = VERTEX_POINT('',#9179);
#9179 = CARTESIAN_POINT('',(-48.39999999992,67.596632434421,-22.8));
#9180 = CIRCLE('',#9181,3.04999999997);
#9181 = AXIS2_PLACEMENT_3D('',#9182,#9183,#9184);
#9182 = CARTESIAN_POINT('',(-50.00000000002,65.,-22.8));
#9183 = DIRECTION('',(0.,0.,1.));
#9184 = DIRECTION('',(-1.,0.,0.));
#9185 = ORIENTED_EDGE('',*,*,#9186,.F.);
#9186 = EDGE_CURVE('',#9187,#9178,#9189,.T.);
#9187 = VERTEX_POINT('',#9188);
#9188 = CARTESIAN_POINT('',(-48.39999999991,67.59663243444,-23.));
#9189 = LINE('',#9190,#9191);
#9190 = CARTESIAN_POINT('',(-48.39999999992,67.596632434421,-25.));
#9191 = VECTOR('',#9192,1.);
#9192 = DIRECTION('',(0.,0.,1.));
#9193 = ORIENTED_EDGE('',*,*,#9194,.F.);
#9194 = EDGE_CURVE('',#9195,#9187,#9197,.T.);
#9195 = VERTEX_POINT('',#9196);
#9196 = CARTESIAN_POINT('',(-46.95,65.,-23.));
#9197 = CIRCLE('',#9198,3.05);
#9198 = AXIS2_PLACEMENT_3D('',#9199,#9200,#9201);
#9199 = CARTESIAN_POINT('',(-50.,65.,-23.));
#9200 = DIRECTION('',(0.,0.,1.));
#9201 = DIRECTION('',(1.,0.,0.));
#9202 = ORIENTED_EDGE('',*,*,#9203,.F.);
#9203 = EDGE_CURVE('',#8448,#9195,#9204,.T.);
#9204 = B_SPLINE_CURVE_WITH_KNOTS('',1,(#9205,#9206),.UNSPECIFIED.,.F.,
  .F.,(2,2),(0.,2.),.PIECEWISE_BEZIER_KNOTS.);
#9205 = CARTESIAN_POINT('',(-46.95,65.,-25.));
#9206 = CARTESIAN_POINT('',(-46.95,65.,-23.));
#9207 = ORIENTED_EDGE('',*,*,#8447,.T.);
#9208 = ORIENTED_EDGE('',*,*,#8458,.T.);
#9209 = ORIENTED_EDGE('',*,*,#8467,.T.);
#9210 = ORIENTED_EDGE('',*,*,#8476,.T.);
#9211 = ORIENTED_EDGE('',*,*,#8485,.T.);
#9212 = ORIENTED_EDGE('',*,*,#9203,.T.);
#9213 = ORIENTED_EDGE('',*,*,#9214,.F.);
#9214 = EDGE_CURVE('',#9215,#9195,#9217,.T.);
#9215 = VERTEX_POINT('',#9216);
#9216 = CARTESIAN_POINT('',(-48.4,62.40336756548,-23.));
#9217 = CIRCLE('',#9218,3.05);
#9218 = AXIS2_PLACEMENT_3D('',#9219,#9220,#9221);
#9219 = CARTESIAN_POINT('',(-50.,65.,-23.));
#9220 = DIRECTION('',(0.,0.,1.));
#9221 = DIRECTION('',(1.,0.,0.));
#9222 = ORIENTED_EDGE('',*,*,#9223,.T.);
#9223 = EDGE_CURVE('',#9215,#9224,#9226,.T.);
#9224 = VERTEX_POINT('',#9225);
#9225 = CARTESIAN_POINT('',(-48.4,62.40336756548,-22.8));
#9226 = LINE('',#9227,#9228);
#9227 = CARTESIAN_POINT('',(-48.4,62.40336756548,-25.));
#9228 = VECTOR('',#9229,1.);
#9229 = DIRECTION('',(0.,0.,1.));
#9230 = ORIENTED_EDGE('',*,*,#9231,.F.);
#9231 = EDGE_CURVE('',#9153,#9224,#9232,.T.);
#9232 = CIRCLE('',#9233,3.05);
#9233 = AXIS2_PLACEMENT_3D('',#9234,#9235,#9236);
#9234 = CARTESIAN_POINT('',(-50.,65.,-22.8));
#9235 = DIRECTION('',(0.,0.,1.));
#9236 = DIRECTION('',(-1.,0.,0.));
#9237 = CYLINDRICAL_SURFACE('',#9238,3.05);
#9238 = AXIS2_PLACEMENT_3D('',#9239,#9240,#9241);
#9239 = CARTESIAN_POINT('',(-50.,65.,-25.));
#9240 = DIRECTION('',(0.,0.,1.));
#9241 = DIRECTION('',(1.,0.,0.));
#9242 = ADVANCED_FACE('',(#9243,#9279,#9290),#9293,.T.);
#9243 = FACE_BOUND('',#9244,.F.);
#9244 = EDGE_LOOP('',(#9245,#9255,#9262,#9263,#9264,#9265,#9266));
#9245 = ORIENTED_EDGE('',*,*,#9246,.F.);
#9246 = EDGE_CURVE('',#9247,#9249,#9251,.T.);
#9247 = VERTEX_POINT('',#9248);
#9248 = CARTESIAN_POINT('',(-75.,73.534960803125,-20.));
#9249 = VERTEX_POINT('',#9250);
#9250 = CARTESIAN_POINT('',(-75.,56.,-20.));
#9251 = LINE('',#9252,#9253);
#9252 = CARTESIAN_POINT('',(-75.,75.,-20.));
#9253 = VECTOR('',#9254,1.);
#9254 = DIRECTION('',(-0.,-1.,-0.));
#9255 = ORIENTED_EDGE('',*,*,#9256,.T.);
#9256 = EDGE_CURVE('',#9247,#8720,#9257,.T.);
#9257 = CIRCLE('',#9258,1.);
#9258 = AXIS2_PLACEMENT_3D('',#9259,#9260,#9261);
#9259 = CARTESIAN_POINT('',(-76.,73.534960803125,-20.));
#9260 = DIRECTION('',(-0.,0.,1.));
#9261 = DIRECTION('',(0.,-1.,0.));
#9262 = ORIENTED_EDGE('',*,*,#8719,.F.);
#9263 = ORIENTED_EDGE('',*,*,#8781,.T.);
#9264 = ORIENTED_EDGE('',*,*,#8844,.T.);
#9265 = ORIENTED_EDGE('',*,*,#8814,.T.);
#9266 = ORIENTED_EDGE('',*,*,#9267,.F.);
#9267 = EDGE_CURVE('',#9249,#8815,#9268,.T.);
#9268 = B_SPLINE_CURVE_WITH_KNOTS('',9,(#9269,#9270,#9271,#9272,#9273,
    #9274,#9275,#9276,#9277,#9278),.UNSPECIFIED.,.F.,.F.,(10,10),(0.,1.)
  ,.PIECEWISE_BEZIER_KNOTS.);
#9269 = CARTESIAN_POINT('',(-75.,56.,-20.));
#9270 = CARTESIAN_POINT('',(-75.,55.824584054988,-20.));
#9271 = CARTESIAN_POINT('',(-74.9693609856,55.649166194231,-20.));
#9272 = CARTESIAN_POINT('',(-74.90500643685,55.479875921255,-20.));
#9273 = CARTESIAN_POINT('',(-74.80610559733,55.324920915861,-20.));
#9274 = CARTESIAN_POINT('',(-74.67507908413,55.193894402661,-20.));
#9275 = CARTESIAN_POINT('',(-74.52012407874,55.094993563145,-20.));
#9276 = CARTESIAN_POINT('',(-74.35083380576,55.030639014396,-20.));
#9277 = CARTESIAN_POINT('',(-74.17541594501,55.,-20.));
#9278 = CARTESIAN_POINT('',(-74.,55.,-20.));
#9279 = FACE_BOUND('',#9280,.F.);
#9280 = EDGE_LOOP('',(#9281));
#9281 = ORIENTED_EDGE('',*,*,#9282,.F.);
#9282 = EDGE_CURVE('',#9283,#9283,#9285,.T.);
#9283 = VERTEX_POINT('',#9284);
#9284 = CARTESIAN_POINT('',(-48.4,65.,-20.));
#9285 = CIRCLE('',#9286,1.6);
#9286 = AXIS2_PLACEMENT_3D('',#9287,#9288,#9289);
#9287 = CARTESIAN_POINT('',(-50.,65.,-20.));
#9288 = DIRECTION('',(0.,0.,-1.));
#9289 = DIRECTION('',(1.,0.,0.));
#9290 = FACE_BOUND('',#9291,.F.);
#9291 = EDGE_LOOP('',(#9292));
#9292 = ORIENTED_EDGE('',*,*,#8533,.F.);
#9293 = PLANE('',#9294);
#9294 = AXIS2_PLACEMENT_3D('',#9295,#9296,#9297);
#9295 = CARTESIAN_POINT('',(-90.40429519204,52.188408740076,-20.));
#9296 = DIRECTION('',(0.,0.,1.));
#9297 = DIRECTION('',(1.,0.,0.));
#9298 = ADVANCED_FACE('',(#9299,#9362),#9370,.T.);
#9299 = FACE_BOUND('',#9300,.F.);
#9300 = EDGE_LOOP('',(#9301,#9311,#9318,#9319,#9320,#9321,#9330,#9338,
    #9347,#9355));
#9301 = ORIENTED_EDGE('',*,*,#9302,.T.);
#9302 = EDGE_CURVE('',#9303,#9305,#9307,.T.);
#9303 = VERTEX_POINT('',#9304);
#9304 = CARTESIAN_POINT('',(-95.,54.,0.));
#9305 = VERTEX_POINT('',#9306);
#9306 = CARTESIAN_POINT('',(-95.,33.,0.));
#9307 = LINE('',#9308,#9309);
#9308 = CARTESIAN_POINT('',(-95.,54.,0.));
#9309 = VECTOR('',#9310,1.);
#9310 = DIRECTION('',(-0.,-1.,-0.));
#9311 = ORIENTED_EDGE('',*,*,#9312,.T.);
#9312 = EDGE_CURVE('',#9305,#8654,#9313,.T.);
#9313 = CIRCLE('',#9314,1.);
#9314 = AXIS2_PLACEMENT_3D('',#9315,#9316,#9317);
#9315 = CARTESIAN_POINT('',(-96.,33.,0.));
#9316 = DIRECTION('',(0.,0.,-1.));
#9317 = DIRECTION('',(0.,-1.,0.));
#9318 = ORIENTED_EDGE('',*,*,#8653,.T.);
#9319 = ORIENTED_EDGE('',*,*,#8638,.T.);
#9320 = ORIENTED_EDGE('',*,*,#8701,.T.);
#9321 = ORIENTED_EDGE('',*,*,#9322,.F.);
#9322 = EDGE_CURVE('',#9323,#8702,#9325,.T.);
#9323 = VERTEX_POINT('',#9324);
#9324 = CARTESIAN_POINT('',(-75.,73.534960803125,0.));
#9325 = CIRCLE('',#9326,1.);
#9326 = AXIS2_PLACEMENT_3D('',#9327,#9328,#9329);
#9327 = CARTESIAN_POINT('',(-76.,73.534960803125,0.));
#9328 = DIRECTION('',(-0.,0.,1.));
#9329 = DIRECTION('',(0.,-1.,0.));
#9330 = ORIENTED_EDGE('',*,*,#9331,.T.);
#9331 = EDGE_CURVE('',#9323,#9332,#9334,.T.);
#9332 = VERTEX_POINT('',#9333);
#9333 = CARTESIAN_POINT('',(-75.,56.,0.));
#9334 = LINE('',#9335,#9336);
#9335 = CARTESIAN_POINT('',(-75.,75.,0.));
#9336 = VECTOR('',#9337,1.);
#9337 = DIRECTION('',(-0.,-1.,-0.));
#9338 = ORIENTED_EDGE('',*,*,#9339,.F.);
#9339 = EDGE_CURVE('',#9340,#9332,#9342,.T.);
#9340 = VERTEX_POINT('',#9341);
#9341 = CARTESIAN_POINT('',(-76.,55.,0.));
#9342 = CIRCLE('',#9343,1.);
#9343 = AXIS2_PLACEMENT_3D('',#9344,#9345,#9346);
#9344 = CARTESIAN_POINT('',(-76.,56.,0.));
#9345 = DIRECTION('',(-0.,0.,1.));
#9346 = DIRECTION('',(0.,-1.,0.));
#9347 = ORIENTED_EDGE('',*,*,#9348,.T.);
#9348 = EDGE_CURVE('',#9340,#9349,#9351,.T.);
#9349 = VERTEX_POINT('',#9350);
#9350 = CARTESIAN_POINT('',(-94.,55.,0.));
#9351 = LINE('',#9352,#9353);
#9352 = CARTESIAN_POINT('',(-75.,55.,0.));
#9353 = VECTOR('',#9354,1.);
#9354 = DIRECTION('',(-1.,2.E-17,0.));
#9355 = ORIENTED_EDGE('',*,*,#9356,.F.);
#9356 = EDGE_CURVE('',#9303,#9349,#9357,.T.);
#9357 = CIRCLE('',#9358,1.);
#9358 = AXIS2_PLACEMENT_3D('',#9359,#9360,#9361);
#9359 = CARTESIAN_POINT('',(-95.,55.,0.));
#9360 = DIRECTION('',(0.,0.,-1.));
#9361 = DIRECTION('',(-1.,-0.,-0.));
#9362 = FACE_BOUND('',#9363,.T.);
#9363 = EDGE_LOOP('',(#9364,#9365,#9366,#9367,#9368,#9369));
#9364 = ORIENTED_EDGE('',*,*,#8995,.T.);
#9365 = ORIENTED_EDGE('',*,*,#8964,.T.);
#9366 = ORIENTED_EDGE('',*,*,#9012,.T.);
#9367 = ORIENTED_EDGE('',*,*,#9110,.T.);
#9368 = ORIENTED_EDGE('',*,*,#9134,.T.);
#9369 = ORIENTED_EDGE('',*,*,#9093,.T.);
#9370 = PLANE('',#9371);
#9371 = AXIS2_PLACEMENT_3D('',#9372,#9373,#9374);
#9372 = CARTESIAN_POINT('',(-103.4456568923,50.832004615996,0.));
#9373 = DIRECTION('',(0.,0.,1.));
#9374 = DIRECTION('',(1.,0.,0.));
#9375 = ADVANCED_FACE('',(#9376),#9397,.F.);
#9376 = FACE_BOUND('',#9377,.T.);
#9377 = EDGE_LOOP('',(#9378,#9379,#9380,#9388,#9395,#9396));
#9378 = ORIENTED_EDGE('',*,*,#8685,.F.);
#9379 = ORIENTED_EDGE('',*,*,#8605,.F.);
#9380 = ORIENTED_EDGE('',*,*,#9381,.T.);
#9381 = EDGE_CURVE('',#8587,#9382,#9384,.T.);
#9382 = VERTEX_POINT('',#9383);
#9383 = CARTESIAN_POINT('',(-117.7,34.5,-10.));
#9384 = LINE('',#9385,#9386);
#9385 = CARTESIAN_POINT('',(-117.7,32.,-10.));
#9386 = VECTOR('',#9387,1.);
#9387 = DIRECTION('',(0.,1.,-2.2E-16));
#9388 = ORIENTED_EDGE('',*,*,#9389,.T.);
#9389 = EDGE_CURVE('',#9382,#9382,#9390,.T.);
#9390 = CIRCLE('',#9391,1.7);
#9391 = AXIS2_PLACEMENT_3D('',#9392,#9393,#9394);
#9392 = CARTESIAN_POINT('',(-116.,34.5,-10.));
#9393 = DIRECTION('',(0.,1.,-2.2E-16));
#9394 = DIRECTION('',(-1.,0.,-0.));
#9395 = ORIENTED_EDGE('',*,*,#9381,.F.);
#9396 = ORIENTED_EDGE('',*,*,#8586,.F.);
#9397 = CYLINDRICAL_SURFACE('',#9398,1.7);
#9398 = AXIS2_PLACEMENT_3D('',#9399,#9400,#9401);
#9399 = CARTESIAN_POINT('',(-116.,32.,-10.));
#9400 = DIRECTION('',(0.,-1.,2.2E-16));
#9401 = DIRECTION('',(-1.,0.,0.));
#9402 = ADVANCED_FACE('',(#9403,#9454),#9465,.T.);
#9403 = FACE_BOUND('',#9404,.F.);
#9404 = EDGE_LOOP('',(#9405,#9406,#9407,#9416,#9424,#9433,#9441));
#9405 = ORIENTED_EDGE('',*,*,#8764,.T.);
#9406 = ORIENTED_EDGE('',*,*,#8669,.T.);
#9407 = ORIENTED_EDGE('',*,*,#9408,.F.);
#9408 = EDGE_CURVE('',#9409,#8662,#9411,.T.);
#9409 = VERTEX_POINT('',#9410);
#9410 = CARTESIAN_POINT('',(-95.,33.,-20.));
#9411 = CIRCLE('',#9412,1.);
#9412 = AXIS2_PLACEMENT_3D('',#9413,#9414,#9415);
#9413 = CARTESIAN_POINT('',(-96.,33.,-20.));
#9414 = DIRECTION('',(0.,0.,-1.));
#9415 = DIRECTION('',(0.,-1.,0.));
#9416 = ORIENTED_EDGE('',*,*,#9417,.F.);
#9417 = EDGE_CURVE('',#9418,#9409,#9420,.T.);
#9418 = VERTEX_POINT('',#9419);
#9419 = CARTESIAN_POINT('',(-95.,54.,-20.));
#9420 = LINE('',#9421,#9422);
#9421 = CARTESIAN_POINT('',(-95.,54.,-20.));
#9422 = VECTOR('',#9423,1.);
#9423 = DIRECTION('',(-0.,-1.,-0.));
#9424 = ORIENTED_EDGE('',*,*,#9425,.T.);
#9425 = EDGE_CURVE('',#9418,#9426,#9428,.T.);
#9426 = VERTEX_POINT('',#9427);
#9427 = CARTESIAN_POINT('',(-94.,55.,-20.));
#9428 = CIRCLE('',#9429,1.);
#9429 = AXIS2_PLACEMENT_3D('',#9430,#9431,#9432);
#9430 = CARTESIAN_POINT('',(-95.,55.,-20.));
#9431 = DIRECTION('',(0.,0.,-1.));
#9432 = DIRECTION('',(-1.,-0.,-0.));
#9433 = ORIENTED_EDGE('',*,*,#9434,.F.);
#9434 = EDGE_CURVE('',#9435,#9426,#9437,.T.);
#9435 = VERTEX_POINT('',#9436);
#9436 = CARTESIAN_POINT('',(-76.,55.,-20.));
#9437 = LINE('',#9438,#9439);
#9438 = CARTESIAN_POINT('',(-75.,55.,-20.));
#9439 = VECTOR('',#9440,1.);
#9440 = DIRECTION('',(-1.,2.E-17,0.));
#9441 = ORIENTED_EDGE('',*,*,#9442,.F.);
#9442 = EDGE_CURVE('',#8750,#9435,#9443,.T.);
#9443 = B_SPLINE_CURVE_WITH_KNOTS('',9,(#9444,#9445,#9446,#9447,#9448,
    #9449,#9450,#9451,#9452,#9453),.UNSPECIFIED.,.F.,.F.,(10,10),(0.,1.)
  ,.PIECEWISE_BEZIER_KNOTS.);
#9444 = CARTESIAN_POINT('',(-75.,54.,-20.));
#9445 = CARTESIAN_POINT('',(-75.,54.175415945012,-20.));
#9446 = CARTESIAN_POINT('',(-75.03063901439,54.350833805769,-20.));
#9447 = CARTESIAN_POINT('',(-75.09499356314,54.520124078745,-20.));
#9448 = CARTESIAN_POINT('',(-75.19389440266,54.675079084138,-20.));
#9449 = CARTESIAN_POINT('',(-75.32492091586,54.806105597339,-20.));
#9450 = CARTESIAN_POINT('',(-75.47987592125,54.905006436855,-20.));
#9451 = CARTESIAN_POINT('',(-75.64916619423,54.969360985604,-20.));
#9452 = CARTESIAN_POINT('',(-75.82458405498,55.,-20.));
#9453 = CARTESIAN_POINT('',(-76.,55.,-20.));
#9454 = FACE_BOUND('',#9455,.F.);
#9455 = EDGE_LOOP('',(#9456));
#9456 = ORIENTED_EDGE('',*,*,#9457,.F.);
#9457 = EDGE_CURVE('',#9458,#9458,#9460,.T.);
#9458 = VERTEX_POINT('',#9459);
#9459 = CARTESIAN_POINT('',(-83.4,42.,-20.));
#9460 = CIRCLE('',#9461,1.6);
#9461 = AXIS2_PLACEMENT_3D('',#9462,#9463,#9464);
#9462 = CARTESIAN_POINT('',(-85.,42.,-20.));
#9463 = DIRECTION('',(0.,0.,-1.));
#9464 = DIRECTION('',(1.,0.,0.));
#9465 = PLANE('',#9466);
#9466 = AXIS2_PLACEMENT_3D('',#9467,#9468,#9469);
#9467 = CARTESIAN_POINT('',(-90.40429519204,52.188408740076,-20.));
#9468 = DIRECTION('',(0.,0.,1.));
#9469 = DIRECTION('',(1.,0.,0.));
#9470 = ADVANCED_FACE('',(#9471),#9482,.T.);
#9471 = FACE_BOUND('',#9472,.F.);
#9472 = EDGE_LOOP('',(#9473,#9474,#9475,#9476));
#9473 = ORIENTED_EDGE('',*,*,#9408,.T.);
#9474 = ORIENTED_EDGE('',*,*,#8661,.T.);
#9475 = ORIENTED_EDGE('',*,*,#9312,.F.);
#9476 = ORIENTED_EDGE('',*,*,#9477,.F.);
#9477 = EDGE_CURVE('',#9409,#9305,#9478,.T.);
#9478 = LINE('',#9479,#9480);
#9479 = CARTESIAN_POINT('',(-95.,33.,-20.));
#9480 = VECTOR('',#9481,1.);
#9481 = DIRECTION('',(0.,0.,1.));
#9482 = CYLINDRICAL_SURFACE('',#9483,1.);
#9483 = AXIS2_PLACEMENT_3D('',#9484,#9485,#9486);
#9484 = CARTESIAN_POINT('',(-96.,33.,-20.));
#9485 = DIRECTION('',(0.,0.,1.));
#9486 = DIRECTION('',(1.,0.,0.));
#9487 = ADVANCED_FACE('',(#9488),#9499,.T.);
#9488 = FACE_BOUND('',#9489,.T.);
#9489 = EDGE_LOOP('',(#9490,#9491,#9492,#9493));
#9490 = ORIENTED_EDGE('',*,*,#9256,.T.);
#9491 = ORIENTED_EDGE('',*,*,#8727,.T.);
#9492 = ORIENTED_EDGE('',*,*,#9322,.F.);
#9493 = ORIENTED_EDGE('',*,*,#9494,.F.);
#9494 = EDGE_CURVE('',#9247,#9323,#9495,.T.);
#9495 = LINE('',#9496,#9497);
#9496 = CARTESIAN_POINT('',(-75.,73.534960803125,-20.));
#9497 = VECTOR('',#9498,1.);
#9498 = DIRECTION('',(0.,0.,1.));
#9499 = CYLINDRICAL_SURFACE('',#9500,1.);
#9500 = AXIS2_PLACEMENT_3D('',#9501,#9502,#9503);
#9501 = CARTESIAN_POINT('',(-76.,73.534960803125,-20.));
#9502 = DIRECTION('',(0.,0.,1.));
#9503 = DIRECTION('',(1.,0.,0.));
#9504 = ADVANCED_FACE('',(#9505),#9521,.F.);
#9505 = FACE_BOUND('',#9506,.F.);
#9506 = EDGE_LOOP('',(#9507,#9517,#9518,#9519,#9520));
#9507 = ORIENTED_EDGE('',*,*,#9508,.T.);
#9508 = EDGE_CURVE('',#9435,#9249,#9509,.T.);
#9509 = ( BOUNDED_CURVE() B_SPLINE_CURVE(6,(#9510,#9511,#9512,#9513,
#9514,#9515,#9516),.UNSPECIFIED.,.F.,.F.) B_SPLINE_CURVE_WITH_KNOTS((7,7
),(0.,1.570796326795),.PIECEWISE_BEZIER_KNOTS.) CURVE() 
GEOMETRIC_REPRESENTATION_ITEM() RATIONAL_B_SPLINE_CURVE((1.031393471788,
    1.010025407661,0.997924642725,0.993958444137,0.997924642725,
1.010025407661,1.031393471788)) REPRESENTATION_ITEM('') );
#9510 = CARTESIAN_POINT('',(-76.,55.,-20.));
#9511 = CARTESIAN_POINT('',(-75.73266321684,55.,-20.));
#9512 = CARTESIAN_POINT('',(-75.47229142741,55.085004350634,-20.));
#9513 = CARTESIAN_POINT('',(-75.24808048679,55.248080486798,-20.));
#9514 = CARTESIAN_POINT('',(-75.08500435063,55.472291427418,-20.));
#9515 = CARTESIAN_POINT('',(-75.,55.732663216847,-20.));
#9516 = CARTESIAN_POINT('',(-75.,56.,-20.));
#9517 = ORIENTED_EDGE('',*,*,#9267,.T.);
#9518 = ORIENTED_EDGE('',*,*,#8822,.T.);
#9519 = ORIENTED_EDGE('',*,*,#8749,.T.);
#9520 = ORIENTED_EDGE('',*,*,#9442,.T.);
#9521 = B_SPLINE_SURFACE_WITH_KNOTS('',8,8,(
    (#9522,#9523,#9524,#9525,#9526,#9527,#9528,#9529,#9530)
    ,(#9531,#9532,#9533,#9534,#9535,#9536,#9537,#9538,#9539)
    ,(#9540,#9541,#9542,#9543,#9544,#9545,#9546,#9547,#9548)
    ,(#9549,#9550,#9551,#9552,#9553,#9554,#9555,#9556,#9557)
    ,(#9558,#9559,#9560,#9561,#9562,#9563,#9564,#9565,#9566)
    ,(#9567,#9568,#9569,#9570,#9571,#9572,#9573,#9574,#9575)
    ,(#9576,#9577,#9578,#9579,#9580,#9581,#9582,#9583,#9584)
    ,(#9585,#9586,#9587,#9588,#9589,#9590,#9591,#9592,#9593)
    ,(#9594,#9595,#9596,#9597,#9598,#9599,#9600,#9601,#9602
  )),.UNSPECIFIED.,.F.,.F.,.F.,(9,9),(9,9),(-0.87553751363,
    0.860801405738),(-0.635952122369,0.76464092419),
  .PIECEWISE_BEZIER_KNOTS.);
#9522 = CARTESIAN_POINT('',(-73.85397557391,55.033577670132,
    -19.96225823053));
#9523 = CARTESIAN_POINT('',(-73.99676007811,55.111699745559,
    -19.84465926156));
#9524 = CARTESIAN_POINT('',(-74.19595650951,55.314346891372,
    -19.8633759486));
#9525 = CARTESIAN_POINT('',(-74.03336928371,55.463625619913,
    -19.8573388754));
#9526 = CARTESIAN_POINT('',(-74.78900114175,55.956698189137,
    -20.15303716305));
#9527 = CARTESIAN_POINT('',(-73.38632933882,55.418394994419,
    -20.04491959318));
#9528 = CARTESIAN_POINT('',(-74.63917590376,55.868354613577,
    -20.06369667869));
#9529 = CARTESIAN_POINT('',(-74.98606419235,56.121669665397,
    -20.05303004923));
#9530 = CARTESIAN_POINT('',(-74.9923194111,56.188079554845,
    -20.01200945342));
#9531 = CARTESIAN_POINT('',(-74.13912800972,54.858586081591,
    -20.17570398215));
#9532 = CARTESIAN_POINT('',(-74.2584780576,54.873543713422,
    -19.97491398597));
#9533 = CARTESIAN_POINT('',(-74.49671276054,55.064763155969,
    -19.91990478911));
#9534 = CARTESIAN_POINT('',(-74.01761406143,55.143021691373,
    -19.79633086237));
#9535 = CARTESIAN_POINT('',(-75.55059831594,55.957278178705,
    -20.20762161724));
#9536 = CARTESIAN_POINT('',(-73.14546444695,55.072838132692,
    -19.95966229873));
#9537 = CARTESIAN_POINT('',(-74.82248326071,55.642756949476,
    -19.98623137544));
#9538 = CARTESIAN_POINT('',(-75.12854009898,55.928428839283,
    -19.98049815987));
#9539 = CARTESIAN_POINT('',(-74.99160094064,55.95197832533,
    -19.97077817579));
#9540 = CARTESIAN_POINT('',(-74.63095449169,54.669117686354,
    -20.48619759016));
#9541 = CARTESIAN_POINT('',(-74.85696376474,54.51632856596,
    -20.19638706477));
#9542 = CARTESIAN_POINT('',(-75.81635461938,54.916021048082,
    -19.92181783364));
#9543 = CARTESIAN_POINT('',(-72.30592072146,55.265355170601,
    -21.57903737822));
#9544 = CARTESIAN_POINT('',(-79.18525986391,56.023094521528,
    -17.9769921642));
#9545 = CARTESIAN_POINT('',(-70.64879680529,54.882732642618,
    -21.26565673114));
#9546 = CARTESIAN_POINT('',(-75.48441908364,54.737500240145,
    -19.576094609));
#9547 = CARTESIAN_POINT('',(-75.61814628556,56.024494861317,
    -19.97328652653));
#9548 = CARTESIAN_POINT('',(-75.09764605728,55.865393545451,
    -19.98813401593));
#9549 = CARTESIAN_POINT('',(-73.60009919022,55.446912910752,
    -20.62084990179));
#9550 = CARTESIAN_POINT('',(-73.02675591808,55.358593026526,
    -20.04036294389));
#9551 = CARTESIAN_POINT('',(-70.19563039048,52.766940564456,
    -19.15490417845));
#9552 = CARTESIAN_POINT('',(-79.18365089138,53.620555236805,
    -12.59191015943));
#9553 = CARTESIAN_POINT('',(-68.6243091094,56.452389048621,
    -29.60722862264));
#9554 = CARTESIAN_POINT('',(-79.60087490743,53.945756973449,
    -14.23364840797));
#9555 = CARTESIAN_POINT('',(-79.13635776589,60.038925461774,
    -21.58762945161));
#9556 = CARTESIAN_POINT('',(-73.84883820452,55.009799472057,
    -20.07283899705));
#9557 = CARTESIAN_POINT('',(-73.8665251048,54.988957744341,
    -20.07120818514));
#9558 = CARTESIAN_POINT('',(-75.99384592755,56.196099578532,
    -22.5772803742));
#9559 = CARTESIAN_POINT('',(-76.51395245034,56.812391295505,
    -22.85651334631));
#9560 = CARTESIAN_POINT('',(-80.26076373042,60.940174868764,
    -23.78309850321));
#9561 = CARTESIAN_POINT('',(-72.47947795391,51.147814792013,
    -29.37510306084));
#9562 = CARTESIAN_POINT('',(-76.04117919192,57.820250593291,
    -6.066634379269));
#9563 = CARTESIAN_POINT('',(-76.18199294301,54.5390654498,
    -28.50926081035));
#9564 = CARTESIAN_POINT('',(-68.95251959829,49.77839279308,
    -17.64472544316));
#9565 = CARTESIAN_POINT('',(-76.10760625985,56.132858482921,
    -19.94484419014));
#9566 = CARTESIAN_POINT('',(-75.47407758976,55.507411576937,
    -20.00316573937));
#9567 = CARTESIAN_POINT('',(-75.59008617274,53.562947158971,
    -20.69361508588));
#9568 = CARTESIAN_POINT('',(-75.59980178244,52.945239924321,
    -20.14765948699));
#9569 = CARTESIAN_POINT('',(-73.39787956097,49.947302455642,
    -19.3673243976));
#9570 = CARTESIAN_POINT('',(-72.80648952245,60.099820129222,
    -12.7522139128));
#9571 = CARTESIAN_POINT('',(-77.236167502,47.132272455807,-29.2805591785
    ));
#9572 = CARTESIAN_POINT('',(-73.27177334188,61.160081559625,
    -14.44277496131));
#9573 = CARTESIAN_POINT('',(-80.26444399225,58.156146618854,
    -21.52967675264));
#9574 = CARTESIAN_POINT('',(-74.9933442195,53.876714757337,
    -20.07002593637));
#9575 = CARTESIAN_POINT('',(-74.96679626808,53.886873261062,
    -20.07014013827));
#9576 = CARTESIAN_POINT('',(-74.66896731525,54.64490334164,
    -20.51168960185));
#9577 = CARTESIAN_POINT('',(-74.47376011287,54.876809532642,
    -20.1966649111));
#9578 = CARTESIAN_POINT('',(-74.71940905131,55.840030709174,
    -19.86389681001));
#9579 = CARTESIAN_POINT('',(-75.39911994128,52.10231203829,
    -21.46357916802));
#9580 = CARTESIAN_POINT('',(-75.89316737407,59.559335222966,
    -18.15565124578));
#9581 = CARTESIAN_POINT('',(-74.96726014917,50.253012338579,
    -21.14964546389));
#9582 = CARTESIAN_POINT('',(-74.77545313127,55.948678129003,
    -19.61185967449));
#9583 = CARTESIAN_POINT('',(-76.00344793022,55.572650627516,
    -19.97748559032));
#9584 = CARTESIAN_POINT('',(-75.83718890503,55.058722880384,
    -19.99248789393));
#9585 = CARTESIAN_POINT('',(-74.86751644506,54.149879617448,
    -20.20100332417));
#9586 = CARTESIAN_POINT('',(-74.87809985135,54.265262690603,
    -19.99391279731));
#9587 = CARTESIAN_POINT('',(-75.0212861681,54.526132871861,
    -19.90482531629));
#9588 = CARTESIAN_POINT('',(-75.17061586169,53.983086699123,
    -19.82199552115));
#9589 = CARTESIAN_POINT('',(-75.92319140528,55.633076102834,
    -20.18709765689));
#9590 = CARTESIAN_POINT('',(-75.08076540015,53.130403850261,
    -19.96896705357));
#9591 = CARTESIAN_POINT('',(-75.6316523937,54.849979490992,
    -19.98181140815));
#9592 = CARTESIAN_POINT('',(-75.92280913266,55.140625534076,
    -19.97999617495));
#9593 = CARTESIAN_POINT('',(-75.93976603329,54.987792289396,
    -19.97212046727));
#9594 = CARTESIAN_POINT('',(-75.0144912123,53.876867675986,
    -19.97233659162));
#9595 = CARTESIAN_POINT('',(-75.09714076107,54.013661004641,
    -19.85434331088));
#9596 = CARTESIAN_POINT('',(-75.28524350551,54.222262241037,
    -19.85996875109));
#9597 = CARTESIAN_POINT('',(-75.45298316543,54.026681427697,
    -19.85994751281));
#9598 = CARTESIAN_POINT('',(-75.94246247843,54.847917324507,
    -20.14828234388));
#9599 = CARTESIAN_POINT('',(-75.39824552232,53.368973654055,
    -20.04107178954));
#9600 = CARTESIAN_POINT('',(-75.85006659762,54.653455010607,
    -20.0568463499));
#9601 = CARTESIAN_POINT('',(-76.10733092732,54.996208519577,
    -20.04735611761));
#9602 = CARTESIAN_POINT('',(-76.17128904042,54.992778482313,
    -20.0091606449));
#9603 = ADVANCED_FACE('',(#9604),#9660,.T.);
#9604 = FACE_BOUND('',#9605,.F.);
#9605 = EDGE_LOOP('',(#9606,#9612,#9613,#9621,#9629,#9637,#9645,#9653,
    #9659));
#9606 = ORIENTED_EDGE('',*,*,#9607,.F.);
#9607 = EDGE_CURVE('',#8861,#8871,#9608,.T.);
#9608 = LINE('',#9609,#9610);
#9609 = CARTESIAN_POINT('',(-86.6,40.70168378274,-23.));
#9610 = VECTOR('',#9611,1.);
#9611 = DIRECTION('',(3.4E-16,1.,0.));
#9612 = ORIENTED_EDGE('',*,*,#8860,.T.);
#9613 = ORIENTED_EDGE('',*,*,#9614,.T.);
#9614 = EDGE_CURVE('',#8863,#9615,#9617,.T.);
#9615 = VERTEX_POINT('',#9616);
#9616 = CARTESIAN_POINT('',(-86.6,40.4,-22.8));
#9617 = LINE('',#9618,#9619);
#9618 = CARTESIAN_POINT('',(-86.6,39.40336756548,-22.8));
#9619 = VECTOR('',#9620,1.);
#9620 = DIRECTION('',(3.4E-16,1.,0.));
#9621 = ORIENTED_EDGE('',*,*,#9622,.T.);
#9622 = EDGE_CURVE('',#9615,#9623,#9625,.T.);
#9623 = VERTEX_POINT('',#9624);
#9624 = CARTESIAN_POINT('',(-86.6,40.4,-22.6));
#9625 = LINE('',#9626,#9627);
#9626 = CARTESIAN_POINT('',(-86.6,40.4,-25.));
#9627 = VECTOR('',#9628,1.);
#9628 = DIRECTION('',(0.,0.,1.));
#9629 = ORIENTED_EDGE('',*,*,#9630,.T.);
#9630 = EDGE_CURVE('',#9623,#9631,#9633,.T.);
#9631 = VERTEX_POINT('',#9632);
#9632 = CARTESIAN_POINT('',(-86.6,42.,-22.6));
#9633 = LINE('',#9634,#9635);
#9634 = CARTESIAN_POINT('',(-86.6,40.4,-22.6));
#9635 = VECTOR('',#9636,1.);
#9636 = DIRECTION('',(-0.,1.,0.));
#9637 = ORIENTED_EDGE('',*,*,#9638,.T.);
#9638 = EDGE_CURVE('',#9631,#9639,#9641,.T.);
#9639 = VERTEX_POINT('',#9640);
#9640 = CARTESIAN_POINT('',(-86.6,43.6,-22.6));
#9641 = LINE('',#9642,#9643);
#9642 = CARTESIAN_POINT('',(-86.6,40.4,-22.6));
#9643 = VECTOR('',#9644,1.);
#9644 = DIRECTION('',(-0.,1.,0.));
#9645 = ORIENTED_EDGE('',*,*,#9646,.F.);
#9646 = EDGE_CURVE('',#9647,#9639,#9649,.T.);
#9647 = VERTEX_POINT('',#9648);
#9648 = CARTESIAN_POINT('',(-86.6,43.6,-22.8));
#9649 = LINE('',#9650,#9651);
#9650 = CARTESIAN_POINT('',(-86.6,43.6,-25.));
#9651 = VECTOR('',#9652,1.);
#9652 = DIRECTION('',(0.,0.,1.));
#9653 = ORIENTED_EDGE('',*,*,#9654,.T.);
#9654 = EDGE_CURVE('',#9647,#8880,#9655,.T.);
#9655 = LINE('',#9656,#9657);
#9656 = CARTESIAN_POINT('',(-86.6,39.40336756548,-22.8));
#9657 = VECTOR('',#9658,1.);
#9658 = DIRECTION('',(3.4E-16,1.,0.));
#9659 = ORIENTED_EDGE('',*,*,#8879,.F.);
#9660 = PLANE('',#9661);
#9661 = AXIS2_PLACEMENT_3D('',#9662,#9663,#9664);
#9662 = CARTESIAN_POINT('',(-86.6,42.,-22.83563687605));
#9663 = DIRECTION('',(1.,-3.7E-16,2.13E-15));
#9664 = DIRECTION('',(-2.13E-15,0.,1.));
#9665 = ADVANCED_FACE('',(#9666),#9670,.T.);
#9666 = FACE_BOUND('',#9667,.F.);
#9667 = EDGE_LOOP('',(#9668,#9669));
#9668 = ORIENTED_EDGE('',*,*,#9607,.T.);
#9669 = ORIENTED_EDGE('',*,*,#8870,.T.);
#9670 = PLANE('',#9671);
#9671 = AXIS2_PLACEMENT_3D('',#9672,#9673,#9674);
#9672 = CARTESIAN_POINT('',(-85.,42.,-23.));
#9673 = DIRECTION('',(-0.,-0.,-1.));
#9674 = DIRECTION('',(-1.,0.,0.));
#9675 = ADVANCED_FACE('',(#9676),#9694,.F.);
#9676 = FACE_BOUND('',#9677,.T.);
#9677 = EDGE_LOOP('',(#9678,#9686,#9692,#9693));
#9678 = ORIENTED_EDGE('',*,*,#9679,.F.);
#9679 = EDGE_CURVE('',#9680,#8888,#9682,.T.);
#9680 = VERTEX_POINT('',#9681);
#9681 = CARTESIAN_POINT('',(-83.4,43.6,-22.8));
#9682 = LINE('',#9683,#9684);
#9683 = CARTESIAN_POINT('',(-83.4,39.40336756548,-22.8));
#9684 = VECTOR('',#9685,1.);
#9685 = DIRECTION('',(-0.,1.,0.));
#9686 = ORIENTED_EDGE('',*,*,#9687,.T.);
#9687 = EDGE_CURVE('',#9680,#9647,#9688,.T.);
#9688 = LINE('',#9689,#9690);
#9689 = CARTESIAN_POINT('',(-76.63333333333,43.6,-22.8));
#9690 = VECTOR('',#9691,1.);
#9691 = DIRECTION('',(-1.,-0.,-0.));
#9692 = ORIENTED_EDGE('',*,*,#9654,.T.);
#9693 = ORIENTED_EDGE('',*,*,#8887,.F.);
#9694 = PLANE('',#9695);
#9695 = AXIS2_PLACEMENT_3D('',#9696,#9697,#9698);
#9696 = CARTESIAN_POINT('',(-66.66666666667,57.333333333327,-22.8));
#9697 = DIRECTION('',(0.,0.,1.));
#9698 = DIRECTION('',(1.,0.,0.));
#9699 = ADVANCED_FACE('',(#9700),#9749,.T.);
#9700 = FACE_BOUND('',#9701,.F.);
#9701 = EDGE_LOOP('',(#9702,#9703,#9711,#9719,#9727,#9735,#9741,#9742,
    #9748));
#9702 = ORIENTED_EDGE('',*,*,#9679,.F.);
#9703 = ORIENTED_EDGE('',*,*,#9704,.T.);
#9704 = EDGE_CURVE('',#9680,#9705,#9707,.T.);
#9705 = VERTEX_POINT('',#9706);
#9706 = CARTESIAN_POINT('',(-83.4,43.6,-22.6));
#9707 = LINE('',#9708,#9709);
#9708 = CARTESIAN_POINT('',(-83.4,43.6,-25.));
#9709 = VECTOR('',#9710,1.);
#9710 = DIRECTION('',(0.,0.,1.));
#9711 = ORIENTED_EDGE('',*,*,#9712,.T.);
#9712 = EDGE_CURVE('',#9705,#9713,#9715,.T.);
#9713 = VERTEX_POINT('',#9714);
#9714 = CARTESIAN_POINT('',(-83.4,42.,-22.6));
#9715 = LINE('',#9716,#9717);
#9716 = CARTESIAN_POINT('',(-83.4,43.6,-22.6));
#9717 = VECTOR('',#9718,1.);
#9718 = DIRECTION('',(0.,-1.,0.));
#9719 = ORIENTED_EDGE('',*,*,#9720,.T.);
#9720 = EDGE_CURVE('',#9713,#9721,#9723,.T.);
#9721 = VERTEX_POINT('',#9722);
#9722 = CARTESIAN_POINT('',(-83.4,40.4,-22.6));
#9723 = LINE('',#9724,#9725);
#9724 = CARTESIAN_POINT('',(-83.4,43.6,-22.6));
#9725 = VECTOR('',#9726,1.);
#9726 = DIRECTION('',(0.,-1.,0.));
#9727 = ORIENTED_EDGE('',*,*,#9728,.F.);
#9728 = EDGE_CURVE('',#9729,#9721,#9731,.T.);
#9729 = VERTEX_POINT('',#9730);
#9730 = CARTESIAN_POINT('',(-83.4,40.4,-22.8));
#9731 = LINE('',#9732,#9733);
#9732 = CARTESIAN_POINT('',(-83.4,40.4,-25.));
#9733 = VECTOR('',#9734,1.);
#9734 = DIRECTION('',(0.,0.,1.));
#9735 = ORIENTED_EDGE('',*,*,#9736,.F.);
#9736 = EDGE_CURVE('',#8934,#9729,#9737,.T.);
#9737 = LINE('',#9738,#9739);
#9738 = CARTESIAN_POINT('',(-83.4,39.40336756548,-22.8));
#9739 = VECTOR('',#9740,1.);
#9740 = DIRECTION('',(-0.,1.,0.));
#9741 = ORIENTED_EDGE('',*,*,#8933,.F.);
#9742 = ORIENTED_EDGE('',*,*,#9743,.T.);
#9743 = EDGE_CURVE('',#8925,#8897,#9744,.T.);
#9744 = LINE('',#9745,#9746);
#9745 = CARTESIAN_POINT('',(-83.4,40.70168378274,-23.));
#9746 = VECTOR('',#9747,1.);
#9747 = DIRECTION('',(0.,1.,0.));
#9748 = ORIENTED_EDGE('',*,*,#8896,.T.);
#9749 = PLANE('',#9750);
#9750 = AXIS2_PLACEMENT_3D('',#9751,#9752,#9753);
#9751 = CARTESIAN_POINT('',(-83.4,42.,-22.83563687605));
#9752 = DIRECTION('',(-1.,-0.,-0.));
#9753 = DIRECTION('',(0.,0.,-1.));
#9754 = ADVANCED_FACE('',(#9755),#9760,.T.);
#9755 = FACE_BOUND('',#9756,.F.);
#9756 = EDGE_LOOP('',(#9757,#9758,#9759));
#9757 = ORIENTED_EDGE('',*,*,#8924,.T.);
#9758 = ORIENTED_EDGE('',*,*,#8904,.T.);
#9759 = ORIENTED_EDGE('',*,*,#9743,.F.);
#9760 = PLANE('',#9761);
#9761 = AXIS2_PLACEMENT_3D('',#9762,#9763,#9764);
#9762 = CARTESIAN_POINT('',(-85.,42.,-23.));
#9763 = DIRECTION('',(-0.,-0.,-1.));
#9764 = DIRECTION('',(-1.,0.,0.));
#9765 = ADVANCED_FACE('',(#9766),#9777,.F.);
#9766 = FACE_BOUND('',#9767,.T.);
#9767 = EDGE_LOOP('',(#9768,#9769,#9770,#9776));
#9768 = ORIENTED_EDGE('',*,*,#8941,.F.);
#9769 = ORIENTED_EDGE('',*,*,#9614,.T.);
#9770 = ORIENTED_EDGE('',*,*,#9771,.T.);
#9771 = EDGE_CURVE('',#9615,#9729,#9772,.T.);
#9772 = LINE('',#9773,#9774);
#9773 = CARTESIAN_POINT('',(-75.03333333333,40.4,-22.8));
#9774 = VECTOR('',#9775,1.);
#9775 = DIRECTION('',(1.,0.,0.));
#9776 = ORIENTED_EDGE('',*,*,#9736,.F.);
#9777 = PLANE('',#9778);
#9778 = AXIS2_PLACEMENT_3D('',#9779,#9780,#9781);
#9779 = CARTESIAN_POINT('',(-66.66666666667,57.333333333327,-22.8));
#9780 = DIRECTION('',(0.,0.,1.));
#9781 = DIRECTION('',(1.,0.,0.));
#9782 = ADVANCED_FACE('',(#9783),#9808,.F.);
#9783 = FACE_BOUND('',#9784,.T.);
#9784 = EDGE_LOOP('',(#9785,#9793,#9801,#9807));
#9785 = ORIENTED_EDGE('',*,*,#9786,.T.);
#9786 = EDGE_CURVE('',#9030,#9787,#9789,.T.);
#9787 = VERTEX_POINT('',#9788);
#9788 = CARTESIAN_POINT('',(-116.,34.5,-6.766838492538));
#9789 = LINE('',#9790,#9791);
#9790 = CARTESIAN_POINT('',(-116.,37.5,-6.766838492538));
#9791 = VECTOR('',#9792,1.);
#9792 = DIRECTION('',(-0.,-1.,2.2E-16));
#9793 = ORIENTED_EDGE('',*,*,#9794,.T.);
#9794 = EDGE_CURVE('',#9787,#9795,#9797,.T.);
#9795 = VERTEX_POINT('',#9796);
#9796 = CARTESIAN_POINT('',(-118.8,34.5,-8.383419246269));
#9797 = LINE('',#9798,#9799);
#9798 = CARTESIAN_POINT('',(-116.,34.5,-6.766838492538));
#9799 = VECTOR('',#9800,1.);
#9800 = DIRECTION('',(-0.866025403784,0.,-0.5));
#9801 = ORIENTED_EDGE('',*,*,#9802,.F.);
#9802 = EDGE_CURVE('',#9032,#9795,#9803,.T.);
#9803 = LINE('',#9804,#9805);
#9804 = CARTESIAN_POINT('',(-118.8,37.5,-8.383419246269));
#9805 = VECTOR('',#9806,1.);
#9806 = DIRECTION('',(-0.,-1.,2.2E-16));
#9807 = ORIENTED_EDGE('',*,*,#9029,.F.);
#9808 = PLANE('',#9809);
#9809 = AXIS2_PLACEMENT_3D('',#9810,#9811,#9812);
#9810 = CARTESIAN_POINT('',(-116.,37.5,-6.766838492538));
#9811 = DIRECTION('',(-0.5,1.9E-16,0.866025403784));
#9812 = DIRECTION('',(0.866025403784,1.1E-16,0.5));
#9813 = ADVANCED_FACE('',(#9814),#9832,.F.);
#9814 = FACE_BOUND('',#9815,.T.);
#9815 = EDGE_LOOP('',(#9816,#9817,#9825,#9831));
#9816 = ORIENTED_EDGE('',*,*,#9802,.T.);
#9817 = ORIENTED_EDGE('',*,*,#9818,.T.);
#9818 = EDGE_CURVE('',#9795,#9819,#9821,.T.);
#9819 = VERTEX_POINT('',#9820);
#9820 = CARTESIAN_POINT('',(-118.8,34.5,-11.61658075373));
#9821 = LINE('',#9822,#9823);
#9822 = CARTESIAN_POINT('',(-118.8,34.5,-8.383419246269));
#9823 = VECTOR('',#9824,1.);
#9824 = DIRECTION('',(0.,-0.,-1.));
#9825 = ORIENTED_EDGE('',*,*,#9826,.F.);
#9826 = EDGE_CURVE('',#9064,#9819,#9827,.T.);
#9827 = LINE('',#9828,#9829);
#9828 = CARTESIAN_POINT('',(-118.8,37.5,-11.61658075373));
#9829 = VECTOR('',#9830,1.);
#9830 = DIRECTION('',(-0.,-1.,2.2E-16));
#9831 = ORIENTED_EDGE('',*,*,#9071,.F.);
#9832 = PLANE('',#9833);
#9833 = AXIS2_PLACEMENT_3D('',#9834,#9835,#9836);
#9834 = CARTESIAN_POINT('',(-118.8,37.5,-8.383419246269));
#9835 = DIRECTION('',(-1.,-0.,-0.));
#9836 = DIRECTION('',(-0.,2.2E-16,1.));
#9837 = ADVANCED_FACE('',(#9838),#9856,.F.);
#9838 = FACE_BOUND('',#9839,.T.);
#9839 = EDGE_LOOP('',(#9840,#9841,#9849,#9855));
#9840 = ORIENTED_EDGE('',*,*,#9826,.T.);
#9841 = ORIENTED_EDGE('',*,*,#9842,.T.);
#9842 = EDGE_CURVE('',#9819,#9843,#9845,.T.);
#9843 = VERTEX_POINT('',#9844);
#9844 = CARTESIAN_POINT('',(-116.,34.5,-13.23316150746));
#9845 = LINE('',#9846,#9847);
#9846 = CARTESIAN_POINT('',(-118.8,34.5,-11.61658075373));
#9847 = VECTOR('',#9848,1.);
#9848 = DIRECTION('',(0.866025403784,-0.,-0.5));
#9849 = ORIENTED_EDGE('',*,*,#9850,.F.);
#9850 = EDGE_CURVE('',#9056,#9843,#9851,.T.);
#9851 = LINE('',#9852,#9853);
#9852 = CARTESIAN_POINT('',(-116.,37.5,-13.23316150746));
#9853 = VECTOR('',#9854,1.);
#9854 = DIRECTION('',(-0.,-1.,2.2E-16));
#9855 = ORIENTED_EDGE('',*,*,#9063,.F.);
#9856 = PLANE('',#9857);
#9857 = AXIS2_PLACEMENT_3D('',#9858,#9859,#9860);
#9858 = CARTESIAN_POINT('',(-118.8,37.5,-11.61658075373));
#9859 = DIRECTION('',(-0.5,-1.9E-16,-0.866025403784));
#9860 = DIRECTION('',(-0.866025403784,1.1E-16,0.5));
#9861 = ADVANCED_FACE('',(#9862),#9880,.F.);
#9862 = FACE_BOUND('',#9863,.T.);
#9863 = EDGE_LOOP('',(#9864,#9865,#9873,#9879));
#9864 = ORIENTED_EDGE('',*,*,#9850,.T.);
#9865 = ORIENTED_EDGE('',*,*,#9866,.T.);
#9866 = EDGE_CURVE('',#9843,#9867,#9869,.T.);
#9867 = VERTEX_POINT('',#9868);
#9868 = CARTESIAN_POINT('',(-113.2,34.5,-11.61658075373));
#9869 = LINE('',#9870,#9871);
#9870 = CARTESIAN_POINT('',(-116.,34.5,-13.23316150746));
#9871 = VECTOR('',#9872,1.);
#9872 = DIRECTION('',(0.866025403784,0.,0.5));
#9873 = ORIENTED_EDGE('',*,*,#9874,.F.);
#9874 = EDGE_CURVE('',#9048,#9867,#9875,.T.);
#9875 = LINE('',#9876,#9877);
#9876 = CARTESIAN_POINT('',(-113.2,37.5,-11.61658075373));
#9877 = VECTOR('',#9878,1.);
#9878 = DIRECTION('',(-0.,-1.,2.2E-16));
#9879 = ORIENTED_EDGE('',*,*,#9055,.F.);
#9880 = PLANE('',#9881);
#9881 = AXIS2_PLACEMENT_3D('',#9882,#9883,#9884);
#9882 = CARTESIAN_POINT('',(-116.,37.5,-13.23316150746));
#9883 = DIRECTION('',(0.5,-1.9E-16,-0.866025403784));
#9884 = DIRECTION('',(-0.866025403784,-1.1E-16,-0.5));
#9885 = ADVANCED_FACE('',(#9886),#9904,.F.);
#9886 = FACE_BOUND('',#9887,.T.);
#9887 = EDGE_LOOP('',(#9888,#9889,#9897,#9903));
#9888 = ORIENTED_EDGE('',*,*,#9874,.T.);
#9889 = ORIENTED_EDGE('',*,*,#9890,.T.);
#9890 = EDGE_CURVE('',#9867,#9891,#9893,.T.);
#9891 = VERTEX_POINT('',#9892);
#9892 = CARTESIAN_POINT('',(-113.2,34.5,-8.383419246269));
#9893 = LINE('',#9894,#9895);
#9894 = CARTESIAN_POINT('',(-113.2,34.5,-11.61658075373));
#9895 = VECTOR('',#9896,1.);
#9896 = DIRECTION('',(0.,0.,1.));
#9897 = ORIENTED_EDGE('',*,*,#9898,.F.);
#9898 = EDGE_CURVE('',#9040,#9891,#9899,.T.);
#9899 = LINE('',#9900,#9901);
#9900 = CARTESIAN_POINT('',(-113.2,37.5,-8.383419246269));
#9901 = VECTOR('',#9902,1.);
#9902 = DIRECTION('',(-0.,-1.,2.2E-16));
#9903 = ORIENTED_EDGE('',*,*,#9047,.F.);
#9904 = PLANE('',#9905);
#9905 = AXIS2_PLACEMENT_3D('',#9906,#9907,#9908);
#9906 = CARTESIAN_POINT('',(-113.2,37.5,-11.61658075373));
#9907 = DIRECTION('',(1.,-0.,-0.));
#9908 = DIRECTION('',(-0.,-2.2E-16,-1.));
#9909 = ADVANCED_FACE('',(#9910),#9921,.F.);
#9910 = FACE_BOUND('',#9911,.T.);
#9911 = EDGE_LOOP('',(#9912,#9913,#9919,#9920));
#9912 = ORIENTED_EDGE('',*,*,#9898,.T.);
#9913 = ORIENTED_EDGE('',*,*,#9914,.T.);
#9914 = EDGE_CURVE('',#9891,#9787,#9915,.T.);
#9915 = LINE('',#9916,#9917);
#9916 = CARTESIAN_POINT('',(-113.2,34.5,-8.383419246269));
#9917 = VECTOR('',#9918,1.);
#9918 = DIRECTION('',(-0.866025403784,0.,0.5));
#9919 = ORIENTED_EDGE('',*,*,#9786,.F.);
#9920 = ORIENTED_EDGE('',*,*,#9039,.F.);
#9921 = PLANE('',#9922);
#9922 = AXIS2_PLACEMENT_3D('',#9923,#9924,#9925);
#9923 = CARTESIAN_POINT('',(-113.2,37.5,-8.383419246269));
#9924 = DIRECTION('',(0.5,1.9E-16,0.866025403784));
#9925 = DIRECTION('',(0.866025403784,-1.1E-16,-0.5));
#9926 = ADVANCED_FACE('',(#9927),#9983,.T.);
#9927 = FACE_BOUND('',#9928,.F.);
#9928 = EDGE_LOOP('',(#9929,#9935,#9936,#9944,#9952,#9960,#9968,#9976,
    #9982));
#9929 = ORIENTED_EDGE('',*,*,#9930,.F.);
#9930 = EDGE_CURVE('',#9151,#9161,#9931,.T.);
#9931 = LINE('',#9932,#9933);
#9932 = CARTESIAN_POINT('',(-51.59999999998,63.70168378275,-23.));
#9933 = VECTOR('',#9934,1.);
#9934 = DIRECTION('',(1.226318E-11,1.,0.));
#9935 = ORIENTED_EDGE('',*,*,#9150,.T.);
#9936 = ORIENTED_EDGE('',*,*,#9937,.T.);
#9937 = EDGE_CURVE('',#9153,#9938,#9940,.T.);
#9938 = VERTEX_POINT('',#9939);
#9939 = CARTESIAN_POINT('',(-51.59999999999,63.4,-22.8));
#9940 = LINE('',#9941,#9942);
#9941 = CARTESIAN_POINT('',(-51.6,62.40336756548,-22.8));
#9942 = VECTOR('',#9943,1.);
#9943 = DIRECTION('',(1.226318E-11,1.,0.));
#9944 = ORIENTED_EDGE('',*,*,#9945,.T.);
#9945 = EDGE_CURVE('',#9938,#9946,#9948,.T.);
#9946 = VERTEX_POINT('',#9947);
#9947 = CARTESIAN_POINT('',(-51.6,63.4,-22.6));
#9948 = LINE('',#9949,#9950);
#9949 = CARTESIAN_POINT('',(-51.6,63.4,-25.));
#9950 = VECTOR('',#9951,1.);
#9951 = DIRECTION('',(0.,0.,1.));
#9952 = ORIENTED_EDGE('',*,*,#9953,.T.);
#9953 = EDGE_CURVE('',#9946,#9954,#9956,.T.);
#9954 = VERTEX_POINT('',#9955);
#9955 = CARTESIAN_POINT('',(-51.6,65.,-22.6));
#9956 = LINE('',#9957,#9958);
#9957 = CARTESIAN_POINT('',(-51.6,63.4,-22.6));
#9958 = VECTOR('',#9959,1.);
#9959 = DIRECTION('',(-0.,1.,0.));
#9960 = ORIENTED_EDGE('',*,*,#9961,.T.);
#9961 = EDGE_CURVE('',#9954,#9962,#9964,.T.);
#9962 = VERTEX_POINT('',#9963);
#9963 = CARTESIAN_POINT('',(-51.6,66.6,-22.6));
#9964 = LINE('',#9965,#9966);
#9965 = CARTESIAN_POINT('',(-51.6,63.4,-22.6));
#9966 = VECTOR('',#9967,1.);
#9967 = DIRECTION('',(-0.,1.,0.));
#9968 = ORIENTED_EDGE('',*,*,#9969,.F.);
#9969 = EDGE_CURVE('',#9970,#9962,#9972,.T.);
#9970 = VERTEX_POINT('',#9971);
#9971 = CARTESIAN_POINT('',(-51.59999999997,66.6,-22.8));
#9972 = LINE('',#9973,#9974);
#9973 = CARTESIAN_POINT('',(-51.6,66.6,-25.));
#9974 = VECTOR('',#9975,1.);
#9975 = DIRECTION('',(0.,0.,1.));
#9976 = ORIENTED_EDGE('',*,*,#9977,.T.);
#9977 = EDGE_CURVE('',#9970,#9170,#9978,.T.);
#9978 = LINE('',#9979,#9980);
#9979 = CARTESIAN_POINT('',(-51.6,62.40336756548,-22.8));
#9980 = VECTOR('',#9981,1.);
#9981 = DIRECTION('',(1.226318E-11,1.,0.));
#9982 = ORIENTED_EDGE('',*,*,#9169,.F.);
#9983 = PLANE('',#9984);
#9984 = AXIS2_PLACEMENT_3D('',#9985,#9986,#9987);
#9985 = CARTESIAN_POINT('',(-51.59999999997,65.000000000012,
    -22.83563687605));
#9986 = DIRECTION('',(1.,-1.044588E-11,7.629519E-11));
#9987 = DIRECTION('',(-7.629519E-11,0.,1.));
#9988 = ADVANCED_FACE('',(#9989),#9993,.T.);
#9989 = FACE_BOUND('',#9990,.F.);
#9990 = EDGE_LOOP('',(#9991,#9992));
#9991 = ORIENTED_EDGE('',*,*,#9930,.T.);
#9992 = ORIENTED_EDGE('',*,*,#9160,.T.);
#9993 = PLANE('',#9994);
#9994 = AXIS2_PLACEMENT_3D('',#9995,#9996,#9997);
#9995 = CARTESIAN_POINT('',(-50.,65.,-23.));
#9996 = DIRECTION('',(-0.,-0.,-1.));
#9997 = DIRECTION('',(-1.,0.,0.));
#9998 = ADVANCED_FACE('',(#9999),#10017,.F.);
#9999 = FACE_BOUND('',#10000,.T.);
#10000 = EDGE_LOOP('',(#10001,#10009,#10015,#10016));
#10001 = ORIENTED_EDGE('',*,*,#10002,.F.);
#10002 = EDGE_CURVE('',#10003,#9178,#10005,.T.);
#10003 = VERTEX_POINT('',#10004);
#10004 = CARTESIAN_POINT('',(-48.39999999997,66.6,-22.8));
#10005 = LINE('',#10006,#10007);
#10006 = CARTESIAN_POINT('',(-48.4,62.40336756548,-22.8));
#10007 = VECTOR('',#10008,1.);
#10008 = DIRECTION('',(1.412872E-11,1.,0.));
#10009 = ORIENTED_EDGE('',*,*,#10010,.T.);
#10010 = EDGE_CURVE('',#10003,#9970,#10011,.T.);
#10011 = LINE('',#10012,#10013);
#10012 = CARTESIAN_POINT('',(-59.13333333333,66.6,-22.8));
#10013 = VECTOR('',#10014,1.);
#10014 = DIRECTION('',(-1.,-0.,-0.));
#10015 = ORIENTED_EDGE('',*,*,#9977,.T.);
#10016 = ORIENTED_EDGE('',*,*,#9177,.F.);
#10017 = PLANE('',#10018);
#10018 = AXIS2_PLACEMENT_3D('',#10019,#10020,#10021);
#10019 = CARTESIAN_POINT('',(-66.66666666667,57.333333333327,-22.8));
#10020 = DIRECTION('',(0.,0.,1.));
#10021 = DIRECTION('',(1.,0.,0.));
#10022 = ADVANCED_FACE('',(#10023),#10072,.T.);
#10023 = FACE_BOUND('',#10024,.F.);
#10024 = EDGE_LOOP('',(#10025,#10026,#10034,#10042,#10050,#10058,#10064,
    #10065,#10071));
#10025 = ORIENTED_EDGE('',*,*,#10002,.F.);
#10026 = ORIENTED_EDGE('',*,*,#10027,.T.);
#10027 = EDGE_CURVE('',#10003,#10028,#10030,.T.);
#10028 = VERTEX_POINT('',#10029);
#10029 = CARTESIAN_POINT('',(-48.4,66.6,-22.6));
#10030 = LINE('',#10031,#10032);
#10031 = CARTESIAN_POINT('',(-48.4,66.6,-25.));
#10032 = VECTOR('',#10033,1.);
#10033 = DIRECTION('',(0.,0.,1.));
#10034 = ORIENTED_EDGE('',*,*,#10035,.T.);
#10035 = EDGE_CURVE('',#10028,#10036,#10038,.T.);
#10036 = VERTEX_POINT('',#10037);
#10037 = CARTESIAN_POINT('',(-48.4,65.,-22.6));
#10038 = LINE('',#10039,#10040);
#10039 = CARTESIAN_POINT('',(-48.4,66.6,-22.6));
#10040 = VECTOR('',#10041,1.);
#10041 = DIRECTION('',(0.,-1.,0.));
#10042 = ORIENTED_EDGE('',*,*,#10043,.T.);
#10043 = EDGE_CURVE('',#10036,#10044,#10046,.T.);
#10044 = VERTEX_POINT('',#10045);
#10045 = CARTESIAN_POINT('',(-48.4,63.4,-22.6));
#10046 = LINE('',#10047,#10048);
#10047 = CARTESIAN_POINT('',(-48.4,66.6,-22.6));
#10048 = VECTOR('',#10049,1.);
#10049 = DIRECTION('',(0.,-1.,0.));
#10050 = ORIENTED_EDGE('',*,*,#10051,.F.);
#10051 = EDGE_CURVE('',#10052,#10044,#10054,.T.);
#10052 = VERTEX_POINT('',#10053);
#10053 = CARTESIAN_POINT('',(-48.39999999999,63.4,-22.8));
#10054 = LINE('',#10055,#10056);
#10055 = CARTESIAN_POINT('',(-48.4,63.4,-25.));
#10056 = VECTOR('',#10057,1.);
#10057 = DIRECTION('',(0.,0.,1.));
#10058 = ORIENTED_EDGE('',*,*,#10059,.F.);
#10059 = EDGE_CURVE('',#9224,#10052,#10060,.T.);
#10060 = LINE('',#10061,#10062);
#10061 = CARTESIAN_POINT('',(-48.4,62.40336756548,-22.8));
#10062 = VECTOR('',#10063,1.);
#10063 = DIRECTION('',(1.412872E-11,1.,0.));
#10064 = ORIENTED_EDGE('',*,*,#9223,.F.);
#10065 = ORIENTED_EDGE('',*,*,#10066,.T.);
#10066 = EDGE_CURVE('',#9215,#9187,#10067,.T.);
#10067 = LINE('',#10068,#10069);
#10068 = CARTESIAN_POINT('',(-48.39999999998,63.701683782729,-23.));
#10069 = VECTOR('',#10070,1.);
#10070 = DIRECTION('',(1.412872E-11,1.,0.));
#10071 = ORIENTED_EDGE('',*,*,#9186,.T.);
#10072 = PLANE('',#10073);
#10073 = AXIS2_PLACEMENT_3D('',#10074,#10075,#10076);
#10074 = CARTESIAN_POINT('',(-48.39999999997,64.999999999948,
    -22.83563687605));
#10075 = DIRECTION('',(-1.,1.203513E-11,-8.789663E-11));
#10076 = DIRECTION('',(8.789663E-11,0.,-1.));
#10077 = ADVANCED_FACE('',(#10078),#10083,.T.);
#10078 = FACE_BOUND('',#10079,.F.);
#10079 = EDGE_LOOP('',(#10080,#10081,#10082));
#10080 = ORIENTED_EDGE('',*,*,#9214,.T.);
#10081 = ORIENTED_EDGE('',*,*,#9194,.T.);
#10082 = ORIENTED_EDGE('',*,*,#10066,.F.);
#10083 = PLANE('',#10084);
#10084 = AXIS2_PLACEMENT_3D('',#10085,#10086,#10087);
#10085 = CARTESIAN_POINT('',(-50.,65.,-23.));
#10086 = DIRECTION('',(-0.,-0.,-1.));
#10087 = DIRECTION('',(-1.,0.,0.));
#10088 = ADVANCED_FACE('',(#10089),#10100,.F.);
#10089 = FACE_BOUND('',#10090,.T.);
#10090 = EDGE_LOOP('',(#10091,#10092,#10093,#10099));
#10091 = ORIENTED_EDGE('',*,*,#9231,.F.);
#10092 = ORIENTED_EDGE('',*,*,#9937,.T.);
#10093 = ORIENTED_EDGE('',*,*,#10094,.T.);
#10094 = EDGE_CURVE('',#9938,#10052,#10095,.T.);
#10095 = LINE('',#10096,#10097);
#10096 = CARTESIAN_POINT('',(-57.53333333333,63.4,-22.8));
#10097 = VECTOR('',#10098,1.);
#10098 = DIRECTION('',(1.,0.,0.));
#10099 = ORIENTED_EDGE('',*,*,#10059,.F.);
#10100 = PLANE('',#10101);
#10101 = AXIS2_PLACEMENT_3D('',#10102,#10103,#10104);
#10102 = CARTESIAN_POINT('',(-66.66666666667,57.333333333327,-22.8));
#10103 = DIRECTION('',(0.,0.,1.));
#10104 = DIRECTION('',(1.,0.,0.));
#10105 = ADVANCED_FACE('',(#10106),#10117,.F.);
#10106 = FACE_BOUND('',#10107,.T.);
#10107 = EDGE_LOOP('',(#10108,#10109,#10110,#10111));
#10108 = ORIENTED_EDGE('',*,*,#9246,.F.);
#10109 = ORIENTED_EDGE('',*,*,#9494,.T.);
#10110 = ORIENTED_EDGE('',*,*,#9331,.T.);
#10111 = ORIENTED_EDGE('',*,*,#10112,.F.);
#10112 = EDGE_CURVE('',#9249,#9332,#10113,.T.);
#10113 = LINE('',#10114,#10115);
#10114 = CARTESIAN_POINT('',(-75.,56.,-20.));
#10115 = VECTOR('',#10116,1.);
#10116 = DIRECTION('',(0.,0.,1.));
#10117 = PLANE('',#10118);
#10118 = AXIS2_PLACEMENT_3D('',#10119,#10120,#10121);
#10119 = CARTESIAN_POINT('',(-75.,75.,-20.));
#10120 = DIRECTION('',(-1.,-0.,-0.));
#10121 = DIRECTION('',(0.,1.,0.));
#10122 = ADVANCED_FACE('',(#10123),#10165,.F.);
#10123 = FACE_BOUND('',#10124,.F.);
#10124 = EDGE_LOOP('',(#10125,#10134,#10140,#10141,#10142,#10151,#10158)
  );
#10125 = ORIENTED_EDGE('',*,*,#10126,.F.);
#10126 = EDGE_CURVE('',#10036,#10127,#10129,.T.);
#10127 = VERTEX_POINT('',#10128);
#10128 = CARTESIAN_POINT('',(-50.,63.4,-22.6));
#10129 = CIRCLE('',#10130,1.6);
#10130 = AXIS2_PLACEMENT_3D('',#10131,#10132,#10133);
#10131 = CARTESIAN_POINT('',(-50.,65.,-22.6));
#10132 = DIRECTION('',(0.,0.,-1.));
#10133 = DIRECTION('',(1.,0.,0.));
#10134 = ORIENTED_EDGE('',*,*,#10135,.T.);
#10135 = EDGE_CURVE('',#10036,#9283,#10136,.T.);
#10136 = LINE('',#10137,#10138);
#10137 = CARTESIAN_POINT('',(-48.4,65.,-23.));
#10138 = VECTOR('',#10139,1.);
#10139 = DIRECTION('',(-6.E-17,0.,1.));
#10140 = ORIENTED_EDGE('',*,*,#9282,.T.);
#10141 = ORIENTED_EDGE('',*,*,#10135,.F.);
#10142 = ORIENTED_EDGE('',*,*,#10143,.F.);
#10143 = EDGE_CURVE('',#10144,#10036,#10146,.T.);
#10144 = VERTEX_POINT('',#10145);
#10145 = CARTESIAN_POINT('',(-50.,66.6,-22.6));
#10146 = CIRCLE('',#10147,1.6);
#10147 = AXIS2_PLACEMENT_3D('',#10148,#10149,#10150);
#10148 = CARTESIAN_POINT('',(-50.,65.,-22.6));
#10149 = DIRECTION('',(0.,0.,-1.));
#10150 = DIRECTION('',(1.,0.,0.));
#10151 = ORIENTED_EDGE('',*,*,#10152,.F.);
#10152 = EDGE_CURVE('',#9954,#10144,#10153,.T.);
#10153 = CIRCLE('',#10154,1.6);
#10154 = AXIS2_PLACEMENT_3D('',#10155,#10156,#10157);
#10155 = CARTESIAN_POINT('',(-50.,65.,-22.6));
#10156 = DIRECTION('',(0.,0.,-1.));
#10157 = DIRECTION('',(1.,0.,0.));
#10158 = ORIENTED_EDGE('',*,*,#10159,.F.);
#10159 = EDGE_CURVE('',#10127,#9954,#10160,.T.);
#10160 = CIRCLE('',#10161,1.6);
#10161 = AXIS2_PLACEMENT_3D('',#10162,#10163,#10164);
#10162 = CARTESIAN_POINT('',(-50.,65.,-22.6));
#10163 = DIRECTION('',(0.,0.,-1.));
#10164 = DIRECTION('',(1.,0.,0.));
#10165 = CYLINDRICAL_SURFACE('',#10166,1.6);
#10166 = AXIS2_PLACEMENT_3D('',#10167,#10168,#10169);
#10167 = CARTESIAN_POINT('',(-50.,65.,-23.));
#10168 = DIRECTION('',(0.,0.,1.));
#10169 = DIRECTION('',(1.,0.,0.));
#10170 = ADVANCED_FACE('',(#10171),#10182,.F.);
#10171 = FACE_BOUND('',#10172,.T.);
#10172 = EDGE_LOOP('',(#10173,#10174,#10180,#10181));
#10173 = ORIENTED_EDGE('',*,*,#9417,.F.);
#10174 = ORIENTED_EDGE('',*,*,#10175,.T.);
#10175 = EDGE_CURVE('',#9418,#9303,#10176,.T.);
#10176 = LINE('',#10177,#10178);
#10177 = CARTESIAN_POINT('',(-95.,54.,-20.));
#10178 = VECTOR('',#10179,1.);
#10179 = DIRECTION('',(0.,0.,1.));
#10180 = ORIENTED_EDGE('',*,*,#9302,.T.);
#10181 = ORIENTED_EDGE('',*,*,#9477,.F.);
#10182 = PLANE('',#10183);
#10183 = AXIS2_PLACEMENT_3D('',#10184,#10185,#10186);
#10184 = CARTESIAN_POINT('',(-95.,54.,-20.));
#10185 = DIRECTION('',(-1.,-0.,-0.));
#10186 = DIRECTION('',(0.,1.,0.));
#10187 = ADVANCED_FACE('',(#10188),#10199,.F.);
#10188 = FACE_BOUND('',#10189,.F.);
#10189 = EDGE_LOOP('',(#10190,#10191,#10192,#10198));
#10190 = ORIENTED_EDGE('',*,*,#10175,.T.);
#10191 = ORIENTED_EDGE('',*,*,#9356,.T.);
#10192 = ORIENTED_EDGE('',*,*,#10193,.F.);
#10193 = EDGE_CURVE('',#9426,#9349,#10194,.T.);
#10194 = LINE('',#10195,#10196);
#10195 = CARTESIAN_POINT('',(-94.,55.,-20.));
#10196 = VECTOR('',#10197,1.);
#10197 = DIRECTION('',(0.,0.,1.));
#10198 = ORIENTED_EDGE('',*,*,#9425,.F.);
#10199 = CYLINDRICAL_SURFACE('',#10200,1.);
#10200 = AXIS2_PLACEMENT_3D('',#10201,#10202,#10203);
#10201 = CARTESIAN_POINT('',(-95.,55.,-20.));
#10202 = DIRECTION('',(0.,0.,-1.));
#10203 = DIRECTION('',(-1.,0.,0.));
#10204 = ADVANCED_FACE('',(#10205),#10216,.F.);
#10205 = FACE_BOUND('',#10206,.T.);
#10206 = EDGE_LOOP('',(#10207,#10208,#10214,#10215));
#10207 = ORIENTED_EDGE('',*,*,#9434,.F.);
#10208 = ORIENTED_EDGE('',*,*,#10209,.T.);
#10209 = EDGE_CURVE('',#9435,#9340,#10210,.T.);
#10210 = LINE('',#10211,#10212);
#10211 = CARTESIAN_POINT('',(-76.,55.,-20.));
#10212 = VECTOR('',#10213,1.);
#10213 = DIRECTION('',(0.,0.,1.));
#10214 = ORIENTED_EDGE('',*,*,#9348,.T.);
#10215 = ORIENTED_EDGE('',*,*,#10193,.F.);
#10216 = PLANE('',#10217);
#10217 = AXIS2_PLACEMENT_3D('',#10218,#10219,#10220);
#10218 = CARTESIAN_POINT('',(-75.,55.,-20.));
#10219 = DIRECTION('',(2.E-17,1.,0.));
#10220 = DIRECTION('',(1.,-2.E-17,0.));
#10221 = ADVANCED_FACE('',(#10222),#10228,.T.);
#10222 = FACE_BOUND('',#10223,.T.);
#10223 = EDGE_LOOP('',(#10224,#10225,#10226,#10227));
#10224 = ORIENTED_EDGE('',*,*,#9508,.T.);
#10225 = ORIENTED_EDGE('',*,*,#10112,.T.);
#10226 = ORIENTED_EDGE('',*,*,#9339,.F.);
#10227 = ORIENTED_EDGE('',*,*,#10209,.F.);
#10228 = CYLINDRICAL_SURFACE('',#10229,1.);
#10229 = AXIS2_PLACEMENT_3D('',#10230,#10231,#10232);
#10230 = CARTESIAN_POINT('',(-76.,56.,-20.));
#10231 = DIRECTION('',(0.,0.,1.));
#10232 = DIRECTION('',(-2.E-17,-1.,-0.));
#10233 = ADVANCED_FACE('',(#10234,#10242),#10245,.T.);
#10234 = FACE_BOUND('',#10235,.F.);
#10235 = EDGE_LOOP('',(#10236,#10237,#10238,#10239,#10240,#10241));
#10236 = ORIENTED_EDGE('',*,*,#9794,.T.);
#10237 = ORIENTED_EDGE('',*,*,#9818,.T.);
#10238 = ORIENTED_EDGE('',*,*,#9842,.T.);
#10239 = ORIENTED_EDGE('',*,*,#9866,.T.);
#10240 = ORIENTED_EDGE('',*,*,#9890,.T.);
#10241 = ORIENTED_EDGE('',*,*,#9914,.T.);
#10242 = FACE_BOUND('',#10243,.F.);
#10243 = EDGE_LOOP('',(#10244));
#10244 = ORIENTED_EDGE('',*,*,#9389,.T.);
#10245 = PLANE('',#10246);
#10246 = AXIS2_PLACEMENT_3D('',#10247,#10248,#10249);
#10247 = CARTESIAN_POINT('',(-116.,34.5,-10.));
#10248 = DIRECTION('',(0.,1.,0.));
#10249 = DIRECTION('',(-0.,-0.,-1.));
#10250 = ADVANCED_FACE('',(#10251),#10293,.F.);
#10251 = FACE_BOUND('',#10252,.F.);
#10252 = EDGE_LOOP('',(#10253,#10262,#10268,#10269,#10270,#10279,#10286)
  );
#10253 = ORIENTED_EDGE('',*,*,#10254,.F.);
#10254 = EDGE_CURVE('',#9713,#10255,#10257,.T.);
#10255 = VERTEX_POINT('',#10256);
#10256 = CARTESIAN_POINT('',(-85.,40.4,-22.6));
#10257 = CIRCLE('',#10258,1.6);
#10258 = AXIS2_PLACEMENT_3D('',#10259,#10260,#10261);
#10259 = CARTESIAN_POINT('',(-85.,42.,-22.6));
#10260 = DIRECTION('',(0.,0.,-1.));
#10261 = DIRECTION('',(1.,0.,0.));
#10262 = ORIENTED_EDGE('',*,*,#10263,.T.);
#10263 = EDGE_CURVE('',#9713,#9458,#10264,.T.);
#10264 = LINE('',#10265,#10266);
#10265 = CARTESIAN_POINT('',(-83.4,42.,-23.));
#10266 = VECTOR('',#10267,1.);
#10267 = DIRECTION('',(-6.E-17,0.,1.));
#10268 = ORIENTED_EDGE('',*,*,#9457,.T.);
#10269 = ORIENTED_EDGE('',*,*,#10263,.F.);
#10270 = ORIENTED_EDGE('',*,*,#10271,.F.);
#10271 = EDGE_CURVE('',#10272,#9713,#10274,.T.);
#10272 = VERTEX_POINT('',#10273);
#10273 = CARTESIAN_POINT('',(-85.,43.6,-22.6));
#10274 = CIRCLE('',#10275,1.6);
#10275 = AXIS2_PLACEMENT_3D('',#10276,#10277,#10278);
#10276 = CARTESIAN_POINT('',(-85.,42.,-22.6));
#10277 = DIRECTION('',(0.,0.,-1.));
#10278 = DIRECTION('',(1.,0.,0.));
#10279 = ORIENTED_EDGE('',*,*,#10280,.F.);
#10280 = EDGE_CURVE('',#9631,#10272,#10281,.T.);
#10281 = CIRCLE('',#10282,1.6);
#10282 = AXIS2_PLACEMENT_3D('',#10283,#10284,#10285);
#10283 = CARTESIAN_POINT('',(-85.,42.,-22.6));
#10284 = DIRECTION('',(0.,0.,-1.));
#10285 = DIRECTION('',(1.,0.,0.));
#10286 = ORIENTED_EDGE('',*,*,#10287,.F.);
#10287 = EDGE_CURVE('',#10255,#9631,#10288,.T.);
#10288 = CIRCLE('',#10289,1.6);
#10289 = AXIS2_PLACEMENT_3D('',#10290,#10291,#10292);
#10290 = CARTESIAN_POINT('',(-85.,42.,-22.6));
#10291 = DIRECTION('',(0.,0.,-1.));
#10292 = DIRECTION('',(1.,0.,0.));
#10293 = CYLINDRICAL_SURFACE('',#10294,1.6);
#10294 = AXIS2_PLACEMENT_3D('',#10295,#10296,#10297);
#10295 = CARTESIAN_POINT('',(-85.,42.,-23.));
#10296 = DIRECTION('',(0.,0.,1.));
#10297 = DIRECTION('',(1.,0.,0.));
#10298 = ADVANCED_FACE('',(#10299),#10316,.T.);
#10299 = FACE_BOUND('',#10300,.F.);
#10300 = EDGE_LOOP('',(#10301,#10302,#10303,#10309,#10315));
#10301 = ORIENTED_EDGE('',*,*,#9771,.T.);
#10302 = ORIENTED_EDGE('',*,*,#9728,.T.);
#10303 = ORIENTED_EDGE('',*,*,#10304,.T.);
#10304 = EDGE_CURVE('',#9721,#10255,#10305,.T.);
#10305 = LINE('',#10306,#10307);
#10306 = CARTESIAN_POINT('',(-83.4,40.4,-22.6));
#10307 = VECTOR('',#10308,1.);
#10308 = DIRECTION('',(-1.,0.,0.));
#10309 = ORIENTED_EDGE('',*,*,#10310,.T.);
#10310 = EDGE_CURVE('',#10255,#9623,#10311,.T.);
#10311 = LINE('',#10312,#10313);
#10312 = CARTESIAN_POINT('',(-83.4,40.4,-22.6));
#10313 = VECTOR('',#10314,1.);
#10314 = DIRECTION('',(-1.,0.,0.));
#10315 = ORIENTED_EDGE('',*,*,#9622,.F.);
#10316 = PLANE('',#10317);
#10317 = AXIS2_PLACEMENT_3D('',#10318,#10319,#10320);
#10318 = CARTESIAN_POINT('',(-85.,40.4,-22.7));
#10319 = DIRECTION('',(0.,1.,0.));
#10320 = DIRECTION('',(-0.,-0.,-1.));
#10321 = ADVANCED_FACE('',(#10322),#10327,.F.);
#10322 = FACE_BOUND('',#10323,.T.);
#10323 = EDGE_LOOP('',(#10324,#10325,#10326));
#10324 = ORIENTED_EDGE('',*,*,#10287,.F.);
#10325 = ORIENTED_EDGE('',*,*,#10310,.T.);
#10326 = ORIENTED_EDGE('',*,*,#9630,.T.);
#10327 = PLANE('',#10328);
#10328 = AXIS2_PLACEMENT_3D('',#10329,#10330,#10331);
#10329 = CARTESIAN_POINT('',(-66.66666666666,57.333333333333,-22.6));
#10330 = DIRECTION('',(0.,0.,1.));
#10331 = DIRECTION('',(1.,0.,0.));
#10332 = ADVANCED_FACE('',(#10333),#10343,.F.);
#10333 = FACE_BOUND('',#10334,.T.);
#10334 = EDGE_LOOP('',(#10335,#10336,#10337));
#10335 = ORIENTED_EDGE('',*,*,#10280,.F.);
#10336 = ORIENTED_EDGE('',*,*,#9638,.T.);
#10337 = ORIENTED_EDGE('',*,*,#10338,.T.);
#10338 = EDGE_CURVE('',#9639,#10272,#10339,.T.);
#10339 = LINE('',#10340,#10341);
#10340 = CARTESIAN_POINT('',(-86.6,43.6,-22.6));
#10341 = VECTOR('',#10342,1.);
#10342 = DIRECTION('',(1.,0.,0.));
#10343 = PLANE('',#10344);
#10344 = AXIS2_PLACEMENT_3D('',#10345,#10346,#10347);
#10345 = CARTESIAN_POINT('',(-66.66666666666,57.333333333333,-22.6));
#10346 = DIRECTION('',(0.,0.,1.));
#10347 = DIRECTION('',(1.,0.,0.));
#10348 = ADVANCED_FACE('',(#10349),#10361,.T.);
#10349 = FACE_BOUND('',#10350,.F.);
#10350 = EDGE_LOOP('',(#10351,#10352,#10353,#10354,#10360));
#10351 = ORIENTED_EDGE('',*,*,#9687,.T.);
#10352 = ORIENTED_EDGE('',*,*,#9646,.T.);
#10353 = ORIENTED_EDGE('',*,*,#10338,.T.);
#10354 = ORIENTED_EDGE('',*,*,#10355,.T.);
#10355 = EDGE_CURVE('',#10272,#9705,#10356,.T.);
#10356 = LINE('',#10357,#10358);
#10357 = CARTESIAN_POINT('',(-86.6,43.6,-22.6));
#10358 = VECTOR('',#10359,1.);
#10359 = DIRECTION('',(1.,0.,0.));
#10360 = ORIENTED_EDGE('',*,*,#9704,.F.);
#10361 = PLANE('',#10362);
#10362 = AXIS2_PLACEMENT_3D('',#10363,#10364,#10365);
#10363 = CARTESIAN_POINT('',(-85.,43.6,-22.7));
#10364 = DIRECTION('',(0.,-1.,0.));
#10365 = DIRECTION('',(0.,0.,1.));
#10366 = ADVANCED_FACE('',(#10367),#10372,.F.);
#10367 = FACE_BOUND('',#10368,.T.);
#10368 = EDGE_LOOP('',(#10369,#10370,#10371));
#10369 = ORIENTED_EDGE('',*,*,#9712,.T.);
#10370 = ORIENTED_EDGE('',*,*,#10271,.F.);
#10371 = ORIENTED_EDGE('',*,*,#10355,.T.);
#10372 = PLANE('',#10373);
#10373 = AXIS2_PLACEMENT_3D('',#10374,#10375,#10376);
#10374 = CARTESIAN_POINT('',(-66.66666666666,57.333333333333,-22.6));
#10375 = DIRECTION('',(0.,0.,1.));
#10376 = DIRECTION('',(1.,0.,0.));
#10377 = ADVANCED_FACE('',(#10378),#10383,.F.);
#10378 = FACE_BOUND('',#10379,.T.);
#10379 = EDGE_LOOP('',(#10380,#10381,#10382));
#10380 = ORIENTED_EDGE('',*,*,#9720,.T.);
#10381 = ORIENTED_EDGE('',*,*,#10304,.T.);
#10382 = ORIENTED_EDGE('',*,*,#10254,.F.);
#10383 = PLANE('',#10384);
#10384 = AXIS2_PLACEMENT_3D('',#10385,#10386,#10387);
#10385 = CARTESIAN_POINT('',(-66.66666666666,57.333333333333,-22.6));
#10386 = DIRECTION('',(0.,0.,1.));
#10387 = DIRECTION('',(1.,0.,0.));
#10388 = ADVANCED_FACE('',(#10389),#10406,.T.);
#10389 = FACE_BOUND('',#10390,.F.);
#10390 = EDGE_LOOP('',(#10391,#10392,#10393,#10399,#10405));
#10391 = ORIENTED_EDGE('',*,*,#10094,.T.);
#10392 = ORIENTED_EDGE('',*,*,#10051,.T.);
#10393 = ORIENTED_EDGE('',*,*,#10394,.T.);
#10394 = EDGE_CURVE('',#10044,#10127,#10395,.T.);
#10395 = LINE('',#10396,#10397);
#10396 = CARTESIAN_POINT('',(-48.4,63.4,-22.6));
#10397 = VECTOR('',#10398,1.);
#10398 = DIRECTION('',(-1.,0.,0.));
#10399 = ORIENTED_EDGE('',*,*,#10400,.T.);
#10400 = EDGE_CURVE('',#10127,#9946,#10401,.T.);
#10401 = LINE('',#10402,#10403);
#10402 = CARTESIAN_POINT('',(-48.4,63.4,-22.6));
#10403 = VECTOR('',#10404,1.);
#10404 = DIRECTION('',(-1.,0.,0.));
#10405 = ORIENTED_EDGE('',*,*,#9945,.F.);
#10406 = PLANE('',#10407);
#10407 = AXIS2_PLACEMENT_3D('',#10408,#10409,#10410);
#10408 = CARTESIAN_POINT('',(-50.,63.4,-22.7));
#10409 = DIRECTION('',(0.,1.,0.));
#10410 = DIRECTION('',(-0.,-0.,-1.));
#10411 = ADVANCED_FACE('',(#10412),#10417,.F.);
#10412 = FACE_BOUND('',#10413,.T.);
#10413 = EDGE_LOOP('',(#10414,#10415,#10416));
#10414 = ORIENTED_EDGE('',*,*,#10159,.F.);
#10415 = ORIENTED_EDGE('',*,*,#10400,.T.);
#10416 = ORIENTED_EDGE('',*,*,#9953,.T.);
#10417 = PLANE('',#10418);
#10418 = AXIS2_PLACEMENT_3D('',#10419,#10420,#10421);
#10419 = CARTESIAN_POINT('',(-66.66666666666,57.333333333333,-22.6));
#10420 = DIRECTION('',(0.,0.,1.));
#10421 = DIRECTION('',(1.,0.,0.));
#10422 = ADVANCED_FACE('',(#10423),#10433,.F.);
#10423 = FACE_BOUND('',#10424,.T.);
#10424 = EDGE_LOOP('',(#10425,#10426,#10427));
#10425 = ORIENTED_EDGE('',*,*,#10152,.F.);
#10426 = ORIENTED_EDGE('',*,*,#9961,.T.);
#10427 = ORIENTED_EDGE('',*,*,#10428,.T.);
#10428 = EDGE_CURVE('',#9962,#10144,#10429,.T.);
#10429 = LINE('',#10430,#10431);
#10430 = CARTESIAN_POINT('',(-51.6,66.6,-22.6));
#10431 = VECTOR('',#10432,1.);
#10432 = DIRECTION('',(1.,0.,0.));
#10433 = PLANE('',#10434);
#10434 = AXIS2_PLACEMENT_3D('',#10435,#10436,#10437);
#10435 = CARTESIAN_POINT('',(-66.66666666666,57.333333333333,-22.6));
#10436 = DIRECTION('',(0.,0.,1.));
#10437 = DIRECTION('',(1.,0.,0.));
#10438 = ADVANCED_FACE('',(#10439),#10451,.T.);
#10439 = FACE_BOUND('',#10440,.F.);
#10440 = EDGE_LOOP('',(#10441,#10442,#10443,#10444,#10450));
#10441 = ORIENTED_EDGE('',*,*,#10010,.T.);
#10442 = ORIENTED_EDGE('',*,*,#9969,.T.);
#10443 = ORIENTED_EDGE('',*,*,#10428,.T.);
#10444 = ORIENTED_EDGE('',*,*,#10445,.T.);
#10445 = EDGE_CURVE('',#10144,#10028,#10446,.T.);
#10446 = LINE('',#10447,#10448);
#10447 = CARTESIAN_POINT('',(-51.6,66.6,-22.6));
#10448 = VECTOR('',#10449,1.);
#10449 = DIRECTION('',(1.,0.,0.));
#10450 = ORIENTED_EDGE('',*,*,#10027,.F.);
#10451 = PLANE('',#10452);
#10452 = AXIS2_PLACEMENT_3D('',#10453,#10454,#10455);
#10453 = CARTESIAN_POINT('',(-50.,66.6,-22.7));
#10454 = DIRECTION('',(0.,-1.,0.));
#10455 = DIRECTION('',(0.,0.,1.));
#10456 = ADVANCED_FACE('',(#10457),#10462,.F.);
#10457 = FACE_BOUND('',#10458,.T.);
#10458 = EDGE_LOOP('',(#10459,#10460,#10461));
#10459 = ORIENTED_EDGE('',*,*,#10035,.T.);
#10460 = ORIENTED_EDGE('',*,*,#10143,.F.);
#10461 = ORIENTED_EDGE('',*,*,#10445,.T.);
#10462 = PLANE('',#10463);
#10463 = AXIS2_PLACEMENT_3D('',#10464,#10465,#10466);
#10464 = CARTESIAN_POINT('',(-66.66666666666,57.333333333333,-22.6));
#10465 = DIRECTION('',(0.,0.,1.));
#10466 = DIRECTION('',(1.,0.,0.));
#10467 = ADVANCED_FACE('',(#10468),#10473,.F.);
#10468 = FACE_BOUND('',#10469,.T.);
#10469 = EDGE_LOOP('',(#10470,#10471,#10472));
#10470 = ORIENTED_EDGE('',*,*,#10043,.T.);
#10471 = ORIENTED_EDGE('',*,*,#10394,.T.);
#10472 = ORIENTED_EDGE('',*,*,#10126,.F.);
#10473 = PLANE('',#10474);
#10474 = AXIS2_PLACEMENT_3D('',#10475,#10476,#10477);
#10475 = CARTESIAN_POINT('',(-66.66666666666,57.333333333333,-22.6));
#10476 = DIRECTION('',(0.,0.,1.));
#10477 = DIRECTION('',(1.,0.,0.));
#10478 = ( GEOMETRIC_REPRESENTATION_CONTEXT(3) 
GLOBAL_UNCERTAINTY_ASSIGNED_CONTEXT((#10482)) 
GLOBAL_UNIT_ASSIGNED_CONTEXT((#10479,#10480,#10481)) 
REPRESENTATION_CONTEXT('Context #1',
  '3D Context with UNIT and UNCERTAINTY') );
#10479 = ( LENGTH_UNIT() NAMED_UNIT(*) SI_UNIT(.MILLI.,.METRE.) );
#10480 = ( NAMED_UNIT(*) PLANE_ANGLE_UNIT() SI_UNIT($,.RADIAN.) );
#10481 = ( NAMED_UNIT(*) SI_UNIT($,.STERADIAN.) SOLID_ANGLE_UNIT() );
#10482 = UNCERTAINTY_MEASURE_WITH_UNIT(LENGTH_MEASURE(5.E-03),#10479,
  'distance_accuracy_value','confusion accuracy');
#10483 = CONTEXT_DEPENDENT_SHAPE_REPRESENTATION(#10484,#10486);
#10484 = ( REPRESENTATION_RELATIONSHIP('','',#7885,#10) 
REPRESENTATION_RELATIONSHIP_WITH_TRANSFORMATION(#10485) 
SHAPE_REPRESENTATION_RELATIONSHIP() );
#10485 = ITEM_DEFINED_TRANSFORMATION('','',#11,#27);
#10486 = PRODUCT_DEFINITION_SHAPE('Placement','Placement of an item',
  #10487);
#10487 = NEXT_ASSEMBLY_USAGE_OCCURRENCE('4','BedCornerRearLeft','',#5,
  #7880,$);
#10488 = PRODUCT_RELATED_PRODUCT_CATEGORY('part',$,(#7882));
#10489 = SHAPE_DEFINITION_REPRESENTATION(#10490,#10496);
#10490 = PRODUCT_DEFINITION_SHAPE('','',#10491);
#10491 = PRODUCT_DEFINITION('design','',#10492,#10495);
#10492 = PRODUCT_DEFINITION_FORMATION('','',#10493);
#10493 = PRODUCT('150beam003','150beam003','',(#10494));
#10494 = PRODUCT_CONTEXT('',#2,'mechanical');
#10495 = PRODUCT_DEFINITION_CONTEXT('part definition',#2,'design');
#10496 = ADVANCED_BREP_SHAPE_REPRESENTATION('',(#11,#10497),#10647);
#10497 = MANIFOLD_SOLID_BREP('',#10498);
#10498 = CLOSED_SHELL('',(#10499,#10539,#10570,#10601,#10623,#10635));
#10499 = ADVANCED_FACE('',(#10500),#10534,.F.);
#10500 = FACE_BOUND('',#10501,.F.);
#10501 = EDGE_LOOP('',(#10502,#10512,#10520,#10528));
#10502 = ORIENTED_EDGE('',*,*,#10503,.T.);
#10503 = EDGE_CURVE('',#10504,#10506,#10508,.T.);
#10504 = VERTEX_POINT('',#10505);
#10505 = CARTESIAN_POINT('',(-75.,-10.,0.));
#10506 = VERTEX_POINT('',#10507);
#10507 = CARTESIAN_POINT('',(-75.,-10.,20.));
#10508 = LINE('',#10509,#10510);
#10509 = CARTESIAN_POINT('',(-75.,-10.,0.));
#10510 = VECTOR('',#10511,1.);
#10511 = DIRECTION('',(0.,0.,1.));
#10512 = ORIENTED_EDGE('',*,*,#10513,.T.);
#10513 = EDGE_CURVE('',#10506,#10514,#10516,.T.);
#10514 = VERTEX_POINT('',#10515);
#10515 = CARTESIAN_POINT('',(75.,-10.,20.));
#10516 = LINE('',#10517,#10518);
#10517 = CARTESIAN_POINT('',(-75.,-10.,20.));
#10518 = VECTOR('',#10519,1.);
#10519 = DIRECTION('',(1.,0.,0.));
#10520 = ORIENTED_EDGE('',*,*,#10521,.F.);
#10521 = EDGE_CURVE('',#10522,#10514,#10524,.T.);
#10522 = VERTEX_POINT('',#10523);
#10523 = CARTESIAN_POINT('',(75.,-10.,0.));
#10524 = LINE('',#10525,#10526);
#10525 = CARTESIAN_POINT('',(75.,-10.,0.));
#10526 = VECTOR('',#10527,1.);
#10527 = DIRECTION('',(0.,0.,1.));
#10528 = ORIENTED_EDGE('',*,*,#10529,.F.);
#10529 = EDGE_CURVE('',#10504,#10522,#10530,.T.);
#10530 = LINE('',#10531,#10532);
#10531 = CARTESIAN_POINT('',(-75.,-10.,0.));
#10532 = VECTOR('',#10533,1.);
#10533 = DIRECTION('',(1.,0.,0.));
#10534 = PLANE('',#10535);
#10535 = AXIS2_PLACEMENT_3D('',#10536,#10537,#10538);
#10536 = CARTESIAN_POINT('',(-75.,-10.,0.));
#10537 = DIRECTION('',(0.,1.,0.));
#10538 = DIRECTION('',(1.,0.,0.));
#10539 = ADVANCED_FACE('',(#10540),#10565,.F.);
#10540 = FACE_BOUND('',#10541,.F.);
#10541 = EDGE_LOOP('',(#10542,#10543,#10551,#10559));
#10542 = ORIENTED_EDGE('',*,*,#10521,.T.);
#10543 = ORIENTED_EDGE('',*,*,#10544,.T.);
#10544 = EDGE_CURVE('',#10514,#10545,#10547,.T.);
#10545 = VERTEX_POINT('',#10546);
#10546 = CARTESIAN_POINT('',(75.,10.,20.));
#10547 = LINE('',#10548,#10549);
#10548 = CARTESIAN_POINT('',(75.,-10.,20.));
#10549 = VECTOR('',#10550,1.);
#10550 = DIRECTION('',(0.,1.,0.));
#10551 = ORIENTED_EDGE('',*,*,#10552,.F.);
#10552 = EDGE_CURVE('',#10553,#10545,#10555,.T.);
#10553 = VERTEX_POINT('',#10554);
#10554 = CARTESIAN_POINT('',(75.,10.,0.));
#10555 = LINE('',#10556,#10557);
#10556 = CARTESIAN_POINT('',(75.,10.,0.));
#10557 = VECTOR('',#10558,1.);
#10558 = DIRECTION('',(0.,0.,1.));
#10559 = ORIENTED_EDGE('',*,*,#10560,.F.);
#10560 = EDGE_CURVE('',#10522,#10553,#10561,.T.);
#10561 = LINE('',#10562,#10563);
#10562 = CARTESIAN_POINT('',(75.,-10.,0.));
#10563 = VECTOR('',#10564,1.);
#10564 = DIRECTION('',(0.,1.,0.));
#10565 = PLANE('',#10566);
#10566 = AXIS2_PLACEMENT_3D('',#10567,#10568,#10569);
#10567 = CARTESIAN_POINT('',(75.,-10.,0.));
#10568 = DIRECTION('',(-1.,0.,0.));
#10569 = DIRECTION('',(0.,1.,0.));
#10570 = ADVANCED_FACE('',(#10571),#10596,.F.);
#10571 = FACE_BOUND('',#10572,.F.);
#10572 = EDGE_LOOP('',(#10573,#10574,#10582,#10590));
#10573 = ORIENTED_EDGE('',*,*,#10552,.T.);
#10574 = ORIENTED_EDGE('',*,*,#10575,.T.);
#10575 = EDGE_CURVE('',#10545,#10576,#10578,.T.);
#10576 = VERTEX_POINT('',#10577);
#10577 = CARTESIAN_POINT('',(-75.,10.,20.));
#10578 = LINE('',#10579,#10580);
#10579 = CARTESIAN_POINT('',(75.,10.,20.));
#10580 = VECTOR('',#10581,1.);
#10581 = DIRECTION('',(-1.,0.,0.));
#10582 = ORIENTED_EDGE('',*,*,#10583,.F.);
#10583 = EDGE_CURVE('',#10584,#10576,#10586,.T.);
#10584 = VERTEX_POINT('',#10585);
#10585 = CARTESIAN_POINT('',(-75.,10.,0.));
#10586 = LINE('',#10587,#10588);
#10587 = CARTESIAN_POINT('',(-75.,10.,0.));
#10588 = VECTOR('',#10589,1.);
#10589 = DIRECTION('',(0.,0.,1.));
#10590 = ORIENTED_EDGE('',*,*,#10591,.F.);
#10591 = EDGE_CURVE('',#10553,#10584,#10592,.T.);
#10592 = LINE('',#10593,#10594);
#10593 = CARTESIAN_POINT('',(75.,10.,0.));
#10594 = VECTOR('',#10595,1.);
#10595 = DIRECTION('',(-1.,0.,0.));
#10596 = PLANE('',#10597);
#10597 = AXIS2_PLACEMENT_3D('',#10598,#10599,#10600);
#10598 = CARTESIAN_POINT('',(75.,10.,0.));
#10599 = DIRECTION('',(0.,-1.,0.));
#10600 = DIRECTION('',(-1.,0.,0.));
#10601 = ADVANCED_FACE('',(#10602),#10618,.F.);
#10602 = FACE_BOUND('',#10603,.F.);
#10603 = EDGE_LOOP('',(#10604,#10605,#10611,#10612));
#10604 = ORIENTED_EDGE('',*,*,#10583,.T.);
#10605 = ORIENTED_EDGE('',*,*,#10606,.T.);
#10606 = EDGE_CURVE('',#10576,#10506,#10607,.T.);
#10607 = LINE('',#10608,#10609);
#10608 = CARTESIAN_POINT('',(-75.,10.,20.));
#10609 = VECTOR('',#10610,1.);
#10610 = DIRECTION('',(0.,-1.,0.));
#10611 = ORIENTED_EDGE('',*,*,#10503,.F.);
#10612 = ORIENTED_EDGE('',*,*,#10613,.F.);
#10613 = EDGE_CURVE('',#10584,#10504,#10614,.T.);
#10614 = LINE('',#10615,#10616);
#10615 = CARTESIAN_POINT('',(-75.,10.,0.));
#10616 = VECTOR('',#10617,1.);
#10617 = DIRECTION('',(0.,-1.,0.));
#10618 = PLANE('',#10619);
#10619 = AXIS2_PLACEMENT_3D('',#10620,#10621,#10622);
#10620 = CARTESIAN_POINT('',(-75.,10.,0.));
#10621 = DIRECTION('',(1.,0.,0.));
#10622 = DIRECTION('',(0.,-1.,0.));
#10623 = ADVANCED_FACE('',(#10624),#10630,.F.);
#10624 = FACE_BOUND('',#10625,.F.);
#10625 = EDGE_LOOP('',(#10626,#10627,#10628,#10629));
#10626 = ORIENTED_EDGE('',*,*,#10529,.T.);
#10627 = ORIENTED_EDGE('',*,*,#10560,.T.);
#10628 = ORIENTED_EDGE('',*,*,#10591,.T.);
#10629 = ORIENTED_EDGE('',*,*,#10613,.T.);
#10630 = PLANE('',#10631);
#10631 = AXIS2_PLACEMENT_3D('',#10632,#10633,#10634);
#10632 = CARTESIAN_POINT('',(0.,0.,0.));
#10633 = DIRECTION('',(0.,0.,1.));
#10634 = DIRECTION('',(1.,0.,0.));
#10635 = ADVANCED_FACE('',(#10636),#10642,.T.);
#10636 = FACE_BOUND('',#10637,.T.);
#10637 = EDGE_LOOP('',(#10638,#10639,#10640,#10641));
#10638 = ORIENTED_EDGE('',*,*,#10513,.T.);
#10639 = ORIENTED_EDGE('',*,*,#10544,.T.);
#10640 = ORIENTED_EDGE('',*,*,#10575,.T.);
#10641 = ORIENTED_EDGE('',*,*,#10606,.T.);
#10642 = PLANE('',#10643);
#10643 = AXIS2_PLACEMENT_3D('',#10644,#10645,#10646);
#10644 = CARTESIAN_POINT('',(0.,0.,20.));
#10645 = DIRECTION('',(0.,0.,1.));
#10646 = DIRECTION('',(1.,0.,0.));
#10647 = ( GEOMETRIC_REPRESENTATION_CONTEXT(3) 
GLOBAL_UNCERTAINTY_ASSIGNED_CONTEXT((#10651)) 
GLOBAL_UNIT_ASSIGNED_CONTEXT((#10648,#10649,#10650)) 
REPRESENTATION_CONTEXT('Context #1',
  '3D Context with UNIT and UNCERTAINTY') );
#10648 = ( LENGTH_UNIT() NAMED_UNIT(*) SI_UNIT(.MILLI.,.METRE.) );
#10649 = ( NAMED_UNIT(*) PLANE_ANGLE_UNIT() SI_UNIT($,.RADIAN.) );
#10650 = ( NAMED_UNIT(*) SI_UNIT($,.STERADIAN.) SOLID_ANGLE_UNIT() );
#10651 = UNCERTAINTY_MEASURE_WITH_UNIT(LENGTH_MEASURE(1.E-07),#10648,
  'distance_accuracy_value','confusion accuracy');
#10652 = CONTEXT_DEPENDENT_SHAPE_REPRESENTATION(#10653,#10655);
#10653 = ( REPRESENTATION_RELATIONSHIP('','',#10496,#10) 
REPRESENTATION_RELATIONSHIP_WITH_TRANSFORMATION(#10654) 
SHAPE_REPRESENTATION_RELATIONSHIP() );
#10654 = ITEM_DEFINED_TRANSFORMATION('','',#11,#31);
#10655 = PRODUCT_DEFINITION_SHAPE('Placement','Placement of an item',
  #10656);
#10656 = NEXT_ASSEMBLY_USAGE_OCCURRENCE('5','150beam003','',#5,#10491,$
  );
#10657 = PRODUCT_RELATED_PRODUCT_CATEGORY('part',$,(#10493));
#10658 = SHAPE_DEFINITION_REPRESENTATION(#10659,#10665);
#10659 = PRODUCT_DEFINITION_SHAPE('','',#10660);
#10660 = PRODUCT_DEFINITION('design','',#10661,#10664);
#10661 = PRODUCT_DEFINITION_FORMATION('','',#10662);
#10662 = PRODUCT('150beam002','150beam002','',(#10663));
#10663 = PRODUCT_CONTEXT('',#2,'mechanical');
#10664 = PRODUCT_DEFINITION_CONTEXT('part definition',#2,'design');
#10665 = ADVANCED_BREP_SHAPE_REPRESENTATION('',(#11,#10666),#10816);
#10666 = MANIFOLD_SOLID_BREP('',#10667);
#10667 = CLOSED_SHELL('',(#10668,#10708,#10739,#10770,#10792,#10804));
#10668 = ADVANCED_FACE('',(#10669),#10703,.F.);
#10669 = FACE_BOUND('',#10670,.F.);
#10670 = EDGE_LOOP('',(#10671,#10681,#10689,#10697));
#10671 = ORIENTED_EDGE('',*,*,#10672,.T.);
#10672 = EDGE_CURVE('',#10673,#10675,#10677,.T.);
#10673 = VERTEX_POINT('',#10674);
#10674 = CARTESIAN_POINT('',(-75.,-10.,0.));
#10675 = VERTEX_POINT('',#10676);
#10676 = CARTESIAN_POINT('',(-75.,-10.,20.));
#10677 = LINE('',#10678,#10679);
#10678 = CARTESIAN_POINT('',(-75.,-10.,0.));
#10679 = VECTOR('',#10680,1.);
#10680 = DIRECTION('',(0.,0.,1.));
#10681 = ORIENTED_EDGE('',*,*,#10682,.T.);
#10682 = EDGE_CURVE('',#10675,#10683,#10685,.T.);
#10683 = VERTEX_POINT('',#10684);
#10684 = CARTESIAN_POINT('',(75.,-10.,20.));
#10685 = LINE('',#10686,#10687);
#10686 = CARTESIAN_POINT('',(-75.,-10.,20.));
#10687 = VECTOR('',#10688,1.);
#10688 = DIRECTION('',(1.,0.,0.));
#10689 = ORIENTED_EDGE('',*,*,#10690,.F.);
#10690 = EDGE_CURVE('',#10691,#10683,#10693,.T.);
#10691 = VERTEX_POINT('',#10692);
#10692 = CARTESIAN_POINT('',(75.,-10.,0.));
#10693 = LINE('',#10694,#10695);
#10694 = CARTESIAN_POINT('',(75.,-10.,0.));
#10695 = VECTOR('',#10696,1.);
#10696 = DIRECTION('',(0.,0.,1.));
#10697 = ORIENTED_EDGE('',*,*,#10698,.F.);
#10698 = EDGE_CURVE('',#10673,#10691,#10699,.T.);
#10699 = LINE('',#10700,#10701);
#10700 = CARTESIAN_POINT('',(-75.,-10.,0.));
#10701 = VECTOR('',#10702,1.);
#10702 = DIRECTION('',(1.,0.,0.));
#10703 = PLANE('',#10704);
#10704 = AXIS2_PLACEMENT_3D('',#10705,#10706,#10707);
#10705 = CARTESIAN_POINT('',(-75.,-10.,0.));
#10706 = DIRECTION('',(0.,1.,0.));
#10707 = DIRECTION('',(1.,0.,0.));
#10708 = ADVANCED_FACE('',(#10709),#10734,.F.);
#10709 = FACE_BOUND('',#10710,.F.);
#10710 = EDGE_LOOP('',(#10711,#10712,#10720,#10728));
#10711 = ORIENTED_EDGE('',*,*,#10690,.T.);
#10712 = ORIENTED_EDGE('',*,*,#10713,.T.);
#10713 = EDGE_CURVE('',#10683,#10714,#10716,.T.);
#10714 = VERTEX_POINT('',#10715);
#10715 = CARTESIAN_POINT('',(75.,10.,20.));
#10716 = LINE('',#10717,#10718);
#10717 = CARTESIAN_POINT('',(75.,-10.,20.));
#10718 = VECTOR('',#10719,1.);
#10719 = DIRECTION('',(0.,1.,0.));
#10720 = ORIENTED_EDGE('',*,*,#10721,.F.);
#10721 = EDGE_CURVE('',#10722,#10714,#10724,.T.);
#10722 = VERTEX_POINT('',#10723);
#10723 = CARTESIAN_POINT('',(75.,10.,0.));
#10724 = LINE('',#10725,#10726);
#10725 = CARTESIAN_POINT('',(75.,10.,0.));
#10726 = VECTOR('',#10727,1.);
#10727 = DIRECTION('',(0.,0.,1.));
#10728 = ORIENTED_EDGE('',*,*,#10729,.F.);
#10729 = EDGE_CURVE('',#10691,#10722,#10730,.T.);
#10730 = LINE('',#10731,#10732);
#10731 = CARTESIAN_POINT('',(75.,-10.,0.));
#10732 = VECTOR('',#10733,1.);
#10733 = DIRECTION('',(0.,1.,0.));
#10734 = PLANE('',#10735);
#10735 = AXIS2_PLACEMENT_3D('',#10736,#10737,#10738);
#10736 = CARTESIAN_POINT('',(75.,-10.,0.));
#10737 = DIRECTION('',(-1.,0.,0.));
#10738 = DIRECTION('',(0.,1.,0.));
#10739 = ADVANCED_FACE('',(#10740),#10765,.F.);
#10740 = FACE_BOUND('',#10741,.F.);
#10741 = EDGE_LOOP('',(#10742,#10743,#10751,#10759));
#10742 = ORIENTED_EDGE('',*,*,#10721,.T.);
#10743 = ORIENTED_EDGE('',*,*,#10744,.T.);
#10744 = EDGE_CURVE('',#10714,#10745,#10747,.T.);
#10745 = VERTEX_POINT('',#10746);
#10746 = CARTESIAN_POINT('',(-75.,10.,20.));
#10747 = LINE('',#10748,#10749);
#10748 = CARTESIAN_POINT('',(75.,10.,20.));
#10749 = VECTOR('',#10750,1.);
#10750 = DIRECTION('',(-1.,0.,0.));
#10751 = ORIENTED_EDGE('',*,*,#10752,.F.);
#10752 = EDGE_CURVE('',#10753,#10745,#10755,.T.);
#10753 = VERTEX_POINT('',#10754);
#10754 = CARTESIAN_POINT('',(-75.,10.,0.));
#10755 = LINE('',#10756,#10757);
#10756 = CARTESIAN_POINT('',(-75.,10.,0.));
#10757 = VECTOR('',#10758,1.);
#10758 = DIRECTION('',(0.,0.,1.));
#10759 = ORIENTED_EDGE('',*,*,#10760,.F.);
#10760 = EDGE_CURVE('',#10722,#10753,#10761,.T.);
#10761 = LINE('',#10762,#10763);
#10762 = CARTESIAN_POINT('',(75.,10.,0.));
#10763 = VECTOR('',#10764,1.);
#10764 = DIRECTION('',(-1.,0.,0.));
#10765 = PLANE('',#10766);
#10766 = AXIS2_PLACEMENT_3D('',#10767,#10768,#10769);
#10767 = CARTESIAN_POINT('',(75.,10.,0.));
#10768 = DIRECTION('',(0.,-1.,0.));
#10769 = DIRECTION('',(-1.,0.,0.));
#10770 = ADVANCED_FACE('',(#10771),#10787,.F.);
#10771 = FACE_BOUND('',#10772,.F.);
#10772 = EDGE_LOOP('',(#10773,#10774,#10780,#10781));
#10773 = ORIENTED_EDGE('',*,*,#10752,.T.);
#10774 = ORIENTED_EDGE('',*,*,#10775,.T.);
#10775 = EDGE_CURVE('',#10745,#10675,#10776,.T.);
#10776 = LINE('',#10777,#10778);
#10777 = CARTESIAN_POINT('',(-75.,10.,20.));
#10778 = VECTOR('',#10779,1.);
#10779 = DIRECTION('',(0.,-1.,0.));
#10780 = ORIENTED_EDGE('',*,*,#10672,.F.);
#10781 = ORIENTED_EDGE('',*,*,#10782,.F.);
#10782 = EDGE_CURVE('',#10753,#10673,#10783,.T.);
#10783 = LINE('',#10784,#10785);
#10784 = CARTESIAN_POINT('',(-75.,10.,0.));
#10785 = VECTOR('',#10786,1.);
#10786 = DIRECTION('',(0.,-1.,0.));
#10787 = PLANE('',#10788);
#10788 = AXIS2_PLACEMENT_3D('',#10789,#10790,#10791);
#10789 = CARTESIAN_POINT('',(-75.,10.,0.));
#10790 = DIRECTION('',(1.,0.,0.));
#10791 = DIRECTION('',(0.,-1.,0.));
#10792 = ADVANCED_FACE('',(#10793),#10799,.F.);
#10793 = FACE_BOUND('',#10794,.F.);
#10794 = EDGE_LOOP('',(#10795,#10796,#10797,#10798));
#10795 = ORIENTED_EDGE('',*,*,#10698,.T.);
#10796 = ORIENTED_EDGE('',*,*,#10729,.T.);
#10797 = ORIENTED_EDGE('',*,*,#10760,.T.);
#10798 = ORIENTED_EDGE('',*,*,#10782,.T.);
#10799 = PLANE('',#10800);
#10800 = AXIS2_PLACEMENT_3D('',#10801,#10802,#10803);
#10801 = CARTESIAN_POINT('',(0.,0.,0.));
#10802 = DIRECTION('',(0.,0.,1.));
#10803 = DIRECTION('',(1.,0.,0.));
#10804 = ADVANCED_FACE('',(#10805),#10811,.T.);
#10805 = FACE_BOUND('',#10806,.T.);
#10806 = EDGE_LOOP('',(#10807,#10808,#10809,#10810));
#10807 = ORIENTED_EDGE('',*,*,#10682,.T.);
#10808 = ORIENTED_EDGE('',*,*,#10713,.T.);
#10809 = ORIENTED_EDGE('',*,*,#10744,.T.);
#10810 = ORIENTED_EDGE('',*,*,#10775,.T.);
#10811 = PLANE('',#10812);
#10812 = AXIS2_PLACEMENT_3D('',#10813,#10814,#10815);
#10813 = CARTESIAN_POINT('',(0.,0.,20.));
#10814 = DIRECTION('',(0.,0.,1.));
#10815 = DIRECTION('',(1.,0.,0.));
#10816 = ( GEOMETRIC_REPRESENTATION_CONTEXT(3) 
GLOBAL_UNCERTAINTY_ASSIGNED_CONTEXT((#10820)) 
GLOBAL_UNIT_ASSIGNED_CONTEXT((#10817,#10818,#10819)) 
REPRESENTATION_CONTEXT('Context #1',
  '3D Context with UNIT and UNCERTAINTY') );
#10817 = ( LENGTH_UNIT() NAMED_UNIT(*) SI_UNIT(.MILLI.,.METRE.) );
#10818 = ( NAMED_UNIT(*) PLANE_ANGLE_UNIT() SI_UNIT($,.RADIAN.) );
#10819 = ( NAMED_UNIT(*) SI_UNIT($,.STERADIAN.) SOLID_ANGLE_UNIT() );
#10820 = UNCERTAINTY_MEASURE_WITH_UNIT(LENGTH_MEASURE(1.E-07),#10817,
  'distance_accuracy_value','confusion accuracy');
#10821 = CONTEXT_DEPENDENT_SHAPE_REPRESENTATION(#10822,#10824);
#10822 = ( REPRESENTATION_RELATIONSHIP('','',#10665,#10) 
REPRESENTATION_RELATIONSHIP_WITH_TRANSFORMATION(#10823) 
SHAPE_REPRESENTATION_RELATIONSHIP() );
#10823 = ITEM_DEFINED_TRANSFORMATION('','',#11,#35);
#10824 = PRODUCT_DEFINITION_SHAPE('Placement','Placement of an item',
  #10825);
#10825 = NEXT_ASSEMBLY_USAGE_OCCURRENCE('6','150beam002','',#5,#10660,$
  );
#10826 = PRODUCT_RELATED_PRODUCT_CATEGORY('part',$,(#10662));
#10827 = SHAPE_DEFINITION_REPRESENTATION(#10828,#10834);
#10828 = PRODUCT_DEFINITION_SHAPE('','',#10829);
#10829 = PRODUCT_DEFINITION('design','',#10830,#10833);
#10830 = PRODUCT_DEFINITION_FORMATION('','',#10831);
#10831 = PRODUCT('150beam001','150beam001','',(#10832));
#10832 = PRODUCT_CONTEXT('',#2,'mechanical');
#10833 = PRODUCT_DEFINITION_CONTEXT('part definition',#2,'design');
#10834 = ADVANCED_BREP_SHAPE_REPRESENTATION('',(#11,#10835),#10985);
#10835 = MANIFOLD_SOLID_BREP('',#10836);
#10836 = CLOSED_SHELL('',(#10837,#10877,#10908,#10939,#10961,#10973));
#10837 = ADVANCED_FACE('',(#10838),#10872,.F.);
#10838 = FACE_BOUND('',#10839,.F.);
#10839 = EDGE_LOOP('',(#10840,#10850,#10858,#10866));
#10840 = ORIENTED_EDGE('',*,*,#10841,.T.);
#10841 = EDGE_CURVE('',#10842,#10844,#10846,.T.);
#10842 = VERTEX_POINT('',#10843);
#10843 = CARTESIAN_POINT('',(-75.,-10.,0.));
#10844 = VERTEX_POINT('',#10845);
#10845 = CARTESIAN_POINT('',(-75.,-10.,20.));
#10846 = LINE('',#10847,#10848);
#10847 = CARTESIAN_POINT('',(-75.,-10.,0.));
#10848 = VECTOR('',#10849,1.);
#10849 = DIRECTION('',(0.,0.,1.));
#10850 = ORIENTED_EDGE('',*,*,#10851,.T.);
#10851 = EDGE_CURVE('',#10844,#10852,#10854,.T.);
#10852 = VERTEX_POINT('',#10853);
#10853 = CARTESIAN_POINT('',(75.,-10.,20.));
#10854 = LINE('',#10855,#10856);
#10855 = CARTESIAN_POINT('',(-75.,-10.,20.));
#10856 = VECTOR('',#10857,1.);
#10857 = DIRECTION('',(1.,0.,0.));
#10858 = ORIENTED_EDGE('',*,*,#10859,.F.);
#10859 = EDGE_CURVE('',#10860,#10852,#10862,.T.);
#10860 = VERTEX_POINT('',#10861);
#10861 = CARTESIAN_POINT('',(75.,-10.,0.));
#10862 = LINE('',#10863,#10864);
#10863 = CARTESIAN_POINT('',(75.,-10.,0.));
#10864 = VECTOR('',#10865,1.);
#10865 = DIRECTION('',(0.,0.,1.));
#10866 = ORIENTED_EDGE('',*,*,#10867,.F.);
#10867 = EDGE_CURVE('',#10842,#10860,#10868,.T.);
#10868 = LINE('',#10869,#10870);
#10869 = CARTESIAN_POINT('',(-75.,-10.,0.));
#10870 = VECTOR('',#10871,1.);
#10871 = DIRECTION('',(1.,0.,0.));
#10872 = PLANE('',#10873);
#10873 = AXIS2_PLACEMENT_3D('',#10874,#10875,#10876);
#10874 = CARTESIAN_POINT('',(-75.,-10.,0.));
#10875 = DIRECTION('',(0.,1.,0.));
#10876 = DIRECTION('',(1.,0.,0.));
#10877 = ADVANCED_FACE('',(#10878),#10903,.F.);
#10878 = FACE_BOUND('',#10879,.F.);
#10879 = EDGE_LOOP('',(#10880,#10881,#10889,#10897));
#10880 = ORIENTED_EDGE('',*,*,#10859,.T.);
#10881 = ORIENTED_EDGE('',*,*,#10882,.T.);
#10882 = EDGE_CURVE('',#10852,#10883,#10885,.T.);
#10883 = VERTEX_POINT('',#10884);
#10884 = CARTESIAN_POINT('',(75.,10.,20.));
#10885 = LINE('',#10886,#10887);
#10886 = CARTESIAN_POINT('',(75.,-10.,20.));
#10887 = VECTOR('',#10888,1.);
#10888 = DIRECTION('',(0.,1.,0.));
#10889 = ORIENTED_EDGE('',*,*,#10890,.F.);
#10890 = EDGE_CURVE('',#10891,#10883,#10893,.T.);
#10891 = VERTEX_POINT('',#10892);
#10892 = CARTESIAN_POINT('',(75.,10.,0.));
#10893 = LINE('',#10894,#10895);
#10894 = CARTESIAN_POINT('',(75.,10.,0.));
#10895 = VECTOR('',#10896,1.);
#10896 = DIRECTION('',(0.,0.,1.));
#10897 = ORIENTED_EDGE('',*,*,#10898,.F.);
#10898 = EDGE_CURVE('',#10860,#10891,#10899,.T.);
#10899 = LINE('',#10900,#10901);
#10900 = CARTESIAN_POINT('',(75.,-10.,0.));
#10901 = VECTOR('',#10902,1.);
#10902 = DIRECTION('',(0.,1.,0.));
#10903 = PLANE('',#10904);
#10904 = AXIS2_PLACEMENT_3D('',#10905,#10906,#10907);
#10905 = CARTESIAN_POINT('',(75.,-10.,0.));
#10906 = DIRECTION('',(-1.,0.,0.));
#10907 = DIRECTION('',(0.,1.,0.));
#10908 = ADVANCED_FACE('',(#10909),#10934,.F.);
#10909 = FACE_BOUND('',#10910,.F.);
#10910 = EDGE_LOOP('',(#10911,#10912,#10920,#10928));
#10911 = ORIENTED_EDGE('',*,*,#10890,.T.);
#10912 = ORIENTED_EDGE('',*,*,#10913,.T.);
#10913 = EDGE_CURVE('',#10883,#10914,#10916,.T.);
#10914 = VERTEX_POINT('',#10915);
#10915 = CARTESIAN_POINT('',(-75.,10.,20.));
#10916 = LINE('',#10917,#10918);
#10917 = CARTESIAN_POINT('',(75.,10.,20.));
#10918 = VECTOR('',#10919,1.);
#10919 = DIRECTION('',(-1.,0.,0.));
#10920 = ORIENTED_EDGE('',*,*,#10921,.F.);
#10921 = EDGE_CURVE('',#10922,#10914,#10924,.T.);
#10922 = VERTEX_POINT('',#10923);
#10923 = CARTESIAN_POINT('',(-75.,10.,0.));
#10924 = LINE('',#10925,#10926);
#10925 = CARTESIAN_POINT('',(-75.,10.,0.));
#10926 = VECTOR('',#10927,1.);
#10927 = DIRECTION('',(0.,0.,1.));
#10928 = ORIENTED_EDGE('',*,*,#10929,.F.);
#10929 = EDGE_CURVE('',#10891,#10922,#10930,.T.);
#10930 = LINE('',#10931,#10932);
#10931 = CARTESIAN_POINT('',(75.,10.,0.));
#10932 = VECTOR('',#10933,1.);
#10933 = DIRECTION('',(-1.,0.,0.));
#10934 = PLANE('',#10935);
#10935 = AXIS2_PLACEMENT_3D('',#10936,#10937,#10938);
#10936 = CARTESIAN_POINT('',(75.,10.,0.));
#10937 = DIRECTION('',(0.,-1.,0.));
#10938 = DIRECTION('',(-1.,0.,0.));
#10939 = ADVANCED_FACE('',(#10940),#10956,.F.);
#10940 = FACE_BOUND('',#10941,.F.);
#10941 = EDGE_LOOP('',(#10942,#10943,#10949,#10950));
#10942 = ORIENTED_EDGE('',*,*,#10921,.T.);
#10943 = ORIENTED_EDGE('',*,*,#10944,.T.);
#10944 = EDGE_CURVE('',#10914,#10844,#10945,.T.);
#10945 = LINE('',#10946,#10947);
#10946 = CARTESIAN_POINT('',(-75.,10.,20.));
#10947 = VECTOR('',#10948,1.);
#10948 = DIRECTION('',(0.,-1.,0.));
#10949 = ORIENTED_EDGE('',*,*,#10841,.F.);
#10950 = ORIENTED_EDGE('',*,*,#10951,.F.);
#10951 = EDGE_CURVE('',#10922,#10842,#10952,.T.);
#10952 = LINE('',#10953,#10954);
#10953 = CARTESIAN_POINT('',(-75.,10.,0.));
#10954 = VECTOR('',#10955,1.);
#10955 = DIRECTION('',(0.,-1.,0.));
#10956 = PLANE('',#10957);
#10957 = AXIS2_PLACEMENT_3D('',#10958,#10959,#10960);
#10958 = CARTESIAN_POINT('',(-75.,10.,0.));
#10959 = DIRECTION('',(1.,0.,0.));
#10960 = DIRECTION('',(0.,-1.,0.));
#10961 = ADVANCED_FACE('',(#10962),#10968,.F.);
#10962 = FACE_BOUND('',#10963,.F.);
#10963 = EDGE_LOOP('',(#10964,#10965,#10966,#10967));
#10964 = ORIENTED_EDGE('',*,*,#10867,.T.);
#10965 = ORIENTED_EDGE('',*,*,#10898,.T.);
#10966 = ORIENTED_EDGE('',*,*,#10929,.T.);
#10967 = ORIENTED_EDGE('',*,*,#10951,.T.);
#10968 = PLANE('',#10969);
#10969 = AXIS2_PLACEMENT_3D('',#10970,#10971,#10972);
#10970 = CARTESIAN_POINT('',(0.,0.,0.));
#10971 = DIRECTION('',(0.,0.,1.));
#10972 = DIRECTION('',(1.,0.,0.));
#10973 = ADVANCED_FACE('',(#10974),#10980,.T.);
#10974 = FACE_BOUND('',#10975,.T.);
#10975 = EDGE_LOOP('',(#10976,#10977,#10978,#10979));
#10976 = ORIENTED_EDGE('',*,*,#10851,.T.);
#10977 = ORIENTED_EDGE('',*,*,#10882,.T.);
#10978 = ORIENTED_EDGE('',*,*,#10913,.T.);
#10979 = ORIENTED_EDGE('',*,*,#10944,.T.);
#10980 = PLANE('',#10981);
#10981 = AXIS2_PLACEMENT_3D('',#10982,#10983,#10984);
#10982 = CARTESIAN_POINT('',(0.,0.,20.));
#10983 = DIRECTION('',(0.,0.,1.));
#10984 = DIRECTION('',(1.,0.,0.));
#10985 = ( GEOMETRIC_REPRESENTATION_CONTEXT(3) 
GLOBAL_UNCERTAINTY_ASSIGNED_CONTEXT((#10989)) 
GLOBAL_UNIT_ASSIGNED_CONTEXT((#10986,#10987,#10988)) 
REPRESENTATION_CONTEXT('Context #1',
  '3D Context with UNIT and UNCERTAINTY') );
#10986 = ( LENGTH_UNIT() NAMED_UNIT(*) SI_UNIT(.MILLI.,.METRE.) );
#10987 = ( NAMED_UNIT(*) PLANE_ANGLE_UNIT() SI_UNIT($,.RADIAN.) );
#10988 = ( NAMED_UNIT(*) SI_UNIT($,.STERADIAN.) SOLID_ANGLE_UNIT() );
#10989 = UNCERTAINTY_MEASURE_WITH_UNIT(LENGTH_MEASURE(1.E-07),#10986,
  'distance_accuracy_value','confusion accuracy');
#10990 = CONTEXT_DEPENDENT_SHAPE_REPRESENTATION(#10991,#10993);
#10991 = ( REPRESENTATION_RELATIONSHIP('','',#10834,#10) 
REPRESENTATION_RELATIONSHIP_WITH_TRANSFORMATION(#10992) 
SHAPE_REPRESENTATION_RELATIONSHIP() );
#10992 = ITEM_DEFINED_TRANSFORMATION('','',#11,#39);
#10993 = PRODUCT_DEFINITION_SHAPE('Placement','Placement of an item',
  #10994);
#10994 = NEXT_ASSEMBLY_USAGE_OCCURRENCE('7','150beam001','',#5,#10829,$
  );
#10995 = PRODUCT_RELATED_PRODUCT_CATEGORY('part',$,(#10831));
#10996 = SHAPE_DEFINITION_REPRESENTATION(#10997,#11003);
#10997 = PRODUCT_DEFINITION_SHAPE('','',#10998);
#10998 = PRODUCT_DEFINITION('design','',#10999,#11002);
#10999 = PRODUCT_DEFINITION_FORMATION('','',#11000);
#11000 = PRODUCT('150beam000','150beam000','',(#11001));
#11001 = PRODUCT_CONTEXT('',#2,'mechanical');
#11002 = PRODUCT_DEFINITION_CONTEXT('part definition',#2,'design');
#11003 = ADVANCED_BREP_SHAPE_REPRESENTATION('',(#11,#11004),#11154);
#11004 = MANIFOLD_SOLID_BREP('',#11005);
#11005 = CLOSED_SHELL('',(#11006,#11046,#11077,#11108,#11130,#11142));
#11006 = ADVANCED_FACE('',(#11007),#11041,.F.);
#11007 = FACE_BOUND('',#11008,.F.);
#11008 = EDGE_LOOP('',(#11009,#11019,#11027,#11035));
#11009 = ORIENTED_EDGE('',*,*,#11010,.T.);
#11010 = EDGE_CURVE('',#11011,#11013,#11015,.T.);
#11011 = VERTEX_POINT('',#11012);
#11012 = CARTESIAN_POINT('',(-75.,-10.,0.));
#11013 = VERTEX_POINT('',#11014);
#11014 = CARTESIAN_POINT('',(-75.,-10.,20.));
#11015 = LINE('',#11016,#11017);
#11016 = CARTESIAN_POINT('',(-75.,-10.,0.));
#11017 = VECTOR('',#11018,1.);
#11018 = DIRECTION('',(0.,0.,1.));
#11019 = ORIENTED_EDGE('',*,*,#11020,.T.);
#11020 = EDGE_CURVE('',#11013,#11021,#11023,.T.);
#11021 = VERTEX_POINT('',#11022);
#11022 = CARTESIAN_POINT('',(75.,-10.,20.));
#11023 = LINE('',#11024,#11025);
#11024 = CARTESIAN_POINT('',(-75.,-10.,20.));
#11025 = VECTOR('',#11026,1.);
#11026 = DIRECTION('',(1.,0.,0.));
#11027 = ORIENTED_EDGE('',*,*,#11028,.F.);
#11028 = EDGE_CURVE('',#11029,#11021,#11031,.T.);
#11029 = VERTEX_POINT('',#11030);
#11030 = CARTESIAN_POINT('',(75.,-10.,0.));
#11031 = LINE('',#11032,#11033);
#11032 = CARTESIAN_POINT('',(75.,-10.,0.));
#11033 = VECTOR('',#11034,1.);
#11034 = DIRECTION('',(0.,0.,1.));
#11035 = ORIENTED_EDGE('',*,*,#11036,.F.);
#11036 = EDGE_CURVE('',#11011,#11029,#11037,.T.);
#11037 = LINE('',#11038,#11039);
#11038 = CARTESIAN_POINT('',(-75.,-10.,0.));
#11039 = VECTOR('',#11040,1.);
#11040 = DIRECTION('',(1.,0.,0.));
#11041 = PLANE('',#11042);
#11042 = AXIS2_PLACEMENT_3D('',#11043,#11044,#11045);
#11043 = CARTESIAN_POINT('',(-75.,-10.,0.));
#11044 = DIRECTION('',(0.,1.,0.));
#11045 = DIRECTION('',(1.,0.,0.));
#11046 = ADVANCED_FACE('',(#11047),#11072,.F.);
#11047 = FACE_BOUND('',#11048,.F.);
#11048 = EDGE_LOOP('',(#11049,#11050,#11058,#11066));
#11049 = ORIENTED_EDGE('',*,*,#11028,.T.);
#11050 = ORIENTED_EDGE('',*,*,#11051,.T.);
#11051 = EDGE_CURVE('',#11021,#11052,#11054,.T.);
#11052 = VERTEX_POINT('',#11053);
#11053 = CARTESIAN_POINT('',(75.,10.,20.));
#11054 = LINE('',#11055,#11056);
#11055 = CARTESIAN_POINT('',(75.,-10.,20.));
#11056 = VECTOR('',#11057,1.);
#11057 = DIRECTION('',(0.,1.,0.));
#11058 = ORIENTED_EDGE('',*,*,#11059,.F.);
#11059 = EDGE_CURVE('',#11060,#11052,#11062,.T.);
#11060 = VERTEX_POINT('',#11061);
#11061 = CARTESIAN_POINT('',(75.,10.,0.));
#11062 = LINE('',#11063,#11064);
#11063 = CARTESIAN_POINT('',(75.,10.,0.));
#11064 = VECTOR('',#11065,1.);
#11065 = DIRECTION('',(0.,0.,1.));
#11066 = ORIENTED_EDGE('',*,*,#11067,.F.);
#11067 = EDGE_CURVE('',#11029,#11060,#11068,.T.);
#11068 = LINE('',#11069,#11070);
#11069 = CARTESIAN_POINT('',(75.,-10.,0.));
#11070 = VECTOR('',#11071,1.);
#11071 = DIRECTION('',(0.,1.,0.));
#11072 = PLANE('',#11073);
#11073 = AXIS2_PLACEMENT_3D('',#11074,#11075,#11076);
#11074 = CARTESIAN_POINT('',(75.,-10.,0.));
#11075 = DIRECTION('',(-1.,0.,0.));
#11076 = DIRECTION('',(0.,1.,0.));
#11077 = ADVANCED_FACE('',(#11078),#11103,.F.);
#11078 = FACE_BOUND('',#11079,.F.);
#11079 = EDGE_LOOP('',(#11080,#11081,#11089,#11097));
#11080 = ORIENTED_EDGE('',*,*,#11059,.T.);
#11081 = ORIENTED_EDGE('',*,*,#11082,.T.);
#11082 = EDGE_CURVE('',#11052,#11083,#11085,.T.);
#11083 = VERTEX_POINT('',#11084);
#11084 = CARTESIAN_POINT('',(-75.,10.,20.));
#11085 = LINE('',#11086,#11087);
#11086 = CARTESIAN_POINT('',(75.,10.,20.));
#11087 = VECTOR('',#11088,1.);
#11088 = DIRECTION('',(-1.,0.,0.));
#11089 = ORIENTED_EDGE('',*,*,#11090,.F.);
#11090 = EDGE_CURVE('',#11091,#11083,#11093,.T.);
#11091 = VERTEX_POINT('',#11092);
#11092 = CARTESIAN_POINT('',(-75.,10.,0.));
#11093 = LINE('',#11094,#11095);
#11094 = CARTESIAN_POINT('',(-75.,10.,0.));
#11095 = VECTOR('',#11096,1.);
#11096 = DIRECTION('',(0.,0.,1.));
#11097 = ORIENTED_EDGE('',*,*,#11098,.F.);
#11098 = EDGE_CURVE('',#11060,#11091,#11099,.T.);
#11099 = LINE('',#11100,#11101);
#11100 = CARTESIAN_POINT('',(75.,10.,0.));
#11101 = VECTOR('',#11102,1.);
#11102 = DIRECTION('',(-1.,0.,0.));
#11103 = PLANE('',#11104);
#11104 = AXIS2_PLACEMENT_3D('',#11105,#11106,#11107);
#11105 = CARTESIAN_POINT('',(75.,10.,0.));
#11106 = DIRECTION('',(0.,-1.,0.));
#11107 = DIRECTION('',(-1.,0.,0.));
#11108 = ADVANCED_FACE('',(#11109),#11125,.F.);
#11109 = FACE_BOUND('',#11110,.F.);
#11110 = EDGE_LOOP('',(#11111,#11112,#11118,#11119));
#11111 = ORIENTED_EDGE('',*,*,#11090,.T.);
#11112 = ORIENTED_EDGE('',*,*,#11113,.T.);
#11113 = EDGE_CURVE('',#11083,#11013,#11114,.T.);
#11114 = LINE('',#11115,#11116);
#11115 = CARTESIAN_POINT('',(-75.,10.,20.));
#11116 = VECTOR('',#11117,1.);
#11117 = DIRECTION('',(0.,-1.,0.));
#11118 = ORIENTED_EDGE('',*,*,#11010,.F.);
#11119 = ORIENTED_EDGE('',*,*,#11120,.F.);
#11120 = EDGE_CURVE('',#11091,#11011,#11121,.T.);
#11121 = LINE('',#11122,#11123);
#11122 = CARTESIAN_POINT('',(-75.,10.,0.));
#11123 = VECTOR('',#11124,1.);
#11124 = DIRECTION('',(0.,-1.,0.));
#11125 = PLANE('',#11126);
#11126 = AXIS2_PLACEMENT_3D('',#11127,#11128,#11129);
#11127 = CARTESIAN_POINT('',(-75.,10.,0.));
#11128 = DIRECTION('',(1.,0.,0.));
#11129 = DIRECTION('',(0.,-1.,0.));
#11130 = ADVANCED_FACE('',(#11131),#11137,.F.);
#11131 = FACE_BOUND('',#11132,.F.);
#11132 = EDGE_LOOP('',(#11133,#11134,#11135,#11136));
#11133 = ORIENTED_EDGE('',*,*,#11036,.T.);
#11134 = ORIENTED_EDGE('',*,*,#11067,.T.);
#11135 = ORIENTED_EDGE('',*,*,#11098,.T.);
#11136 = ORIENTED_EDGE('',*,*,#11120,.T.);
#11137 = PLANE('',#11138);
#11138 = AXIS2_PLACEMENT_3D('',#11139,#11140,#11141);
#11139 = CARTESIAN_POINT('',(0.,0.,0.));
#11140 = DIRECTION('',(0.,0.,1.));
#11141 = DIRECTION('',(1.,0.,0.));
#11142 = ADVANCED_FACE('',(#11143),#11149,.T.);
#11143 = FACE_BOUND('',#11144,.T.);
#11144 = EDGE_LOOP('',(#11145,#11146,#11147,#11148));
#11145 = ORIENTED_EDGE('',*,*,#11020,.T.);
#11146 = ORIENTED_EDGE('',*,*,#11051,.T.);
#11147 = ORIENTED_EDGE('',*,*,#11082,.T.);
#11148 = ORIENTED_EDGE('',*,*,#11113,.T.);
#11149 = PLANE('',#11150);
#11150 = AXIS2_PLACEMENT_3D('',#11151,#11152,#11153);
#11151 = CARTESIAN_POINT('',(0.,0.,20.));
#11152 = DIRECTION('',(0.,0.,1.));
#11153 = DIRECTION('',(1.,0.,0.));
#11154 = ( GEOMETRIC_REPRESENTATION_CONTEXT(3) 
GLOBAL_UNCERTAINTY_ASSIGNED_CONTEXT((#11158)) 
GLOBAL_UNIT_ASSIGNED_CONTEXT((#11155,#11156,#11157)) 
REPRESENTATION_CONTEXT('Context #1',
  '3D Context with UNIT and UNCERTAINTY') );
#11155 = ( LENGTH_UNIT() NAMED_UNIT(*) SI_UNIT(.MILLI.,.METRE.) );
#11156 = ( NAMED_UNIT(*) PLANE_ANGLE_UNIT() SI_UNIT($,.RADIAN.) );
#11157 = ( NAMED_UNIT(*) SI_UNIT($,.STERADIAN.) SOLID_ANGLE_UNIT() );
#11158 = UNCERTAINTY_MEASURE_WITH_UNIT(LENGTH_MEASURE(1.E-07),#11155,
  'distance_accuracy_value','confusion accuracy');
#11159 = CONTEXT_DEPENDENT_SHAPE_REPRESENTATION(#11160,#11162);
#11160 = ( REPRESENTATION_RELATIONSHIP('','',#11003,#10) 
REPRESENTATION_RELATIONSHIP_WITH_TRANSFORMATION(#11161) 
SHAPE_REPRESENTATION_RELATIONSHIP() );
#11161 = ITEM_DEFINED_TRANSFORMATION('','',#11,#43);
#11162 = PRODUCT_DEFINITION_SHAPE('Placement','Placement of an item',
  #11163);
#11163 = NEXT_ASSEMBLY_USAGE_OCCURRENCE('8','150beam000','',#5,#10998,$
  );
#11164 = PRODUCT_RELATED_PRODUCT_CATEGORY('part',$,(#11000));
#11165 = MECHANICAL_DESIGN_GEOMETRIC_PRESENTATION_REPRESENTATION('',(
    #11166),#10985);
#11166 = STYLED_ITEM('color',(#11167),#10835);
#11167 = PRESENTATION_STYLE_ASSIGNMENT((#11168,#11174));
#11168 = SURFACE_STYLE_USAGE(.BOTH.,#11169);
#11169 = SURFACE_SIDE_STYLE('',(#11170));
#11170 = SURFACE_STYLE_FILL_AREA(#11171);
#11171 = FILL_AREA_STYLE('',(#11172));
#11172 = FILL_AREA_STYLE_COLOUR('',#11173);
#11173 = COLOUR_RGB('',0.250980406631,0.266666683833,0.282352953742);
#11174 = CURVE_STYLE('',#11175,POSITIVE_LENGTH_MEASURE(0.1),#11176);
#11175 = DRAUGHTING_PRE_DEFINED_CURVE_FONT('continuous');
#11176 = COLOUR_RGB('',9.803921802644E-02,9.803921802644E-02,
  9.803921802644E-02);
#11177 = MECHANICAL_DESIGN_GEOMETRIC_PRESENTATION_REPRESENTATION('',(
    #11178),#10816);
#11178 = STYLED_ITEM('color',(#11179),#10666);
#11179 = PRESENTATION_STYLE_ASSIGNMENT((#11180,#11185));
#11180 = SURFACE_STYLE_USAGE(.BOTH.,#11181);
#11181 = SURFACE_SIDE_STYLE('',(#11182));
#11182 = SURFACE_STYLE_FILL_AREA(#11183);
#11183 = FILL_AREA_STYLE('',(#11184));
#11184 = FILL_AREA_STYLE_COLOUR('',#11173);
#11185 = CURVE_STYLE('',#11186,POSITIVE_LENGTH_MEASURE(0.1),#11176);
#11186 = DRAUGHTING_PRE_DEFINED_CURVE_FONT('continuous');
#11187 = MECHANICAL_DESIGN_GEOMETRIC_PRESENTATION_REPRESENTATION('',(
    #11188),#10647);
#11188 = STYLED_ITEM('color',(#11189),#10497);
#11189 = PRESENTATION_STYLE_ASSIGNMENT((#11190,#11195));
#11190 = SURFACE_STYLE_USAGE(.BOTH.,#11191);
#11191 = SURFACE_SIDE_STYLE('',(#11192));
#11192 = SURFACE_STYLE_FILL_AREA(#11193);
#11193 = FILL_AREA_STYLE('',(#11194));
#11194 = FILL_AREA_STYLE_COLOUR('',#11173);
#11195 = CURVE_STYLE('',#11196,POSITIVE_LENGTH_MEASURE(0.1),#11176);
#11196 = DRAUGHTING_PRE_DEFINED_CURVE_FONT('continuous');
#11197 = MECHANICAL_DESIGN_GEOMETRIC_PRESENTATION_REPRESENTATION('',(
    #11198),#5256);
#11198 = STYLED_ITEM('color',(#11199),#2668);
#11199 = PRESENTATION_STYLE_ASSIGNMENT((#11200,#11206));
#11200 = SURFACE_STYLE_USAGE(.BOTH.,#11201);
#11201 = SURFACE_SIDE_STYLE('',(#11202));
#11202 = SURFACE_STYLE_FILL_AREA(#11203);
#11203 = FILL_AREA_STYLE('',(#11204));
#11204 = FILL_AREA_STYLE_COLOUR('',#11205);
#11205 = COLOUR_RGB('',0.596078458879,0.,0.584313743644);
#11206 = CURVE_STYLE('',#11207,POSITIVE_LENGTH_MEASURE(0.1),#11176);
#11207 = DRAUGHTING_PRE_DEFINED_CURVE_FONT('continuous');
#11208 = MECHANICAL_DESIGN_GEOMETRIC_PRESENTATION_REPRESENTATION('',(
    #11209),#2649);
#11209 = STYLED_ITEM('color',(#11210),#61);
#11210 = PRESENTATION_STYLE_ASSIGNMENT((#11211,#11216));
#11211 = SURFACE_STYLE_USAGE(.BOTH.,#11212);
#11212 = SURFACE_SIDE_STYLE('',(#11213));
#11213 = SURFACE_STYLE_FILL_AREA(#11214);
#11214 = FILL_AREA_STYLE('',(#11215));
#11215 = FILL_AREA_STYLE_COLOUR('',#11205);
#11216 = CURVE_STYLE('',#11217,POSITIVE_LENGTH_MEASURE(0.1),#11176);
#11217 = DRAUGHTING_PRE_DEFINED_CURVE_FONT('continuous');
#11218 = MECHANICAL_DESIGN_GEOMETRIC_PRESENTATION_REPRESENTATION('',(
    #11219),#7867);
#11219 = STYLED_ITEM('color',(#11220),#5275);
#11220 = PRESENTATION_STYLE_ASSIGNMENT((#11221,#11226));
#11221 = SURFACE_STYLE_USAGE(.BOTH.,#11222);
#11222 = SURFACE_SIDE_STYLE('',(#11223));
#11223 = SURFACE_STYLE_FILL_AREA(#11224);
#11224 = FILL_AREA_STYLE('',(#11225));
#11225 = FILL_AREA_STYLE_COLOUR('',#11205);
#11226 = CURVE_STYLE('',#11227,POSITIVE_LENGTH_MEASURE(0.1),#11176);
#11227 = DRAUGHTING_PRE_DEFINED_CURVE_FONT('continuous');
#11228 = MECHANICAL_DESIGN_GEOMETRIC_PRESENTATION_REPRESENTATION('',(
    #11229),#10478);
#11229 = STYLED_ITEM('color',(#11230),#7886);
#11230 = PRESENTATION_STYLE_ASSIGNMENT((#11231,#11236));
#11231 = SURFACE_STYLE_USAGE(.BOTH.,#11232);
#11232 = SURFACE_SIDE_STYLE('',(#11233));
#11233 = SURFACE_STYLE_FILL_AREA(#11234);
#11234 = FILL_AREA_STYLE('',(#11235));
#11235 = FILL_AREA_STYLE_COLOUR('',#11205);
#11236 = CURVE_STYLE('',#11237,POSITIVE_LENGTH_MEASURE(0.1),#11176);
#11237 = DRAUGHTING_PRE_DEFINED_CURVE_FONT('continuous');
#11238 = MECHANICAL_DESIGN_GEOMETRIC_PRESENTATION_REPRESENTATION('',(
    #11239),#11154);
#11239 = STYLED_ITEM('color',(#11240),#11004);
#11240 = PRESENTATION_STYLE_ASSIGNMENT((#11241,#11246));
#11241 = SURFACE_STYLE_USAGE(.BOTH.,#11242);
#11242 = SURFACE_SIDE_STYLE('',(#11243));
#11243 = SURFACE_STYLE_FILL_AREA(#11244);
#11244 = FILL_AREA_STYLE('',(#11245));
#11245 = FILL_AREA_STYLE_COLOUR('',#11173);
#11246 = CURVE_STYLE('',#11247,POSITIVE_LENGTH_MEASURE(0.1),#11176);
#11247 = DRAUGHTING_PRE_DEFINED_CURVE_FONT('continuous');
ENDSEC;
END-ISO-10303-21;
