ISO-10303-21;
HEADER;
FILE_DESCRIPTION(('FreeCAD Model'),'2;1');
FILE_NAME('Open CASCADE Shape Model','2026-01-22T23:12:14',(''),(''),
  'Open CASCADE STEP processor 7.9','FreeCAD','Unknown');
FILE_SCHEMA(('AUTOMOTIVE_DESIGN { 1 0 10303 214 1 1 1 1 }'));
ENDSEC;
DATA;
#1 = APPLICATION_PROTOCOL_DEFINITION('international standard',
  'automotive_design',2000,#2);
#2 = APPLICATION_CONTEXT(
  'core data for automotive mechanical design processes');
#3 = SHAPE_DEFINITION_REPRESENTATION(#4,#10);
#4 = PRODUCT_DEFINITION_SHAPE('','',#5);
#5 = PRODUCT_DEFINITION('design','',#6,#9);
#6 = PRODUCT_DEFINITION_FORMATION('','',#7);
#7 = PRODUCT('anthead_right_duct_modified','anthead_right_duct_modified'
  ,'',(#8));
#8 = PRODUCT_CONTEXT('',#2,'mechanical');
#9 = PRODUCT_DEFINITION_CONTEXT('part definition',#2,'design');
#10 = ADVANCED_BREP_SHAPE_REPRESENTATION('',(#11,#15),#5887);
#11 = AXIS2_PLACEMENT_3D('',#12,#13,#14);
#12 = CARTESIAN_POINT('',(0.,0.,0.));
#13 = DIRECTION('',(0.,0.,1.));
#14 = DIRECTION('',(1.,0.,-0.));
#15 = MANIFOLD_SOLID_BREP('',#16);
#16 = CLOSED_SHELL('',(#17,#57,#104,#128,#161,#253,#282,#408,#420,#432,
    #873,#905,#930,#962,#1003,#1178,#1195,#1212,#1395,#1544,#1568,#1593,
    #1617,#1680,#1704,#1729,#1753,#1785,#1825,#1874,#1906,#1930,#1970,
    #1988,#2021,#2046,#2089,#2106,#2293,#2475,#2613,#2630,#2655,#2689,
    #2730,#2875,#2899,#2923,#2947,#2971,#2996,#3053,#3069,#3086,#3103,
    #3120,#3137,#3148,#3173,#3308,#3332,#3356,#3380,#3404,#3421,#3445,
    #3501,#3542,#3560,#3615,#3639,#3687,#3699,#3716,#3747,#3794,#3827,
    #3852,#3876,#3924,#3958,#4010,#4035,#4232,#4274,#4330,#4354,#4430,
    #4454,#4485,#4509,#4520,#4553,#4570,#4623,#4654,#4671,#4700,#4717,
    #4754,#4766,#4793,#4820,#4850,#4874,#4908,#4932,#4951,#4976,#5000,
    #5017,#5035,#5047,#5060,#5079,#5110,#5142,#5160,#5172,#5205,#5237,
    #5269,#5282,#5301,#5327,#5353,#5378,#5395,#5412,#5424,#5443,#5460,
    #5477,#5490,#5517,#5534,#5551,#5563,#5580,#5596,#5621,#5652,#5669,
    #5686,#5700,#5712,#5729,#5759,#5771,#5783,#5808,#5833,#5845,#5857,
    #5866,#5875));
#17 = ADVANCED_FACE('',(#18),#52,.T.);
#18 = FACE_BOUND('',#19,.T.);
#19 = EDGE_LOOP('',(#20,#30,#38,#46));
#20 = ORIENTED_EDGE('',*,*,#21,.F.);
#21 = EDGE_CURVE('',#22,#24,#26,.T.);
#22 = VERTEX_POINT('',#23);
#23 = CARTESIAN_POINT('',(6.879238410622,-5.670604184122,39.300000000004
    ));
#24 = VERTEX_POINT('',#25);
#25 = CARTESIAN_POINT('',(8.010609260521,-6.470604182179,39.300000000004
    ));
#26 = LINE('',#27,#28);
#27 = CARTESIAN_POINT('',(4.299115827952,-3.846182014055,39.300000000004
    ));
#28 = VECTOR('',#29,1.);
#29 = DIRECTION('',(0.816496581589,-0.577350268255,0.));
#30 = ORIENTED_EDGE('',*,*,#31,.T.);
#31 = EDGE_CURVE('',#22,#32,#34,.T.);
#32 = VERTEX_POINT('',#33);
#33 = CARTESIAN_POINT('',(10.47974347401,-5.670604177938,35.699494936616
    ));
#34 = LINE('',#35,#36);
#35 = CARTESIAN_POINT('',(11.029743426046,-5.670604176994,
    35.149494984581));
#36 = VECTOR('',#37,1.);
#37 = DIRECTION('',(0.707106781187,1.21449946E-09,-0.707106781186));
#38 = ORIENTED_EDGE('',*,*,#39,.T.);
#39 = EDGE_CURVE('',#32,#40,#42,.T.);
#40 = VERTEX_POINT('',#41);
#41 = CARTESIAN_POINT('',(11.045428899647,-6.470604176967,
    36.265180360879));
#42 = LINE('',#43,#44);
#43 = CARTESIAN_POINT('',(10.47974347401,-5.670604177938,35.699494936616
    ));
#44 = VECTOR('',#45,1.);
#45 = DIRECTION('',(0.500000000911,-0.707106780757,0.499999999696));
#46 = ORIENTED_EDGE('',*,*,#47,.T.);
#47 = EDGE_CURVE('',#40,#24,#48,.T.);
#48 = LINE('',#49,#50);
#49 = CARTESIAN_POINT('',(11.595428851682,-6.470604176022,
    35.715180408843));
#50 = VECTOR('',#51,1.);
#51 = DIRECTION('',(-0.707106781187,-1.21449946E-09,0.707106781186));
#52 = PLANE('',#53);
#53 = AXIS2_PLACEMENT_3D('',#54,#55,#56);
#54 = CARTESIAN_POINT('',(11.312586138864,-6.070604176508,
    35.432337696712));
#55 = DIRECTION('',(-0.499999999089,-0.707106781616,-0.500000000304));
#56 = DIRECTION('',(-0.707106782045,-4.488354132803E-13,0.707106780328)
  );
#57 = ADVANCED_FACE('',(#58),#99,.F.);
#58 = FACE_BOUND('',#59,.T.);
#59 = EDGE_LOOP('',(#60,#70,#78,#84,#85,#93));
#60 = ORIENTED_EDGE('',*,*,#61,.T.);
#61 = EDGE_CURVE('',#62,#64,#66,.T.);
#62 = VERTEX_POINT('',#63);
#63 = CARTESIAN_POINT('',(-5.718741335825,-5.67060420576,39.300000000004
    ));
#64 = VERTEX_POINT('',#65);
#65 = CARTESIAN_POINT('',(-5.718741335825,-5.270604497325,
    39.300000000004));
#66 = LINE('',#67,#68);
#67 = CARTESIAN_POINT('',(-5.718741335825,-5.870604497324,
    39.300000000004));
#68 = VECTOR('',#69,1.);
#69 = DIRECTION('',(0.,1.,0.));
#70 = ORIENTED_EDGE('',*,*,#71,.F.);
#71 = EDGE_CURVE('',#72,#64,#74,.T.);
#72 = VERTEX_POINT('',#73);
#73 = CARTESIAN_POINT('',(6.879238410622,-5.270604497325,39.300000000004
    ));
#74 = LINE('',#75,#76);
#75 = CARTESIAN_POINT('',(-11.78137851403,-5.270604216173,
    39.300000000004));
#76 = VECTOR('',#77,1.);
#77 = DIRECTION('',(-1.,-1.71761994E-09,-0.));
#78 = ORIENTED_EDGE('',*,*,#79,.T.);
#79 = EDGE_CURVE('',#72,#22,#80,.T.);
#80 = LINE('',#81,#82);
#81 = CARTESIAN_POINT('',(6.879238410622,-5.870604497324,39.300000000004
    ));
#82 = VECTOR('',#83,1.);
#83 = DIRECTION('',(0.,-1.,0.));
#84 = ORIENTED_EDGE('',*,*,#21,.T.);
#85 = ORIENTED_EDGE('',*,*,#86,.F.);
#86 = EDGE_CURVE('',#87,#24,#89,.T.);
#87 = VERTEX_POINT('',#88);
#88 = CARTESIAN_POINT('',(-6.850112185723,-6.470604207704,
    39.300000000004));
#89 = LINE('',#90,#91);
#90 = CARTESIAN_POINT('',(-13.28137852915,-6.47060421875,39.300000000004
    ));
#91 = VECTOR('',#92,1.);
#92 = DIRECTION('',(1.,1.71757385E-09,0.));
#93 = ORIENTED_EDGE('',*,*,#94,.T.);
#94 = EDGE_CURVE('',#87,#62,#95,.T.);
#95 = LINE('',#96,#97);
#96 = CARTESIAN_POINT('',(-10.52070390208,-9.066104507614,
    39.300000000004));
#97 = VECTOR('',#98,1.);
#98 = DIRECTION('',(0.816496580267,0.577350270125,0.));
#99 = PLANE('',#100);
#100 = AXIS2_PLACEMENT_3D('',#101,#102,#103);
#101 = CARTESIAN_POINT('',(-6.14300540454,-6.470604497322,
    39.300000000004));
#102 = DIRECTION('',(0.,0.,1.));
#103 = DIRECTION('',(1.,-4.7139E-13,0.));
#104 = ADVANCED_FACE('',(#105),#123,.F.);
#105 = FACE_BOUND('',#106,.T.);
#106 = EDGE_LOOP('',(#107,#108,#109,#117));
#107 = ORIENTED_EDGE('',*,*,#31,.F.);
#108 = ORIENTED_EDGE('',*,*,#79,.F.);
#109 = ORIENTED_EDGE('',*,*,#110,.F.);
#110 = EDGE_CURVE('',#111,#72,#113,.T.);
#111 = VERTEX_POINT('',#112);
#112 = CARTESIAN_POINT('',(10.47974347401,-5.270604497325,
    35.699494936616));
#113 = LINE('',#114,#115);
#114 = CARTESIAN_POINT('',(3.272158877834,-5.270604190317,
    42.907079532792));
#115 = VECTOR('',#116,1.);
#116 = DIRECTION('',(-0.707106781187,-1.21453213E-09,0.707106781186));
#117 = ORIENTED_EDGE('',*,*,#118,.F.);
#118 = EDGE_CURVE('',#32,#111,#119,.T.);
#119 = LINE('',#120,#121);
#120 = CARTESIAN_POINT('',(10.47974347401,-5.270604497325,
    35.699494936616));
#121 = VECTOR('',#122,1.);
#122 = DIRECTION('',(0.,1.,0.));
#123 = PLANE('',#124);
#124 = AXIS2_PLACEMENT_3D('',#125,#126,#127);
#125 = CARTESIAN_POINT('',(10.47974347401,-5.270604497325,
    35.699494936616));
#126 = DIRECTION('',(0.707106781186,0.,0.707106781187));
#127 = DIRECTION('',(-0.707106781187,2.E-16,0.707106781186));
#128 = ADVANCED_FACE('',(#129),#156,.F.);
#129 = FACE_BOUND('',#130,.F.);
#130 = EDGE_LOOP('',(#131,#140,#141,#150));
#131 = ORIENTED_EDGE('',*,*,#132,.F.);
#132 = EDGE_CURVE('',#32,#133,#135,.T.);
#133 = VERTEX_POINT('',#134);
#134 = CARTESIAN_POINT('',(-9.319246399213,-5.670604211945,
    35.699494936616));
#135 = CIRCLE('',#136,14.);
#136 = AXIS2_PLACEMENT_3D('',#137,#138,#139);
#137 = CARTESIAN_POINT('',(0.580248537399,-5.670604194942,
    25.800000000004));
#138 = DIRECTION('',(-1.71757385E-09,1.,-1.223999999993E-14));
#139 = DIRECTION('',(-0.707106781187,-1.214516771511E-09,-0.707106781187
    ));
#140 = ORIENTED_EDGE('',*,*,#39,.T.);
#141 = ORIENTED_EDGE('',*,*,#142,.F.);
#142 = EDGE_CURVE('',#143,#40,#145,.T.);
#143 = VERTEX_POINT('',#144);
#144 = CARTESIAN_POINT('',(-9.884931822788,-6.470604212916,
    36.265180361565));
#145 = CIRCLE('',#146,14.8);
#146 = AXIS2_PLACEMENT_3D('',#147,#148,#149);
#147 = CARTESIAN_POINT('',(0.580248538773,-6.470604194942,
    25.800000000004));
#148 = DIRECTION('',(1.71757385E-09,-1.,1.223999999993E-14));
#149 = DIRECTION('',(-0.707106781187,-1.214516771511E-09,-0.707106781187
    ));
#150 = ORIENTED_EDGE('',*,*,#151,.F.);
#151 = EDGE_CURVE('',#133,#143,#152,.T.);
#152 = LINE('',#153,#154);
#153 = CARTESIAN_POINT('',(-9.319246399213,-5.670604211945,
    35.699494936616));
#154 = VECTOR('',#155,1.);
#155 = DIRECTION('',(-0.499999998785,-0.707106782045,0.5));
#156 = CONICAL_SURFACE('',#157,14.4,0.785398163397);
#157 = AXIS2_PLACEMENT_3D('',#158,#159,#160);
#158 = CARTESIAN_POINT('',(0.580248538086,-6.070604194942,
    25.800000000004));
#159 = DIRECTION('',(1.71757383E-09,-1.,1.11E-14));
#160 = DIRECTION('',(-0.707106781187,-1.214515951267E-09,-0.707106781187
    ));
#161 = ADVANCED_FACE('',(#162,#237),#248,.F.);
#162 = FACE_BOUND('',#163,.F.);
#163 = EDGE_LOOP('',(#164,#174,#182,#190,#198,#206,#214,#222,#231));
#164 = ORIENTED_EDGE('',*,*,#165,.T.);
#165 = EDGE_CURVE('',#166,#168,#170,.T.);
#166 = VERTEX_POINT('',#167);
#167 = CARTESIAN_POINT('',(-27.71910268402,-6.470604243548,
    5.993754835269));
#168 = VERTEX_POINT('',#169);
#169 = CARTESIAN_POINT('',(-22.57612433124,-6.470604234714,
    37.030331618859));
#170 = LINE('',#171,#172);
#171 = CARTESIAN_POINT('',(-27.08015426849,-6.470604242451,
    9.849647316022));
#172 = VECTOR('',#173,1.);
#173 = DIRECTION('',(0.163477757348,2.807972E-10,0.986547020092));
#174 = ORIENTED_EDGE('',*,*,#175,.T.);
#175 = EDGE_CURVE('',#168,#176,#178,.T.);
#176 = VERTEX_POINT('',#177);
#177 = CARTESIAN_POINT('',(-19.98941835037,-6.470604230271,
    37.030331618859));
#178 = LINE('',#179,#180);
#179 = CARTESIAN_POINT('',(-10.52400010581,-6.470604214014,
    37.030331618859));
#180 = VECTOR('',#181,1.);
#181 = DIRECTION('',(1.,1.71757385E-09,-2.29E-15));
#182 = ORIENTED_EDGE('',*,*,#183,.T.);
#183 = EDGE_CURVE('',#176,#184,#186,.T.);
#184 = VERTEX_POINT('',#185);
#185 = CARTESIAN_POINT('',(-15.4197499161,-6.470604222422,
    41.600000053137));
#186 = LINE('',#187,#188);
#187 = CARTESIAN_POINT('',(-27.4197503638,-6.470604243034,
    29.599999605435));
#188 = VECTOR('',#189,1.);
#189 = DIRECTION('',(0.707106781187,1.214516769999E-09,0.707106781187));
#190 = ORIENTED_EDGE('',*,*,#191,.T.);
#191 = EDGE_CURVE('',#184,#192,#194,.T.);
#192 = VERTEX_POINT('',#193);
#193 = CARTESIAN_POINT('',(20.491810851684,-6.470604160742,
    41.600000053122));
#194 = LINE('',#195,#196);
#195 = CARTESIAN_POINT('',(1.830248363421,-6.470604192795,
    41.600000053137));
#196 = VECTOR('',#197,1.);
#197 = DIRECTION('',(1.,1.71757385E-09,6.43E-15));
#198 = ORIENTED_EDGE('',*,*,#199,.T.);
#199 = EDGE_CURVE('',#192,#200,#202,.T.);
#200 = VERTEX_POINT('',#201);
#201 = CARTESIAN_POINT('',(22.291810851684,-6.47060415765,
    40.312833765958));
#202 = LINE('',#203,#204);
#203 = CARTESIAN_POINT('',(20.491810851684,-6.470604160742,
    41.600000053122));
#204 = VECTOR('',#205,1.);
#205 = DIRECTION('',(0.813423008376,1.397107049104E-09,-0.581672596436)
  );
#206 = ORIENTED_EDGE('',*,*,#207,.F.);
#207 = EDGE_CURVE('',#208,#200,#210,.T.);
#208 = VERTEX_POINT('',#209);
#209 = CARTESIAN_POINT('',(22.291810851674,-6.470604157651,
    1.775735931275));
#210 = LINE('',#211,#212);
#211 = CARTESIAN_POINT('',(22.291810851675,-6.470604157651,
    2.474999999987));
#212 = VECTOR('',#213,1.);
#213 = DIRECTION('',(2.4991E-13,1.224E-14,1.));
#214 = ORIENTED_EDGE('',*,*,#215,.T.);
#215 = EDGE_CURVE('',#208,#216,#218,.T.);
#216 = VERTEX_POINT('',#217);
#217 = CARTESIAN_POINT('',(-17.52189625527,-6.470604226034,
    1.775735931288));
#218 = LINE('',#219,#220);
#219 = CARTESIAN_POINT('',(-16.47154238494,-6.470604224229,
    1.775735931288));
#220 = VECTOR('',#221,1.);
#221 = DIRECTION('',(-1.,-1.71757385E-09,0.));
#222 = ORIENTED_EDGE('',*,*,#223,.T.);
#223 = EDGE_CURVE('',#216,#224,#226,.T.);
#224 = VERTEX_POINT('',#225);
#225 = CARTESIAN_POINT('',(-17.6363093064,-6.47060422623,1.79913823639)
  );
#226 = ELLIPSE('',#227,0.565942983735,0.4);
#227 = AXIS2_PLACEMENT_3D('',#228,#229,#230);
#228 = CARTESIAN_POINT('',(-17.53396814076,-6.470604226054,
    2.341421356237));
#229 = DIRECTION('',(-1.71757385E-09,1.,-1.224000000001E-14));
#230 = DIRECTION('',(4.264173938218E-02,7.322810761452E-11,
    -0.99909042737));
#231 = ORIENTED_EDGE('',*,*,#232,.T.);
#232 = EDGE_CURVE('',#224,#166,#233,.T.);
#233 = LINE('',#234,#235);
#234 = CARTESIAN_POINT('',(-19.87892772461,-6.470604230082,
    2.732106322683));
#235 = VECTOR('',#236,1.);
#236 = DIRECTION('',(-0.923289637005,-1.58581343E-09,0.384104473027));
#237 = FACE_BOUND('',#238,.F.);
#238 = EDGE_LOOP('',(#239,#240,#246,#247));
#239 = ORIENTED_EDGE('',*,*,#86,.F.);
#240 = ORIENTED_EDGE('',*,*,#241,.T.);
#241 = EDGE_CURVE('',#87,#143,#242,.T.);
#242 = LINE('',#243,#244);
#243 = CARTESIAN_POINT('',(-19.13467933974,-6.470604228803,
    27.015432845982));
#244 = VECTOR('',#245,1.);
#245 = DIRECTION('',(-0.707106781187,-1.21451677E-09,-0.707106781186));
#246 = ORIENTED_EDGE('',*,*,#142,.T.);
#247 = ORIENTED_EDGE('',*,*,#47,.T.);
#248 = PLANE('',#249);
#249 = AXIS2_PLACEMENT_3D('',#250,#251,#252);
#250 = CARTESIAN_POINT('',(-20.41975165377,-6.470604231011,2.6));
#251 = DIRECTION('',(-1.71757385E-09,1.,-1.224E-14));
#252 = DIRECTION('',(1.,1.71757385E-09,5.94E-15));
#253 = ADVANCED_FACE('',(#254),#277,.F.);
#254 = FACE_BOUND('',#255,.T.);
#255 = EDGE_LOOP('',(#256,#262,#270,#276));
#256 = ORIENTED_EDGE('',*,*,#257,.F.);
#257 = EDGE_CURVE('',#133,#62,#258,.T.);
#258 = LINE('',#259,#260);
#259 = CARTESIAN_POINT('',(-18.56899391548,-5.670604227832,
    26.449747420346));
#260 = VECTOR('',#261,1.);
#261 = DIRECTION('',(0.707106781187,1.21451677E-09,0.707106781186));
#262 = ORIENTED_EDGE('',*,*,#263,.T.);
#263 = EDGE_CURVE('',#133,#264,#266,.T.);
#264 = VERTEX_POINT('',#265);
#265 = CARTESIAN_POINT('',(-9.319246399213,-5.270604497325,
    35.699494936616));
#266 = LINE('',#267,#268);
#267 = CARTESIAN_POINT('',(-9.319246399213,-5.270604497325,
    35.699494936616));
#268 = VECTOR('',#269,1.);
#269 = DIRECTION('',(0.,1.,0.));
#270 = ORIENTED_EDGE('',*,*,#271,.F.);
#271 = EDGE_CURVE('',#64,#264,#272,.T.);
#272 = LINE('',#273,#274);
#273 = CARTESIAN_POINT('',(-9.31140935078,-5.270604211931,
    35.707331985049));
#274 = VECTOR('',#275,1.);
#275 = DIRECTION('',(-0.707106781187,-1.21454927E-09,-0.707106781186));
#276 = ORIENTED_EDGE('',*,*,#61,.F.);
#277 = PLANE('',#278);
#278 = AXIS2_PLACEMENT_3D('',#279,#280,#281);
#279 = CARTESIAN_POINT('',(-5.718741335825,-5.270604497325,
    39.300000000004));
#280 = DIRECTION('',(-0.707106781186,0.,0.707106781187));
#281 = DIRECTION('',(-0.707106781187,0.,-0.707106781186));
#282 = ADVANCED_FACE('',(#283,#391),#403,.F.);
#283 = FACE_BOUND('',#284,.F.);
#284 = EDGE_LOOP('',(#285,#295,#303,#311,#319,#328,#336,#344,#352,#361,
    #369,#377,#385));
#285 = ORIENTED_EDGE('',*,*,#286,.F.);
#286 = EDGE_CURVE('',#287,#289,#291,.T.);
#287 = VERTEX_POINT('',#288);
#288 = CARTESIAN_POINT('',(-19.98941835243,-5.270604230271,
    37.030331618859));
#289 = VERTEX_POINT('',#290);
#290 = CARTESIAN_POINT('',(-15.41974991873,-5.270604222423,41.6000000529
    ));
#291 = LINE('',#292,#293);
#292 = CARTESIAN_POINT('',(-18.16216580081,-5.270604227133,
    38.857584170483));
#293 = VECTOR('',#294,1.);
#294 = DIRECTION('',(0.707106781187,1.214549269999E-09,0.707106781187));
#295 = ORIENTED_EDGE('',*,*,#296,.T.);
#296 = EDGE_CURVE('',#287,#297,#299,.T.);
#297 = VERTEX_POINT('',#298);
#298 = CARTESIAN_POINT('',(-19.41975162147,-5.270604229293,
    37.030331618859));
#299 = LINE('',#300,#301);
#300 = CARTESIAN_POINT('',(-9.024000090699,-5.270604211437,
    37.030331618859));
#301 = VECTOR('',#302,1.);
#302 = DIRECTION('',(1.,1.71761994E-09,-2.29E-15));
#303 = ORIENTED_EDGE('',*,*,#304,.F.);
#304 = EDGE_CURVE('',#305,#297,#307,.T.);
#305 = VERTEX_POINT('',#306);
#306 = CARTESIAN_POINT('',(-19.41975162144,-5.270604229875,
    6.200000000004));
#307 = LINE('',#308,#309);
#308 = CARTESIAN_POINT('',(-19.41975162147,-5.270604229293,
    19.615169112916));
#309 = VECTOR('',#310,1.);
#310 = DIRECTION('',(1.4E-16,1.212E-14,1.));
#311 = ORIENTED_EDGE('',*,*,#312,.T.);
#312 = EDGE_CURVE('',#305,#313,#315,.T.);
#313 = VERTEX_POINT('',#314);
#314 = CARTESIAN_POINT('',(-16.91975138079,-5.270604224999,
    6.200000000004));
#315 = LINE('',#316,#317);
#316 = CARTESIAN_POINT('',(-18.41975150114,-5.270604227576,
    6.200000000004));
#317 = VECTOR('',#318,1.);
#318 = DIRECTION('',(1.,1.71761994E-09,-2.4883E-13));
#319 = ORIENTED_EDGE('',*,*,#320,.T.);
#320 = EDGE_CURVE('',#313,#321,#323,.T.);
#321 = VERTEX_POINT('',#322);
#322 = CARTESIAN_POINT('',(-14.81975138079,-5.270604221392,
    4.100000000003));
#323 = CIRCLE('',#324,2.1);
#324 = AXIS2_PLACEMENT_3D('',#325,#326,#327);
#325 = CARTESIAN_POINT('',(-16.91975138079,-5.270604224999,
    4.100000000004));
#326 = DIRECTION('',(-1.71761994E-09,1.,-1.212E-14));
#327 = DIRECTION('',(2.4545E-13,1.212000042159E-14,1.));
#328 = ORIENTED_EDGE('',*,*,#329,.T.);
#329 = EDGE_CURVE('',#321,#330,#332,.T.);
#330 = VERTEX_POINT('',#331);
#331 = CARTESIAN_POINT('',(-14.81975138079,-5.270604221974,
    1.600000000003));
#332 = LINE('',#333,#334);
#333 = CARTESIAN_POINT('',(-14.81975138079,-5.270604221392,
    20.365169112918));
#334 = VECTOR('',#335,1.);
#335 = DIRECTION('',(-2.7015E-13,-1.212E-14,-1.));
#336 = ORIENTED_EDGE('',*,*,#337,.T.);
#337 = EDGE_CURVE('',#330,#338,#340,.T.);
#338 = VERTEX_POINT('',#339);
#339 = CARTESIAN_POINT('',(15.980248619201,-5.270604169071,
    1.599999999996));
#340 = LINE('',#341,#342);
#341 = CARTESIAN_POINT('',(-9.028905175662,-5.270604211446,
    1.600000000002));
#342 = VECTOR('',#343,1.);
#343 = DIRECTION('',(1.,1.71761994E-09,-2.5205E-13));
#344 = ORIENTED_EDGE('',*,*,#345,.T.);
#345 = EDGE_CURVE('',#338,#346,#348,.T.);
#346 = VERTEX_POINT('',#347);
#347 = CARTESIAN_POINT('',(15.980248619201,-5.27060416849,4.099999999995
    ));
#348 = LINE('',#349,#350);
#349 = CARTESIAN_POINT('',(15.980248619205,-5.270604168489,
    19.11516911291));
#350 = VECTOR('',#351,1.);
#351 = DIRECTION('',(2.5238E-13,1.212E-14,1.));
#352 = ORIENTED_EDGE('',*,*,#353,.T.);
#353 = EDGE_CURVE('',#346,#354,#356,.T.);
#354 = VERTEX_POINT('',#355);
#355 = CARTESIAN_POINT('',(18.080248619202,-5.270604164882,
    6.199999999995));
#356 = CIRCLE('',#357,2.1);
#357 = AXIS2_PLACEMENT_3D('',#358,#359,#360);
#358 = CARTESIAN_POINT('',(18.080248619201,-5.270604164883,
    4.099999999995));
#359 = DIRECTION('',(-1.71761994E-09,1.,-1.212E-14));
#360 = DIRECTION('',(-1.,-1.71761994E-09,2.4545E-13));
#361 = ORIENTED_EDGE('',*,*,#362,.T.);
#362 = EDGE_CURVE('',#354,#363,#365,.T.);
#363 = VERTEX_POINT('',#364);
#364 = CARTESIAN_POINT('',(20.580248378938,-5.270604160589,
    6.199999999994));
#365 = LINE('',#366,#367);
#366 = CARTESIAN_POINT('',(0.33024849886,-5.270604195371,6.2));
#367 = VECTOR('',#368,1.);
#368 = DIRECTION('',(1.,1.71761994E-09,-2.5594E-13));
#369 = ORIENTED_EDGE('',*,*,#370,.F.);
#370 = EDGE_CURVE('',#371,#363,#373,.T.);
#371 = VERTEX_POINT('',#372);
#372 = CARTESIAN_POINT('',(20.580248378554,-5.270604160588,
    41.536759049922));
#373 = LINE('',#374,#375);
#374 = CARTESIAN_POINT('',(20.580248378554,-5.270604160588,
    11.449996109299));
#375 = VECTOR('',#376,1.);
#376 = DIRECTION('',(6.43E-15,-1.212E-14,-1.));
#377 = ORIENTED_EDGE('',*,*,#378,.F.);
#378 = EDGE_CURVE('',#379,#371,#381,.T.);
#379 = VERTEX_POINT('',#380);
#380 = CARTESIAN_POINT('',(20.491810849623,-5.27060416074,41.60000005313
    ));
#381 = LINE('',#382,#383);
#382 = CARTESIAN_POINT('',(9.125273176284,-5.270604180264,49.72812455029
    ));
#383 = VECTOR('',#384,1.);
#384 = DIRECTION('',(0.813423008376,1.397144528969E-09,-0.581672596436)
  );
#385 = ORIENTED_EDGE('',*,*,#386,.F.);
#386 = EDGE_CURVE('',#289,#379,#387,.T.);
#387 = LINE('',#388,#389);
#388 = CARTESIAN_POINT('',(3.33024837854,-5.270604190217,41.600000053138
    ));
#389 = VECTOR('',#390,1.);
#390 = DIRECTION('',(1.,1.71761994E-09,6.43E-15));
#391 = FACE_BOUND('',#392,.F.);
#392 = EDGE_LOOP('',(#393,#394,#395,#402));
#393 = ORIENTED_EDGE('',*,*,#71,.F.);
#394 = ORIENTED_EDGE('',*,*,#110,.F.);
#395 = ORIENTED_EDGE('',*,*,#396,.F.);
#396 = EDGE_CURVE('',#264,#111,#397,.T.);
#397 = CIRCLE('',#398,14.);
#398 = AXIS2_PLACEMENT_3D('',#399,#400,#401);
#399 = CARTESIAN_POINT('',(0.580248537399,-5.270604194941,
    25.800000000004));
#400 = DIRECTION('',(1.71761994E-09,-1.,1.212000000012E-14));
#401 = DIRECTION('',(0.707106781187,1.214549277209E-09,0.707106781187));
#402 = ORIENTED_EDGE('',*,*,#271,.F.);
#403 = PLANE('',#404);
#404 = AXIS2_PLACEMENT_3D('',#405,#406,#407);
#405 = CARTESIAN_POINT('',(-17.41975162147,-5.270604225858,
    36.630338225833));
#406 = DIRECTION('',(1.71761994E-09,-1.,1.212E-14));
#407 = DIRECTION('',(-1.4E-16,-1.212000000024E-14,-1.));
#408 = ADVANCED_FACE('',(#409),#415,.T.);
#409 = FACE_BOUND('',#410,.T.);
#410 = EDGE_LOOP('',(#411,#412,#413,#414));
#411 = ORIENTED_EDGE('',*,*,#94,.F.);
#412 = ORIENTED_EDGE('',*,*,#241,.T.);
#413 = ORIENTED_EDGE('',*,*,#151,.F.);
#414 = ORIENTED_EDGE('',*,*,#257,.T.);
#415 = PLANE('',#416);
#416 = AXIS2_PLACEMENT_3D('',#417,#418,#419);
#417 = CARTESIAN_POINT('',(-18.85183662761,-6.070604228318,
    26.732590133164));
#418 = DIRECTION('',(0.500000000911,-0.707106780757,-0.499999999696));
#419 = DIRECTION('',(-0.707106780328,-4.489741911584E-13,-0.707106782045
    ));
#420 = ADVANCED_FACE('',(#421),#427,.F.);
#421 = FACE_BOUND('',#422,.F.);
#422 = EDGE_LOOP('',(#423,#424,#425,#426));
#423 = ORIENTED_EDGE('',*,*,#263,.T.);
#424 = ORIENTED_EDGE('',*,*,#396,.T.);
#425 = ORIENTED_EDGE('',*,*,#118,.F.);
#426 = ORIENTED_EDGE('',*,*,#132,.T.);
#427 = CYLINDRICAL_SURFACE('',#428,14.);
#428 = AXIS2_PLACEMENT_3D('',#429,#430,#431);
#429 = CARTESIAN_POINT('',(0.580248537399,-5.270604497325,
    25.800000000004));
#430 = DIRECTION('',(0.,-1.,0.));
#431 = DIRECTION('',(1.67E-15,0.,-1.));
#432 = ADVANCED_FACE('',(#433,#531,#548),#868,.T.);
#433 = FACE_BOUND('',#434,.T.);
#434 = EDGE_LOOP('',(#435,#445,#453,#461,#469,#477,#486,#492,#493,#501,
    #509,#517,#525));
#435 = ORIENTED_EDGE('',*,*,#436,.F.);
#436 = EDGE_CURVE('',#437,#439,#441,.T.);
#437 = VERTEX_POINT('',#438);
#438 = CARTESIAN_POINT('',(-34.33407754383,-2.795613362718,
    18.436919256261));
#439 = VERTEX_POINT('',#440);
#440 = CARTESIAN_POINT('',(-34.33407754411,-2.635449794892,
    20.718999435181));
#441 = LINE('',#442,#443);
#442 = CARTESIAN_POINT('',(-34.33407754381,-2.80799907573,
    18.260442229994));
#443 = VECTOR('',#444,1.);
#444 = DIRECTION('',(-1.2025013E-10,7.001093292136E-02,0.997546224128));
#445 = ORIENTED_EDGE('',*,*,#446,.F.);
#446 = EDGE_CURVE('',#447,#437,#449,.T.);
#447 = VERTEX_POINT('',#448);
#448 = CARTESIAN_POINT('',(-38.02501096045,-1.586694408151,
    13.388270508215));
#449 = LINE('',#450,#451);
#450 = CARTESIAN_POINT('',(-33.16139960106,-3.179709316937,
    20.040968519509));
#451 = VECTOR('',#452,1.);
#452 = DIRECTION('',(0.579449898333,-0.189791547624,0.792601402833));
#453 = ORIENTED_EDGE('',*,*,#454,.T.);
#454 = EDGE_CURVE('',#447,#455,#457,.T.);
#455 = VERTEX_POINT('',#456);
#456 = CARTESIAN_POINT('',(-39.21207621079,-1.083927663926,
    13.388270508215));
#457 = LINE('',#458,#459);
#458 = CARTESIAN_POINT('',(-30.92176227949,-4.595187169388,
    13.388270508215));
#459 = VECTOR('',#460,1.);
#460 = DIRECTION('',(-0.92081496549,0.389999742729,-4.640000000002E-15)
  );
#461 = ORIENTED_EDGE('',*,*,#462,.T.);
#462 = EDGE_CURVE('',#455,#463,#465,.T.);
#463 = VERTEX_POINT('',#464);
#464 = CARTESIAN_POINT('',(-39.21207621055,-1.224293957192,
    11.388270508215));
#465 = LINE('',#466,#467);
#466 = CARTESIAN_POINT('',(-39.21207621136,-0.7521099613,18.116153462226
    ));
#467 = VECTOR('',#468,1.);
#468 = DIRECTION('',(1.2025013E-10,-7.001093292136E-02,-0.997546224128)
  );
#469 = ORIENTED_EDGE('',*,*,#470,.F.);
#470 = EDGE_CURVE('',#471,#463,#473,.T.);
#471 = VERTEX_POINT('',#472);
#472 = CARTESIAN_POINT('',(-35.50382295962,-3.159238201342,
    6.196715961569));
#473 = LINE('',#474,#475);
#474 = CARTESIAN_POINT('',(-33.36451513115,-4.275516160008,
    3.201685004395));
#475 = VECTOR('',#476,1.);
#476 = DIRECTION('',(-0.556219556145,0.29023201918,0.778707377905));
#477 = ORIENTED_EDGE('',*,*,#478,.T.);
#478 = EDGE_CURVE('',#471,#479,#481,.T.);
#479 = VERTEX_POINT('',#480);
#480 = CARTESIAN_POINT('',(-35.17650661682,-3.312113423763,
    5.993754835269));
#481 = ELLIPSE('',#482,0.568818544096,0.4);
#482 = AXIS2_PLACEMENT_3D('',#483,#484,#485);
#483 = CARTESIAN_POINT('',(-35.25810399227,-3.239153820299,
    6.540895428828));
#484 = DIRECTION('',(-0.38918787185,-0.918898085108,6.449115900124E-02)
  );
#485 = DIRECTION('',(0.321545754758,-0.201126283662,-0.925287277346));
#486 = ORIENTED_EDGE('',*,*,#487,.F.);
#487 = EDGE_CURVE('',#166,#479,#488,.T.);
#488 = LINE('',#489,#490);
#489 = CARTESIAN_POINT('',(-22.11072413725,-8.845963324734,
    5.993754835269));
#490 = VECTOR('',#491,1.);
#491 = DIRECTION('',(-0.92081496549,0.389999742729,-6.170000000003E-15)
  );
#492 = ORIENTED_EDGE('',*,*,#165,.T.);
#493 = ORIENTED_EDGE('',*,*,#494,.F.);
#494 = EDGE_CURVE('',#495,#168,#497,.T.);
#495 = VERTEX_POINT('',#496);
#496 = CARTESIAN_POINT('',(-34.33407754608,-1.490669176462,
    37.030331618859));
#497 = LINE('',#498,#499);
#498 = CARTESIAN_POINT('',(-18.29193332312,-8.285120129426,
    37.030331618859));
#499 = VECTOR('',#500,1.);
#500 = DIRECTION('',(0.92081496549,-0.389999742729,3.400000000002E-15));
#501 = ORIENTED_EDGE('',*,*,#502,.F.);
#502 = EDGE_CURVE('',#503,#495,#505,.T.);
#503 = VERTEX_POINT('',#504);
#504 = CARTESIAN_POINT('',(-34.33407754518,-2.011991159023,
    29.602309257804));
#505 = LINE('',#506,#507);
#506 = CARTESIAN_POINT('',(-34.33407754381,-2.80799907573,
    18.260442229994));
#507 = VECTOR('',#508,1.);
#508 = DIRECTION('',(-1.2025013E-10,7.001093292136E-02,0.997546224128));
#509 = ORIENTED_EDGE('',*,*,#510,.T.);
#510 = EDGE_CURVE('',#503,#511,#513,.T.);
#511 = VERTEX_POINT('',#512);
#512 = CARTESIAN_POINT('',(-27.64661763507,-5.058172329051,
    26.556128097832));
#513 = LINE('',#514,#515);
#514 = CARTESIAN_POINT('',(-22.39899009779,-7.448500556247,
    24.165799878529));
#515 = VECTOR('',#516,1.);
#516 = DIRECTION('',(0.840670942813,-0.382931042669,-0.382931041405));
#517 = ORIENTED_EDGE('',*,*,#518,.T.);
#518 = EDGE_CURVE('',#511,#519,#521,.T.);
#519 = VERTEX_POINT('',#520);
#520 = CARTESIAN_POINT('',(-28.21240870627,-5.058172313106,
    23.141721973482));
#521 = LINE('',#522,#523);
#522 = CARTESIAN_POINT('',(-28.62636797508,-5.05817230144,
    20.643582404622));
#523 = VECTOR('',#524,1.);
#524 = DIRECTION('',(-0.16347776858,4.607167219999E-09,-0.986547018231)
  );
#525 = ORIENTED_EDGE('',*,*,#526,.T.);
#526 = EDGE_CURVE('',#519,#439,#527,.T.);
#527 = LINE('',#528,#529);
#528 = CARTESIAN_POINT('',(-18.32728806765,-8.970325191809,
    27.05387488462));
#529 = VECTOR('',#530,1.);
#530 = DIRECTION('',(-0.872620692498,0.345349913165,-0.345349916028));
#531 = FACE_BOUND('',#532,.T.);
#532 = EDGE_LOOP('',(#533));
#533 = ORIENTED_EDGE('',*,*,#534,.T.);
#534 = EDGE_CURVE('',#535,#535,#537,.T.);
#535 = VERTEX_POINT('',#536);
#536 = CARTESIAN_POINT('',(-33.62830934279,-1.996396633692,
    34.083639856394));
#537 = B_SPLINE_CURVE_WITH_KNOTS('',3,(#538,#539,#540,#541,#542,#543,
    #544,#545,#546,#547),.UNSPECIFIED.,.T.,.F.,(1,3,1,1,1,1,1,1,3,1),(
    -4.039190554616,-3.14159265359,-2.243994752564,-1.346396851538,
    -0.448798950513,0.448798950513,1.346396851538,2.243994752564,
    3.14159265359,4.039190554616),.UNSPECIFIED.);
#538 = CARTESIAN_POINT('',(-33.62830934279,-1.996396633692,
    34.083639856394));
#539 = CARTESIAN_POINT('',(-33.470926162,-1.996396633817,35.033407639012
    ));
#540 = CARTESIAN_POINT('',(-32.24546257642,-2.394256802625,
    36.759886420998));
#541 = CARTESIAN_POINT('',(-29.11120780922,-3.707911963624,
    36.956792957415));
#542 = CARTESIAN_POINT('',(-26.99070119245,-4.77096353983,
    34.606694080784));
#543 = CARTESIAN_POINT('',(-27.50653776428,-4.774548157643,
    31.442675334352));
#544 = CARTESIAN_POINT('',(-30.27847780159,-3.707650061695,
    29.916344777294));
#545 = CARTESIAN_POINT('',(-33.18261576645,-2.394595888972,
    31.099571936492));
#546 = CARTESIAN_POINT('',(-33.78569252358,-1.996396633568,
    33.133872073776));
#547 = CARTESIAN_POINT('',(-33.62830934279,-1.996396633692,
    34.083639856394));
#548 = FACE_BOUND('',#549,.T.);
#549 = EDGE_LOOP('',(#550));
#550 = ORIENTED_EDGE('',*,*,#551,.T.);
#551 = EDGE_CURVE('',#552,#552,#554,.T.);
#552 = VERTEX_POINT('',#553);
#553 = CARTESIAN_POINT('',(-33.62502606572,-3.392801395419,
    14.206871167106));
#554 = B_SPLINE_CURVE_WITH_KNOTS('',3,(#555,#556,#557,#558,#559,#560,
    #561,#562,#563,#564,#565,#566,#567,#568,#569,#570,#571,#572,#573,
    #574,#575,#576,#577,#578,#579,#580,#581,#582,#583,#584,#585,#586,
    #587,#588,#589,#590,#591,#592,#593,#594,#595,#596,#597,#598,#599,
    #600,#601,#602,#603,#604,#605,#606,#607,#608,#609,#610,#611,#612,
    #613,#614,#615,#616,#617,#618,#619,#620,#621,#622,#623,#624,#625,
    #626,#627,#628,#629,#630,#631,#632,#633,#634,#635,#636,#637,#638,
    #639,#640,#641,#642,#643,#644,#645,#646,#647,#648,#649,#650,#651,
    #652,#653,#654,#655,#656,#657,#658,#659,#660,#661,#662,#663,#664,
    #665,#666,#667,#668,#669,#670,#671,#672,#673,#674,#675,#676,#677,
    #678,#679,#680,#681,#682,#683,#684,#685,#686,#687,#688,#689,#690,
    #691,#692,#693,#694,#695,#696,#697,#698,#699,#700,#701,#702,#703,
    #704,#705,#706,#707,#708,#709,#710,#711,#712,#713,#714,#715,#716,
    #717,#718,#719,#720,#721,#722,#723,#724,#725,#726,#727,#728,#729,
    #730,#731,#732,#733,#734,#735,#736,#737,#738,#739,#740,#741,#742,
    #743,#744,#745,#746,#747,#748,#749,#750,#751,#752,#753,#754,#755,
    #756,#757,#758,#759,#760,#761,#762,#763,#764,#765,#766,#767,#768,
    #769,#770,#771,#772,#773,#774,#775,#776,#777,#778,#779,#780,#781,
    #782,#783,#784,#785,#786,#787,#788,#789,#790,#791,#792,#793,#794,
    #795,#796,#797,#798,#799,#800,#801,#802,#803,#804,#805,#806,#807,
    #808,#809,#810,#811,#812,#813,#814,#815,#816,#817,#818,#819,#820,
    #821,#822,#823,#824,#825,#826,#827,#828,#829,#830,#831,#832,#833,
    #834,#835,#836,#837,#838,#839,#840,#841,#842,#843,#844,#845,#846,
    #847,#848,#849,#850,#851,#852,#853,#854,#855,#856,#857,#858,#859,
    #860,#861,#862,#863,#864,#865,#866,#867),.UNSPECIFIED.,.T.,.F.,(1,3,
    3,3,3,3,3,3,3,3,3,3,3,3,3,3,3,3,3,3,3,3,3,3,3,3,3,3,3,3,3,3,3,3,3,3,
    3,3,3,3,3,3,3,3,3,3,3,3,3,3,3,3,3,3,3,3,3,3,3,3,3,3,3,3,3,3,3,3,3,3,
    3,3,3,3,3,3,3,3,3,3,3,3,3,3,3,3,3,3,3,3,3,3,3,3,3,3,3,3,3,3,3,3,3,3,
    3,3,1),(-3.428121426764,-3.426703422058,-3.386615101046,
    -3.345869305829,-3.316288163983,-3.304778589686,-3.294002103383,
    -3.254565411821,-3.214469582825,-3.188157229884,-3.176358408098,
    -3.168383987778,-3.16333383319,-3.135668791387,-3.109220171062,
    -3.082059013258,-3.054359165605,-3.026059976928,-3.017718277404,
    -3.001441181632,-2.963072641823,-2.925336713802,-2.888138125951,
    -2.860239185062,-2.849777082229,-2.847354796083,-2.821748266002,
    -2.795248204066,-2.776542362395,-2.750466814346,-2.723738613564,
    -2.696298268984,-2.686141587348,-2.680492765328,-2.677754075578,
    -2.675581967468,-2.63071775953,-2.586837124307,-2.543878954166,
    -2.50073032978,-2.492639962707,-2.486743595297,-2.484347796963,
    -2.459555123146,-2.43593702111,-2.412925905147,-2.390839474587,
    -2.37128445662,-2.352911030371,-2.34770432904,-2.345449266176,
    -2.343474392697,-2.31020379819,-2.278082540206,-2.246539374884,
    -2.225385657604,-2.220595891489,-2.21731129291,-2.147310464775,
    -2.143733643345,-2.117735991924,-2.092507298037,-2.07730963664,
    -2.073851329528,-2.070401351405,-2.035994699725,-2.001472052359,
    -1.978130395476,-1.966646267346,-1.958549699223,-1.926521442723,
    -1.895390273717,-1.864729327661,-1.85223169507,-1.847025979078,
    -1.843658713917,-1.84134573656,-1.819711291594,-1.814738797296,
    -1.792722520201,-1.770441253696,-1.747847902383,-1.72488842918,
    -1.711478640624,-1.709573362879,-1.708015063906,-1.674550541076,
    -1.641530381366,-1.608730739092,-1.595701108658,-1.589136306395,
    -1.549734059333,-1.530032935803,-1.52069727484,-1.516902717511,
    -1.510331812272,-1.485140956866,-1.459621340293,-1.449747196156,
    -1.442613002106,-1.368137804121,-1.328122809989,-1.314645096519,
    -1.261361462056,-1.208077827593,-1.206659822887,-1.166571501875),
  .UNSPECIFIED.);
#555 = CARTESIAN_POINT('',(-33.62502606572,-3.392801395419,
    14.206871167106));
#556 = CARTESIAN_POINT('',(-33.60436365964,-3.392801395435,
    14.331563573933));
#557 = CARTESIAN_POINT('',(-33.57594789415,-3.396229136588,
    14.454205601797));
#558 = CARTESIAN_POINT('',(-33.54050728727,-3.40282027938,14.57416725232
    ));
#559 = CARTESIAN_POINT('',(-33.50448543168,-3.409519521145,
    14.69609635094));
#560 = CARTESIAN_POINT('',(-33.46120635724,-3.419486798507,
    14.815256541475));
#561 = CARTESIAN_POINT('',(-33.41139467263,-3.43245921249,
    14.931020892335));
#562 = CARTESIAN_POINT('',(-33.37523176306,-3.441877087784,
    15.015064943143));
#563 = CARTESIAN_POINT('',(-33.33562488936,-3.452879175614,
    15.097319899153));
#564 = CARTESIAN_POINT('',(-33.29283867413,-3.465369491788,
    15.177556454263));
#565 = CARTESIAN_POINT('',(-33.27619120577,-3.47022928465,
    15.208775282704));
#566 = CARTESIAN_POINT('',(-33.25906231584,-3.475314416366,
    15.23968864281));
#567 = CARTESIAN_POINT('',(-33.24146717543,-3.480619385382,
    15.270283369448));
#568 = CARTESIAN_POINT('',(-33.22499273557,-3.485586461007,
    15.298929403095));
#569 = CARTESIAN_POINT('',(-33.20811326903,-3.490745151022,
    15.327289465345));
#570 = CARTESIAN_POINT('',(-33.190846187,-3.496089291554,15.355346309624
    ));
#571 = CARTESIAN_POINT('',(-33.12765707611,-3.515646243226,
    15.458020695589));
#572 = CARTESIAN_POINT('',(-33.05926294849,-3.537690843918,
    15.556660938834));
#573 = CARTESIAN_POINT('',(-32.98629662017,-3.561988532844,
    15.650790278469));
#574 = CARTESIAN_POINT('',(-32.91211074639,-3.586692328766,
    15.746492878156));
#575 = CARTESIAN_POINT('',(-32.83319854545,-3.613725160294,
    15.837532557234));
#576 = CARTESIAN_POINT('',(-32.75018822958,-3.642853496012,
    15.923445670689));
#577 = CARTESIAN_POINT('',(-32.69571381707,-3.661968577784,
    15.979825005399));
#578 = CARTESIAN_POINT('',(-32.63947380966,-3.681986347538,
    16.033997368798));
#579 = CARTESIAN_POINT('',(-32.58163739972,-3.702843752009,
    16.085840137989));
#580 = CARTESIAN_POINT('',(-32.55570275621,-3.712196499702,
    16.109087150369));
#581 = CARTESIAN_POINT('',(-32.52944702932,-3.721718107548,
    16.131865826961));
#582 = CARTESIAN_POINT('',(-32.50288505555,-3.731403038269,
    16.154165530872));
#583 = CARTESIAN_POINT('',(-32.48493272546,-3.737948751877,
    16.169237138463));
#584 = CARTESIAN_POINT('',(-32.46684049812,-3.744569072376,
    16.184089959252));
#585 = CARTESIAN_POINT('',(-32.44861288813,-3.751262313521,
    16.198720775057));
#586 = CARTESIAN_POINT('',(-32.43706944742,-3.755501104695,
    16.207986386675));
#587 = CARTESIAN_POINT('',(-32.42547001815,-3.759769771716,
    16.217164191015));
#588 = CARTESIAN_POINT('',(-32.41383269766,-3.764061615922,
    16.226240420718));
#589 = CARTESIAN_POINT('',(-32.3500827763,-3.787572589165,
    16.275960537161));
#590 = CARTESIAN_POINT('',(-32.28508797154,-3.81181823835,
    16.322725228363));
#591 = CARTESIAN_POINT('',(-32.21894603135,-3.836754728213,
    16.366569193966));
#592 = CARTESIAN_POINT('',(-32.15571232739,-3.86059477,16.4084853569));
#593 = CARTESIAN_POINT('',(-32.09142948553,-3.885066504065,
    16.447732175925));
#594 = CARTESIAN_POINT('',(-32.0261488755,-3.910147711541,16.48431623187
    ));
#595 = CARTESIAN_POINT('',(-31.95910957709,-3.935904617792,
    16.521885878393));
#596 = CARTESIAN_POINT('',(-31.89101809419,-3.962304171984,
    16.556648465433));
#597 = CARTESIAN_POINT('',(-31.8219746064,-3.989295259836,
    16.588727732806));
#598 = CARTESIAN_POINT('',(-31.7515617725,-4.016821664523,
    16.621443231367));
#599 = CARTESIAN_POINT('',(-31.68015829333,-4.044963503521,
    16.651368048402));
#600 = CARTESIAN_POINT('',(-31.6078412829,-4.07368197974,16.678589618171
    ));
#601 = CARTESIAN_POINT('',(-31.53395955082,-4.103021837029,
    16.706400180477));
#602 = CARTESIAN_POINT('',(-31.45912377378,-4.132963776287,
    16.731389437669));
#603 = CARTESIAN_POINT('',(-31.38339415969,-4.163479104413,
    16.753602881829));
#604 = CARTESIAN_POINT('',(-31.36107148137,-4.172474051265,
    16.760150697693));
#605 = CARTESIAN_POINT('',(-31.33867102694,-4.181518888869,
    16.766457007574));
#606 = CARTESIAN_POINT('',(-31.31619409495,-4.190613042056,
    16.772522170328));
#607 = CARTESIAN_POINT('',(-31.27233502601,-4.208358395022,
    16.784357076959));
#608 = CARTESIAN_POINT('',(-31.22787824315,-4.226415492399,
    16.795357166245));
#609 = CARTESIAN_POINT('',(-31.18280358049,-4.244795482648,
    16.805485286131));
#610 = CARTESIAN_POINT('',(-31.07655311587,-4.288120987234,
    16.829359395893));
#611 = CARTESIAN_POINT('',(-30.96836105525,-4.332632677918,
    16.848049252078));
#612 = CARTESIAN_POINT('',(-30.8587609204,-4.378122483779,16.86129987051
    ));
#613 = CARTESIAN_POINT('',(-30.75096784774,-4.42286226403,
    16.874332015748));
#614 = CARTESIAN_POINT('',(-30.64181263882,-4.468548218917,
    16.88210280176));
#615 = CARTESIAN_POINT('',(-30.53184773264,-4.514964331825,
    16.884356297375));
#616 = CARTESIAN_POINT('',(-30.42344867006,-4.560719503205,
    16.886577704374));
#617 = CARTESIAN_POINT('',(-30.31426268444,-4.607184237729,
    16.883437829028));
#618 = CARTESIAN_POINT('',(-30.20486465367,-4.654133174991,
    16.874678461449));
#619 = CARTESIAN_POINT('',(-30.12281613059,-4.689344877938,
    16.868108935765));
#620 = CARTESIAN_POINT('',(-30.04064923957,-4.724828579025,
    16.85837818291));
#621 = CARTESIAN_POINT('',(-29.95862444702,-4.760481953297,
    16.845372324349));
#622 = CARTESIAN_POINT('',(-29.92786514981,-4.77385196865,
    16.840495127389));
#623 = CARTESIAN_POINT('',(-29.89712599526,-4.787245779546,
    16.835157325293));
#624 = CARTESIAN_POINT('',(-29.86642130469,-4.800657752894,
    16.829352755249));
#625 = CARTESIAN_POINT('',(-29.85931226096,-4.803763021284,
    16.828008825656));
#626 = CARTESIAN_POINT('',(-29.85220074189,-4.806871156076,
    16.826638992388));
#627 = CARTESIAN_POINT('',(-29.84511386526,-4.809970299332,
    16.825248563533));
#628 = CARTESIAN_POINT('',(-29.77019690301,-4.842732037727,
    16.81055002828));
#629 = CARTESIAN_POINT('',(-29.69751689568,-4.874714474071,
    16.793455869161));
#630 = CARTESIAN_POINT('',(-29.62717896368,-4.90584899229,
    16.774309382603));
#631 = CARTESIAN_POINT('',(-29.55438661156,-4.93806993978,
    16.754494785387));
#632 = CARTESIAN_POINT('',(-29.48410250717,-4.969382808786,
    16.732482243243));
#633 = CARTESIAN_POINT('',(-29.41639270303,-4.999733845113,
    16.708639059024));
#634 = CARTESIAN_POINT('',(-29.36859776281,-5.021158009384,
    16.691808651985));
#635 = CARTESIAN_POINT('',(-29.32208442871,-5.042103402119,
    16.674065820556));
#636 = CARTESIAN_POINT('',(-29.27686227692,-5.062557194678,
    16.655535562768));
#637 = CARTESIAN_POINT('',(-29.21382355284,-5.091069349332,
    16.629704774941));
#638 = CARTESIAN_POINT('',(-29.15329405606,-5.118625897137,
    16.60234733555));
#639 = CARTESIAN_POINT('',(-29.09523114369,-5.145214951146,
    16.573889954023));
#640 = CARTESIAN_POINT('',(-29.03571495723,-5.172469510585,
    16.544720304137));
#641 = CARTESIAN_POINT('',(-28.97879018976,-5.198707622161,
    16.51439488581));
#642 = CARTESIAN_POINT('',(-28.92438817918,-5.223929634268,
    16.483323093347));
#643 = CARTESIAN_POINT('',(-28.86853668629,-5.249823659416,
    16.451423426817));
#644 = CARTESIAN_POINT('',(-28.81534396216,-5.274646813267,
    16.418737001702));
#645 = CARTESIAN_POINT('',(-28.76471508924,-5.298411787123,
    16.385655790364));
#646 = CARTESIAN_POINT('',(-28.74597547966,-5.307208078761,
    16.373411216294));
#647 = CARTESIAN_POINT('',(-28.7275869383,-5.315859509867,
    16.361112070029));
#648 = CARTESIAN_POINT('',(-28.70954405459,-5.324367093988,
    16.348776561456));
#649 = CARTESIAN_POINT('',(-28.69950917879,-5.329098740626,
    16.341915945464));
#650 = CARTESIAN_POINT('',(-28.68958121754,-5.333785895424,
    16.33504406621));
#651 = CARTESIAN_POINT('',(-28.67975920252,-5.338428756693,
    16.328163941615));
#652 = CARTESIAN_POINT('',(-28.67499724477,-5.340679731591,
    16.324828285679));
#653 = CARTESIAN_POINT('',(-28.67026018984,-5.342920295312,
    16.321490690419));
#654 = CARTESIAN_POINT('',(-28.66554792527,-5.345150471831,
    16.318151492963));
#655 = CARTESIAN_POINT('',(-28.66181053658,-5.346919268207,
    16.315503110511));
#656 = CARTESIAN_POINT('',(-28.6580903965,-5.348680745009,
    16.312854929594));
#657 = CARTESIAN_POINT('',(-28.6543702518,-5.350443066526,
    16.310194740638));
#658 = CARTESIAN_POINT('',(-28.57753183636,-5.386843261627,
    16.255249376781));
#659 = CARTESIAN_POINT('',(-28.50228226534,-5.422851278537,
    16.196303663285));
#660 = CARTESIAN_POINT('',(-28.42901380077,-5.458295917728,
    16.133429722992));
#661 = CARTESIAN_POINT('',(-28.35735162473,-5.492963492492,
    16.071934188671));
#662 = CARTESIAN_POINT('',(-28.28758454905,-5.52709216981,
    16.006680647103));
#663 = CARTESIAN_POINT('',(-28.22012003575,-5.560503203893,
    15.937757015486));
#664 = CARTESIAN_POINT('',(-28.15407377125,-5.593211866368,
    15.870282306455));
#665 = CARTESIAN_POINT('',(-28.09023418715,-5.625232788087,
    15.799290067377));
#666 = CARTESIAN_POINT('',(-28.02902411901,-5.656379571545,
    15.724884465178));
#667 = CARTESIAN_POINT('',(-27.96754267718,-5.687664443687,
    15.65014898713));
#668 = CARTESIAN_POINT('',(-27.90871383903,-5.718067544245,
    15.571969580245));
#669 = CARTESIAN_POINT('',(-27.85301043254,-5.747379456665,
    15.490476705101));
#670 = CARTESIAN_POINT('',(-27.84256604382,-5.752875440244,
    15.475196791012));
#671 = CARTESIAN_POINT('',(-27.8322316654,-5.758333000571,
    15.459800463745));
#672 = CARTESIAN_POINT('',(-27.82201059927,-5.76375067123,
    15.444288690738));
#673 = CARTESIAN_POINT('',(-27.81456134998,-5.767699141853,
    15.432983503717));
#674 = CARTESIAN_POINT('',(-27.80717228988,-5.771626423752,
    15.421616996233));
#675 = CARTESIAN_POINT('',(-27.7998447175,-5.775531939828,
    15.410189554756));
#676 = CARTESIAN_POINT('',(-27.79686739528,-5.777118820064,
    15.405546383231));
#677 = CARTESIAN_POINT('',(-27.79390034977,-5.77870203685,
    15.400893392813));
#678 = CARTESIAN_POINT('',(-27.79093596669,-5.780285674889,
    15.396218333107));
#679 = CARTESIAN_POINT('',(-27.76025935184,-5.79667379102,
    15.347838956303));
#680 = CARTESIAN_POINT('',(-27.730068928,-5.812999539943,15.297414174522
    ));
#681 = CARTESIAN_POINT('',(-27.70059358573,-5.829175550719,
    15.244807590214));
#682 = CARTESIAN_POINT('',(-27.67251466021,-5.844585210679,
    15.194693282857));
#683 = CARTESIAN_POINT('',(-27.64508462432,-5.859859014073,
    15.142598833773));
#684 = CARTESIAN_POINT('',(-27.61854404927,-5.874902990979,
    15.088411380734));
#685 = CARTESIAN_POINT('',(-27.59268556796,-5.889560337136,
    15.035616547187));
#686 = CARTESIAN_POINT('',(-27.56767122826,-5.903999610831,
    14.980834723292));
#687 = CARTESIAN_POINT('',(-27.54376695324,-5.918114982878,
    14.923969030684));
#688 = CARTESIAN_POINT('',(-27.52082325459,-5.931663138694,
    14.869388445672));
#689 = CARTESIAN_POINT('',(-27.49890213808,-5.944912937552,
    14.812887955229));
#690 = CARTESIAN_POINT('',(-27.47828088123,-5.95775229659,
    14.754391264744));
#691 = CARTESIAN_POINT('',(-27.46002310766,-5.969120086237,
    14.702599109814));
#692 = CARTESIAN_POINT('',(-27.44278471701,-5.980165952744,
    14.649242137106));
#693 = CARTESIAN_POINT('',(-27.42678854039,-5.990798667081,
    14.59427548804));
#694 = CARTESIAN_POINT('',(-27.41175891618,-6.00078891066,
    14.542630141843));
#695 = CARTESIAN_POINT('',(-27.3978272277,-6.010413902245,
    14.489563299802));
#696 = CARTESIAN_POINT('',(-27.38513748115,-6.019613042231,
    14.435069370436));
#697 = CARTESIAN_POINT('',(-27.38154143328,-6.022219914448,
    14.419626762689));
#698 = CARTESIAN_POINT('',(-27.37804518982,-6.024792552962,
    14.404069637207));
#699 = CARTESIAN_POINT('',(-27.37465219436,-6.027329493423,
    14.388398077506));
#700 = CARTESIAN_POINT('',(-27.37318266162,-6.028428262079,
    14.381610603046));
#701 = CARTESIAN_POINT('',(-27.37173249732,-6.029520333924,
    14.374801664003));
#702 = CARTESIAN_POINT('',(-27.37030198557,-6.030605587742,
    14.367971273028));
#703 = CARTESIAN_POINT('',(-27.36904921352,-6.03155599982,
    14.361989551541));
#704 = CARTESIAN_POINT('',(-27.36781229338,-6.032500596949,
    14.355995021719));
#705 = CARTESIAN_POINT('',(-27.36659292037,-6.033438101138,
    14.349995662689));
#706 = CARTESIAN_POINT('',(-27.34605020441,-6.049232187205,
    14.248924761863));
#707 = CARTESIAN_POINT('',(-27.3303467611,-6.063120063437,
    14.145810578523));
#708 = CARTESIAN_POINT('',(-27.31966500032,-6.074992948115,
    14.041102284344));
#709 = CARTESIAN_POINT('',(-27.30935224219,-6.086455682622,
    13.940011150261));
#710 = CARTESIAN_POINT('',(-27.30372026109,-6.096040215959,
    13.837434135143));
#711 = CARTESIAN_POINT('',(-27.30293826041,-6.103643110559,
    13.733823962654));
#712 = CARTESIAN_POINT('',(-27.30217033355,-6.111109174354,
    13.632078483025));
#713 = CARTESIAN_POINT('',(-27.30607941976,-6.116664280198,
    13.529336569787));
#714 = CARTESIAN_POINT('',(-27.31483011344,-6.120205202347,
    13.426075742446));
#715 = CARTESIAN_POINT('',(-27.32069857015,-6.122579842472,
    13.356826181553));
#716 = CARTESIAN_POINT('',(-27.32874458711,-6.124048512928,
    13.287344243915));
#717 = CARTESIAN_POINT('',(-27.33901882539,-6.124578726858,
    13.217787089654));
#718 = CARTESIAN_POINT('',(-27.34134518712,-6.124698781442,
    13.202037493679));
#719 = CARTESIAN_POINT('',(-27.34378579081,-6.124770717788,
    13.186284085883));
#720 = CARTESIAN_POINT('',(-27.34634123009,-6.12479415089,
    13.170528769605));
#721 = CARTESIAN_POINT('',(-27.34809363136,-6.12481022022,
    13.159724507304));
#722 = CARTESIAN_POINT('',(-27.34989941995,-6.124803463188,
    13.148923305963));
#723 = CARTESIAN_POINT('',(-27.35175720632,-6.124773861285,
    13.138133814782));
#724 = CARTESIAN_POINT('',(-27.3913500458,-6.124142990368,12.90818994199
    ));
#725 = CARTESIAN_POINT('',(-27.45473657564,-6.113138258116,
    12.682468440277));
#726 = CARTESIAN_POINT('',(-27.54103035542,-6.091729703996,
    12.46674564451));
#727 = CARTESIAN_POINT('',(-27.54543969527,-6.090635794436,
    12.455722890359));
#728 = CARTESIAN_POINT('',(-27.54990738942,-6.089515100739,
    12.444729614743));
#729 = CARTESIAN_POINT('',(-27.55444359058,-6.088364983356,
    12.433742158061));
#730 = CARTESIAN_POINT('',(-27.58741436614,-6.08000550794,
    12.353881288742));
#731 = CARTESIAN_POINT('',(-27.62390658317,-6.070115877073,
    12.274571729102));
#732 = CARTESIAN_POINT('',(-27.66410327947,-6.058592275843,
    12.196188092296));
#733 = CARTESIAN_POINT('',(-27.70311103943,-6.047409519247,
    12.120122883688));
#734 = CARTESIAN_POINT('',(-27.74560743659,-6.03468800489,
    12.044929519752));
#735 = CARTESIAN_POINT('',(-27.79176972239,-6.020325327641,
    11.970997445589));
#736 = CARTESIAN_POINT('',(-27.81957769343,-6.01167330996,
    11.926461068297));
#737 = CARTESIAN_POINT('',(-27.84871613406,-6.002425601442,11.8823833049
    ));
#738 = CARTESIAN_POINT('',(-27.8792254919,-5.992558468567,
    11.838858229685));
#739 = CARTESIAN_POINT('',(-27.8861680554,-5.990313151021,
    11.828953871819));
#740 = CARTESIAN_POINT('',(-27.89318161298,-5.988035754165,
    11.819078162518));
#741 = CARTESIAN_POINT('',(-27.90026605384,-5.985726276634,
    11.809231789924));
#742 = CARTESIAN_POINT('',(-27.90733343252,-5.983422361252,
    11.799409131344));
#743 = CARTESIAN_POINT('',(-27.91446638655,-5.981088135778,
    11.789622613452));
#744 = CARTESIAN_POINT('',(-27.9216609143,-5.9787249229,11.779877538887)
  );
#745 = CARTESIAN_POINT('',(-27.99341198093,-5.955156587253,
    11.682689854133));
#746 = CARTESIAN_POINT('',(-28.07139988823,-5.928668161869,
    11.589471118386));
#747 = CARTESIAN_POINT('',(-28.1550481304,-5.899467777876,
    11.500734855791));
#748 = CARTESIAN_POINT('',(-28.23897837721,-5.87016895017,11.41169943524
    ));
#749 = CARTESIAN_POINT('',(-28.32860717408,-5.838139852017,
    11.327176783844));
#750 = CARTESIAN_POINT('',(-28.42330618086,-5.803608926113,
    11.247703824984));
#751 = CARTESIAN_POINT('',(-28.48733463442,-5.780261671895,
    11.193970097164));
#752 = CARTESIAN_POINT('',(-28.55367996265,-5.755771093591,
    11.142545194196));
#753 = CARTESIAN_POINT('',(-28.62213617304,-5.730212466293,
    11.093599676684));
#754 = CARTESIAN_POINT('',(-28.65581672516,-5.71763758559,
    11.069518412989));
#755 = CARTESIAN_POINT('',(-28.69000810432,-5.70480422444,
    11.046037378871));
#756 = CARTESIAN_POINT('',(-28.72468494211,-5.691721678972,
    11.023177210947));
#757 = CARTESIAN_POINT('',(-28.74913289117,-5.682498190746,
    11.007060279405));
#758 = CARTESIAN_POINT('',(-28.77382009371,-5.673151622106,
    10.991253216739));
#759 = CARTESIAN_POINT('',(-28.79874413819,-5.663682770855,
    10.975759208506));
#760 = CARTESIAN_POINT('',(-28.89733821876,-5.626226061786,
    10.914468293343));
#761 = CARTESIAN_POINT('',(-28.99971484783,-5.586826797066,
    10.858029030287));
#762 = CARTESIAN_POINT('',(-29.10535020381,-5.545672000242,
    10.806937757552));
#763 = CARTESIAN_POINT('',(-29.20802679253,-5.505669918479,
    10.75727751313));
#764 = CARTESIAN_POINT('',(-29.3137821817,-5.464009241016,
    10.712669877792));
#765 = CARTESIAN_POINT('',(-29.42209973667,-5.420874608444,
    10.67360177186));
#766 = CARTESIAN_POINT('',(-29.52878120146,-5.378391505988,
    10.635123772903));
#767 = CARTESIAN_POINT('',(-29.63794814851,-5.334478586626,
    10.602019168807));
#768 = CARTESIAN_POINT('',(-29.74907039583,-5.289325574235,
    10.57478420581));
#769 = CARTESIAN_POINT('',(-29.79436466096,-5.270920866232,
    10.563683029723));
#770 = CARTESIAN_POINT('',(-29.83998334897,-5.252310284231,
    10.553557425702));
#771 = CARTESIAN_POINT('',(-29.88588869048,-5.233507357764,
    10.544442547765));
#772 = CARTESIAN_POINT('',(-29.90500992553,-5.225675258822,
    10.540645871435));
#773 = CARTESIAN_POINT('',(-29.92418088231,-5.217809792536,
    10.537024569447));
#774 = CARTESIAN_POINT('',(-29.94339877342,-5.209911957845,
    10.533581229746));
#775 = CARTESIAN_POINT('',(-29.95582967347,-5.204803322713,
    10.531353940007));
#776 = CARTESIAN_POINT('',(-29.96828021024,-5.199681144833,
    10.529201110603));
#777 = CARTESIAN_POINT('',(-29.98074962163,-5.194545697386,
    10.527123448228));
#778 = CARTESIAN_POINT('',(-29.98931487112,-5.191018154083,
    10.525696300141));
#779 = CARTESIAN_POINT('',(-29.99789397441,-5.187482306019,
    10.524303877717));
#780 = CARTESIAN_POINT('',(-30.00645755602,-5.18395026432,
    10.522950889911));
#781 = CARTESIAN_POINT('',(-30.08655705834,-5.150913295111,
    10.510295711887));
#782 = CARTESIAN_POINT('',(-30.16570950823,-5.118040282739,
    10.501019627915));
#783 = CARTESIAN_POINT('',(-30.24363688426,-5.085464317648,
    10.494904096748));
#784 = CARTESIAN_POINT('',(-30.26154783292,-5.077977007438,
    10.493498493604));
#785 = CARTESIAN_POINT('',(-30.27939424864,-5.070505317802,
    10.492259761718));
#786 = CARTESIAN_POINT('',(-30.29717308271,-5.06305073753,
    10.491185086393));
#787 = CARTESIAN_POINT('',(-30.37589086775,-5.030044745955,
    10.486426840665));
#788 = CARTESIAN_POINT('',(-30.45328022807,-4.997375794119,
    10.484883014108));
#789 = CARTESIAN_POINT('',(-30.52910373238,-4.96517398144,10.48613273158
    ));
#790 = CARTESIAN_POINT('',(-30.60583985356,-4.932584585552,
    10.487397490737));
#791 = CARTESIAN_POINT('',(-30.68097228566,-4.900473608066,
    10.491523395292));
#792 = CARTESIAN_POINT('',(-30.75430049025,-4.868955181565,
    10.498094433449));
#793 = CARTESIAN_POINT('',(-30.82865577374,-4.836995289042,
    10.504757509514));
#794 = CARTESIAN_POINT('',(-30.90115603893,-4.805644622199,
    10.513934640451));
#795 = CARTESIAN_POINT('',(-30.97163733575,-4.775001552493,
    10.525213584289));
#796 = CARTESIAN_POINT('',(-31.04326077147,-4.74386191641,
    10.536675301731));
#797 = CARTESIAN_POINT('',(-31.11279940176,-4.713452946668,
    10.550307442145));
#798 = CARTESIAN_POINT('',(-31.18012571345,-4.683857401827,
    10.565700335241));
#799 = CARTESIAN_POINT('',(-31.21944854965,-4.666571726541,
    10.574690761104));
#800 = CARTESIAN_POINT('',(-31.25801752024,-4.649563156054,
    10.584282265995));
#801 = CARTESIAN_POINT('',(-31.29581376977,-4.632845149132,
    10.594396871464));
#802 = CARTESIAN_POINT('',(-31.30118390314,-4.630469836025,
    10.595833965914));
#803 = CARTESIAN_POINT('',(-31.30653844516,-4.628100385009,
    10.597281624641));
#804 = CARTESIAN_POINT('',(-31.31187734921,-4.625736831211,
    10.598739628383));
#805 = CARTESIAN_POINT('',(-31.31624396123,-4.623803714917,
    10.59993210845));
#806 = CARTESIAN_POINT('',(-31.32059976891,-4.621874696996,
    10.601131394589));
#807 = CARTESIAN_POINT('',(-31.32495834178,-4.619943769855,
    10.602341196885));
#808 = CARTESIAN_POINT('',(-31.41855884073,-4.578477044587,
    10.628321741866));
#809 = CARTESIAN_POINT('',(-31.51191201678,-4.536803715078,
    10.658738605147));
#810 = CARTESIAN_POINT('',(-31.60455959104,-4.495112067921,
    10.693674595066));
#811 = CARTESIAN_POINT('',(-31.69597693215,-4.453974028849,
    10.728146682795));
#812 = CARTESIAN_POINT('',(-31.78670736538,-4.412818118953,
    10.767018717558));
#813 = CARTESIAN_POINT('',(-31.8762652386,-4.371845140962,
    10.810360362732));
#814 = CARTESIAN_POINT('',(-31.96522502045,-4.331145791451,
    10.853412560834));
#815 = CARTESIAN_POINT('',(-32.05302797982,-4.290626880752,
    10.900874919987));
#816 = CARTESIAN_POINT('',(-32.13915142722,-4.250505732571,
    10.952805216747));
#817 = CARTESIAN_POINT('',(-32.1733638946,-4.234567640045,10.97343448366
    ));
#818 = CARTESIAN_POINT('',(-32.20731079305,-4.218692550302,
    10.994768700983));
#819 = CARTESIAN_POINT('',(-32.24095721932,-4.202895026498,
    11.016810998877));
#820 = CARTESIAN_POINT('',(-32.25790951405,-4.194935658768,
    11.027916711186));
#821 = CARTESIAN_POINT('',(-32.27479005391,-4.186993841502,
    11.039205379375));
#822 = CARTESIAN_POINT('',(-32.2915684109,-4.179083698215,
    11.050659390708));
#823 = CARTESIAN_POINT('',(-32.39227288627,-4.131606652049,
    11.119406896932));
#824 = CARTESIAN_POINT('',(-32.48944799322,-4.085199697893,
    11.194206114604));
#825 = CARTESIAN_POINT('',(-32.5821905654,-4.040257602961,
    11.274882609732));
#826 = CARTESIAN_POINT('',(-32.6285618515,-4.017786555495,
    11.315220857296));
#827 = CARTESIAN_POINT('',(-32.67382450626,-3.995681962328,
    11.357028014955));
#828 = CARTESIAN_POINT('',(-32.71786279001,-3.973994543226,
    11.400279865173));
#829 = CARTESIAN_POINT('',(-32.73873096466,-3.963717647517,
    11.420775376965));
#830 = CARTESIAN_POINT('',(-32.7593241835,-3.95353443998,11.441595267796
    ));
#831 = CARTESIAN_POINT('',(-32.77962999213,-3.943450385031,
    11.462736837513));
#832 = CARTESIAN_POINT('',(-32.78788345756,-3.939351636719,
    11.471330005007));
#833 = CARTESIAN_POINT('',(-32.79608443492,-3.93527175285,
    11.479971135936));
#834 = CARTESIAN_POINT('',(-32.80422869763,-3.931212823007,
    11.488655963358));
#835 = CARTESIAN_POINT('',(-32.81833183903,-3.92418411292,
    11.503695182183));
#836 = CARTESIAN_POINT('',(-32.8322687578,-3.917216328772,
    11.518869413355));
#837 = CARTESIAN_POINT('',(-32.84603846762,-3.910309896434,
    11.534178541103));
#838 = CARTESIAN_POINT('',(-32.89882735382,-3.883832732015,
    11.59286908821));
#839 = CARTESIAN_POINT('',(-32.94916150867,-3.858256302438,
    11.65353925782));
#840 = CARTESIAN_POINT('',(-32.99709605307,-3.833565625885,
    11.716069876631));
#841 = CARTESIAN_POINT('',(-33.04565618229,-3.808552715906,
    11.779416570911));
#842 = CARTESIAN_POINT('',(-33.09175392869,-3.784448677426,
    11.844673127802));
#843 = CARTESIAN_POINT('',(-33.13540802337,-3.761251847819,
    11.911750199576));
#844 = CARTESIAN_POINT('',(-33.15229882664,-3.752276444978,
    11.937703907508));
#845 = CARTESIAN_POINT('',(-33.16882336376,-3.743437018807,
    11.963930484464));
#846 = CARTESIAN_POINT('',(-33.18498106199,-3.734734098139,
    11.99042585181));
#847 = CARTESIAN_POINT('',(-33.19665520336,-3.728446127863,
    12.00956908989));
#848 = CARTESIAN_POINT('',(-33.20813570923,-3.722230552614,
    12.028849353566));
#849 = CARTESIAN_POINT('',(-33.21941611703,-3.716090993986,
    12.048254040661));
#850 = CARTESIAN_POINT('',(-33.33717442279,-3.65199898287,
    12.250823231126));
#851 = CARTESIAN_POINT('',(-33.43328085883,-3.596107780056,
    12.467207308354));
#852 = CARTESIAN_POINT('',(-33.5057715393,-3.549640367423,
    12.691832249966));
#853 = CARTESIAN_POINT('',(-33.54472026629,-3.52467375714,
    12.812521633327));
#854 = CARTESIAN_POINT('',(-33.57685147214,-3.502427724264,
    12.935589066307));
#855 = CARTESIAN_POINT('',(-33.60186044973,-3.483092431697,
    13.060163855691));
#856 = CARTESIAN_POINT('',(-33.61028388802,-3.476579984583,
    13.102122710197));
#857 = CARTESIAN_POINT('',(-33.61790006699,-3.470397039035,
    13.144258289449));
#858 = CARTESIAN_POINT('',(-33.62469273826,-3.464555092953,
    13.18650482115));
#859 = CARTESIAN_POINT('',(-33.65154730923,-3.441459178331,
    13.353524898967));
#860 = CARTESIAN_POINT('',(-33.66554688273,-3.423680990419,
    13.522352359633));
#861 = CARTESIAN_POINT('',(-33.66614096367,-3.411600405063,
    13.69089666591));
#862 = CARTESIAN_POINT('',(-33.66673504461,-3.399519819707,
    13.859440972188));
#863 = CARTESIAN_POINT('',(-33.65392348616,-3.393136932619,
    14.027701646315));
#864 = CARTESIAN_POINT('',(-33.62718955383,-3.392814276055,
    14.193631533378));
#865 = CARTESIAN_POINT('',(-33.62647810007,-3.392805689393,
    14.198047323763));
#866 = CARTESIAN_POINT('',(-33.62575693667,-3.392801395418,
    14.202460545378));
#867 = CARTESIAN_POINT('',(-33.62502606572,-3.392801395419,
    14.206871167106));
#868 = PLANE('',#869);
#869 = AXIS2_PLACEMENT_3D('',#870,#871,#872);
#870 = CARTESIAN_POINT('',(-23.21608692423,-7.720776812135,
    15.35531617914));
#871 = DIRECTION('',(-0.38918787185,-0.918898085108,6.449115900124E-02)
  );
#872 = DIRECTION('',(0.92081496549,-0.38999974273,3.002459392221E-14));
#873 = ADVANCED_FACE('',(#874),#900,.F.);
#874 = FACE_BOUND('',#875,.T.);
#875 = EDGE_LOOP('',(#876,#886,#892,#893,#894));
#876 = ORIENTED_EDGE('',*,*,#877,.T.);
#877 = EDGE_CURVE('',#878,#880,#882,.T.);
#878 = VERTEX_POINT('',#879);
#879 = CARTESIAN_POINT('',(-30.89525317042,0.976717715824,-1.07E-13));
#880 = VERTEX_POINT('',#881);
#881 = CARTESIAN_POINT('',(-17.55952108123,-4.671465989708,0.));
#882 = LINE('',#883,#884);
#883 = CARTESIAN_POINT('',(-17.23672838614,-4.808180826844,0.));
#884 = VECTOR('',#885,1.);
#885 = DIRECTION('',(0.92081496549,-0.389999742729,6.120000000003E-15));
#886 = ORIENTED_EDGE('',*,*,#887,.T.);
#887 = EDGE_CURVE('',#880,#224,#888,.T.);
#888 = LINE('',#889,#890);
#889 = CARTESIAN_POINT('',(-17.64147307183,-6.591590586058,
    1.920124596209));
#890 = VECTOR('',#891,1.);
#891 = DIRECTION('',(-3.016597781819E-02,-0.706784979274,0.706784979222)
  );
#892 = ORIENTED_EDGE('',*,*,#232,.T.);
#893 = ORIENTED_EDGE('',*,*,#487,.T.);
#894 = ORIENTED_EDGE('',*,*,#895,.T.);
#895 = EDGE_CURVE('',#479,#878,#896,.T.);
#896 = LINE('',#897,#898);
#897 = CARTESIAN_POINT('',(-30.87234225682,0.999669181078,
    -3.207527910611E-02));
#898 = VECTOR('',#899,1.);
#899 = DIRECTION('',(0.502294252162,0.503183298275,-0.703211954237));
#900 = PLANE('',#901);
#901 = AXIS2_PLACEMENT_3D('',#902,#903,#904);
#902 = CARTESIAN_POINT('',(-19.49092160965,-6.395458305521,
    2.496877417635));
#903 = DIRECTION('',(0.284524947651,0.671782058159,0.683925741948));
#904 = DIRECTION('',(-0.92081496549,0.389999742729,2.242928065499E-13));
#905 = ADVANCED_FACE('',(#906),#925,.T.);
#906 = FACE_BOUND('',#907,.T.);
#907 = EDGE_LOOP('',(#908,#917,#923,#924));
#908 = ORIENTED_EDGE('',*,*,#909,.F.);
#909 = EDGE_CURVE('',#910,#880,#912,.T.);
#910 = VERTEX_POINT('',#911);
#911 = CARTESIAN_POINT('',(-17.44610685356,-4.694868294615,0.));
#912 = ELLIPSE('',#913,0.565942983735,0.4);
#913 = AXIS2_PLACEMENT_3D('',#914,#915,#916);
#914 = CARTESIAN_POINT('',(-17.43403496905,-4.129182869646,-1.776E-14));
#915 = DIRECTION('',(0.,-1.57E-14,-1.));
#916 = DIRECTION('',(-4.264173766618E-02,-0.999090427443,
    1.568571971086E-14));
#917 = ORIENTED_EDGE('',*,*,#918,.F.);
#918 = EDGE_CURVE('',#216,#910,#919,.T.);
#919 = LINE('',#920,#921);
#920 = CARTESIAN_POINT('',(-17.52766309229,-6.605720475268,
    1.910852180514));
#921 = VECTOR('',#922,1.);
#922 = DIRECTION('',(3.016597781819E-02,0.706784979274,-0.706784979222)
  );
#923 = ORIENTED_EDGE('',*,*,#223,.T.);
#924 = ORIENTED_EDGE('',*,*,#887,.F.);
#925 = CYLINDRICAL_SURFACE('',#926,0.4);
#926 = AXIS2_PLACEMENT_3D('',#927,#928,#929);
#927 = CARTESIAN_POINT('',(-17.52766309277,-6.322877762794,
    2.193694892988));
#928 = DIRECTION('',(-3.016597781819E-02,-0.706784979274,0.706784979222)
  );
#929 = DIRECTION('',(-0.143757043172,-0.696687530885,-0.702823161861));
#930 = ADVANCED_FACE('',(#931),#957,.F.);
#931 = FACE_BOUND('',#932,.T.);
#932 = EDGE_LOOP('',(#933,#941,#949,#955,#956));
#933 = ORIENTED_EDGE('',*,*,#934,.F.);
#934 = EDGE_CURVE('',#935,#910,#937,.T.);
#935 = VERTEX_POINT('',#936);
#936 = CARTESIAN_POINT('',(24.271100225209,-4.694868222962,-1.3998E-11)
  );
#937 = LINE('',#938,#939);
#938 = CARTESIAN_POINT('',(-8.575123850335,-4.694868279379,-5.329E-14));
#939 = VECTOR('',#940,1.);
#940 = DIRECTION('',(-1.,-1.71757385E-09,0.));
#941 = ORIENTED_EDGE('',*,*,#942,.F.);
#942 = EDGE_CURVE('',#943,#935,#945,.T.);
#943 = VERTEX_POINT('',#944);
#944 = CARTESIAN_POINT('',(23.376531941056,-6.078692152903,1.38382392839
    ));
#945 = LINE('',#946,#947);
#946 = CARTESIAN_POINT('',(20.207373003907,-10.98112168533,
    6.286253455375));
#947 = VECTOR('',#948,1.);
#948 = DIRECTION('',(0.415732619885,0.64310434211,-0.643104341396));
#949 = ORIENTED_EDGE('',*,*,#950,.T.);
#950 = EDGE_CURVE('',#943,#208,#951,.T.);
#951 = LINE('',#952,#953);
#952 = CARTESIAN_POINT('',(9.759094206396,-10.99870096841,6.303832720513
    ));
#953 = VECTOR('',#954,1.);
#954 = DIRECTION('',(-0.890489811241,-0.321735836565,0.321735835035));
#955 = ORIENTED_EDGE('',*,*,#215,.T.);
#956 = ORIENTED_EDGE('',*,*,#918,.T.);
#957 = PLANE('',#958);
#958 = AXIS2_PLACEMENT_3D('',#959,#960,#961);
#959 = CARTESIAN_POINT('',(-12.52333311609,-6.482736251804,
    1.787867965644));
#960 = DIRECTION('',(-1.214508119999E-09,0.707106781187,0.707106781187)
  );
#961 = DIRECTION('',(-1.,-1.717573992458E-09,1.375423688552E-16));
#962 = ADVANCED_FACE('',(#963),#998,.F.);
#963 = FACE_BOUND('',#964,.F.);
#964 = EDGE_LOOP('',(#965,#966,#974,#982,#990,#997));
#965 = ORIENTED_EDGE('',*,*,#207,.T.);
#966 = ORIENTED_EDGE('',*,*,#967,.F.);
#967 = EDGE_CURVE('',#968,#200,#970,.T.);
#968 = VERTEX_POINT('',#969);
#969 = CARTESIAN_POINT('',(33.077597282648,-2.573676897431,
    32.600000053122));
#970 = LINE('',#971,#972);
#971 = CARTESIAN_POINT('',(30.31558395514,-3.571598105859,
    34.575094743163));
#972 = VECTOR('',#973,1.);
#973 = DIRECTION('',(-0.780417743964,-0.281966567786,0.558070783644));
#974 = ORIENTED_EDGE('',*,*,#975,.T.);
#975 = EDGE_CURVE('',#968,#976,#978,.T.);
#976 = VERTEX_POINT('',#977);
#977 = CARTESIAN_POINT('',(33.077597282644,-2.573676897431,
    18.342500584637));
#978 = LINE('',#979,#980);
#979 = CARTESIAN_POINT('',(33.077597282639,-2.573676897431,
    1.974999999984));
#980 = VECTOR('',#981,1.);
#981 = DIRECTION('',(-2.4849E-13,-1.173E-14,-1.));
#982 = ORIENTED_EDGE('',*,*,#983,.T.);
#983 = EDGE_CURVE('',#976,#984,#986,.T.);
#984 = VERTEX_POINT('',#985);
#985 = CARTESIAN_POINT('',(23.727426195223,-5.951913322887,
    1.451318537683));
#986 = LINE('',#987,#988);
#987 = CARTESIAN_POINT('',(24.986851783357,-5.496880216305,
    3.726484059776));
#988 = VECTOR('',#989,1.);
#989 = DIRECTION('',(-0.477055622973,-0.172361197183,-0.861805981817));
#990 = ORIENTED_EDGE('',*,*,#991,.T.);
#991 = EDGE_CURVE('',#984,#943,#992,.T.);
#992 = ELLIPSE('',#993,0.862868522545,0.4);
#993 = AXIS2_PLACEMENT_3D('',#994,#995,#996);
#994 = CARTESIAN_POINT('',(23.137970132887,-6.164885034566,
    2.035702234593));
#995 = DIRECTION('',(-0.339803360022,0.940496505319,7.341349750334E-14)
  );
#996 = DIRECTION('',(0.646970972743,0.233751969445,-0.725802023425));
#997 = ORIENTED_EDGE('',*,*,#950,.T.);
#998 = PLANE('',#999);
#999 = AXIS2_PLACEMENT_3D('',#1000,#1001,#1002);
#1000 = CARTESIAN_POINT('',(23.991810850652,-5.856390592345,
    2.349999999986));
#1001 = DIRECTION('',(-0.339803360022,0.940496505319,7.341000000002E-14)
  );
#1002 = DIRECTION('',(-0.940496505319,-0.339803360022,2.379000000001E-13
    ));
#1003 = ADVANCED_FACE('',(#1004,#1085,#1145),#1173,.F.);
#1004 = FACE_BOUND('',#1005,.F.);
#1005 = EDGE_LOOP('',(#1006,#1007,#1013,#1014,#1022,#1030,#1038,#1046,
    #1054,#1062,#1070,#1078,#1084));
#1006 = ORIENTED_EDGE('',*,*,#199,.F.);
#1007 = ORIENTED_EDGE('',*,*,#1008,.T.);
#1008 = EDGE_CURVE('',#192,#379,#1009,.T.);
#1009 = LINE('',#1010,#1011);
#1010 = CARTESIAN_POINT('',(20.491810851684,-6.470604160742,
    41.600000053122));
#1011 = VECTOR('',#1012,1.);
#1012 = DIRECTION('',(-1.71757385E-09,1.,-1.204591981718E-14));
#1013 = ORIENTED_EDGE('',*,*,#378,.T.);
#1014 = ORIENTED_EDGE('',*,*,#1015,.T.);
#1015 = EDGE_CURVE('',#371,#1016,#1018,.T.);
#1016 = VERTEX_POINT('',#1017);
#1017 = CARTESIAN_POINT('',(20.580248389911,7.329395839422,
    41.536759026325));
#1018 = LINE('',#1019,#1020);
#1019 = CARTESIAN_POINT('',(20.580248412503,-5.820604160591,
    41.53675902632));
#1020 = VECTOR('',#1021,1.);
#1021 = DIRECTION('',(-1.71809463E-09,1.,3.603598907619E-13));
#1022 = ORIENTED_EDGE('',*,*,#1023,.T.);
#1023 = EDGE_CURVE('',#1016,#1024,#1026,.T.);
#1024 = VERTEX_POINT('',#1025);
#1025 = CARTESIAN_POINT('',(21.164685505234,7.329395840427,
    41.118832497541));
#1026 = LINE('',#1027,#1028);
#1027 = CARTESIAN_POINT('',(25.123874955609,7.329395847229,
    38.287646283642));
#1028 = VECTOR('',#1029,1.);
#1029 = DIRECTION('',(0.813423008376,1.397531082945E-09,-0.581672596436)
  );
#1030 = ORIENTED_EDGE('',*,*,#1031,.T.);
#1031 = EDGE_CURVE('',#1024,#1032,#1034,.T.);
#1032 = VERTEX_POINT('',#1033);
#1033 = CARTESIAN_POINT('',(22.861892016838,5.898314431344,
    39.905173052581));
#1034 = LINE('',#1035,#1036);
#1035 = CARTESIAN_POINT('',(30.190561274425,-0.28120600777,
    34.664497505648));
#1036 = VECTOR('',#1037,1.);
#1037 = DIRECTION('',(0.670802579283,-0.565619501111,-0.479685813414));
#1038 = ORIENTED_EDGE('',*,*,#1039,.T.);
#1039 = EDGE_CURVE('',#1032,#1040,#1042,.T.);
#1040 = VERTEX_POINT('',#1041);
#1041 = CARTESIAN_POINT('',(25.080248391716,6.27849931588,
    38.318843308415));
#1042 = LINE('',#1043,#1044);
#1043 = CARTESIAN_POINT('',(29.710720368818,7.07207580066,
    35.007628072672));
#1044 = VECTOR('',#1045,1.);
#1045 = DIRECTION('',(0.80563238705,0.138070356737,-0.576101582646));
#1046 = ORIENTED_EDGE('',*,*,#1047,.T.);
#1047 = EDGE_CURVE('',#1040,#1048,#1050,.T.);
#1048 = VERTEX_POINT('',#1049);
#1049 = CARTESIAN_POINT('',(25.915974863788,5.71250719971,
    37.721221675698));
#1050 = LINE('',#1051,#1052);
#1051 = CARTESIAN_POINT('',(29.648961556745,3.184358207686,
    35.051791333466));
#1052 = VECTOR('',#1053,1.);
#1053 = DIRECTION('',(0.712467103723,-0.482515245374,-0.509479797533));
#1054 = ORIENTED_EDGE('',*,*,#1055,.T.);
#1055 = EDGE_CURVE('',#1048,#1056,#1058,.T.);
#1056 = VERTEX_POINT('',#1057);
#1057 = CARTESIAN_POINT('',(28.906877842967,6.907856647227,
    35.582449739242));
#1058 = LINE('',#1059,#1060);
#1059 = CARTESIAN_POINT('',(28.085465656101,6.579569634714,
    36.169835336756));
#1060 = VECTOR('',#1061,1.);
#1061 = DIRECTION('',(0.773571605479,0.309166963175,-0.553175162202));
#1062 = ORIENTED_EDGE('',*,*,#1063,.F.);
#1063 = EDGE_CURVE('',#1064,#1056,#1066,.T.);
#1064 = VERTEX_POINT('',#1065);
#1065 = CARTESIAN_POINT('',(32.699749783845,5.590175326343,
    32.870195910956));
#1066 = LINE('',#1067,#1068);
#1067 = CARTESIAN_POINT('',(35.419470846658,4.645317261439,
    30.925344099593));
#1068 = VECTOR('',#1069,1.);
#1069 = DIRECTION('',(-0.782768189963,0.271941430814,0.559751568991));
#1070 = ORIENTED_EDGE('',*,*,#1071,.F.);
#1071 = EDGE_CURVE('',#1072,#1064,#1074,.T.);
#1072 = VERTEX_POINT('',#1073);
#1073 = CARTESIAN_POINT('',(33.077597269537,5.058907363466,
    32.600000053122));
#1074 = LINE('',#1075,#1076);
#1075 = CARTESIAN_POINT('',(35.771568806788,1.271080727453,
    30.673561534815));
#1076 = VECTOR('',#1077,1.);
#1077 = DIRECTION('',(-0.535418125775,0.752818287116,0.382873421872));
#1078 = ORIENTED_EDGE('',*,*,#1079,.F.);
#1079 = EDGE_CURVE('',#968,#1072,#1080,.T.);
#1080 = LINE('',#1081,#1082);
#1081 = CARTESIAN_POINT('',(33.077597289342,-6.470604139125,
    32.600000053122));
#1082 = VECTOR('',#1083,1.);
#1083 = DIRECTION('',(-1.71757385E-09,1.,-1.204591981718E-14));
#1084 = ORIENTED_EDGE('',*,*,#967,.T.);
#1085 = FACE_BOUND('',#1086,.F.);
#1086 = EDGE_LOOP('',(#1087,#1097,#1105,#1114,#1122,#1130,#1139));
#1087 = ORIENTED_EDGE('',*,*,#1088,.T.);
#1088 = EDGE_CURVE('',#1089,#1091,#1093,.T.);
#1089 = VERTEX_POINT('',#1090);
#1090 = CARTESIAN_POINT('',(30.077597271203,4.087675865227,
    34.745277198399));
#1091 = VERTEX_POINT('',#1092);
#1092 = CARTESIAN_POINT('',(30.077597280753,-1.470945526426,
    34.745277198397));
#1093 = LINE('',#1094,#1095);
#1094 = CARTESIAN_POINT('',(30.077597282661,-2.581119487435,
    34.745277198396));
#1095 = VECTOR('',#1096,1.);
#1096 = DIRECTION('',(1.71809488E-09,-1.,-3.605386638573E-13));
#1097 = ORIENTED_EDGE('',*,*,#1098,.T.);
#1098 = EDGE_CURVE('',#1091,#1099,#1101,.T.);
#1099 = VERTEX_POINT('',#1100);
#1100 = CARTESIAN_POINT('',(30.635182719804,-0.780333393162,
    34.346552097904));
#1101 = LINE('',#1102,#1103);
#1102 = CARTESIAN_POINT('',(27.319028797028,-4.887643187223,
    36.717908509863));
#1103 = VECTOR('',#1104,1.);
#1104 = DIRECTION('',(0.573027940271,0.709738849931,-0.409767915494));
#1105 = ORIENTED_EDGE('',*,*,#1106,.F.);
#1106 = EDGE_CURVE('',#1107,#1099,#1109,.T.);
#1107 = VERTEX_POINT('',#1108);
#1108 = CARTESIAN_POINT('',(31.659025276955,0.487773775712,
    33.614410083609));
#1109 = ELLIPSE('',#1110,5.157540544942,3.);
#1110 = AXIS2_PLACEMENT_3D('',#1111,#1112,#1113);
#1111 = CARTESIAN_POINT('',(27.623756416544,1.308365165183,
    36.500000103025));
#1112 = DIRECTION('',(-0.581672596436,-9.990754393286E-10,
    -0.813423008376));
#1113 = DIRECTION('',(0.813423008376,1.39774463405E-09,-0.581672596436)
  );
#1114 = ORIENTED_EDGE('',*,*,#1115,.T.);
#1115 = EDGE_CURVE('',#1107,#1116,#1118,.T.);
#1116 = VERTEX_POINT('',#1117);
#1117 = CARTESIAN_POINT('',(32.321553188993,1.308365173253,33.14064142)
  );
#1118 = LINE('',#1119,#1120);
#1119 = CARTESIAN_POINT('',(27.319028797028,-4.887643187223,
    36.717908509863));
#1120 = VECTOR('',#1121,1.);
#1121 = DIRECTION('',(0.573027940271,0.709738849931,-0.409767915494));
#1122 = ORIENTED_EDGE('',*,*,#1123,.T.);
#1123 = EDGE_CURVE('',#1116,#1124,#1126,.T.);
#1124 = VERTEX_POINT('',#1125);
#1125 = CARTESIAN_POINT('',(31.659025274136,2.12895656852,
    33.614410083609));
#1126 = LINE('',#1127,#1128);
#1127 = CARTESIAN_POINT('',(30.912771839929,3.053248410515,
    34.148050228135));
#1128 = VECTOR('',#1129,1.);
#1129 = DIRECTION('',(-0.573027942709,0.709738847962,0.409767915494));
#1130 = ORIENTED_EDGE('',*,*,#1131,.F.);
#1131 = EDGE_CURVE('',#1132,#1124,#1134,.T.);
#1132 = VERTEX_POINT('',#1133);
#1133 = CARTESIAN_POINT('',(30.635182712631,3.397063733875,
    34.346552097903));
#1134 = ELLIPSE('',#1135,5.157540544942,3.);
#1135 = AXIS2_PLACEMENT_3D('',#1136,#1137,#1138);
#1136 = CARTESIAN_POINT('',(27.623756416544,1.308365165183,
    36.500000103025));
#1137 = DIRECTION('',(-0.581672596436,-9.990754393286E-10,
    -0.813423008376));
#1138 = DIRECTION('',(0.813423008376,1.39774463405E-09,-0.581672596436)
  );
#1139 = ORIENTED_EDGE('',*,*,#1140,.T.);
#1140 = EDGE_CURVE('',#1132,#1089,#1141,.T.);
#1141 = LINE('',#1142,#1143);
#1142 = CARTESIAN_POINT('',(30.912771839929,3.053248410515,
    34.148050228135));
#1143 = VECTOR('',#1144,1.);
#1144 = DIRECTION('',(-0.573027942709,0.709738847962,0.409767915494));
#1145 = FACE_BOUND('',#1146,.F.);
#1146 = EDGE_LOOP('',(#1147,#1158,#1166));
#1147 = ORIENTED_EDGE('',*,*,#1148,.F.);
#1148 = EDGE_CURVE('',#1149,#1151,#1153,.T.);
#1149 = VERTEX_POINT('',#1150);
#1150 = CARTESIAN_POINT('',(27.483914418923,-1.093233949708,
    36.600000053124));
#1151 = VERTEX_POINT('',#1152);
#1152 = CARTESIAN_POINT('',(25.584827007138,2.640950654213,
    37.958022988996));
#1153 = ELLIPSE('',#1154,2.889025729296,2.35);
#1154 = AXIS2_PLACEMENT_3D('',#1155,#1156,#1157);
#1155 = CARTESIAN_POINT('',(25.584827011174,0.290950654213,
    37.958022988997));
#1156 = DIRECTION('',(-0.581672596436,-9.990754393286E-10,
    -0.813423008376));
#1157 = DIRECTION('',(-0.813423008376,-1.397106747735E-09,0.581672596436
    ));
#1158 = ORIENTED_EDGE('',*,*,#1159,.T.);
#1159 = EDGE_CURVE('',#1149,#1160,#1162,.T.);
#1160 = VERTEX_POINT('',#1161);
#1161 = CARTESIAN_POINT('',(27.483914414168,1.675135264657,
    36.600000053124));
#1162 = LINE('',#1163,#1164);
#1163 = CARTESIAN_POINT('',(27.483914422352,-3.089826745629,
    36.600000053124));
#1164 = VECTOR('',#1165,1.);
#1165 = DIRECTION('',(-1.717574137963E-09,1.,-1.183999958411E-14));
#1166 = ORIENTED_EDGE('',*,*,#1167,.F.);
#1167 = EDGE_CURVE('',#1151,#1160,#1168,.T.);
#1168 = ELLIPSE('',#1169,2.889025729296,2.35);
#1169 = AXIS2_PLACEMENT_3D('',#1170,#1171,#1172);
#1170 = CARTESIAN_POINT('',(25.584827011174,0.290950654213,
    37.958022988997));
#1171 = DIRECTION('',(-0.581672596436,-9.990754393286E-10,
    -0.813423008376));
#1172 = DIRECTION('',(-0.813423008376,-1.397106747735E-09,0.581672596436
    ));
#1173 = PLANE('',#1174);
#1174 = AXIS2_PLACEMENT_3D('',#1175,#1176,#1177);
#1175 = CARTESIAN_POINT('',(20.491810851684,-6.470604160742,
    41.600000053122));
#1176 = DIRECTION('',(-0.581672596436,-9.990754393286E-10,
    -0.813423008376));
#1177 = DIRECTION('',(0.813423008376,1.397107049104E-09,-0.581672596436)
  );
#1178 = ADVANCED_FACE('',(#1179),#1190,.F.);
#1179 = FACE_BOUND('',#1180,.F.);
#1180 = EDGE_LOOP('',(#1181,#1187,#1188,#1189));
#1181 = ORIENTED_EDGE('',*,*,#1182,.F.);
#1182 = EDGE_CURVE('',#289,#184,#1183,.T.);
#1183 = LINE('',#1184,#1185);
#1184 = CARTESIAN_POINT('',(-15.41974995895,18.479395639864,
    41.600000053137));
#1185 = VECTOR('',#1186,1.);
#1186 = DIRECTION('',(1.71759273E-09,-1.,1.212E-14));
#1187 = ORIENTED_EDGE('',*,*,#386,.T.);
#1188 = ORIENTED_EDGE('',*,*,#1008,.F.);
#1189 = ORIENTED_EDGE('',*,*,#191,.F.);
#1190 = PLANE('',#1191);
#1191 = AXIS2_PLACEMENT_3D('',#1192,#1193,#1194);
#1192 = CARTESIAN_POINT('',(24.080248365672,2.229395875225,
    41.600000053138));
#1193 = DIRECTION('',(6.43E-15,-1.212E-14,-1.));
#1194 = DIRECTION('',(1.,1.71759725E-09,6.429999979183E-15));
#1195 = ADVANCED_FACE('',(#1196),#1207,.F.);
#1196 = FACE_BOUND('',#1197,.T.);
#1197 = EDGE_LOOP('',(#1198,#1199,#1200,#1206));
#1198 = ORIENTED_EDGE('',*,*,#1182,.F.);
#1199 = ORIENTED_EDGE('',*,*,#286,.F.);
#1200 = ORIENTED_EDGE('',*,*,#1201,.F.);
#1201 = EDGE_CURVE('',#176,#287,#1202,.T.);
#1202 = LINE('',#1203,#1204);
#1203 = CARTESIAN_POINT('',(-19.98941839559,19.854400234842,
    37.030331618859));
#1204 = VECTOR('',#1205,1.);
#1205 = DIRECTION('',(-1.71759474E-09,1.,-1.413E-14));
#1206 = ORIENTED_EDGE('',*,*,#183,.T.);
#1207 = PLANE('',#1208);
#1208 = AXIS2_PLACEMENT_3D('',#1209,#1210,#1211);
#1209 = CARTESIAN_POINT('',(-17.41974995895,18.479395636428,
    39.600000053137));
#1210 = DIRECTION('',(0.707106781187,1.214512899999E-09,-0.707106781187)
  );
#1211 = DIRECTION('',(-1.717592857428E-09,1.,-1.224257224119E-14));
#1212 = ADVANCED_FACE('',(#1213,#1322,#1356),#1390,.F.);
#1213 = FACE_BOUND('',#1214,.T.);
#1214 = EDGE_LOOP('',(#1215,#1223,#1231,#1239,#1247,#1255,#1263,#1271,
    #1279,#1287,#1295,#1303,#1312,#1318,#1319,#1320,#1321));
#1215 = ORIENTED_EDGE('',*,*,#1216,.T.);
#1216 = EDGE_CURVE('',#297,#1217,#1219,.T.);
#1217 = VERTEX_POINT('',#1218);
#1218 = CARTESIAN_POINT('',(-19.41975163813,4.429391840175,
    37.030331618859));
#1219 = LINE('',#1220,#1221);
#1220 = CARTESIAN_POINT('',(-19.41975164853,10.479400304677,
    37.030331618859));
#1221 = VECTOR('',#1222,1.);
#1222 = DIRECTION('',(-1.71759753E-09,1.,-1.413E-14));
#1223 = ORIENTED_EDGE('',*,*,#1224,.F.);
#1224 = EDGE_CURVE('',#1225,#1217,#1227,.T.);
#1225 = VERTEX_POINT('',#1226);
#1226 = CARTESIAN_POINT('',(-20.21975172371,4.429391838497,
    37.030331618859));
#1227 = LINE('',#1228,#1229);
#1228 = CARTESIAN_POINT('',(0.227429328878,4.429391881379,
    37.030331618859));
#1229 = VECTOR('',#1230,1.);
#1230 = DIRECTION('',(1.,2.09719003E-09,-2.29E-15));
#1231 = ORIENTED_EDGE('',*,*,#1232,.F.);
#1232 = EDGE_CURVE('',#1233,#1225,#1235,.T.);
#1233 = VERTEX_POINT('',#1234);
#1234 = CARTESIAN_POINT('',(-20.21975172804,3.146738762591,
    37.030331618859));
#1235 = LINE('',#1236,#1237);
#1236 = CARTESIAN_POINT('',(-20.21975169485,12.979400332824,
    37.030331618859));
#1237 = VECTOR('',#1238,1.);
#1238 = DIRECTION('',(3.37630281E-09,1.,-1.413E-14));
#1239 = ORIENTED_EDGE('',*,*,#1240,.F.);
#1240 = EDGE_CURVE('',#1241,#1233,#1243,.T.);
#1241 = VERTEX_POINT('',#1242);
#1242 = CARTESIAN_POINT('',(-20.83690901765,2.529581477149,
    37.030331618859));
#1243 = LINE('',#1244,#1245);
#1244 = CARTESIAN_POINT('',(-10.95549870964,12.410991718439,
    37.030331618859));
#1245 = VECTOR('',#1246,1.);
#1246 = DIRECTION('',(0.707106783574,0.707106778799,-1.161E-14));
#1247 = ORIENTED_EDGE('',*,*,#1248,.F.);
#1248 = EDGE_CURVE('',#1249,#1241,#1251,.T.);
#1249 = VERTEX_POINT('',#1250);
#1250 = CARTESIAN_POINT('',(-23.43161007886,2.529581485909,
    37.030331618859));
#1251 = LINE('',#1252,#1253);
#1252 = CARTESIAN_POINT('',(-10.02400019935,2.529581440641,
    37.030331618859));
#1253 = VECTOR('',#1254,1.);
#1254 = DIRECTION('',(1.,-3.37630281E-09,-2.29E-15));
#1255 = ORIENTED_EDGE('',*,*,#1256,.F.);
#1256 = EDGE_CURVE('',#1257,#1249,#1259,.T.);
#1257 = VERTEX_POINT('',#1258);
#1258 = CARTESIAN_POINT('',(-24.0487673643,3.146738775519,
    37.030331618859));
#1259 = LINE('',#1260,#1261);
#1260 = CARTESIAN_POINT('',(-22.56001491661,1.657986317777,
    37.030331618859));
#1261 = VECTOR('',#1262,1.);
#1262 = DIRECTION('',(0.707106778799,-0.707106783574,8.370000000001E-15)
  );
#1263 = ORIENTED_EDGE('',*,*,#1264,.F.);
#1264 = EDGE_CURVE('',#1265,#1257,#1267,.T.);
#1265 = VERTEX_POINT('',#1266);
#1266 = CARTESIAN_POINT('',(-24.04876735997,4.429391830467,
    37.030331618859));
#1267 = LINE('',#1268,#1269);
#1268 = CARTESIAN_POINT('',(-24.04876733578,11.595493218996,
    37.030331618859));
#1269 = VECTOR('',#1270,1.);
#1270 = DIRECTION('',(-3.37630281E-09,-1.,1.413E-14));
#1271 = ORIENTED_EDGE('',*,*,#1272,.F.);
#1272 = EDGE_CURVE('',#1273,#1265,#1275,.T.);
#1273 = VERTEX_POINT('',#1274);
#1274 = CARTESIAN_POINT('',(-25.33408535724,4.429391827772,
    37.030331618859));
#1275 = LINE('',#1276,#1277);
#1276 = CARTESIAN_POINT('',(0.227429328878,4.429391881379,
    37.030331618859));
#1277 = VECTOR('',#1278,1.);
#1278 = DIRECTION('',(1.,2.09719003E-09,-2.29E-15));
#1279 = ORIENTED_EDGE('',*,*,#1280,.T.);
#1280 = EDGE_CURVE('',#1273,#1281,#1283,.T.);
#1281 = VERTEX_POINT('',#1282);
#1282 = CARTESIAN_POINT('',(-26.33408535807,3.429391825674,
    37.030331618859));
#1283 = LINE('',#1284,#1285);
#1284 = CARTESIAN_POINT('',(-15.20762291654,14.555854281312,
    37.030331618859));
#1285 = VECTOR('',#1286,1.);
#1286 = DIRECTION('',(-0.707106780738,-0.707106781635,1.161E-14));
#1287 = ORIENTED_EDGE('',*,*,#1288,.F.);
#1288 = EDGE_CURVE('',#1289,#1281,#1291,.T.);
#1289 = VERTEX_POINT('',#1290);
#1290 = CARTESIAN_POINT('',(-26.33408535874,2.629389013215,
    37.030331618859));
#1291 = LINE('',#1292,#1293);
#1292 = CARTESIAN_POINT('',(-26.33408534353,20.966629456665,
    37.030331618859));
#1293 = VECTOR('',#1294,1.);
#1294 = DIRECTION('',(8.2934442E-10,1.,-1.413E-14));
#1295 = ORIENTED_EDGE('',*,*,#1296,.F.);
#1296 = EDGE_CURVE('',#1297,#1289,#1299,.T.);
#1297 = VERTEX_POINT('',#1298);
#1298 = CARTESIAN_POINT('',(-33.93407755213,2.629389019518,
    37.030331618859));
#1299 = LINE('',#1300,#1301);
#1300 = CARTESIAN_POINT('',(9.97599988831,2.629388983101,37.030331618859
    ));
#1301 = VECTOR('',#1302,1.);
#1302 = DIRECTION('',(1.,-8.293401E-10,-2.29E-15));
#1303 = ORIENTED_EDGE('',*,*,#1304,.T.);
#1304 = EDGE_CURVE('',#1297,#1305,#1307,.T.);
#1305 = VERTEX_POINT('',#1306);
#1306 = CARTESIAN_POINT('',(-34.33407755247,2.229389018831,
    37.030331618859));
#1307 = CIRCLE('',#1308,0.4);
#1308 = AXIS2_PLACEMENT_3D('',#1309,#1310,#1311);
#1309 = CARTESIAN_POINT('',(-33.93407755247,2.229389019518,
    37.030331618859));
#1310 = DIRECTION('',(2.29E-15,1.413E-14,1.));
#1311 = DIRECTION('',(-0.707106781501,0.707106780873,-8.372144284093E-15
    ));
#1312 = ORIENTED_EDGE('',*,*,#1313,.F.);
#1313 = EDGE_CURVE('',#495,#1305,#1314,.T.);
#1314 = LINE('',#1315,#1316);
#1315 = CARTESIAN_POINT('',(-34.33407756703,10.709325231165,
    37.030331618859));
#1316 = VECTOR('',#1317,1.);
#1317 = DIRECTION('',(-1.71759273E-09,1.,-1.413E-14));
#1318 = ORIENTED_EDGE('',*,*,#494,.T.);
#1319 = ORIENTED_EDGE('',*,*,#175,.T.);
#1320 = ORIENTED_EDGE('',*,*,#1201,.T.);
#1321 = ORIENTED_EDGE('',*,*,#296,.T.);
#1322 = FACE_BOUND('',#1323,.T.);
#1323 = EDGE_LOOP('',(#1324,#1334,#1342,#1350));
#1324 = ORIENTED_EDGE('',*,*,#1325,.T.);
#1325 = EDGE_CURVE('',#1326,#1328,#1330,.T.);
#1326 = VERTEX_POINT('',#1327);
#1327 = CARTESIAN_POINT('',(-22.41975163267,1.246780139238,
    37.030331618859));
#1328 = VERTEX_POINT('',#1329);
#1329 = CARTESIAN_POINT('',(-22.4197516295,-0.598519322382,
    37.030331618859));
#1330 = LINE('',#1331,#1332);
#1331 = CARTESIAN_POINT('',(-22.41975162147,-5.270604234446,
    37.030331618859));
#1332 = VECTOR('',#1333,1.);
#1333 = DIRECTION('',(1.7175975E-09,-1.,1.224E-14));
#1334 = ORIENTED_EDGE('',*,*,#1335,.T.);
#1335 = EDGE_CURVE('',#1328,#1336,#1338,.T.);
#1336 = VERTEX_POINT('',#1337);
#1337 = CARTESIAN_POINT('',(-25.4197516295,-0.598519327535,
    37.030331618859));
#1338 = LINE('',#1339,#1340);
#1339 = CARTESIAN_POINT('',(-10.02400009872,-0.598519301091,
    37.030331618859));
#1340 = VECTOR('',#1341,1.);
#1341 = DIRECTION('',(-1.,-1.71759626E-09,2.29E-15));
#1342 = ORIENTED_EDGE('',*,*,#1343,.F.);
#1343 = EDGE_CURVE('',#1344,#1336,#1346,.T.);
#1344 = VERTEX_POINT('',#1345);
#1345 = CARTESIAN_POINT('',(-25.41975163267,1.246780134086,
    37.030331618859));
#1346 = LINE('',#1347,#1348);
#1347 = CARTESIAN_POINT('',(-25.41975164768,9.988092481214,
    37.030331618859));
#1348 = VECTOR('',#1349,1.);
#1349 = DIRECTION('',(1.7175975E-09,-1.,1.413E-14));
#1350 = ORIENTED_EDGE('',*,*,#1351,.F.);
#1351 = EDGE_CURVE('',#1326,#1344,#1352,.T.);
#1352 = LINE('',#1353,#1354);
#1353 = CARTESIAN_POINT('',(-19.41975163267,1.246780144391,
    37.030331618859));
#1354 = VECTOR('',#1355,1.);
#1355 = DIRECTION('',(-1.,-1.7175975E-09,1.4E-16));
#1356 = FACE_BOUND('',#1357,.T.);
#1357 = EDGE_LOOP('',(#1358,#1368,#1376,#1384));
#1358 = ORIENTED_EDGE('',*,*,#1359,.F.);
#1359 = EDGE_CURVE('',#1360,#1362,#1364,.T.);
#1360 = VERTEX_POINT('',#1361);
#1361 = CARTESIAN_POINT('',(-25.41975162725,-1.907920404294,
    37.030331618859));
#1362 = VERTEX_POINT('',#1363);
#1363 = CARTESIAN_POINT('',(-25.41975162408,-3.753219865914,
    37.030331618859));
#1364 = LINE('',#1365,#1366);
#1365 = CARTESIAN_POINT('',(-25.41975164768,9.988092481214,
    37.030331618859));
#1366 = VECTOR('',#1367,1.);
#1367 = DIRECTION('',(1.7175975E-09,-1.,1.413E-14));
#1368 = ORIENTED_EDGE('',*,*,#1369,.T.);
#1369 = EDGE_CURVE('',#1360,#1370,#1372,.T.);
#1370 = VERTEX_POINT('',#1371);
#1371 = CARTESIAN_POINT('',(-22.41975162725,-1.907920399141,
    37.030331618859));
#1372 = LINE('',#1373,#1374);
#1373 = CARTESIAN_POINT('',(-10.02400009647,-1.90792037785,
    37.030331618859));
#1374 = VECTOR('',#1375,1.);
#1375 = DIRECTION('',(1.,1.71759874E-09,-2.29E-15));
#1376 = ORIENTED_EDGE('',*,*,#1377,.T.);
#1377 = EDGE_CURVE('',#1370,#1378,#1380,.T.);
#1378 = VERTEX_POINT('',#1379);
#1379 = CARTESIAN_POINT('',(-22.41975162408,-3.753219860762,
    37.030331618859));
#1380 = LINE('',#1381,#1382);
#1381 = CARTESIAN_POINT('',(-22.41975162147,-5.270604234446,
    37.030331618859));
#1382 = VECTOR('',#1383,1.);
#1383 = DIRECTION('',(1.7175975E-09,-1.,1.224E-14));
#1384 = ORIENTED_EDGE('',*,*,#1385,.F.);
#1385 = EDGE_CURVE('',#1362,#1378,#1386,.T.);
#1386 = LINE('',#1387,#1388);
#1387 = CARTESIAN_POINT('',(-19.41975162408,-3.753219855609,
    37.030331618859));
#1388 = VECTOR('',#1389,1.);
#1389 = DIRECTION('',(1.,1.7175975E-09,-1.4E-16));
#1390 = PLANE('',#1391);
#1391 = AXIS2_PLACEMENT_3D('',#1392,#1393,#1394);
#1392 = CARTESIAN_POINT('',(-0.628248605441,21.229404870924,
    37.030331618859));
#1393 = DIRECTION('',(-2.29E-15,-1.413E-14,-1.));
#1394 = DIRECTION('',(-1.,-1.7175975E-09,2.29000002427E-15));
#1395 = ADVANCED_FACE('',(#1396,#1494),#1539,.F.);
#1396 = FACE_BOUND('',#1397,.F.);
#1397 = EDGE_LOOP('',(#1398,#1408,#1416,#1424,#1432,#1440,#1446,#1447,
    #1448,#1456,#1464,#1472,#1480,#1488));
#1398 = ORIENTED_EDGE('',*,*,#1399,.F.);
#1399 = EDGE_CURVE('',#1400,#1402,#1404,.T.);
#1400 = VERTEX_POINT('',#1401);
#1401 = CARTESIAN_POINT('',(20.580248396942,3.230996128769,
    0.599995904593));
#1402 = VERTEX_POINT('',#1403);
#1403 = CARTESIAN_POINT('',(20.580248396507,3.48418780592,0.350905213609
    ));
#1404 = LINE('',#1405,#1406);
#1405 = CARTESIAN_POINT('',(20.580248407661,-3.006849252169,
    6.736805904317));
#1406 = VECTOR('',#1407,1.);
#1407 = DIRECTION('',(-1.22492446E-09,0.712856337826,-0.701310089491));
#1408 = ORIENTED_EDGE('',*,*,#1409,.F.);
#1409 = EDGE_CURVE('',#1410,#1400,#1412,.T.);
#1410 = VERTEX_POINT('',#1411);
#1411 = CARTESIAN_POINT('',(20.580248396943,3.230996128769,
    3.132978198826));
#1412 = LINE('',#1413,#1414);
#1413 = CARTESIAN_POINT('',(20.580248396947,3.230996128769,
    21.049999157957));
#1414 = VECTOR('',#1415,1.);
#1415 = DIRECTION('',(-2.4214E-13,-5.265E-14,-1.));
#1416 = ORIENTED_EDGE('',*,*,#1417,.T.);
#1417 = EDGE_CURVE('',#1410,#1418,#1420,.T.);
#1418 = VERTEX_POINT('',#1419);
#1419 = CARTESIAN_POINT('',(20.580248376122,5.62939848379,5.531380553847
    ));
#1420 = LINE('',#1421,#1422);
#1421 = CARTESIAN_POINT('',(20.580248399935,1.488706897962,
    1.390688968019));
#1422 = VECTOR('',#1423,1.);
#1423 = DIRECTION('',(-1.214705149999E-09,0.707106781187,0.707106781187)
  );
#1424 = ORIENTED_EDGE('',*,*,#1425,.T.);
#1425 = EDGE_CURVE('',#1418,#1426,#1428,.T.);
#1426 = VERTEX_POINT('',#1427);
#1427 = CARTESIAN_POINT('',(20.580248359831,5.629398483793,
    35.62320693909));
#1428 = LINE('',#1429,#1430);
#1429 = CARTESIAN_POINT('',(20.580248359832,5.629398483791,
    19.315165835992));
#1430 = VECTOR('',#1431,1.);
#1431 = DIRECTION('',(-6.43E-15,1.1159E-13,1.));
#1432 = ORIENTED_EDGE('',*,*,#1433,.T.);
#1433 = EDGE_CURVE('',#1426,#1434,#1436,.T.);
#1434 = VERTEX_POINT('',#1435);
#1435 = CARTESIAN_POINT('',(20.580248205557,7.32939583957,35.62320692799
    ));
#1436 = LINE('',#1437,#1438);
#1437 = CARTESIAN_POINT('',(20.580248368077,0.829395829883,
    35.623206938591));
#1438 = VECTOR('',#1439,1.);
#1439 = DIRECTION('',(-1.71759725E-09,1.,-1.1677E-13));
#1440 = ORIENTED_EDGE('',*,*,#1441,.F.);
#1441 = EDGE_CURVE('',#1016,#1434,#1442,.T.);
#1442 = LINE('',#1443,#1444);
#1443 = CARTESIAN_POINT('',(20.580248389906,7.329395839422,
    21.925006561422));
#1444 = VECTOR('',#1445,1.);
#1445 = DIRECTION('',(-2.4214E-13,-1.173E-14,-1.));
#1446 = ORIENTED_EDGE('',*,*,#1015,.F.);
#1447 = ORIENTED_EDGE('',*,*,#370,.T.);
#1448 = ORIENTED_EDGE('',*,*,#1449,.T.);
#1449 = EDGE_CURVE('',#363,#1450,#1452,.T.);
#1450 = VERTEX_POINT('',#1451);
#1451 = CARTESIAN_POINT('',(20.580248368804,0.629392118249,
    6.199999999994));
#1452 = LINE('',#1453,#1454);
#1453 = CARTESIAN_POINT('',(20.580248338448,18.07939397883,
    6.199999999994));
#1454 = VECTOR('',#1455,1.);
#1455 = DIRECTION('',(-1.71759725E-09,1.,-1.224E-14));
#1456 = ORIENTED_EDGE('',*,*,#1457,.F.);
#1457 = EDGE_CURVE('',#1458,#1450,#1460,.T.);
#1458 = VERTEX_POINT('',#1459);
#1459 = CARTESIAN_POINT('',(20.580248368804,0.629392118249,
    1.599999999994));
#1460 = LINE('',#1461,#1462);
#1461 = CARTESIAN_POINT('',(20.580248368421,0.629392118249,
    11.599996433918));
#1462 = VECTOR('',#1463,1.);
#1463 = DIRECTION('',(-6.43E-15,1.212E-14,1.));
#1464 = ORIENTED_EDGE('',*,*,#1465,.T.);
#1465 = EDGE_CURVE('',#1458,#1466,#1468,.T.);
#1466 = VERTEX_POINT('',#1467);
#1467 = CARTESIAN_POINT('',(20.580248312975,3.230798243444,
    1.599999999994));
#1468 = LINE('',#1469,#1470);
#1469 = CARTESIAN_POINT('',(20.580248373583,-2.375988962217,
    1.599999999994));
#1470 = VECTOR('',#1471,1.);
#1471 = DIRECTION('',(-1.71759725E-09,1.,-1.23E-14));
#1472 = ORIENTED_EDGE('',*,*,#1473,.F.);
#1473 = EDGE_CURVE('',#1474,#1466,#1476,.T.);
#1474 = VERTEX_POINT('',#1475);
#1475 = CARTESIAN_POINT('',(20.580248262536,3.230798239018,
    0.599995903688));
#1476 = LINE('',#1477,#1478);
#1477 = CARTESIAN_POINT('',(20.580248261905,3.230798238479,
    21.049997435712));
#1478 = VECTOR('',#1479,1.);
#1479 = DIRECTION('',(2.4214E-13,5.311E-14,1.));
#1480 = ORIENTED_EDGE('',*,*,#1481,.F.);
#1481 = EDGE_CURVE('',#1482,#1474,#1484,.T.);
#1482 = VERTEX_POINT('',#1483);
#1483 = CARTESIAN_POINT('',(20.580248317387,3.484088906427,
    0.350807833874));
#1484 = LINE('',#1485,#1486);
#1485 = CARTESIAN_POINT('',(20.580248254141,-3.006983266937,
    6.736743056775));
#1486 = VECTOR('',#1487,1.);
#1487 = DIRECTION('',(-8.866703700002E-10,-0.712856338204,0.701310089106
    ));
#1488 = ORIENTED_EDGE('',*,*,#1489,.T.);
#1489 = EDGE_CURVE('',#1482,#1402,#1490,.T.);
#1490 = LINE('',#1491,#1492);
#1491 = CARTESIAN_POINT('',(20.580248401569,0.537559030166,
    -2.547996689931));
#1492 = VECTOR('',#1493,1.);
#1493 = DIRECTION('',(-1.22458483E-09,0.712856338015,0.701310089299));
#1494 = FACE_BOUND('',#1495,.F.);
#1495 = EDGE_LOOP('',(#1496,#1509,#1517,#1525,#1533));
#1496 = ORIENTED_EDGE('',*,*,#1497,.F.);
#1497 = EDGE_CURVE('',#1498,#1500,#1502,.T.);
#1498 = VERTEX_POINT('',#1499);
#1499 = CARTESIAN_POINT('',(20.580248442453,-2.291016120967,
    35.60000014766));
#1500 = VERTEX_POINT('',#1501);
#1501 = CARTESIAN_POINT('',(20.580248409838,-4.270604309186,
    33.611866012167));
#1502 = B_SPLINE_CURVE_WITH_KNOTS('',3,(#1503,#1504,#1505,#1506,#1507,
    #1508),.UNSPECIFIED.,.F.,.F.,(4,2,4),(-0.279931758737,
    -0.139971868408,-9.9999996095E-07),.UNSPECIFIED.);
#1503 = CARTESIAN_POINT('',(20.580248406438,-2.291016138861,
    35.60000013573));
#1504 = CARTESIAN_POINT('',(20.580248407003,-2.62022212511,
    35.269113001255));
#1505 = CARTESIAN_POINT('',(20.580248407573,-2.951721821686,
    34.936076893808));
#1506 = CARTESIAN_POINT('',(20.580248408704,-3.610242491549,
    34.274735789498));
#1507 = CARTESIAN_POINT('',(20.580248409273,-3.941292540625,
    33.942384498746));
#1508 = CARTESIAN_POINT('',(20.580248409838,-4.270604308984,
    33.611866011966));
#1509 = ORIENTED_EDGE('',*,*,#1510,.T.);
#1510 = EDGE_CURVE('',#1498,#1511,#1513,.T.);
#1511 = VERTEX_POINT('',#1512);
#1512 = CARTESIAN_POINT('',(20.580248396094,3.729395839422,
    35.600000151933));
#1513 = LINE('',#1514,#1515);
#1514 = CARTESIAN_POINT('',(20.580248405802,-1.920785451823,
    35.60000015387));
#1515 = VECTOR('',#1516,1.);
#1516 = DIRECTION('',(-1.71809463E-09,1.,-3.4284843E-10));
#1517 = ORIENTED_EDGE('',*,*,#1518,.F.);
#1518 = EDGE_CURVE('',#1519,#1511,#1521,.T.);
#1519 = VERTEX_POINT('',#1520);
#1520 = CARTESIAN_POINT('',(20.580248396087,3.729395839422,
    7.600000053111));
#1521 = LINE('',#1522,#1523);
#1522 = CARTESIAN_POINT('',(20.580248396086,3.729395839422,
    4.600000053118));
#1523 = VECTOR('',#1524,1.);
#1524 = DIRECTION('',(2.4214E-13,1.656E-14,1.));
#1525 = ORIENTED_EDGE('',*,*,#1526,.F.);
#1526 = EDGE_CURVE('',#1527,#1519,#1529,.T.);
#1527 = VERTEX_POINT('',#1528);
#1528 = CARTESIAN_POINT('',(20.580248409832,-4.270604309589,
    7.600000053111));
#1529 = LINE('',#1530,#1531);
#1530 = CARTESIAN_POINT('',(20.580248410519,-4.670604160578,
    7.600000053111));
#1531 = VECTOR('',#1532,1.);
#1532 = DIRECTION('',(-1.71809463E-09,1.,-1.642E-14));
#1533 = ORIENTED_EDGE('',*,*,#1534,.T.);
#1534 = EDGE_CURVE('',#1527,#1500,#1535,.T.);
#1535 = LINE('',#1536,#1537);
#1536 = CARTESIAN_POINT('',(20.580248409834,-4.270604309589,
    15.600000053124));
#1537 = VECTOR('',#1538,1.);
#1538 = DIRECTION('',(2.4214E-13,1.161E-14,1.));
#1539 = PLANE('',#1540);
#1540 = AXIS2_PLACEMENT_3D('',#1541,#1542,#1543);
#1541 = CARTESIAN_POINT('',(20.580248411377,-5.170604160578,
    1.600000053124));
#1542 = DIRECTION('',(1.,1.71809463E-09,-2.4214E-13));
#1543 = DIRECTION('',(-1.71809463E-09,1.,-1.161E-14));
#1544 = ADVANCED_FACE('',(#1545),#1563,.F.);
#1545 = FACE_BOUND('',#1546,.T.);
#1546 = EDGE_LOOP('',(#1547,#1555,#1556,#1557));
#1547 = ORIENTED_EDGE('',*,*,#1548,.T.);
#1548 = EDGE_CURVE('',#1549,#354,#1551,.T.);
#1549 = VERTEX_POINT('',#1550);
#1550 = CARTESIAN_POINT('',(18.080248609068,0.629392113955,
    6.199999999995));
#1551 = LINE('',#1552,#1553);
#1552 = CARTESIAN_POINT('',(18.080248539333,41.229392113955,
    6.199999999994));
#1553 = VECTOR('',#1554,1.);
#1554 = DIRECTION('',(1.7175975E-09,-1.,1.224E-14));
#1555 = ORIENTED_EDGE('',*,*,#362,.T.);
#1556 = ORIENTED_EDGE('',*,*,#1449,.T.);
#1557 = ORIENTED_EDGE('',*,*,#1558,.F.);
#1558 = EDGE_CURVE('',#1549,#1450,#1559,.T.);
#1559 = LINE('',#1560,#1561);
#1560 = CARTESIAN_POINT('',(9.187831866158,0.629392098681,6.199999999997
    ));
#1561 = VECTOR('',#1562,1.);
#1562 = DIRECTION('',(1.,1.7175975E-09,-2.5594E-13));
#1563 = PLANE('',#1564);
#1564 = AXIS2_PLACEMENT_3D('',#1565,#1566,#1567);
#1565 = CARTESIAN_POINT('',(18.080248539333,41.229392113955,
    6.199999999994));
#1566 = DIRECTION('',(-2.5594E-13,-1.224E-14,-1.));
#1567 = DIRECTION('',(1.,1.71759848E-09,-2.55940000021E-13));
#1568 = ADVANCED_FACE('',(#1569),#1588,.T.);
#1569 = FACE_BOUND('',#1570,.T.);
#1570 = EDGE_LOOP('',(#1571,#1579,#1580,#1581));
#1571 = ORIENTED_EDGE('',*,*,#1572,.T.);
#1572 = EDGE_CURVE('',#1573,#346,#1575,.T.);
#1573 = VERTEX_POINT('',#1574);
#1574 = CARTESIAN_POINT('',(15.980248609067,0.629392110348,
    4.099999999995));
#1575 = LINE('',#1576,#1577);
#1576 = CARTESIAN_POINT('',(15.980248539333,41.229392110348,
    4.099999999994));
#1577 = VECTOR('',#1578,1.);
#1578 = DIRECTION('',(1.7175975E-09,-1.,1.224E-14));
#1579 = ORIENTED_EDGE('',*,*,#353,.T.);
#1580 = ORIENTED_EDGE('',*,*,#1548,.F.);
#1581 = ORIENTED_EDGE('',*,*,#1582,.F.);
#1582 = EDGE_CURVE('',#1573,#1549,#1583,.T.);
#1583 = CIRCLE('',#1584,2.1);
#1584 = AXIS2_PLACEMENT_3D('',#1585,#1586,#1587);
#1585 = CARTESIAN_POINT('',(18.080248609067,0.629392113955,
    4.099999999995));
#1586 = DIRECTION('',(-1.7175975E-09,1.,-1.212E-14));
#1587 = DIRECTION('',(-1.,-1.7175975E-09,2.4545E-13));
#1588 = CYLINDRICAL_SURFACE('',#1589,2.1);
#1589 = AXIS2_PLACEMENT_3D('',#1590,#1591,#1592);
#1590 = CARTESIAN_POINT('',(18.080248539333,41.229392113955,
    4.099999999994));
#1591 = DIRECTION('',(-1.7175975E-09,1.,-1.224E-14));
#1592 = DIRECTION('',(-1.,-1.7175975E-09,2.4545E-13));
#1593 = ADVANCED_FACE('',(#1594),#1612,.F.);
#1594 = FACE_BOUND('',#1595,.T.);
#1595 = EDGE_LOOP('',(#1596,#1604,#1605,#1606));
#1596 = ORIENTED_EDGE('',*,*,#1597,.T.);
#1597 = EDGE_CURVE('',#1598,#338,#1600,.T.);
#1598 = VERTEX_POINT('',#1599);
#1599 = CARTESIAN_POINT('',(15.980248609067,0.629392110348,
    1.599999999996));
#1600 = LINE('',#1601,#1602);
#1601 = CARTESIAN_POINT('',(15.980248574577,20.709318923034,
    1.599999999996));
#1602 = VECTOR('',#1603,1.);
#1603 = DIRECTION('',(1.7175975E-09,-1.,1.23E-14));
#1604 = ORIENTED_EDGE('',*,*,#345,.T.);
#1605 = ORIENTED_EDGE('',*,*,#1572,.F.);
#1606 = ORIENTED_EDGE('',*,*,#1607,.F.);
#1607 = EDGE_CURVE('',#1598,#1573,#1608,.T.);
#1608 = LINE('',#1609,#1610);
#1609 = CARTESIAN_POINT('',(15.980248609069,0.629392110348,
    11.599996407345));
#1610 = VECTOR('',#1611,1.);
#1611 = DIRECTION('',(2.5238E-13,1.212E-14,1.));
#1612 = PLANE('',#1613);
#1613 = AXIS2_PLACEMENT_3D('',#1614,#1615,#1616);
#1614 = CARTESIAN_POINT('',(15.980248539332,41.229392110348,
    1.599999999994));
#1615 = DIRECTION('',(1.,1.7175975E-09,-2.5238E-13));
#1616 = DIRECTION('',(2.523799999794E-13,1.201E-14,1.));
#1617 = ADVANCED_FACE('',(#1618),#1675,.T.);
#1618 = FACE_BOUND('',#1619,.T.);
#1619 = EDGE_LOOP('',(#1620,#1630,#1638,#1646,#1654,#1660,#1661,#1662,
    #1668,#1669));
#1620 = ORIENTED_EDGE('',*,*,#1621,.T.);
#1621 = EDGE_CURVE('',#1622,#1624,#1626,.T.);
#1622 = VERTEX_POINT('',#1623);
#1623 = CARTESIAN_POINT('',(12.628596072387,1.781966309076,
    1.599999999996));
#1624 = VERTEX_POINT('',#1625);
#1625 = CARTESIAN_POINT('',(-12.66809873196,1.781966201198,
    1.600000000003));
#1626 = LINE('',#1627,#1628);
#1627 = CARTESIAN_POINT('',(-1.543495410149,1.781966248639,
    1.599999999999));
#1628 = VECTOR('',#1629,1.);
#1629 = DIRECTION('',(-1.,-4.26450118E-09,2.5205E-13));
#1630 = ORIENTED_EDGE('',*,*,#1631,.T.);
#1631 = EDGE_CURVE('',#1624,#1632,#1634,.T.);
#1632 = VERTEX_POINT('',#1633);
#1633 = CARTESIAN_POINT('',(-19.4197516357,3.012152028867,1.600000000005
    ));
#1634 = LINE('',#1635,#1636);
#1635 = CARTESIAN_POINT('',(-7.627692742034,0.863578348194,
    1.600000000002));
#1636 = VECTOR('',#1637,1.);
#1637 = DIRECTION('',(-0.983802840446,0.179253929192,2.4576E-13));
#1638 = ORIENTED_EDGE('',*,*,#1639,.T.);
#1639 = EDGE_CURVE('',#1632,#1640,#1642,.T.);
#1640 = VERTEX_POINT('',#1641);
#1641 = CARTESIAN_POINT('',(-19.41975163161,0.629393959128,
    1.600000000005));
#1642 = LINE('',#1643,#1644);
#1643 = CARTESIAN_POINT('',(-19.41975163057,2.40109690777E-02,
    1.600000000004));
#1644 = VECTOR('',#1645,1.);
#1645 = DIRECTION('',(1.71759753E-09,-1.,1.23E-14));
#1646 = ORIENTED_EDGE('',*,*,#1647,.F.);
#1647 = EDGE_CURVE('',#1648,#1640,#1650,.T.);
#1648 = VERTEX_POINT('',#1649);
#1649 = CARTESIAN_POINT('',(-14.81975139093,0.629393967029,
    1.600000000003));
#1650 = LINE('',#1651,#1652);
#1651 = CARTESIAN_POINT('',(-1.385912180777,0.629393990103,1.6));
#1652 = VECTOR('',#1653,1.);
#1653 = DIRECTION('',(-1.,-1.7175975E-09,2.5205E-13));
#1654 = ORIENTED_EDGE('',*,*,#1655,.F.);
#1655 = EDGE_CURVE('',#330,#1648,#1656,.T.);
#1656 = LINE('',#1657,#1658);
#1657 = CARTESIAN_POINT('',(-14.81975142542,20.709318870132,
    1.600000000003));
#1658 = VECTOR('',#1659,1.);
#1659 = DIRECTION('',(-1.7175975E-09,1.,-1.23E-14));
#1660 = ORIENTED_EDGE('',*,*,#337,.T.);
#1661 = ORIENTED_EDGE('',*,*,#1597,.F.);
#1662 = ORIENTED_EDGE('',*,*,#1663,.F.);
#1663 = EDGE_CURVE('',#1458,#1598,#1664,.T.);
#1664 = LINE('',#1665,#1666);
#1665 = CARTESIAN_POINT('',(-1.385912180777,0.62939208052,1.6));
#1666 = VECTOR('',#1667,1.);
#1667 = DIRECTION('',(-1.,-1.7175975E-09,2.5205E-13));
#1668 = ORIENTED_EDGE('',*,*,#1465,.T.);
#1669 = ORIENTED_EDGE('',*,*,#1670,.T.);
#1670 = EDGE_CURVE('',#1466,#1622,#1671,.T.);
#1671 = LINE('',#1672,#1673);
#1672 = CARTESIAN_POINT('',(-1.736326765273,-0.835396520003,1.6));
#1673 = VECTOR('',#1674,1.);
#1674 = DIRECTION('',(-0.983802838917,-0.179253937583,2.5017E-13));
#1675 = PLANE('',#1676);
#1676 = AXIS2_PLACEMENT_3D('',#1677,#1678,#1679);
#1677 = CARTESIAN_POINT('',(-3.067239484267,0.318626195537,1.6));
#1678 = DIRECTION('',(2.5205E-13,1.23E-14,1.));
#1679 = DIRECTION('',(1.,1.7175975E-09,-2.520500000211E-13));
#1680 = ADVANCED_FACE('',(#1681),#1699,.F.);
#1681 = FACE_BOUND('',#1682,.T.);
#1682 = EDGE_LOOP('',(#1683,#1691,#1692,#1693));
#1683 = ORIENTED_EDGE('',*,*,#1684,.T.);
#1684 = EDGE_CURVE('',#1685,#321,#1687,.T.);
#1685 = VERTEX_POINT('',#1686);
#1686 = CARTESIAN_POINT('',(-14.81975139093,0.629393967029,
    4.100000000003));
#1687 = LINE('',#1688,#1689);
#1688 = CARTESIAN_POINT('',(-14.81975146066,41.229392057446,
    4.100000000002));
#1689 = VECTOR('',#1690,1.);
#1690 = DIRECTION('',(1.7175975E-09,-1.,1.224E-14));
#1691 = ORIENTED_EDGE('',*,*,#329,.T.);
#1692 = ORIENTED_EDGE('',*,*,#1655,.T.);
#1693 = ORIENTED_EDGE('',*,*,#1694,.F.);
#1694 = EDGE_CURVE('',#1685,#1648,#1695,.T.);
#1695 = LINE('',#1696,#1697);
#1696 = CARTESIAN_POINT('',(-14.81975139093,0.629393967029,
    12.849996407352));
#1697 = VECTOR('',#1698,1.);
#1698 = DIRECTION('',(-2.7015E-13,-1.212E-14,-1.));
#1699 = PLANE('',#1700);
#1700 = AXIS2_PLACEMENT_3D('',#1701,#1702,#1703);
#1701 = CARTESIAN_POINT('',(-14.81975146066,41.229392057446,
    4.100000000002));
#1702 = DIRECTION('',(-1.,-1.7175975E-09,2.7015E-13));
#1703 = DIRECTION('',(-2.701499999792E-13,-1.212E-14,-1.));
#1704 = ADVANCED_FACE('',(#1705),#1724,.T.);
#1705 = FACE_BOUND('',#1706,.T.);
#1706 = EDGE_LOOP('',(#1707,#1715,#1716,#1717));
#1707 = ORIENTED_EDGE('',*,*,#1708,.T.);
#1708 = EDGE_CURVE('',#1709,#313,#1711,.T.);
#1709 = VERTEX_POINT('',#1710);
#1710 = CARTESIAN_POINT('',(-16.91975139093,0.629393963422,
    6.200000000004));
#1711 = LINE('',#1712,#1713);
#1712 = CARTESIAN_POINT('',(-16.91975146066,41.229392053839,
    6.200000000003));
#1713 = VECTOR('',#1714,1.);
#1714 = DIRECTION('',(1.7175975E-09,-1.,1.224E-14));
#1715 = ORIENTED_EDGE('',*,*,#320,.T.);
#1716 = ORIENTED_EDGE('',*,*,#1684,.F.);
#1717 = ORIENTED_EDGE('',*,*,#1718,.F.);
#1718 = EDGE_CURVE('',#1709,#1685,#1719,.T.);
#1719 = CIRCLE('',#1720,2.1);
#1720 = AXIS2_PLACEMENT_3D('',#1721,#1722,#1723);
#1721 = CARTESIAN_POINT('',(-16.91975139093,0.629393963422,
    4.100000000004));
#1722 = DIRECTION('',(-1.7175975E-09,1.,-1.212E-14));
#1723 = DIRECTION('',(2.4545E-13,1.212000042158E-14,1.));
#1724 = CYLINDRICAL_SURFACE('',#1725,2.1);
#1725 = AXIS2_PLACEMENT_3D('',#1726,#1727,#1728);
#1726 = CARTESIAN_POINT('',(-16.91975146066,41.229392053839,
    4.100000000003));
#1727 = DIRECTION('',(-1.7175975E-09,1.,-1.224E-14));
#1728 = DIRECTION('',(2.4545E-13,1.224000042158E-14,1.));
#1729 = ADVANCED_FACE('',(#1730),#1748,.F.);
#1730 = FACE_BOUND('',#1731,.T.);
#1731 = EDGE_LOOP('',(#1732,#1740,#1741,#1742));
#1732 = ORIENTED_EDGE('',*,*,#1733,.T.);
#1733 = EDGE_CURVE('',#1734,#305,#1736,.T.);
#1734 = VERTEX_POINT('',#1735);
#1735 = CARTESIAN_POINT('',(-19.41975163161,0.629393959128,
    6.200000000004));
#1736 = LINE('',#1737,#1738);
#1737 = CARTESIAN_POINT('',(-19.4197516657,20.479393910126,
    6.200000000004));
#1738 = VECTOR('',#1739,1.);
#1739 = DIRECTION('',(1.71759753E-09,-1.,1.224E-14));
#1740 = ORIENTED_EDGE('',*,*,#312,.T.);
#1741 = ORIENTED_EDGE('',*,*,#1708,.F.);
#1742 = ORIENTED_EDGE('',*,*,#1743,.F.);
#1743 = EDGE_CURVE('',#1734,#1709,#1744,.T.);
#1744 = LINE('',#1745,#1746);
#1745 = CARTESIAN_POINT('',(-9.562168133842,0.629393976059,
    6.200000000002));
#1746 = VECTOR('',#1747,1.);
#1747 = DIRECTION('',(1.,1.7175975E-09,-2.4883E-13));
#1748 = PLANE('',#1749);
#1749 = AXIS2_PLACEMENT_3D('',#1750,#1751,#1752);
#1750 = CARTESIAN_POINT('',(-19.41975146066,41.229392049545,
    6.200000000003));
#1751 = DIRECTION('',(-2.4883E-13,-1.224E-14,-1.));
#1752 = DIRECTION('',(1.,1.71759674E-09,-2.48830000021E-13));
#1753 = ADVANCED_FACE('',(#1754),#1780,.F.);
#1754 = FACE_BOUND('',#1755,.T.);
#1755 = EDGE_LOOP('',(#1756,#1757,#1758,#1759,#1765,#1766,#1774));
#1756 = ORIENTED_EDGE('',*,*,#1216,.F.);
#1757 = ORIENTED_EDGE('',*,*,#304,.F.);
#1758 = ORIENTED_EDGE('',*,*,#1733,.F.);
#1759 = ORIENTED_EDGE('',*,*,#1760,.F.);
#1760 = EDGE_CURVE('',#1640,#1734,#1761,.T.);
#1761 = LINE('',#1762,#1763);
#1762 = CARTESIAN_POINT('',(-19.41975163161,0.629393959128,
    12.099996407349));
#1763 = VECTOR('',#1764,1.);
#1764 = DIRECTION('',(1.4E-16,1.212E-14,1.));
#1765 = ORIENTED_EDGE('',*,*,#1639,.F.);
#1766 = ORIENTED_EDGE('',*,*,#1767,.T.);
#1767 = EDGE_CURVE('',#1632,#1768,#1770,.T.);
#1768 = VERTEX_POINT('',#1769);
#1769 = CARTESIAN_POINT('',(-19.41975163813,4.429391840175,
    5.545460439558));
#1770 = LINE('',#1771,#1772);
#1771 = CARTESIAN_POINT('',(-19.41975164063,5.884031637742,
    9.595038873152));
#1772 = VECTOR('',#1773,1.);
#1773 = DIRECTION('',(-5.806496700003E-10,0.338059289906,0.941124814522)
  );
#1774 = ORIENTED_EDGE('',*,*,#1775,.F.);
#1775 = EDGE_CURVE('',#1217,#1768,#1776,.T.);
#1776 = LINE('',#1777,#1778);
#1777 = CARTESIAN_POINT('',(-19.41975163813,4.429391840175,
    11.950005203195));
#1778 = VECTOR('',#1779,1.);
#1779 = DIRECTION('',(-1.4E-16,-1.224E-14,-1.));
#1780 = PLANE('',#1781);
#1781 = AXIS2_PLACEMENT_3D('',#1782,#1783,#1784);
#1782 = CARTESIAN_POINT('',(-19.41975163006,-0.270604229293,2.6));
#1783 = DIRECTION('',(-1.,-1.71759753E-09,1.4E-16));
#1784 = DIRECTION('',(-1.71759753E-09,1.,-1.57E-14));
#1785 = ADVANCED_FACE('',(#1786),#1820,.F.);
#1786 = FACE_BOUND('',#1787,.T.);
#1787 = EDGE_LOOP('',(#1788,#1796,#1797,#1806,#1814));
#1788 = ORIENTED_EDGE('',*,*,#1789,.T.);
#1789 = EDGE_CURVE('',#1790,#437,#1792,.T.);
#1790 = VERTEX_POINT('',#1791);
#1791 = CARTESIAN_POINT('',(-34.33407755247,2.229389018831,
    13.501140073479));
#1792 = LINE('',#1793,#1794);
#1793 = CARTESIAN_POINT('',(-34.33407754412,-2.628810982485,
    18.273078594412));
#1794 = VECTOR('',#1795,1.);
#1795 = DIRECTION('',(1.225351420001E-09,-0.71341203448,0.700744795955)
  );
#1796 = ORIENTED_EDGE('',*,*,#436,.T.);
#1797 = ORIENTED_EDGE('',*,*,#1798,.T.);
#1798 = EDGE_CURVE('',#439,#1799,#1801,.T.);
#1799 = VERTEX_POINT('',#1800);
#1800 = CARTESIAN_POINT('',(-34.33407754533,-1.923437575247,
    20.914435410417));
#1801 = ELLIPSE('',#1802,0.458389313605,0.4);
#1802 = AXIS2_PLACEMENT_3D('',#1803,#1804,#1805);
#1803 = CARTESIAN_POINT('',(-34.33407754485,-2.206280287546,
    20.631592697768));
#1804 = DIRECTION('',(-1.,-1.71759273E-09,1.399999998999E-16));
#1805 = DIRECTION('',(1.214521563296E-09,-0.70710677979,0.707106782583)
  );
#1806 = ORIENTED_EDGE('',*,*,#1807,.F.);
#1807 = EDGE_CURVE('',#1808,#1799,#1810,.T.);
#1808 = VERTEX_POINT('',#1809);
#1809 = CARTESIAN_POINT('',(-34.33407755247,2.229389018831,
    16.76160881634));
#1810 = LINE('',#1811,#1812);
#1811 = CARTESIAN_POINT('',(-34.33407754793,-0.410698935851,
    19.401696771022));
#1812 = VECTOR('',#1813,1.);
#1813 = DIRECTION('',(1.214521569999E-09,-0.707106781187,0.707106781187)
  );
#1814 = ORIENTED_EDGE('',*,*,#1815,.T.);
#1815 = EDGE_CURVE('',#1808,#1790,#1816,.T.);
#1816 = LINE('',#1817,#1818);
#1817 = CARTESIAN_POINT('',(-34.33407755247,2.229389018831,
    11.950003208203));
#1818 = VECTOR('',#1819,1.);
#1819 = DIRECTION('',(-1.4E-16,-5.73E-15,-1.));
#1820 = PLANE('',#1821);
#1821 = AXIS2_PLACEMENT_3D('',#1822,#1823,#1824);
#1822 = CARTESIAN_POINT('',(-34.33407754896,0.1892456493,21.300006416407
    ));
#1823 = DIRECTION('',(1.,1.71759273E-09,-1.4E-16));
#1824 = DIRECTION('',(-1.71759273E-09,1.,-1.224E-14));
#1825 = ADVANCED_FACE('',(#1826),#1869,.F.);
#1826 = FACE_BOUND('',#1827,.T.);
#1827 = EDGE_LOOP('',(#1828,#1829,#1838,#1846,#1854,#1862,#1868));
#1828 = ORIENTED_EDGE('',*,*,#1789,.F.);
#1829 = ORIENTED_EDGE('',*,*,#1830,.T.);
#1830 = EDGE_CURVE('',#1790,#1831,#1833,.T.);
#1831 = VERTEX_POINT('',#1832);
#1832 = CARTESIAN_POINT('',(-33.93407755213,2.629389019518,
    13.526694307027));
#1833 = ELLIPSE('',#1834,0.699621723672,0.4);
#1834 = AXIS2_PLACEMENT_3D('',#1835,#1836,#1837);
#1835 = CARTESIAN_POINT('',(-33.93407755247,2.229389019518,
    13.919591965146));
#1836 = DIRECTION('',(0.598111634021,-0.561585847285,-0.571737535394));
#1837 = DIRECTION('',(-0.416805975771,0.39135225557,-0.820436585375));
#1838 = ORIENTED_EDGE('',*,*,#1839,.T.);
#1839 = EDGE_CURVE('',#1831,#1840,#1842,.T.);
#1840 = VERTEX_POINT('',#1841);
#1841 = CARTESIAN_POINT('',(-35.6486927425,2.62938902094,11.732984378015
    ));
#1842 = LINE('',#1843,#1844);
#1843 = CARTESIAN_POINT('',(-24.4741769685,2.629389011672,23.4229775662)
  );
#1844 = VECTOR('',#1845,1.);
#1845 = DIRECTION('',(-0.690989566989,5.730612199998E-10,-0.722864730301
    ));
#1846 = ORIENTED_EDGE('',*,*,#1847,.T.);
#1847 = EDGE_CURVE('',#1840,#1848,#1850,.T.);
#1848 = VERTEX_POINT('',#1849);
#1849 = CARTESIAN_POINT('',(-35.77292551927,3.041040173571,
    11.198678841755));
#1850 = LINE('',#1851,#1852);
#1851 = CARTESIAN_POINT('',(-34.89712221256,0.139024698591,
    14.965370431664));
#1852 = VECTOR('',#1853,1.);
#1853 = DIRECTION('',(-0.181140292414,0.600216883981,-0.779055766071));
#1854 = ORIENTED_EDGE('',*,*,#1855,.T.);
#1855 = EDGE_CURVE('',#1848,#1856,#1858,.T.);
#1856 = VERTEX_POINT('',#1857);
#1857 = CARTESIAN_POINT('',(-35.77292551544,0.811867649614,
    13.388270508215));
#1858 = LINE('',#1859,#1860);
#1859 = CARTESIAN_POINT('',(-35.77292550851,-3.223396695463,
    17.351885296656));
#1860 = VECTOR('',#1861,1.);
#1861 = DIRECTION('',(1.225351850001E-09,-0.71341203448,0.700744795955)
  );
#1862 = ORIENTED_EDGE('',*,*,#1863,.F.);
#1863 = EDGE_CURVE('',#447,#1856,#1864,.T.);
#1864 = LINE('',#1865,#1866);
#1865 = CARTESIAN_POINT('',(-37.03750331022,-0.534958832648,
    13.388270508215));
#1866 = VECTOR('',#1867,1.);
#1867 = DIRECTION('',(0.684496349011,0.729016288014,-9.020000000004E-15)
  );
#1868 = ORIENTED_EDGE('',*,*,#446,.T.);
#1869 = PLANE('',#1870);
#1870 = AXIS2_PLACEMENT_3D('',#1871,#1872,#1873);
#1871 = CARTESIAN_POINT('',(-35.05350152631,-2.926103838974,
    17.812481945533));
#1872 = DIRECTION('',(0.598111634021,-0.561585847285,-0.571737535394));
#1873 = DIRECTION('',(0.684496349012,0.729016288014,-3.093081346606E-13)
  );
#1874 = ADVANCED_FACE('',(#1875),#1901,.F.);
#1875 = FACE_BOUND('',#1876,.T.);
#1876 = EDGE_LOOP('',(#1877,#1885,#1893,#1899,#1900));
#1877 = ORIENTED_EDGE('',*,*,#1878,.F.);
#1878 = EDGE_CURVE('',#1879,#1856,#1881,.T.);
#1879 = VERTEX_POINT('',#1880);
#1880 = CARTESIAN_POINT('',(-37.93562275722,1.727851207124,
    13.388270508215));
#1881 = LINE('',#1882,#1883);
#1882 = CARTESIAN_POINT('',(-21.79725553154,-5.107353803619,
    13.388270508215));
#1883 = VECTOR('',#1884,1.);
#1884 = DIRECTION('',(0.92081496549,-0.389999742729,4.640000000002E-15)
  );
#1885 = ORIENTED_EDGE('',*,*,#1886,.F.);
#1886 = EDGE_CURVE('',#1887,#1879,#1889,.T.);
#1887 = VERTEX_POINT('',#1888);
#1888 = CARTESIAN_POINT('',(-39.21207621343,0.451397746053,
    13.388270508215));
#1889 = LINE('',#1890,#1891);
#1890 = CARTESIAN_POINT('',(-36.75454641591,2.908927552949,
    13.388270508215));
#1891 = VECTOR('',#1892,1.);
#1892 = DIRECTION('',(0.707106779838,0.707106782535,-8.760000000001E-15)
  );
#1893 = ORIENTED_EDGE('',*,*,#1894,.F.);
#1894 = EDGE_CURVE('',#455,#1887,#1895,.T.);
#1895 = LINE('',#1896,#1897);
#1896 = CARTESIAN_POINT('',(-39.21207621337,0.417217966064,
    13.388270508215));
#1897 = VECTOR('',#1898,1.);
#1898 = DIRECTION('',(-1.71759273E-09,1.,-1.224E-14));
#1899 = ORIENTED_EDGE('',*,*,#454,.F.);
#1900 = ORIENTED_EDGE('',*,*,#1863,.T.);
#1901 = PLANE('',#1902);
#1902 = AXIS2_PLACEMENT_3D('',#1903,#1904,#1905);
#1903 = CARTESIAN_POINT('',(-37.73174551768,0.64519029375,
    13.388270508215));
#1904 = DIRECTION('',(-1.4E-16,-1.224E-14,-1.));
#1905 = DIRECTION('',(-1.,-1.7175975E-09,1.400000210234E-16));
#1906 = ADVANCED_FACE('',(#1907),#1925,.F.);
#1907 = FACE_BOUND('',#1908,.T.);
#1908 = EDGE_LOOP('',(#1909,#1910,#1911,#1919));
#1909 = ORIENTED_EDGE('',*,*,#462,.F.);
#1910 = ORIENTED_EDGE('',*,*,#1894,.T.);
#1911 = ORIENTED_EDGE('',*,*,#1912,.F.);
#1912 = EDGE_CURVE('',#1913,#1887,#1915,.T.);
#1913 = VERTEX_POINT('',#1914);
#1914 = CARTESIAN_POINT('',(-39.21207621343,0.451397746053,
    11.388270508215));
#1915 = LINE('',#1916,#1917);
#1916 = CARTESIAN_POINT('',(-39.21207621343,0.451397746053,
    21.300007413903));
#1917 = VECTOR('',#1918,1.);
#1918 = DIRECTION('',(1.4E-16,1.224E-14,1.));
#1919 = ORIENTED_EDGE('',*,*,#1920,.F.);
#1920 = EDGE_CURVE('',#463,#1913,#1921,.T.);
#1921 = LINE('',#1922,#1923);
#1922 = CARTESIAN_POINT('',(-39.21207621298,0.189245640922,
    11.388270508215));
#1923 = VECTOR('',#1924,1.);
#1924 = DIRECTION('',(-1.71759273E-09,1.,-1.57E-14));
#1925 = PLANE('',#1926);
#1926 = AXIS2_PLACEMENT_3D('',#1927,#1928,#1929);
#1927 = CARTESIAN_POINT('',(-39.21207621298,0.189245640922,
    21.300006416407));
#1928 = DIRECTION('',(1.,1.71759273E-09,-1.4E-16));
#1929 = DIRECTION('',(-1.71759273E-09,1.,-1.224E-14));
#1930 = ADVANCED_FACE('',(#1931),#1965,.F.);
#1931 = FACE_BOUND('',#1932,.T.);
#1932 = EDGE_LOOP('',(#1933,#1941,#1949,#1957,#1963,#1964));
#1933 = ORIENTED_EDGE('',*,*,#1934,.F.);
#1934 = EDGE_CURVE('',#1935,#1913,#1937,.T.);
#1935 = VERTEX_POINT('',#1936);
#1936 = CARTESIAN_POINT('',(-36.09976366054,3.563710310813,
    7.031032926687));
#1937 = LINE('',#1938,#1939);
#1938 = CARTESIAN_POINT('',(-36.8478316991,2.815642269393,8.078328182479
    ));
#1939 = VECTOR('',#1940,1.);
#1940 = DIRECTION('',(-0.502518906718,-0.502518908635,0.703526470614));
#1941 = ORIENTED_EDGE('',*,*,#1942,.T.);
#1942 = EDGE_CURVE('',#1935,#1943,#1945,.T.);
#1943 = VERTEX_POINT('',#1944);
#1944 = CARTESIAN_POINT('',(-31.07759728433,3.563710321345,-1.24E-13));
#1945 = LINE('',#1946,#1947);
#1946 = CARTESIAN_POINT('',(-30.72044066508,3.563710322095,
    -0.500019266953));
#1947 = VECTOR('',#1948,1.);
#1948 = DIRECTION('',(0.581238193719,1.21892444E-09,-0.813733471207));
#1949 = ORIENTED_EDGE('',*,*,#1950,.F.);
#1950 = EDGE_CURVE('',#1951,#1943,#1953,.T.);
#1951 = VERTEX_POINT('',#1952);
#1952 = CARTESIAN_POINT('',(-31.0775972804,1.274821767673,-1.07E-13));
#1953 = LINE('',#1954,#1955);
#1954 = CARTESIAN_POINT('',(-31.07759729661,10.709320691402,-2.1316E-13)
  );
#1955 = VECTOR('',#1956,1.);
#1956 = DIRECTION('',(-1.71759273E-09,1.,-1.57E-14));
#1957 = ORIENTED_EDGE('',*,*,#1958,.T.);
#1958 = EDGE_CURVE('',#1951,#471,#1959,.T.);
#1959 = LINE('',#1960,#1961);
#1960 = CARTESIAN_POINT('',(-31.08402566624,1.268382003783,
    8.999740185907E-03));
#1961 = VECTOR('',#1962,1.);
#1962 = DIRECTION('',(-0.502294252162,-0.503183298275,0.703211954237));
#1963 = ORIENTED_EDGE('',*,*,#470,.T.);
#1964 = ORIENTED_EDGE('',*,*,#1920,.T.);
#1965 = PLANE('',#1966);
#1966 = AXIS2_PLACEMENT_3D('',#1967,#1968,#1969);
#1967 = CARTESIAN_POINT('',(-30.86497966248,0.189245655258,
    -0.297664662485));
#1968 = DIRECTION('',(0.813733471207,1.39767182E-09,0.581238193719));
#1969 = DIRECTION('',(-1.717595201156E-09,1.,-1.224082532456E-14));
#1970 = ADVANCED_FACE('',(#1971),#1983,.T.);
#1971 = FACE_BOUND('',#1972,.T.);
#1972 = EDGE_LOOP('',(#1973,#1974,#1975,#1982));
#1973 = ORIENTED_EDGE('',*,*,#478,.F.);
#1974 = ORIENTED_EDGE('',*,*,#1958,.F.);
#1975 = ORIENTED_EDGE('',*,*,#1976,.F.);
#1976 = EDGE_CURVE('',#878,#1951,#1977,.T.);
#1977 = ELLIPSE('',#1978,0.568818544096,0.4);
#1978 = AXIS2_PLACEMENT_3D('',#1979,#1980,#1981);
#1979 = CARTESIAN_POINT('',(-30.58603583686,1.441183758888,-1.0658E-13)
  );
#1980 = DIRECTION('',(1.577721810442E-30,-1.57E-14,-1.));
#1981 = DIRECTION('',(-0.706481279189,-0.707731730358,1.111138816662E-14
    ));
#1982 = ORIENTED_EDGE('',*,*,#895,.F.);
#1983 = CYLINDRICAL_SURFACE('',#1984,0.4);
#1984 = AXIS2_PLACEMENT_3D('',#1985,#1986,#1987);
#1985 = CARTESIAN_POINT('',(-30.75853227775,1.268382004342,
    0.241495017674));
#1986 = DIRECTION('',(0.502294252162,0.503183298275,-0.703211954237));
#1987 = DIRECTION('',(-0.608446183416,-0.372174001315,-0.700913514374));
#1988 = ADVANCED_FACE('',(#1989),#2016,.F.);
#1989 = FACE_BOUND('',#1990,.T.);
#1990 = EDGE_LOOP('',(#1991,#2000,#2001,#2002,#2010));
#1991 = ORIENTED_EDGE('',*,*,#1992,.T.);
#1992 = EDGE_CURVE('',#1993,#503,#1995,.T.);
#1993 = VERTEX_POINT('',#1994);
#1994 = CARTESIAN_POINT('',(-34.33407754642,-1.290678175477,
    29.364581118522));
#1995 = ELLIPSE('',#1996,0.475810427056,0.4);
#1996 = AXIS2_PLACEMENT_3D('',#1997,#1998,#1999);
#1997 = CARTESIAN_POINT('',(-34.33407754593,-1.573520889189,
    29.647423829759));
#1998 = DIRECTION('',(-1.,-1.71759273E-09,1.400000000033E-16));
#1999 = DIRECTION('',(1.214521372E-09,-0.707106783687,-0.707106778686));
#2000 = ORIENTED_EDGE('',*,*,#502,.T.);
#2001 = ORIENTED_EDGE('',*,*,#1313,.T.);
#2002 = ORIENTED_EDGE('',*,*,#2003,.T.);
#2003 = EDGE_CURVE('',#1305,#2004,#2006,.T.);
#2004 = VERTEX_POINT('',#2005);
#2005 = CARTESIAN_POINT('',(-34.33407755247,2.229389018831,32.8846483273
    ));
#2006 = LINE('',#2007,#2008);
#2007 = CARTESIAN_POINT('',(-34.33407755247,2.229389018831,
    11.950003208203));
#2008 = VECTOR('',#2009,1.);
#2009 = DIRECTION('',(-1.4E-16,-5.73E-15,-1.));
#2010 = ORIENTED_EDGE('',*,*,#2011,.F.);
#2011 = EDGE_CURVE('',#1993,#2004,#2012,.T.);
#2012 = LINE('',#2013,#2014);
#2013 = CARTESIAN_POINT('',(-34.3340775419,-3.92216370058,
    26.733095582603));
#2014 = VECTOR('',#2015,1.);
#2015 = DIRECTION('',(-1.21452136E-09,0.707106779733,0.70710678264));
#2016 = PLANE('',#2017);
#2017 = AXIS2_PLACEMENT_3D('',#2018,#2019,#2020);
#2018 = CARTESIAN_POINT('',(-34.33407754896,0.1892456493,21.300006416407
    ));
#2019 = DIRECTION('',(1.,1.71759273E-09,-1.4E-16));
#2020 = DIRECTION('',(-1.71759273E-09,1.,-1.224E-14));
#2021 = ADVANCED_FACE('',(#2022),#2041,.T.);
#2022 = FACE_BOUND('',#2023,.T.);
#2023 = EDGE_LOOP('',(#2024,#2025,#2026,#2034));
#2024 = ORIENTED_EDGE('',*,*,#510,.F.);
#2025 = ORIENTED_EDGE('',*,*,#1992,.F.);
#2026 = ORIENTED_EDGE('',*,*,#2027,.F.);
#2027 = EDGE_CURVE('',#2028,#1993,#2030,.T.);
#2028 = VERTEX_POINT('',#2029);
#2029 = CARTESIAN_POINT('',(-27.68006581513,-4.321623484075,
    26.333635819932));
#2030 = LINE('',#2031,#2032);
#2031 = CARTESIAN_POINT('',(-22.24331494809,-6.798098609148,
    23.857160703035));
#2032 = VECTOR('',#2033,1.);
#2033 = DIRECTION('',(-0.840670942813,0.382931042669,0.382931041405));
#2034 = ORIENTED_EDGE('',*,*,#2035,.F.);
#2035 = EDGE_CURVE('',#511,#2028,#2036,.T.);
#2036 = ELLIPSE('',#2037,0.507929143751,0.4);
#2037 = AXIS2_PLACEMENT_3D('',#2038,#2039,#2040);
#2038 = CARTESIAN_POINT('',(-27.49094248633,-4.690613095008,
    26.530331634232));
#2039 = DIRECTION('',(0.429957686427,-0.243127292848,-0.86949727277));
#2040 = DIRECTION('',(0.814658939856,-0.310669323649,0.489709488428));
#2041 = CYLINDRICAL_SURFACE('',#2042,0.4);
#2042 = AXIS2_PLACEMENT_3D('',#2043,#2044,#2045);
#2043 = CARTESIAN_POINT('',(-22.24331494905,-7.080941322204,
    24.140003414928));
#2044 = DIRECTION('',(0.840670942813,-0.382931042669,-0.382931041405));
#2045 = DIRECTION('',(-0.498599333068,-0.271331689516,-0.823272627584));
#2046 = ADVANCED_FACE('',(#2047),#2084,.T.);
#2047 = FACE_BOUND('',#2048,.T.);
#2048 = EDGE_LOOP('',(#2049,#2059,#2068,#2075,#2076,#2077));
#2049 = ORIENTED_EDGE('',*,*,#2050,.F.);
#2050 = EDGE_CURVE('',#2051,#2053,#2055,.T.);
#2051 = VERTEX_POINT('',#2052);
#2052 = CARTESIAN_POINT('',(-28.02927831793,-4.290613079837,
    23.281610935695));
#2053 = VERTEX_POINT('',#2054);
#2054 = CARTESIAN_POINT('',(-27.51839772343,-4.290613094234,
    26.364646210445));
#2055 = LINE('',#2056,#2057);
#2056 = CARTESIAN_POINT('',(-28.47069282499,-4.290613067397,
    20.617785942666));
#2057 = VECTOR('',#2058,1.);
#2058 = DIRECTION('',(0.16347776858,-4.607167219999E-09,0.986547018231)
  );
#2059 = ORIENTED_EDGE('',*,*,#2060,.F.);
#2060 = EDGE_CURVE('',#2061,#2051,#2063,.T.);
#2061 = VERTEX_POINT('',#2062);
#2062 = CARTESIAN_POINT('',(-28.22088409407,-4.342805859436,
    23.333803714665));
#2063 = ELLIPSE('',#2064,0.573399359022,0.4);
#2064 = AXIS2_PLACEMENT_3D('',#2065,#2066,#2067);
#2065 = CARTESIAN_POINT('',(-27.96299550981,-4.690613081705,
    23.68161093778));
#2066 = DIRECTION('',(2.320148115298E-09,-0.707106781187,-0.707106781187
    ));
#2067 = DIRECTION('',(-0.228163745052,0.688455265218,-0.688455265967));
#2068 = ORIENTED_EDGE('',*,*,#2069,.F.);
#2069 = EDGE_CURVE('',#519,#2061,#2070,.T.);
#2070 = ELLIPSE('',#2071,0.464463935643,0.4);
#2071 = AXIS2_PLACEMENT_3D('',#2072,#2073,#2074);
#2072 = CARTESIAN_POINT('',(-28.05673355753,-4.690613079063,
    23.115925509882));
#2073 = DIRECTION('',(-0.601537961183,0.200503227478,-0.773272614947));
#2074 = DIRECTION('',(0.697628039618,-0.339742203671,-0.630785505052));
#2075 = ORIENTED_EDGE('',*,*,#518,.F.);
#2076 = ORIENTED_EDGE('',*,*,#2035,.T.);
#2077 = ORIENTED_EDGE('',*,*,#2078,.F.);
#2078 = EDGE_CURVE('',#2053,#2028,#2079,.T.);
#2079 = ELLIPSE('',#2080,0.573399354854,0.4);
#2080 = AXIS2_PLACEMENT_3D('',#2081,#2082,#2083);
#2081 = CARTESIAN_POINT('',(-27.58468053336,-4.690613092366,
    25.964646210445));
#2082 = DIRECTION('',(-2.38740555103E-09,-0.70710678264,0.707106779733)
  );
#2083 = DIRECTION('',(0.22816374669,0.688455263521,0.688455267121));
#2084 = CYLINDRICAL_SURFACE('',#2085,0.4);
#2085 = AXIS2_PLACEMENT_3D('',#2086,#2087,#2088);
#2086 = CARTESIAN_POINT('',(-28.47069282634,-4.690613067397,
    20.617785941022));
#2087 = DIRECTION('',(-0.16347776858,4.607167219999E-09,-0.986547018231)
  );
#2088 = DIRECTION('',(-0.966337303684,0.20137268427,0.160128877905));
#2089 = ADVANCED_FACE('',(#2090),#2101,.T.);
#2090 = FACE_BOUND('',#2091,.T.);
#2091 = EDGE_LOOP('',(#2092,#2098,#2099,#2100));
#2092 = ORIENTED_EDGE('',*,*,#2093,.F.);
#2093 = EDGE_CURVE('',#1799,#2061,#2094,.T.);
#2094 = LINE('',#2095,#2096);
#2095 = CARTESIAN_POINT('',(-18.17161291984,-8.319923245291,
    27.310921133494));
#2096 = VECTOR('',#2097,1.);
#2097 = DIRECTION('',(0.872620692498,-0.345349913165,0.345349916028));
#2098 = ORIENTED_EDGE('',*,*,#1798,.F.);
#2099 = ORIENTED_EDGE('',*,*,#526,.F.);
#2100 = ORIENTED_EDGE('',*,*,#2069,.T.);
#2101 = CYLINDRICAL_SURFACE('',#2102,0.4);
#2102 = AXIS2_PLACEMENT_3D('',#2103,#2104,#2105);
#2103 = CARTESIAN_POINT('',(-18.17161291891,-8.602765957765,
    27.028078421019));
#2104 = DIRECTION('',(-0.872620692498,0.345349913165,-0.345349916028));
#2105 = DIRECTION('',(-0.437404029852,-0.238029948956,0.867190554647));
#2106 = ADVANCED_FACE('',(#2107),#2252,.F.);
#2107 = FACE_BOUND('',#2108,.F.);
#2108 = EDGE_LOOP('',(#2109,#2118,#2179,#2221,#2250,#2251));
#2109 = ORIENTED_EDGE('',*,*,#2110,.T.);
#2110 = EDGE_CURVE('',#535,#2111,#2113,.T.);
#2111 = VERTEX_POINT('',#2112);
#2112 = CARTESIAN_POINT('',(-33.44700210914,-1.875295634747,
    34.053595976574));
#2113 = B_SPLINE_CURVE_WITH_KNOTS('',3,(#2114,#2115,#2116,#2117),
  .UNSPECIFIED.,.F.,.F.,(4,4),(0.,0.999999999997),
  .PIECEWISE_BEZIER_KNOTS.);
#2114 = CARTESIAN_POINT('',(-33.62830934279,-1.996396633692,
    34.083639856394));
#2115 = CARTESIAN_POINT('',(-33.56787359824,-1.956029634045,
    34.073625229787));
#2116 = CARTESIAN_POINT('',(-33.50743785369,-1.915662634396,
    34.06361060318));
#2117 = CARTESIAN_POINT('',(-33.44700210914,-1.875295634747,
    34.053595976574));
#2118 = ORIENTED_EDGE('',*,*,#2119,.F.);
#2119 = EDGE_CURVE('',#2120,#2111,#2122,.T.);
#2120 = VERTEX_POINT('',#2121);
#2121 = CARTESIAN_POINT('',(-27.81901082327,-4.191026842317,
    34.932963921947));
#2122 = B_SPLINE_CURVE_WITH_KNOTS('',3,(#2123,#2124,#2125,#2126,#2127,
    #2128,#2129,#2130,#2131,#2132,#2133,#2134,#2135,#2136,#2137,#2138,
    #2139,#2140,#2141,#2142,#2143,#2144,#2145,#2146,#2147,#2148,#2149,
    #2150,#2151,#2152,#2153,#2154,#2155,#2156,#2157,#2158,#2159,#2160,
    #2161,#2162,#2163,#2164,#2165,#2166,#2167,#2168,#2169,#2170,#2171,
    #2172,#2173,#2174,#2175,#2176,#2177,#2178),.UNSPECIFIED.,.F.,.F.,(4,
    2,2,2,2,2,2,2,2,2,2,2,2,2,2,2,2,2,2,2,2,2,2,2,2,2,2,4),(
    3.645658945378E-04,1.77268664914E-02,6.497197024711E-02,
    0.121825883062,0.184466654583,0.256435639753,0.305722575678,
    0.328252891425,0.383277551529,0.442742748723,0.478010335605,
    0.541032408393,0.590756548121,0.613908295545,0.661991539946,
    0.720907075706,0.754445590707,0.803807171219,0.868973750869,
    0.891354218908,0.907538085623,0.94281763618,1.029603673752,
    1.05615256988,1.088602801681,1.132906318146,1.165416491231,
    1.181961864403),.UNSPECIFIED.);
#2123 = CARTESIAN_POINT('',(-27.81857752449,-4.191821378673,
    34.933416140934));
#2124 = CARTESIAN_POINT('',(-27.79297713666,-4.206239058465,
    34.883555369631));
#2125 = CARTESIAN_POINT('',(-27.76871898244,-4.22010943414,
    34.832870232202));
#2126 = CARTESIAN_POINT('',(-27.68361550993,-4.269686929994,
    34.641354491122));
#2127 = CARTESIAN_POINT('',(-27.63192435693,-4.301712293598,
    34.496130202034));
#2128 = CARTESIAN_POINT('',(-27.54286403353,-4.363623014714,
    34.166996909039));
#2129 = CARTESIAN_POINT('',(-27.51081726335,-4.391487062932,
    33.982202412666));
#2130 = CARTESIAN_POINT('',(-27.48030762778,-4.434368758457,
    33.587892337263));
#2131 = CARTESIAN_POINT('',(-27.48572457633,-4.447542596013,
    33.379681156781));
#2132 = CARTESIAN_POINT('',(-27.544017435,-4.45382366721,32.93536372827)
  );
#2133 = CARTESIAN_POINT('',(-27.60336304501,-4.443566130899,
    32.703255761026));
#2134 = CARTESIAN_POINT('',(-27.74834037791,-4.405412439129,
    32.328478710269));
#2135 = CARTESIAN_POINT('',(-27.81935557999,-4.384257375162,
    32.18186009698));
#2136 = CARTESIAN_POINT('',(-27.93904548566,-4.346606268413,31.978368364
    ));
#2137 = CARTESIAN_POINT('',(-27.97888607334,-4.333828842713,
    31.916048836691));
#2138 = CARTESIAN_POINT('',(-28.12328547913,-4.286959848913,
    31.707485157115));
#2139 = CARTESIAN_POINT('',(-28.2380988861,-4.248657519148,
    31.570073402396));
#2140 = CARTESIAN_POINT('',(-28.49927965373,-4.157440415856,
    31.308296582676));
#2141 = CARTESIAN_POINT('',(-28.646375644,-4.103962911671,
    31.186945157225));
#2142 = CARTESIAN_POINT('',(-28.89520985487,-4.00965352147,
    31.018051766319));
#2143 = CARTESIAN_POINT('',(-28.99078045971,-3.972648084116,
    30.960756316364));
#2144 = CARTESIAN_POINT('',(-29.26392090828,-3.864873871545,
    30.816822712086));
#2145 = CARTESIAN_POINT('',(-29.44629077239,-3.790620015535,
    30.742853416967));
#2146 = CARTESIAN_POINT('',(-29.78046807669,-3.652268781271,
    30.643583914364));
#2147 = CARTESIAN_POINT('',(-29.93051231981,-3.589401879562,
    30.611340609079));
#2148 = CARTESIAN_POINT('',(-30.15233652099,-3.496431589253,
    30.58108002215));
#2149 = CARTESIAN_POINT('',(-30.22310991429,-3.466778935853,
    30.573978468824));
#2150 = CARTESIAN_POINT('',(-30.4413308399,-3.375484875033,
    30.559886425267));
#2151 = CARTESIAN_POINT('',(-30.58902628859,-3.313746996224,
    30.561264269445));
#2152 = CARTESIAN_POINT('',(-30.91592951649,-3.175573579344,
    30.588443774553));
#2153 = CARTESIAN_POINT('',(-31.09413121084,-3.099194905148,
    30.619628242142));
#2154 = CARTESIAN_POINT('',(-31.36755298901,-2.979262663632,
    30.6933516847));
#2155 = CARTESIAN_POINT('',(-31.46534851654,-2.935800845438,
    30.725185605455));
#2156 = CARTESIAN_POINT('',(-31.70267033061,-2.828866827901,
    30.816177589805));
#2157 = CARTESIAN_POINT('',(-31.84001354357,-2.765657299885,
    30.881102795814));
#2158 = CARTESIAN_POINT('',(-32.14652791729,-2.621985997296,
    31.055683725583));
#2159 = CARTESIAN_POINT('',(-32.31178393352,-2.542463611774,
    31.172999983469));
#2160 = CARTESIAN_POINT('',(-32.51733854825,-2.442568115272,
    31.35316858691));
#2161 = CARTESIAN_POINT('',(-32.56844617535,-2.417646081696,
    31.40121092439));
#2162 = CARTESIAN_POINT('',(-32.65379989161,-2.376007952515,
    31.487317920295));
#2163 = CARTESIAN_POINT('',(-32.68874430023,-2.358964915829,
    31.524405910895));
#2164 = CARTESIAN_POINT('',(-32.79723767009,-2.306046741074,
    31.645636078647));
#2165 = CARTESIAN_POINT('',(-32.86733337418,-2.271804190981,
    31.733288821584));
#2166 = CARTESIAN_POINT('',(-33.09328381102,-2.159884480906,
    32.051190682654));
#2167 = CARTESIAN_POINT('',(-33.2236566194,-2.092102354194,
    32.301145457189));
#2168 = CARTESIAN_POINT('',(-33.34618759408,-2.018927984647,
    32.649599647516));
#2169 = CARTESIAN_POINT('',(-33.37142303436,-2.002945715176,
    32.732651455052));
#2170 = CARTESIAN_POINT('',(-33.41949731246,-1.970155230932,
    32.91983148886));
#2171 = CARTESIAN_POINT('',(-33.44052681603,-1.953970723701,
    33.024428677209));
#2172 = CARTESIAN_POINT('',(-33.47701097377,-1.920513311371,
    33.274572296825));
#2173 = CARTESIAN_POINT('',(-33.48757321683,-1.90503723084,
    33.420800543655));
#2174 = CARTESIAN_POINT('',(-33.4871997578,-1.885996879048,
    33.675262669464));
#2175 = CARTESIAN_POINT('',(-33.48124067731,-1.88038170255,33.7830264108
    ));
#2176 = CARTESIAN_POINT('',(-33.46347446748,-1.876045624567,
    33.944958120822));
#2177 = CARTESIAN_POINT('',(-33.45598428216,-1.87529563474,
    33.999390828907));
#2178 = CARTESIAN_POINT('',(-33.44700210914,-1.875295634747,
    34.053595976574));
#2179 = ORIENTED_EDGE('',*,*,#2180,.T.);
#2180 = EDGE_CURVE('',#2120,#2181,#2183,.T.);
#2181 = VERTEX_POINT('',#2182);
#2182 = CARTESIAN_POINT('',(-30.48542054069,-2.937878488679,
    36.561975219814));
#2183 = B_SPLINE_CURVE_WITH_KNOTS('',3,(#2184,#2185,#2186,#2187,#2188,
    #2189,#2190,#2191,#2192,#2193,#2194,#2195,#2196,#2197,#2198,#2199,
    #2200,#2201,#2202,#2203,#2204,#2205,#2206,#2207,#2208,#2209,#2210,
    #2211,#2212,#2213,#2214,#2215,#2216,#2217,#2218,#2219,#2220),
  .UNSPECIFIED.,.F.,.F.,(4,3,3,3,3,3,3,3,3,3,3,3,4),(0.655130532983,
    0.754372869434,0.853491549294,0.95250655669,1.051428022671,
    1.150290261209,1.24912561309,1.346396851538,1.443141110893,
    1.539497293606,1.635627244258,1.731481586624,1.76091126503),
  .UNSPECIFIED.);
#2184 = CARTESIAN_POINT('',(-27.81901082327,-4.191026842317,
    34.932963921947));
#2185 = CARTESIAN_POINT('',(-27.86371828558,-4.165587018301,
    35.019442052498));
#2186 = CARTESIAN_POINT('',(-27.91263629398,-4.138452721477,
    35.103855690968));
#2187 = CARTESIAN_POINT('',(-27.96550609181,-4.109741956699,
    35.185807844142));
#2188 = CARTESIAN_POINT('',(-28.01831001353,-4.081066965718,
    35.267657884405));
#2189 = CARTESIAN_POINT('',(-28.07505572679,-4.050819316103,
    35.347053059545));
#2190 = CARTESIAN_POINT('',(-28.13547871889,-4.019140267446,
    35.423616943265));
#2191 = CARTESIAN_POINT('',(-28.19583851201,-3.98749435326,
    35.500100745546));
#2192 = CARTESIAN_POINT('',(-28.25986795144,-3.954419960873,
    35.573759678995));
#2193 = CARTESIAN_POINT('',(-28.32729749565,-3.920082950425,
    35.644230079717));
#2194 = CARTESIAN_POINT('',(-28.39466333784,-3.885778378823,
    35.714633905673));
#2195 = CARTESIAN_POINT('',(-28.46542324818,-3.850213520121,
    35.781855649926));
#2196 = CARTESIAN_POINT('',(-28.53929940882,-3.813579696123,
    35.845537131271));
#2197 = CARTESIAN_POINT('',(-28.61313133744,-3.776967805966,
    35.909180484478));
#2198 = CARTESIAN_POINT('',(-28.69007658779,-3.73928819207,
    35.969287988703));
#2199 = CARTESIAN_POINT('',(-28.76983996021,-3.700758453576,
    36.025501808273));
#2200 = CARTESIAN_POINT('',(-28.84958164012,-3.662239193661,
    36.081700339886));
#2201 = CARTESIAN_POINT('',(-28.93214110551,-3.622870305614,
    36.134006988984));
#2202 = CARTESIAN_POINT('',(-29.01719043619,-3.582895952447,
    36.18206472789));
#2203 = CARTESIAN_POINT('',(-29.10089382336,-3.54355421121,
    36.22936193169));
#2204 = CARTESIAN_POINT('',(-29.18701006583,-3.503626318192,
    36.272542726835));
#2205 = CARTESIAN_POINT('',(-29.27517692455,-3.463368474125,
    36.311276400503));
#2206 = CARTESIAN_POINT('',(-29.3628661283,-3.423328731961,
    36.349800229652));
#2207 = CARTESIAN_POINT('',(-29.45278967144,-3.382922010277,
    36.384072979417));
#2208 = CARTESIAN_POINT('',(-29.54443022047,-3.342261761318,
    36.413933714064));
#2209 = CARTESIAN_POINT('',(-29.6357031657,-3.301764615503,
    36.443674666372));
#2210 = CARTESIAN_POINT('',(-29.72867904755,-3.261015345525,
    36.469039994648));
#2211 = CARTESIAN_POINT('',(-29.82286094012,-3.220133213188,
    36.48991965864));
#2212 = CARTESIAN_POINT('',(-29.91682170558,-3.179347066898,
    36.510750299836));
#2213 = CARTESIAN_POINT('',(-30.01198284247,-3.138428198814,
    36.52711702783));
#2214 = CARTESIAN_POINT('',(-30.1078670869,-3.097510462161,
    36.538946261399));
#2215 = CARTESIAN_POINT('',(-30.20347642749,-3.056710038242,
    36.550741580097));
#2216 = CARTESIAN_POINT('',(-30.29980491326,-3.015910375144,
    36.558025887319));
#2217 = CARTESIAN_POINT('',(-30.39639392063,-2.975265824479,
    36.560752792434));
#2218 = CARTESIAN_POINT('',(-30.42604915955,-2.96278693176,
    36.561590020447));
#2219 = CARTESIAN_POINT('',(-30.45572904859,-2.950322835321,
    36.561997809588));
#2220 = CARTESIAN_POINT('',(-30.48542054069,-2.937878488679,
    36.561975219814));
#2221 = ORIENTED_EDGE('',*,*,#2222,.T.);
#2222 = EDGE_CURVE('',#2181,#2111,#2223,.T.);
#2223 = B_SPLINE_CURVE_WITH_KNOTS('',3,(#2224,#2225,#2226,#2227,#2228,
    #2229,#2230,#2231,#2232,#2233,#2234,#2235,#2236,#2237,#2238,#2239,
    #2240,#2241,#2242,#2243,#2244,#2245,#2246,#2247,#2248,#2249),
  .UNSPECIFIED.,.F.,.F.,(4,2,2,2,2,2,2,2,2,2,2,2,4),(-0.438660104018,
    -0.420941094963,-0.402299975752,-0.333434190636,-0.294232377816,
    -0.275203815171,-0.215487507675,-0.159616829002,-0.131983000802,
    -9.868312683913E-02,-5.204323485482E-02,-1.72654472351E-02,
    -1.00000003189E-06),.UNSPECIFIED.);
#2224 = CARTESIAN_POINT('',(-30.48584964015,-2.938903688162,
    36.563162320973));
#2225 = CARTESIAN_POINT('',(-30.54033874211,-2.916144361609,
    36.563189772768));
#2226 = CARTESIAN_POINT('',(-30.5948409677,-2.893425852695,
    36.561732685699));
#2227 = CARTESIAN_POINT('',(-30.70658239326,-2.846942004292,
    36.555692311284));
#2228 = CARTESIAN_POINT('',(-30.76380902074,-2.823186730786,
    36.550950664697));
#2229 = CARTESIAN_POINT('',(-31.03181977633,-2.712204740161,
    36.520967264179));
#2230 = CARTESIAN_POINT('',(-31.24077745738,-2.626360082717,
    36.474920133782));
#2231 = CARTESIAN_POINT('',(-31.55966186296,-2.498435343836,
    36.367635298215));
#2232 = CARTESIAN_POINT('',(-31.67348647626,-2.453455442331,
    36.321480723869));
#2233 = CARTESIAN_POINT('',(-31.83867406456,-2.389833909072,
    36.24225531794));
#2234 = CARTESIAN_POINT('',(-31.89201533165,-2.36956785521,
    36.214687198916));
#2235 = CARTESIAN_POINT('',(-32.11012098139,-2.287979299507,
    36.093470549659));
#2236 = CARTESIAN_POINT('',(-32.26794506222,-2.231814602076,
    35.985258541647));
#2237 = CARTESIAN_POINT('',(-32.5533024748,-2.133277974431,
    35.745889947109));
#2238 = CARTESIAN_POINT('',(-32.68150407135,-2.090456690815,
    35.617176514173));
#2239 = CARTESIAN_POINT('',(-32.85531007801,-2.033860798617,
    35.407328661898));
#2240 = CARTESIAN_POINT('',(-32.90983503928,-2.016379546695,
    35.335121984718));
#2241 = CARTESIAN_POINT('',(-33.0229349129,-1.980745309427,
    35.170272382517));
#2242 = CARTESIAN_POINT('',(-33.07997467369,-1.963210173566,
    35.076580033187));
#2243 = CARTESIAN_POINT('',(-33.20454535514,-1.926244430215,
    34.84402240677));
#2244 = CARTESIAN_POINT('',(-33.26694339976,-1.908911050271,
    34.702426705626));
#2245 = CARTESIAN_POINT('',(-33.35646610605,-1.887362997717,
    34.447233338187));
#2246 = CARTESIAN_POINT('',(-33.3884374442,-1.880963255982,
    34.335933482078));
#2247 = CARTESIAN_POINT('',(-33.4265600051,-1.876120356038,
    34.166831803743));
#2248 = CARTESIAN_POINT('',(-33.43759424392,-1.875295634755,
    34.110370069236));
#2249 = CARTESIAN_POINT('',(-33.44700210914,-1.875295634747,
    34.053595976574));
#2250 = ORIENTED_EDGE('',*,*,#2110,.F.);
#2251 = ORIENTED_EDGE('',*,*,#534,.T.);
#2252 = B_SPLINE_SURFACE_WITH_KNOTS('',3,3,(
    (#2253,#2254,#2255,#2256,#2257,#2258,#2259,#2260,#2261,#2262)
    ,(#2263,#2264,#2265,#2266,#2267,#2268,#2269,#2270,#2271,#2272)
    ,(#2273,#2274,#2275,#2276,#2277,#2278,#2279,#2280,#2281,#2282)
    ,(#2283,#2284,#2285,#2286,#2287,#2288,#2289,#2290,#2291,#2292
  )),.UNSPECIFIED.,.F.,.T.,.F.,(4,4),(1,3,1,1,1,1,1,1,3,1),(0.,
    1.023672441791),(-4.039190554616,-3.14159265359,-2.243994752564,
    -1.346396851538,-0.448798950513,0.448798950513,1.346396851538,
    2.243994752564,3.14159265359,4.039190554616),.UNSPECIFIED.);
#2253 = CARTESIAN_POINT('',(-33.62830934279,-1.996396633692,
    34.083639856394));
#2254 = CARTESIAN_POINT('',(-33.78569252358,-1.996396633568,
    33.133872073776));
#2255 = CARTESIAN_POINT('',(-33.18261576645,-2.394595888972,
    31.099571936492));
#2256 = CARTESIAN_POINT('',(-30.27847780159,-3.707650061696,
    29.916344777294));
#2257 = CARTESIAN_POINT('',(-27.50653776428,-4.774548157643,
    31.442675334353));
#2258 = CARTESIAN_POINT('',(-26.99070119245,-4.77096353983,
    34.606694080784));
#2259 = CARTESIAN_POINT('',(-29.11120780922,-3.707911963624,
    36.956792957415));
#2260 = CARTESIAN_POINT('',(-32.24546257642,-2.394256802625,
    36.759886420998));
#2261 = CARTESIAN_POINT('',(-33.470926162,-1.996396633818,
    35.033407639012));
#2262 = CARTESIAN_POINT('',(-33.62830934279,-1.996396633692,
    34.083639856394));
#2263 = CARTESIAN_POINT('',(-33.56644293659,-1.955074048595,
    34.073388159122));
#2264 = CARTESIAN_POINT('',(-33.7216265393,-1.955074048472,
    33.136894275211));
#2265 = CARTESIAN_POINT('',(-33.11745404861,-2.347340016058,
    31.130030359974));
#2266 = CARTESIAN_POINT('',(-30.24410313521,-3.640776045052,
    29.996657075274));
#2267 = CARTESIAN_POINT('',(-27.56131000849,-4.678510447812,
    31.511219723244));
#2268 = CARTESIAN_POINT('',(-27.06416620997,-4.675059906366,
    34.560127249087));
#2269 = CARTESIAN_POINT('',(-29.1033434479,-3.6413594415,36.869515310488
    ));
#2270 = CARTESIAN_POINT('',(-32.19317719592,-2.347293957979,
    36.709493791758));
#2271 = CARTESIAN_POINT('',(-33.41125933388,-1.955074048719,
    35.009882043032));
#2272 = CARTESIAN_POINT('',(-33.56644293659,-1.955074048595,
    34.073388159122));
#2273 = CARTESIAN_POINT('',(-33.5045765304,-1.913751463497,
    34.063136461849));
#2274 = CARTESIAN_POINT('',(-33.65756055502,-1.913751463375,
    33.139916476647));
#2275 = CARTESIAN_POINT('',(-33.05229233078,-2.300084143146,
    31.160488783455));
#2276 = CARTESIAN_POINT('',(-30.20972846882,-3.573902028408,
    30.076969373255));
#2277 = CARTESIAN_POINT('',(-27.6160822527,-4.58247273798,
    31.579764112135));
#2278 = CARTESIAN_POINT('',(-27.13763122749,-4.579156272903,
    34.51356041739));
#2279 = CARTESIAN_POINT('',(-29.09547908658,-3.574806919376,
    36.782237663559));
#2280 = CARTESIAN_POINT('',(-32.14089181542,-2.300331113336,
    36.659101162518));
#2281 = CARTESIAN_POINT('',(-33.35159250577,-1.913751463618,
    34.986356447052));
#2282 = CARTESIAN_POINT('',(-33.5045765304,-1.913751463497,
    34.063136461849));
#2283 = CARTESIAN_POINT('',(-33.4427101242,-1.872428878399,
    34.052884764578));
#2284 = CARTESIAN_POINT('',(-33.59349457074,-1.872428878279,
    33.142938678082));
#2285 = CARTESIAN_POINT('',(-32.98713061295,-2.252828270232,
    31.190947206936));
#2286 = CARTESIAN_POINT('',(-30.17535380244,-3.507028011764,
    30.157281671236));
#2287 = CARTESIAN_POINT('',(-27.6708544969,-4.486435028149,
    31.648308501026));
#2288 = CARTESIAN_POINT('',(-27.21109624501,-4.483252639439,
    34.466993585694));
#2289 = CARTESIAN_POINT('',(-29.08761472526,-3.508254397253,
    36.694960016631));
#2290 = CARTESIAN_POINT('',(-32.08860643492,-2.253368268691,
    36.608708533278));
#2291 = CARTESIAN_POINT('',(-33.29192567766,-1.872428878519,
    34.962830851072));
#2292 = CARTESIAN_POINT('',(-33.4427101242,-1.872428878399,
    34.052884764578));
#2293 = ADVANCED_FACE('',(#2294),#2434,.F.);
#2294 = FACE_BOUND('',#2295,.F.);
#2295 = EDGE_LOOP('',(#2296,#2305,#2306,#2307,#2372,#2405));
#2296 = ORIENTED_EDGE('',*,*,#2297,.F.);
#2297 = EDGE_CURVE('',#552,#2298,#2300,.T.);
#2298 = VERTEX_POINT('',#2299);
#2299 = CARTESIAN_POINT('',(-33.44371883207,-3.271700396474,
    14.176827287286));
#2300 = B_SPLINE_CURVE_WITH_KNOTS('',3,(#2301,#2302,#2303,#2304),
  .UNSPECIFIED.,.F.,.F.,(4,4),(0.,0.999999999952),
  .PIECEWISE_BEZIER_KNOTS.);
#2301 = CARTESIAN_POINT('',(-33.62502606572,-3.392801395419,
    14.206871167106));
#2302 = CARTESIAN_POINT('',(-33.56459032117,-3.352434395772,
    14.196856540499));
#2303 = CARTESIAN_POINT('',(-33.50415457663,-3.312067396127,
    14.186841913894));
#2304 = CARTESIAN_POINT('',(-33.44371883208,-3.27170039648,
    14.176827287287));
#2305 = ORIENTED_EDGE('',*,*,#551,.T.);
#2306 = ORIENTED_EDGE('',*,*,#2297,.T.);
#2307 = ORIENTED_EDGE('',*,*,#2308,.F.);
#2308 = EDGE_CURVE('',#2309,#2298,#2311,.T.);
#2309 = VERTEX_POINT('',#2310);
#2310 = CARTESIAN_POINT('',(-28.23918960586,-5.359358306281,
    15.676488762139));
#2311 = B_SPLINE_CURVE_WITH_KNOTS('',3,(#2312,#2313,#2314,#2315,#2316,
    #2317,#2318,#2319,#2320,#2321,#2322,#2323,#2324,#2325,#2326,#2327,
    #2328,#2329,#2330,#2331,#2332,#2333,#2334,#2335,#2336,#2337,#2338,
    #2339,#2340,#2341,#2342,#2343,#2344,#2345,#2346,#2347,#2348,#2349,
    #2350,#2351,#2352,#2353,#2354,#2355,#2356,#2357,#2358,#2359,#2360,
    #2361,#2362,#2363,#2364,#2365,#2366,#2367,#2368,#2369,#2370,#2371),
  .UNSPECIFIED.,.F.,.F.,(4,2,2,2,2,2,2,2,2,2,2,2,2,2,2,2,2,2,2,2,2,2,2,2
    ,2,2,2,2,2,4),(4.898679017213E-04,1.964082246696E-02,
    3.878554758259E-02,9.608527324926E-02,0.143310388019,0.201335040439,
    0.263572567497,0.334056484873,0.384123551521,0.406761425539,
    0.462900301746,0.521853241992,0.557112088895,0.630205462734,
    0.672392671398,0.695550250339,0.749990740697,0.803421115548,
    0.836845836936,0.897034644623,0.960942995183,0.978114727411,
    0.998524596921,1.026136481743,1.103423291555,1.13068389474,
    1.160528011306,1.19606997973,1.243227425103,1.260572636358),
  .UNSPECIFIED.);
#2312 = CARTESIAN_POINT('',(-28.23948386579,-5.360646343911,
    15.676820646977));
#2313 = CARTESIAN_POINT('',(-28.19943826953,-5.381431041599,
    15.631661433426));
#2314 = CARTESIAN_POINT('',(-28.16064971024,-5.401707758112,
    15.585174672052));
#2315 = CARTESIAN_POINT('',(-28.08574304605,-5.44115508135,
    15.48963390104));
#2316 = CARTESIAN_POINT('',(-28.04964482403,-5.460315107306,
    15.440607200574));
#2317 = CARTESIAN_POINT('',(-27.91117472541,-5.534454415969,
    15.239958394596));
#2318 = CARTESIAN_POINT('',(-27.82052730492,-5.584432642826,
    15.079243128613));
#2319 = CARTESIAN_POINT('',(-27.68232004777,-5.664847107539,
    14.769726184282));
#2320 = CARTESIAN_POINT('',(-27.63038771283,-5.696957742497,
    14.624680400794));
#2321 = CARTESIAN_POINT('',(-27.53971332886,-5.759781779422,
    14.292068530252));
#2322 = CARTESIAN_POINT('',(-27.50700185482,-5.788235573297,
    14.103427681084));
#2323 = CARTESIAN_POINT('',(-27.47707774779,-5.831064642229,
    13.706429652404));
#2324 = CARTESIAN_POINT('',(-27.48274070563,-5.844025136259,
    13.499531289475));
#2325 = CARTESIAN_POINT('',(-27.54052829956,-5.850077402363,
    13.061420625581));
#2326 = CARTESIAN_POINT('',(-27.59825609234,-5.840233590647,
    12.833968242083));
#2327 = CARTESIAN_POINT('',(-27.74088520756,-5.803008472364,
    12.460652415411));
#2328 = CARTESIAN_POINT('',(-27.81262515509,-5.781696238404,
    12.311460668174));
#2329 = CARTESIAN_POINT('',(-27.93350548578,-5.743707265374,
    12.105216760294));
#2330 = CARTESIAN_POINT('',(-27.97345677487,-5.730902303103,
    12.04253610461));
#2331 = CARTESIAN_POINT('',(-28.11993364159,-5.683381503994,
    11.830440408219));
#2332 = CARTESIAN_POINT('',(-28.23720127463,-5.644262783028,
    11.690290567156));
#2333 = CARTESIAN_POINT('',(-28.5004288732,-5.552235746941,
    11.427766272075));
#2334 = CARTESIAN_POINT('',(-28.64647374467,-5.499101702773,
    11.307686035104));
#2335 = CARTESIAN_POINT('',(-28.89413653454,-5.405210186233,
    11.139902127289));
#2336 = CARTESIAN_POINT('',(-28.98975304856,-5.368177463083,
    11.082691810415));
#2337 = CARTESIAN_POINT('',(-29.29105724531,-5.249264177122,
    10.924250018265));
#2338 = CARTESIAN_POINT('',(-29.50399739505,-5.162109184189,
    10.842039687524));
#2339 = CARTESIAN_POINT('',(-29.84818875338,-5.018973454488,
    10.751670145646));
#2340 = CARTESIAN_POINT('',(-29.97586346869,-4.965445789462,
    10.726914874535));
#2341 = CARTESIAN_POINT('',(-30.17500430954,-4.881986602535,
    10.701509543222));
#2342 = CARTESIAN_POINT('',(-30.24586483159,-4.85231511199,
    10.695021332499));
#2343 = CARTESIAN_POINT('',(-30.48375800352,-4.752803117218,
    10.681740637389));
#2344 = CARTESIAN_POINT('',(-30.65100840263,-4.682829305755,
    10.686395302902));
#2345 = CARTESIAN_POINT('',(-30.97968505388,-4.543293281126,
    10.723083815896));
#2346 = CARTESIAN_POINT('',(-31.14067751614,-4.473953468999,
    10.754555223364));
#2347 = CARTESIAN_POINT('',(-31.39681725483,-4.361277166492,
    10.826779455252));
#2348 = CARTESIAN_POINT('',(-31.49395677396,-4.317975797174,
    10.859619035325));
#2349 = CARTESIAN_POINT('',(-31.76091839179,-4.197325337233,
    10.965407861395));
#2350 = CARTESIAN_POINT('',(-31.92650129327,-4.120498665508,
    11.049359965977));
#2351 = CARTESIAN_POINT('',(-32.25064055372,-3.966988312858,
    11.253660923777));
#2352 = CARTESIAN_POINT('',(-32.40813722823,-3.890612545235,
    11.375951555323));
#2353 = CARTESIAN_POINT('',(-32.59220668507,-3.800891979404,
    11.551284859509));
#2354 = CARTESIAN_POINT('',(-32.63029487722,-3.782302441125,
    11.589566944557));
#2355 = CARTESIAN_POINT('',(-32.71156230477,-3.742662684474,
    11.675808483326));
#2356 = CARTESIAN_POINT('',(-32.75432568951,-3.721820069699,
    11.72420869743));
#2357 = CARTESIAN_POINT('',(-32.85148523265,-3.674315398612,
    11.841654692194));
#2358 = CARTESIAN_POINT('',(-32.90459726705,-3.648224917615,
    11.911882520569));
#2359 = CARTESIAN_POINT('',(-33.09499145691,-3.553528801197,
    12.18830049159));
#2360 = CARTESIAN_POINT('',(-33.2109681975,-3.493092192398,
    12.410686718168));
#2361 = CARTESIAN_POINT('',(-33.32896153143,-3.42391968628,
    12.730089058677));
#2362 = CARTESIAN_POINT('',(-33.35610213787,-3.407093930285,
    12.814934273268));
#2363 = CARTESIAN_POINT('',(-33.40504424481,-3.374526189232,
    12.995378568266));
#2364 = CARTESIAN_POINT('',(-33.42607093698,-3.359053728695,
    13.091143859475));
#2365 = CARTESIAN_POINT('',(-33.46182022239,-3.328849099064,
    13.303338551816));
#2366 = CARTESIAN_POINT('',(-33.47454381323,-3.314843797702,
    13.420056650805));
#2367 = CARTESIAN_POINT('',(-33.48812278385,-3.288609456513,
    13.69328277258));
#2368 = CARTESIAN_POINT('',(-33.48371427226,-3.278498577156,
    13.849849945416));
#2369 = CARTESIAN_POINT('',(-33.46091650081,-3.272525219447,
    14.062892003822));
#2370 = CARTESIAN_POINT('',(-33.45313805788,-3.271700396467,
    14.119984636317));
#2371 = CARTESIAN_POINT('',(-33.44371883207,-3.271700396475,
    14.176827287286));
#2372 = ORIENTED_EDGE('',*,*,#2373,.T.);
#2373 = EDGE_CURVE('',#2309,#2374,#2376,.T.);
#2374 = VERTEX_POINT('',#2375);
#2375 = CARTESIAN_POINT('',(-30.48157312643,-4.333140931819,
    16.686392966869));
#2376 = B_SPLINE_CURVE_WITH_KNOTS('',3,(#2377,#2378,#2379,#2380,#2381,
    #2382,#2383,#2384,#2385,#2386,#2387,#2388,#2389,#2390,#2391,#2392,
    #2393,#2394,#2395,#2396,#2397,#2398,#2399,#2400,#2401,#2402,#2403,
    #2404),.UNSPECIFIED.,.F.,.F.,(4,3,3,3,3,3,3,3,3,4),(0.909977487112,
    1.022694374548,1.135446436387,1.247874024098,1.346396851538,
    1.443151568111,1.539517615428,1.635657067928,1.731520374009,
    1.760900246048),.UNSPECIFIED.);
#2377 = CARTESIAN_POINT('',(-28.23918960586,-5.359358306281,
    15.676488762139));
#2378 = CARTESIAN_POINT('',(-28.31296475344,-5.321736642755,
    15.759709400759));
#2379 = CARTESIAN_POINT('',(-28.39131809939,-5.282493530613,
    15.838765359541));
#2380 = CARTESIAN_POINT('',(-28.47379243174,-5.241858225207,
    15.913219745019));
#2381 = CARTESIAN_POINT('',(-28.55629250101,-5.201210239159,
    15.987697364714));
#2382 = CARTESIAN_POINT('',(-28.64291602975,-5.159169190817,
    16.05757047321));
#2383 = CARTESIAN_POINT('',(-28.73317179063,-5.115964550226,
    16.12244167992));
#2384 = CARTESIAN_POINT('',(-28.82316781649,-5.072884242512,
    16.187126202433));
#2385 = CARTESIAN_POINT('',(-28.91677510378,-5.028647030007,
    16.246837501715));
#2386 = CARTESIAN_POINT('',(-29.01347474117,-4.983480407369,
    16.301222251695));
#2387 = CARTESIAN_POINT('',(-29.09821481149,-4.943899878614,
    16.34888083307));
#2388 = CARTESIAN_POINT('',(-29.18532912442,-4.903605617557,
    16.392449488428));
#2389 = CARTESIAN_POINT('',(-29.27444902026,-4.862750719946,
    16.431716995099));
#2390 = CARTESIAN_POINT('',(-29.36196955217,-4.822629012706,
    16.470279799042));
#2391 = CARTESIAN_POINT('',(-29.45158706828,-4.781966610946,
    16.50476423207));
#2392 = CARTESIAN_POINT('',(-29.54289723037,-4.740964624508,
    16.534933846321));
#2393 = CARTESIAN_POINT('',(-29.63384059429,-4.700127345405,
    16.564982267499));
#2394 = CARTESIAN_POINT('',(-29.72646269377,-4.658953204407,
    16.590750226802));
#2395 = CARTESIAN_POINT('',(-29.82033533201,-4.617640897468,
    16.612047097039));
#2396 = CARTESIAN_POINT('',(-29.91398723843,-4.576425732156,
    16.633293889883));
#2397 = CARTESIAN_POINT('',(-30.00888344939,-4.535073049906,
    16.650090389178));
#2398 = CARTESIAN_POINT('',(-30.10457536398,-4.493780148327,
    16.662293527075));
#2399 = CARTESIAN_POINT('',(-30.19999241764,-4.452605854527,
    16.674461613255));
#2400 = CARTESIAN_POINT('',(-30.2962002257,-4.411490998469,
    16.682062533724));
#2401 = CARTESIAN_POINT('',(-30.39273630815,-4.370631182516,
    16.685003146123));
#2402 = CARTESIAN_POINT('',(-30.42232237049,-4.358108599963,
    16.685904375379));
#2403 = CARTESIAN_POINT('',(-30.45193916342,-4.345609972813,
    16.686368225992));
#2404 = CARTESIAN_POINT('',(-30.48157312643,-4.333140931819,
    16.686392966869));
#2405 = ORIENTED_EDGE('',*,*,#2406,.F.);
#2406 = EDGE_CURVE('',#2298,#2374,#2407,.T.);
#2407 = B_SPLINE_CURVE_WITH_KNOTS('',3,(#2408,#2409,#2410,#2411,#2412,
    #2413,#2414,#2415,#2416,#2417,#2418,#2419,#2420,#2421,#2422,#2423,
    #2424,#2425,#2426,#2427,#2428,#2429,#2430,#2431,#2432,#2433),
  .UNSPECIFIED.,.F.,.F.,(4,2,2,2,2,2,2,2,2,2,2,2,4),(9.9999999712E-07,
    1.80708962855E-02,6.780984271038E-02,0.104662139561,0.135664743516,
    0.163986723106,0.219175496135,0.27408311302,0.293129939176,
    0.330521562782,0.402117801475,0.421018038219,0.438638826942),
  .UNSPECIFIED.);
#2408 = CARTESIAN_POINT('',(-33.44371883207,-3.271700396475,
    14.176827287286));
#2409 = CARTESIAN_POINT('',(-33.43387205583,-3.271700396482,
    14.236250097193));
#2410 = CARTESIAN_POINT('',(-33.42224355658,-3.272603981042,
    14.295330918352));
#2411 = CARTESIAN_POINT('',(-33.37198284582,-3.279200793881,
    14.51551988725));
#2412 = CARTESIAN_POINT('',(-33.32186059943,-3.290478953081,
    14.673400006346));
#2413 = CARTESIAN_POINT('',(-33.21281437861,-3.319522413288,
    14.938960898389));
#2414 = CARTESIAN_POINT('',(-33.15965500791,-3.334821089097,
    15.048762570011));
#2415 = CARTESIAN_POINT('',(-33.05016286832,-3.367757264282,
    15.243845302067));
#2416 = CARTESIAN_POINT('',(-32.99573963379,-3.384619954145,
    15.330135447156));
#2417 = CARTESIAN_POINT('',(-32.8837837037,-3.4200698289,15.489178892884
    ));
#2418 = CARTESIAN_POINT('',(-32.82697860544,-3.438366253426,
    15.562384527519));
#2419 = CARTESIAN_POINT('',(-32.65035972924,-3.496147142685,
    15.769562725722));
#2420 = CARTESIAN_POINT('',(-32.52221073305,-3.539123354029,
    15.894918233512));
#2421 = CARTESIAN_POINT('',(-32.24799234505,-3.63421192464,
    16.119468155542));
#2422 = CARTESIAN_POINT('',(-32.10260264069,-3.686089564113,
    16.218323650994));
#2423 = CARTESIAN_POINT('',(-31.89811359463,-3.762446459816,
    16.332929029118));
#2424 = CARTESIAN_POINT('',(-31.84480933321,-3.782659893282,
    16.360717226337));
#2425 = CARTESIAN_POINT('',(-31.6848840237,-3.844157975692,
    16.438106086314));
#2426 = CARTESIAN_POINT('',(-31.57652846609,-3.886877431133,
    16.482843023624));
#2427 = CARTESIAN_POINT('',(-31.25564007895,-4.015308195814,
    16.594050151682));
#2428 = CARTESIAN_POINT('',(-31.0384422079,-4.104508352504,
    16.642978932527));
#2429 = CARTESIAN_POINT('',(-30.76120947013,-4.219297235475,
    16.674134428689));
#2430 = CARTESIAN_POINT('',(-30.70317102345,-4.24338793033,
    16.678948706834));
#2431 = CARTESIAN_POINT('',(-30.59090256366,-4.290089332984,
    16.684982192657));
#2432 = CARTESIAN_POINT('',(-30.536687448,-4.312687103469,
    16.686422359283));
#2433 = CARTESIAN_POINT('',(-30.48248542685,-4.33532523509,
    16.686393589817));
#2434 = B_SPLINE_SURFACE_WITH_KNOTS('',3,3,(
    (#2435,#2436,#2437,#2438,#2439,#2440,#2441,#2442,#2443,#2444)
    ,(#2445,#2446,#2447,#2448,#2449,#2450,#2451,#2452,#2453,#2454)
    ,(#2455,#2456,#2457,#2458,#2459,#2460,#2461,#2462,#2463,#2464)
    ,(#2465,#2466,#2467,#2468,#2469,#2470,#2471,#2472,#2473,#2474
  )),.UNSPECIFIED.,.F.,.T.,.F.,(4,4),(1,3,1,1,1,1,1,1,3,1),(0.,
    1.023654199591),(-4.039190554616,-3.14159265359,-2.243994752564,
    -1.346396851538,-0.448798950513,0.448798950513,1.346396851538,
    2.243994752564,3.14159265359,4.039190554616),.UNSPECIFIED.);
#2435 = CARTESIAN_POINT('',(-33.62502606572,-3.392801395419,
    14.206871167106));
#2436 = CARTESIAN_POINT('',(-33.78240924652,-3.392801395294,
    13.257103384488));
#2437 = CARTESIAN_POINT('',(-33.17927931445,-3.791023076029,
    11.222804618599));
#2438 = CARTESIAN_POINT('',(-30.27513933534,-5.104076519561,
    10.039600004787));
#2439 = CARTESIAN_POINT('',(-27.50320184044,-6.170975270908,
    11.56590588061));
#2440 = CARTESIAN_POINT('',(-26.98740625432,-6.16737320821,
    14.72992585088));
#2441 = CARTESIAN_POINT('',(-29.10790438458,-5.104323898736,
    17.080043644108));
#2442 = CARTESIAN_POINT('',(-32.24214986887,-3.790674364913,
    16.883112949294));
#2443 = CARTESIAN_POINT('',(-33.46764288493,-3.392801395544,
    15.156638949724));
#2444 = CARTESIAN_POINT('',(-33.62502606572,-3.392801395419,
    14.206871167106));
#2445 = CARTESIAN_POINT('',(-33.56316076201,-3.351479546704,
    14.196619652522));
#2446 = CARTESIAN_POINT('',(-33.71834440391,-3.35147954658,
    13.260125532067));
#2447 = CARTESIAN_POINT('',(-33.11412403316,-3.743765031297,
    11.253263852814));
#2448 = CARTESIAN_POINT('',(-30.24077423748,-5.037199724489,
    10.119914941906));
#2449 = CARTESIAN_POINT('',(-27.55797643294,-6.074936912266,
    11.634455142702));
#2450 = CARTESIAN_POINT('',(-27.06086584801,-6.071471144453,
    14.683367981164));
#2451 = CARTESIAN_POINT('',(-29.10003532911,-5.037773041952,
    16.992770819023));
#2452 = CARTESIAN_POINT('',(-32.18985729005,-3.743714381879,
    16.832720669541));
#2453 = CARTESIAN_POINT('',(-33.4079771201,-3.351479546827,
    15.133113772978));
#2454 = CARTESIAN_POINT('',(-33.56316076201,-3.351479546704,
    14.196619652522));
#2455 = CARTESIAN_POINT('',(-33.50129545829,-3.31015769799,
    14.18636813794));
#2456 = CARTESIAN_POINT('',(-33.65427956131,-3.310157697867,
    13.263147679646));
#2457 = CARTESIAN_POINT('',(-33.04896875187,-3.696506986564,
    11.283723087029));
#2458 = CARTESIAN_POINT('',(-30.20640913962,-4.970322929417,
    10.200229879023));
#2459 = CARTESIAN_POINT('',(-27.61275102543,-5.978898553624,
    11.703004404793));
#2460 = CARTESIAN_POINT('',(-27.1343254417,-5.975569080695,
    14.636810111446));
#2461 = CARTESIAN_POINT('',(-29.09216627363,-4.971222185168,
    16.905497993939));
#2462 = CARTESIAN_POINT('',(-32.13756471122,-3.696754398845,
    16.782328389789));
#2463 = CARTESIAN_POINT('',(-33.34831135527,-3.31015769811,
    15.109588596233));
#2464 = CARTESIAN_POINT('',(-33.50129545829,-3.31015769799,
    14.18636813794));
#2465 = CARTESIAN_POINT('',(-33.43943015458,-3.268835849274,
    14.176116623356));
#2466 = CARTESIAN_POINT('',(-33.59021471871,-3.268835849154,
    13.266169827224));
#2467 = CARTESIAN_POINT('',(-32.98381347058,-3.649248941832,
    11.314182321244));
#2468 = CARTESIAN_POINT('',(-30.17204404177,-4.903446134345,
    10.280544816142));
#2469 = CARTESIAN_POINT('',(-27.66752561793,-5.882860194983,
    11.771553666885));
#2470 = CARTESIAN_POINT('',(-27.20778503539,-5.879667016936,
    14.590252241729));
#2471 = CARTESIAN_POINT('',(-29.08429721816,-4.904671328385,
    16.818225168854));
#2472 = CARTESIAN_POINT('',(-32.0852721324,-3.649794415811,
    16.731936110036));
#2473 = CARTESIAN_POINT('',(-33.28864559045,-3.268835849393,
    15.086063419487));
#2474 = CARTESIAN_POINT('',(-33.43943015458,-3.268835849274,
    14.176116623356));
#2475 = ADVANCED_FACE('',(#2476),#2608,.F.);
#2476 = FACE_BOUND('',#2477,.T.);
#2477 = EDGE_LOOP('',(#2478,#2488,#2496,#2505,#2513,#2522,#2530,#2539,
    #2547,#2556,#2564,#2573,#2581,#2588,#2589,#2590,#2591,#2592,#2593,
    #2602));
#2478 = ORIENTED_EDGE('',*,*,#2479,.T.);
#2479 = EDGE_CURVE('',#2480,#2482,#2484,.T.);
#2480 = VERTEX_POINT('',#2481);
#2481 = CARTESIAN_POINT('',(-30.70893103251,4.029391816498,-1.24E-13));
#2482 = VERTEX_POINT('',#2483);
#2483 = CARTESIAN_POINT('',(-25.569592381,4.029391827277,-1.6E-13));
#2484 = LINE('',#2485,#2486);
#2485 = CARTESIAN_POINT('',(-1.771903680579,4.029391877185,-8.882E-14));
#2486 = VECTOR('',#2487,1.);
#2487 = DIRECTION('',(1.,2.09719003E-09,0.));
#2488 = ORIENTED_EDGE('',*,*,#2489,.T.);
#2489 = EDGE_CURVE('',#2482,#2490,#2492,.T.);
#2490 = VERTEX_POINT('',#2491);
#2491 = CARTESIAN_POINT('',(-12.87272071711,1.715956613808,-1.07E-13));
#2492 = LINE('',#2493,#2494);
#2493 = CARTESIAN_POINT('',(-10.25331844814,1.238688070209,-7.105E-14));
#2494 = VECTOR('',#2495,1.);
#2495 = DIRECTION('',(0.983802840446,-0.179253929192,2.809999999999E-15)
  );
#2496 = ORIENTED_EDGE('',*,*,#2497,.T.);
#2497 = EDGE_CURVE('',#2490,#2498,#2500,.T.);
#2498 = VERTEX_POINT('',#2499);
#2499 = CARTESIAN_POINT('',(-12.82202004835,1.711375365264,-3.6E-14));
#2500 = ELLIPSE('',#2501,0.566838912236,0.4);
#2501 = AXIS2_PLACEMENT_3D('',#2502,#2503,#2504);
#2502 = CARTESIAN_POINT('',(-12.79646273845,2.277060790323,-3.553E-14));
#2503 = DIRECTION('',(-1.972152263053E-31,1.57E-14,1.));
#2504 = DIRECTION('',(-8.999210740351E-02,-0.995942478562,
    1.563629691343E-14));
#2505 = ORIENTED_EDGE('',*,*,#2506,.T.);
#2506 = EDGE_CURVE('',#2498,#2507,#2509,.T.);
#2507 = VERTEX_POINT('',#2508);
#2508 = CARTESIAN_POINT('',(12.782517387794,1.711375474455,0.));
#2509 = LINE('',#2510,#2511);
#2510 = CARTESIAN_POINT('',(-3.475123739669,1.711375405124,-3.553E-14));
#2511 = VECTOR('',#2512,1.);
#2512 = DIRECTION('',(1.,4.26450118E-09,0.));
#2513 = ORIENTED_EDGE('',*,*,#2514,.T.);
#2514 = EDGE_CURVE('',#2507,#2515,#2517,.T.);
#2515 = VERTEX_POINT('',#2516);
#2516 = CARTESIAN_POINT('',(12.833218056516,1.71595672343,-8.9E-14));
#2517 = ELLIPSE('',#2518,0.566838912236,0.4);
#2518 = AXIS2_PLACEMENT_3D('',#2519,#2520,#2521);
#2519 = CARTESIAN_POINT('',(12.756960073069,2.277060899295,-1.776E-14));
#2520 = DIRECTION('',(0.,1.57E-14,1.));
#2521 = DIRECTION('',(8.999211589759E-02,-0.995942477795,
    1.563629690138E-14));
#2522 = ORIENTED_EDGE('',*,*,#2523,.T.);
#2523 = EDGE_CURVE('',#2515,#2524,#2526,.T.);
#2524 = VERTEX_POINT('',#2525);
#2525 = CARTESIAN_POINT('',(29.10921820702,4.68152749296,-1.5117E-11));
#2526 = LINE('',#2527,#2528);
#2527 = CARTESIAN_POINT('',(-0.620260678491,-0.735336302001,-7.105E-14)
  );
#2528 = VECTOR('',#2529,1.);
#2529 = DIRECTION('',(0.983802838917,0.179253937583,-2.81E-15));
#2530 = ORIENTED_EDGE('',*,*,#2531,.F.);
#2531 = EDGE_CURVE('',#2532,#2524,#2534,.T.);
#2532 = VERTEX_POINT('',#2533);
#2533 = CARTESIAN_POINT('',(29.252739342836,4.67044454821,-1.6129E-11));
#2534 = ELLIPSE('',#2535,0.575393698572,0.4);
#2535 = AXIS2_PLACEMENT_3D('',#2536,#2537,#2538);
#2536 = CARTESIAN_POINT('',(29.137400854659,4.111663743849,-1.51168E-11)
  );
#2537 = DIRECTION('',(2.4857E-13,1.518E-14,1.));
#2538 = DIRECTION('',(7.69924714916E-02,0.997031674188,
    -3.427295945284E-14));
#2539 = ORIENTED_EDGE('',*,*,#2540,.F.);
#2540 = EDGE_CURVE('',#2541,#2532,#2543,.T.);
#2541 = VERTEX_POINT('',#2542);
#2542 = CARTESIAN_POINT('',(30.887575025856,4.102486421543,-1.6129E-11)
  );
#2543 = LINE('',#2544,#2545);
#2544 = CARTESIAN_POINT('',(3.600586606112,13.582256765589,-9.25482E-12)
  );
#2545 = VECTOR('',#2546,1.);
#2546 = DIRECTION('',(-0.944618712505,0.328169907191,2.2988E-13));
#2547 = ORIENTED_EDGE('',*,*,#2548,.F.);
#2548 = EDGE_CURVE('',#2549,#2541,#2551,.T.);
#2549 = VERTEX_POINT('',#2550);
#2550 = CARTESIAN_POINT('',(31.077597271628,3.83530790313,-1.6112E-11));
#2551 = ELLIPSE('',#2552,0.633192727086,0.4);
#2552 = AXIS2_PLACEMENT_3D('',#2553,#2554,#2555);
#2553 = CARTESIAN_POINT('',(30.511911847024,3.634144995992,-1.612932E-11
    ));
#2554 = DIRECTION('',(2.4857E-13,1.518E-14,1.));
#2555 = DIRECTION('',(0.814914076933,0.579581786477,-2.11361243622E-13)
  );
#2556 = ORIENTED_EDGE('',*,*,#2557,.F.);
#2557 = EDGE_CURVE('',#2558,#2549,#2560,.T.);
#2558 = VERTEX_POINT('',#2559);
#2559 = CARTESIAN_POINT('',(31.077597274589,2.111628849806,-1.6112E-11)
  );
#2560 = LINE('',#2561,#2562);
#2561 = CARTESIAN_POINT('',(31.077597248517,17.286773716022,
    -1.632472E-11));
#2562 = VECTOR('',#2563,1.);
#2563 = DIRECTION('',(-1.71809488E-09,1.,-1.5E-14));
#2564 = ORIENTED_EDGE('',*,*,#2565,.F.);
#2565 = EDGE_CURVE('',#2566,#2558,#2568,.T.);
#2566 = VERTEX_POINT('',#2567);
#2567 = CARTESIAN_POINT('',(30.88332383656,1.717102933755,-1.6094E-11));
#2568 = ELLIPSE('',#2569,0.62198305042,0.4);
#2569 = AXIS2_PLACEMENT_3D('',#2570,#2571,#2572);
#2570 = CARTESIAN_POINT('',(30.511911849954,1.928786136359,-1.611156E-11
    ));
#2571 = DIRECTION('',(2.4857E-13,1.518E-14,1.));
#2572 = DIRECTION('',(0.839804576103,0.542888822832,-2.169912758126E-13)
  );
#2573 = ORIENTED_EDGE('',*,*,#2574,.F.);
#2574 = EDGE_CURVE('',#2575,#2566,#2577,.T.);
#2575 = VERTEX_POINT('',#2576);
#2576 = CARTESIAN_POINT('',(24.665626140592,-4.500594783577,-1.4051E-11)
  );
#2577 = LINE('',#2578,#2579);
#2578 = CARTESIAN_POINT('',(24.034915082776,-5.131305843562,
    -1.403322E-11));
#2579 = VECTOR('',#2580,1.);
#2580 = DIRECTION('',(0.707106779972,0.707106782401,-1.8638E-13));
#2581 = ORIENTED_EDGE('',*,*,#2582,.F.);
#2582 = EDGE_CURVE('',#935,#2575,#2583,.T.);
#2583 = ELLIPSE('',#2584,0.62198305042,0.4);
#2584 = AXIS2_PLACEMENT_3D('',#2585,#2586,#2587);
#2585 = CARTESIAN_POINT('',(24.453942936712,-4.129182797699,
    -1.403322E-11));
#2586 = DIRECTION('',(2.4857E-13,1.518E-14,1.));
#2587 = DIRECTION('',(-0.542888819946,-0.839804577969,1.476941074675E-13
    ));
#2588 = ORIENTED_EDGE('',*,*,#934,.T.);
#2589 = ORIENTED_EDGE('',*,*,#909,.T.);
#2590 = ORIENTED_EDGE('',*,*,#877,.F.);
#2591 = ORIENTED_EDGE('',*,*,#1976,.T.);
#2592 = ORIENTED_EDGE('',*,*,#1950,.T.);
#2593 = ORIENTED_EDGE('',*,*,#2594,.T.);
#2594 = EDGE_CURVE('',#1943,#2595,#2597,.T.);
#2595 = VERTEX_POINT('',#2596);
#2596 = CARTESIAN_POINT('',(-30.93362227134,3.846553034042,-1.6E-13));
#2597 = ELLIPSE('',#2598,0.491561443831,0.4);
#2598 = AXIS2_PLACEMENT_3D('',#2599,#2600,#2601);
#2599 = CARTESIAN_POINT('',(-30.5860358405,3.563710322252,-1.2434E-13));
#2600 = DIRECTION('',(0.,-1.57E-14,-1.));
#2601 = DIRECTION('',(-1.,-2.09713885E-09,3.2925079945E-23));
#2602 = ORIENTED_EDGE('',*,*,#2603,.T.);
#2603 = EDGE_CURVE('',#2595,#2480,#2604,.T.);
#2604 = LINE('',#2605,#2606);
#2605 = CARTESIAN_POINT('',(-18.44151146734,14.011801761689,-2.4869E-13)
  );
#2606 = VECTOR('',#2607,1.);
#2607 = DIRECTION('',(0.775645546854,0.631168745777,-9.909999999999E-15)
  );
#2608 = PLANE('',#2609);
#2609 = AXIS2_PLACEMENT_3D('',#2610,#2611,#2612);
#2610 = CARTESIAN_POINT('',(-4.626914626033,21.229395773343,-3.3751E-13)
  );
#2611 = DIRECTION('',(0.,1.57E-14,1.));
#2612 = DIRECTION('',(-1.71759753E-09,1.,-1.57E-14));
#2613 = ADVANCED_FACE('',(#2614),#2625,.T.);
#2614 = FACE_BOUND('',#2615,.T.);
#2615 = EDGE_LOOP('',(#2616,#2617,#2623,#2624));
#2616 = ORIENTED_EDGE('',*,*,#2582,.T.);
#2617 = ORIENTED_EDGE('',*,*,#2618,.T.);
#2618 = EDGE_CURVE('',#2575,#984,#2619,.T.);
#2619 = LINE('',#2620,#2621);
#2620 = CARTESIAN_POINT('',(20.48177074012,-10.97267670861,
    6.472081917835));
#2621 = VECTOR('',#2622,1.);
#2622 = DIRECTION('',(-0.415732619885,-0.64310434211,0.643104341396));
#2623 = ORIENTED_EDGE('',*,*,#991,.T.);
#2624 = ORIENTED_EDGE('',*,*,#942,.T.);
#2625 = CYLINDRICAL_SURFACE('',#2626,0.4);
#2626 = AXIS2_PLACEMENT_3D('',#2627,#2628,#2629);
#2627 = CARTESIAN_POINT('',(20.207373003421,-10.69827897285,
    6.569096167849));
#2628 = DIRECTION('',(0.415732619885,0.64310434211,-0.643104341396));
#2629 = DIRECTION('',(0.376877891938,-0.765354727727,-0.52172329382));
#2630 = ADVANCED_FACE('',(#2631),#2650,.F.);
#2631 = FACE_BOUND('',#2632,.T.);
#2632 = EDGE_LOOP('',(#2633,#2634,#2635,#2636,#2644));
#2633 = ORIENTED_EDGE('',*,*,#983,.T.);
#2634 = ORIENTED_EDGE('',*,*,#2618,.F.);
#2635 = ORIENTED_EDGE('',*,*,#2574,.T.);
#2636 = ORIENTED_EDGE('',*,*,#2637,.F.);
#2637 = EDGE_CURVE('',#2638,#2566,#2640,.T.);
#2638 = VERTEX_POINT('',#2639);
#2639 = CARTESIAN_POINT('',(33.077597272831,3.135583562088,2.19427343869
    ));
#2640 = LINE('',#2641,#2642);
#2641 = CARTESIAN_POINT('',(32.256801031696,2.604982612994,
    1.373477196645));
#2642 = VECTOR('',#2643,1.);
#2643 = DIRECTION('',(-0.643104340682,-0.415732622095,-0.643104341396));
#2644 = ORIENTED_EDGE('',*,*,#2645,.F.);
#2645 = EDGE_CURVE('',#976,#2638,#2646,.T.);
#2646 = LINE('',#2647,#2648);
#2647 = CARTESIAN_POINT('',(33.07759727397,2.472704724308,4.069177923889
    ));
#2648 = VECTOR('',#2649,1.);
#2649 = DIRECTION('',(-5.729325700001E-10,0.333333333333,-0.942809041582
    ));
#2650 = PLANE('',#2651);
#2651 = AXIS2_PLACEMENT_3D('',#2652,#2653,#2654);
#2652 = CARTESIAN_POINT('',(26.069362540998,-4.864625334353,
    4.999999999986));
#2653 = DIRECTION('',(-0.685994341749,0.685994339391,0.242535625036));
#2654 = DIRECTION('',(-0.707106779971,-0.707106782402,-8.79019079747E-14
    ));
#2655 = ADVANCED_FACE('',(#2656),#2684,.F.);
#2656 = FACE_BOUND('',#2657,.F.);
#2657 = EDGE_LOOP('',(#2658,#2659,#2660,#2668,#2676,#2683));
#2658 = ORIENTED_EDGE('',*,*,#975,.F.);
#2659 = ORIENTED_EDGE('',*,*,#1079,.T.);
#2660 = ORIENTED_EDGE('',*,*,#2661,.T.);
#2661 = EDGE_CURVE('',#1072,#2662,#2664,.T.);
#2662 = VERTEX_POINT('',#2663);
#2663 = CARTESIAN_POINT('',(33.077597269526,5.058907363466,
    1.999999999984));
#2664 = LINE('',#2665,#2666);
#2665 = CARTESIAN_POINT('',(33.077597269526,5.058907363466,
    1.600000026553));
#2666 = VECTOR('',#2667,1.);
#2667 = DIRECTION('',(-2.4849E-13,-9.01E-15,-1.));
#2668 = ORIENTED_EDGE('',*,*,#2669,.F.);
#2669 = EDGE_CURVE('',#2670,#2662,#2672,.T.);
#2670 = VERTEX_POINT('',#2671);
#2671 = CARTESIAN_POINT('',(33.077597272368,3.404522072055,
    1.999999999984));
#2672 = LINE('',#2673,#2674);
#2673 = CARTESIAN_POINT('',(33.077597255291,13.344151600794,
    1.999999999984));
#2674 = VECTOR('',#2675,1.);
#2675 = DIRECTION('',(-1.71809488E-09,1.,-1.5E-14));
#2676 = ORIENTED_EDGE('',*,*,#2677,.T.);
#2677 = EDGE_CURVE('',#2670,#2638,#2678,.T.);
#2678 = ELLIPSE('',#2679,0.62198305042,0.4);
#2679 = AXIS2_PLACEMENT_3D('',#2680,#2681,#2682);
#2680 = CARTESIAN_POINT('',(33.077597272054,3.58736478453,2.565685424933
    ));
#2681 = DIRECTION('',(-1.,-1.71809488E-09,2.4849E-13));
#2682 = DIRECTION('',(9.325258213984E-10,-0.542888821389,-0.839804577036
    ));
#2683 = ORIENTED_EDGE('',*,*,#2645,.F.);
#2684 = PLANE('',#2685);
#2685 = AXIS2_PLACEMENT_3D('',#2686,#2687,#2688);
#2686 = CARTESIAN_POINT('',(33.077597268839,5.458907363466,
    1.599999999984));
#2687 = DIRECTION('',(-1.,-1.71809488E-09,2.4849E-13));
#2688 = DIRECTION('',(1.71809488E-09,-1.,1.518E-14));
#2689 = ADVANCED_FACE('',(#2690),#2725,.T.);
#2690 = FACE_BOUND('',#2691,.T.);
#2691 = EDGE_LOOP('',(#2692,#2700,#2701,#2702,#2710,#2719));
#2692 = ORIENTED_EDGE('',*,*,#2693,.T.);
#2693 = EDGE_CURVE('',#2694,#1064,#2696,.T.);
#2694 = VERTEX_POINT('',#2695);
#2695 = CARTESIAN_POINT('',(32.699749783837,5.590175326343,
    1.999999999984));
#2696 = LINE('',#2697,#2698);
#2697 = CARTESIAN_POINT('',(32.699749783837,5.590175326343,
    1.600000026552));
#2698 = VECTOR('',#2699,1.);
#2699 = DIRECTION('',(2.4849E-13,8.52E-15,1.));
#2700 = ORIENTED_EDGE('',*,*,#1071,.F.);
#2701 = ORIENTED_EDGE('',*,*,#2661,.T.);
#2702 = ORIENTED_EDGE('',*,*,#2703,.T.);
#2703 = EDGE_CURVE('',#2662,#2704,#2706,.T.);
#2704 = VERTEX_POINT('',#2705);
#2705 = CARTESIAN_POINT('',(32.983684649568,5.190952085698,
    1.906087380252));
#2706 = LINE('',#2707,#2708);
#2707 = CARTESIAN_POINT('',(31.366259713589,7.465113178171,
    0.288662448181));
#2708 = VECTOR('',#2709,1.);
#2709 = DIRECTION('',(-0.501447313182,0.705054030142,-0.501447311971));
#2710 = ORIENTED_EDGE('',*,*,#2711,.F.);
#2711 = EDGE_CURVE('',#2712,#2704,#2714,.T.);
#2712 = VERTEX_POINT('',#2713);
#2713 = CARTESIAN_POINT('',(32.793662403795,5.458130604111,
    1.906087380252));
#2714 = ELLIPSE('',#2715,0.515997667345,0.4);
#2715 = AXIS2_PLACEMENT_3D('',#2716,#2717,#2718);
#2716 = CARTESIAN_POINT('',(32.888673526681,5.324541344905,
    2.376761682544));
#2717 = DIRECTION('',(-0.814914076933,-0.579581786477,2.076300000001E-13
    ));
#2718 = DIRECTION('',(-2.176114731523E-13,-5.227104773286E-14,-1.));
#2719 = ORIENTED_EDGE('',*,*,#2720,.T.);
#2720 = EDGE_CURVE('',#2712,#2694,#2721,.T.);
#2721 = LINE('',#2722,#2723);
#2722 = CARTESIAN_POINT('',(29.441234350985,10.17177219169,
    5.258515424965));
#2723 = VECTOR('',#2724,1.);
#2724 = DIRECTION('',(-0.501447313182,0.705054030142,0.501447311971));
#2725 = PLANE('',#2726);
#2726 = AXIS2_PLACEMENT_3D('',#2727,#2728,#2729);
#2727 = CARTESIAN_POINT('',(32.888673526681,5.324541344905,
    1.600000026553));
#2728 = DIRECTION('',(0.814914076933,0.579581786477,-2.076300000001E-13)
  );
#2729 = DIRECTION('',(-0.579581786477,0.814914076933,1.3459E-13));
#2730 = ADVANCED_FACE('',(#2731,#2765,#2799,#2833),#2870,.T.);
#2731 = FACE_BOUND('',#2732,.T.);
#2732 = EDGE_LOOP('',(#2733,#2743,#2749,#2750,#2751,#2759));
#2733 = ORIENTED_EDGE('',*,*,#2734,.F.);
#2734 = EDGE_CURVE('',#2735,#2737,#2739,.T.);
#2735 = VERTEX_POINT('',#2736);
#2736 = CARTESIAN_POINT('',(28.906877842489,6.907856647113,
    6.809838702468));
#2737 = VERTEX_POINT('',#2738);
#2738 = CARTESIAN_POINT('',(30.493213503679,6.356747909386,
    6.258729962346));
#2739 = LINE('',#2740,#2741);
#2740 = CARTESIAN_POINT('',(21.377717463111,9.523561619375,
    9.425543688063));
#2741 = VECTOR('',#2742,1.);
#2742 = DIRECTION('',(0.897524579534,-0.31180893843,-0.311808939972));
#2743 = ORIENTED_EDGE('',*,*,#2744,.T.);
#2744 = EDGE_CURVE('',#2735,#1056,#2745,.T.);
#2745 = LINE('',#2746,#2747);
#2746 = CARTESIAN_POINT('',(28.90687784296,6.907856647227,6.375002628151
    ));
#2747 = VECTOR('',#2748,1.);
#2748 = DIRECTION('',(2.3806E-13,1.263E-14,1.));
#2749 = ORIENTED_EDGE('',*,*,#1063,.F.);
#2750 = ORIENTED_EDGE('',*,*,#2693,.F.);
#2751 = ORIENTED_EDGE('',*,*,#2752,.T.);
#2752 = EDGE_CURVE('',#2694,#2753,#2755,.T.);
#2753 = VERTEX_POINT('',#2754);
#2754 = CARTESIAN_POINT('',(30.493213503032,6.356747909439,
    1.999999999984));
#2755 = LINE('',#2756,#2757);
#2756 = CARTESIAN_POINT('',(13.968941047959,12.097444008507,
    1.999999999988));
#2757 = VECTOR('',#2758,1.);
#2758 = DIRECTION('',(-0.944618712505,0.328169907191,2.2988E-13));
#2759 = ORIENTED_EDGE('',*,*,#2760,.F.);
#2760 = EDGE_CURVE('',#2737,#2753,#2761,.T.);
#2761 = LINE('',#2762,#2763);
#2762 = CARTESIAN_POINT('',(30.493213503035,6.356747909438,
    11.449993981324));
#2763 = VECTOR('',#2764,1.);
#2764 = DIRECTION('',(-2.6043E-13,-4.38E-15,-1.));
#2765 = FACE_BOUND('',#2766,.T.);
#2766 = EDGE_LOOP('',(#2767,#2777,#2785,#2793));
#2767 = ORIENTED_EDGE('',*,*,#2768,.T.);
#2768 = EDGE_CURVE('',#2769,#2771,#2773,.T.);
#2769 = VERTEX_POINT('',#2770);
#2770 = CARTESIAN_POINT('',(29.854226534889,6.578738318116,
    13.97601694573));
#2771 = VERTEX_POINT('',#2772);
#2772 = CARTESIAN_POINT('',(29.854226534887,6.578738318116,
    9.551244237029));
#2773 = LINE('',#2774,#2775);
#2774 = CARTESIAN_POINT('',(29.854226534889,6.578738318116,
    17.570189580737));
#2775 = VECTOR('',#2776,1.);
#2776 = DIRECTION('',(-2.4228E-13,-1.623E-14,-1.));
#2777 = ORIENTED_EDGE('',*,*,#2778,.T.);
#2778 = EDGE_CURVE('',#2771,#2779,#2781,.T.);
#2779 = VERTEX_POINT('',#2780);
#2780 = CARTESIAN_POINT('',(32.211579632361,5.759770477469,
    8.990410957264));
#2781 = LINE('',#2782,#2783);
#2782 = CARTESIAN_POINT('',(33.520605058766,5.305002064555,
    8.678983270011));
#2783 = VECTOR('',#2784,1.);
#2784 = DIRECTION('',(0.921632020107,-0.320184102325,-0.219263677184));
#2785 = ORIENTED_EDGE('',*,*,#2786,.F.);
#2786 = EDGE_CURVE('',#2787,#2779,#2789,.T.);
#2787 = VERTEX_POINT('',#2788);
#2788 = CARTESIAN_POINT('',(32.211579632362,5.759770477469,
    13.402569487321));
#2789 = LINE('',#2790,#2791);
#2790 = CARTESIAN_POINT('',(32.211579632367,5.759770477469,
    35.599996010845));
#2791 = VECTOR('',#2792,1.);
#2792 = DIRECTION('',(-2.4208E-13,-1.582E-14,-1.));
#2793 = ORIENTED_EDGE('',*,*,#2794,.T.);
#2794 = EDGE_CURVE('',#2787,#2769,#2795,.T.);
#2795 = LINE('',#2796,#2797);
#2796 = CARTESIAN_POINT('',(31.135149051305,6.13373313479,
    13.664420960281));
#2797 = VECTOR('',#2798,1.);
#2798 = DIRECTION('',(-0.920625873437,0.319834556996,0.223950568896));
#2799 = FACE_BOUND('',#2800,.T.);
#2800 = EDGE_LOOP('',(#2801,#2811,#2819,#2827));
#2801 = ORIENTED_EDGE('',*,*,#2802,.T.);
#2802 = EDGE_CURVE('',#2803,#2805,#2807,.T.);
#2803 = VERTEX_POINT('',#2804);
#2804 = CARTESIAN_POINT('',(29.854226534891,6.578738318116,
    23.200342604933));
#2805 = VERTEX_POINT('',#2806);
#2806 = CARTESIAN_POINT('',(29.854226534889,6.578738318116,
    14.708481698987));
#2807 = LINE('',#2808,#2809);
#2808 = CARTESIAN_POINT('',(29.854226534889,6.578738318116,
    17.570189580737));
#2809 = VECTOR('',#2810,1.);
#2810 = DIRECTION('',(-2.4228E-13,-1.623E-14,-1.));
#2811 = ORIENTED_EDGE('',*,*,#2812,.T.);
#2812 = EDGE_CURVE('',#2805,#2813,#2815,.T.);
#2813 = VERTEX_POINT('',#2814);
#2814 = CARTESIAN_POINT('',(32.211579632362,5.759770477469,
    14.135034240578));
#2815 = LINE('',#2816,#2817);
#2816 = CARTESIAN_POINT('',(29.455404702077,6.717292977395,
    14.805498716348));
#2817 = VECTOR('',#2818,1.);
#2818 = DIRECTION('',(0.920625873437,-0.319834556996,-0.223950568896));
#2819 = ORIENTED_EDGE('',*,*,#2820,.F.);
#2820 = EDGE_CURVE('',#2821,#2813,#2823,.T.);
#2821 = VERTEX_POINT('',#2822);
#2822 = CARTESIAN_POINT('',(32.211579632364,5.759770477469,
    22.626895146524));
#2823 = LINE('',#2824,#2825);
#2824 = CARTESIAN_POINT('',(32.211579632367,5.759770477469,
    35.599996010845));
#2825 = VECTOR('',#2826,1.);
#2826 = DIRECTION('',(-2.4208E-13,-1.582E-14,-1.));
#2827 = ORIENTED_EDGE('',*,*,#2828,.T.);
#2828 = EDGE_CURVE('',#2821,#2803,#2829,.T.);
#2829 = LINE('',#2830,#2831);
#2830 = CARTESIAN_POINT('',(31.834367464077,5.890817725019,
    22.718655417575));
#2831 = VECTOR('',#2832,1.);
#2832 = DIRECTION('',(-0.920625873437,0.319834556996,0.223950568896));
#2833 = FACE_BOUND('',#2834,.T.);
#2834 = EDGE_LOOP('',(#2835,#2848,#2856,#2864));
#2835 = ORIENTED_EDGE('',*,*,#2836,.T.);
#2836 = EDGE_CURVE('',#2837,#2839,#2841,.T.);
#2837 = VERTEX_POINT('',#2838);
#2838 = CARTESIAN_POINT('',(32.211233298679,5.759900649696,
    31.101882317022));
#2839 = VERTEX_POINT('',#2840);
#2840 = CARTESIAN_POINT('',(29.854227087777,6.578738323993,
    33.645254330381));
#2841 = B_SPLINE_CURVE_WITH_KNOTS('',3,(#2842,#2843,#2844,#2845,#2846,
    #2847),.UNSPECIFIED.,.F.,.F.,(4,2,4),(0.,0.177911922907,
    0.354582720453),.UNSPECIFIED.);
#2842 = CARTESIAN_POINT('',(32.210886832135,5.760011163139,
    31.102261306975));
#2843 = CARTESIAN_POINT('',(31.821346456722,5.895341352086,
    31.528453954365));
#2844 = CARTESIAN_POINT('',(31.426584601618,6.032485534853,
    31.958055787943));
#2845 = CARTESIAN_POINT('',(30.644616735574,6.304148925202,
    32.802616394443));
#2846 = CARTESIAN_POINT('',(30.248024781093,6.441928902637,
    33.227758421581));
#2847 = CARTESIAN_POINT('',(29.854227950777,6.578737826224,
    33.64525373168));
#2848 = ORIENTED_EDGE('',*,*,#2849,.T.);
#2849 = EDGE_CURVE('',#2839,#2850,#2852,.T.);
#2850 = VERTEX_POINT('',#2851);
#2851 = CARTESIAN_POINT('',(29.854226534891,6.578738318116,
    23.93280735819));
#2852 = LINE('',#2853,#2854);
#2853 = CARTESIAN_POINT('',(29.854226534889,6.578738318116,
    17.570189580737));
#2854 = VECTOR('',#2855,1.);
#2855 = DIRECTION('',(-2.4228E-13,-1.623E-14,-1.));
#2856 = ORIENTED_EDGE('',*,*,#2857,.T.);
#2857 = EDGE_CURVE('',#2850,#2858,#2860,.T.);
#2858 = VERTEX_POINT('',#2859);
#2859 = CARTESIAN_POINT('',(32.211579632364,5.759770477469,
    23.359359899781));
#2860 = LINE('',#2861,#2862);
#2861 = CARTESIAN_POINT('',(30.154623114849,6.474377567625,
    23.859733173641));
#2862 = VECTOR('',#2863,1.);
#2863 = DIRECTION('',(0.920625873437,-0.319834556996,-0.223950568896));
#2864 = ORIENTED_EDGE('',*,*,#2865,.F.);
#2865 = EDGE_CURVE('',#2837,#2858,#2866,.T.);
#2866 = LINE('',#2867,#2868);
#2867 = CARTESIAN_POINT('',(32.211579632367,5.759770477469,
    35.599996010845));
#2868 = VECTOR('',#2869,1.);
#2869 = DIRECTION('',(-2.4208E-13,-1.582E-14,-1.));
#2870 = PLANE('',#2871);
#2871 = AXIS2_PLACEMENT_3D('',#2872,#2873,#2874);
#2872 = CARTESIAN_POINT('',(33.392970302886,5.349343644323,
    1.600000053121));
#2873 = DIRECTION('',(0.328169907191,0.944618712505,-8.990999999998E-14)
  );
#2874 = DIRECTION('',(-0.944618712505,0.328169907191,2.2498E-13));
#2875 = ADVANCED_FACE('',(#2876),#2894,.F.);
#2876 = FACE_BOUND('',#2877,.F.);
#2877 = EDGE_LOOP('',(#2878,#2886,#2887,#2888));
#2878 = ORIENTED_EDGE('',*,*,#2879,.T.);
#2879 = EDGE_CURVE('',#2880,#2735,#2882,.T.);
#2880 = VERTEX_POINT('',#2881);
#2881 = CARTESIAN_POINT('',(25.915974863922,5.712507199546,
    5.614489260107));
#2882 = LINE('',#2883,#2884);
#2883 = CARTESIAN_POINT('',(17.831810065175,2.481575941522,2.3835580163)
  );
#2884 = VECTOR('',#2885,1.);
#2885 = DIRECTION('',(0.870566701785,0.347932190796,0.347932189301));
#2886 = ORIENTED_EDGE('',*,*,#2744,.T.);
#2887 = ORIENTED_EDGE('',*,*,#1055,.F.);
#2888 = ORIENTED_EDGE('',*,*,#2889,.F.);
#2889 = EDGE_CURVE('',#2880,#1048,#2890,.T.);
#2890 = LINE('',#2891,#2892);
#2891 = CARTESIAN_POINT('',(25.915974863783,5.71250719971,
    16.375002628152));
#2892 = VECTOR('',#2893,1.);
#2893 = DIRECTION('',(2.4214E-13,1.46E-14,1.));
#2894 = PLANE('',#2895);
#2895 = AXIS2_PLACEMENT_3D('',#2896,#2897,#2898);
#2896 = CARTESIAN_POINT('',(27.051508405829,6.166336495269,
    11.150005203181));
#2897 = DIRECTION('',(0.371119870923,-0.928584967252,-7.675999999999E-14
    ));
#2898 = DIRECTION('',(0.928584967252,0.371119870923,-2.353E-13));
#2899 = ADVANCED_FACE('',(#2900),#2918,.F.);
#2900 = FACE_BOUND('',#2901,.F.);
#2901 = EDGE_LOOP('',(#2902,#2910,#2911,#2912));
#2902 = ORIENTED_EDGE('',*,*,#2903,.T.);
#2903 = EDGE_CURVE('',#2904,#2880,#2906,.T.);
#2904 = VERTEX_POINT('',#2905);
#2905 = CARTESIAN_POINT('',(25.080248392446,6.278499315678,6.18048137769
    ));
#2906 = LINE('',#2907,#2908);
#2907 = CARTESIAN_POINT('',(17.933884964752,11.11834284615,
    11.020324920753));
#2908 = VECTOR('',#2909,1.);
#2909 = DIRECTION('',(0.722191413715,-0.489100991996,-0.489100993236));
#2910 = ORIENTED_EDGE('',*,*,#2889,.T.);
#2911 = ORIENTED_EDGE('',*,*,#1047,.F.);
#2912 = ORIENTED_EDGE('',*,*,#2913,.T.);
#2913 = EDGE_CURVE('',#1040,#2904,#2914,.T.);
#2914 = LINE('',#2915,#2916);
#2915 = CARTESIAN_POINT('',(25.080248391709,6.27849931588,
    11.150005203181));
#2916 = VECTOR('',#2917,1.);
#2917 = DIRECTION('',(-2.4214E-13,-1.426E-14,-1.));
#2918 = PLANE('',#2919);
#2919 = AXIS2_PLACEMENT_3D('',#2920,#2921,#2922);
#2920 = CARTESIAN_POINT('',(25.498111627746,5.995503257796,
    16.375002628152));
#2921 = DIRECTION('',(-0.560749555275,-0.827985468628,1.4746E-13));
#2922 = DIRECTION('',(0.827985468628,-0.560749555275,-1.9935E-13));
#2923 = ADVANCED_FACE('',(#2924),#2942,.F.);
#2924 = FACE_BOUND('',#2925,.F.);
#2925 = EDGE_LOOP('',(#2926,#2927,#2928,#2936));
#2926 = ORIENTED_EDGE('',*,*,#2913,.F.);
#2927 = ORIENTED_EDGE('',*,*,#1039,.F.);
#2928 = ORIENTED_EDGE('',*,*,#2929,.F.);
#2929 = EDGE_CURVE('',#2930,#1032,#2932,.T.);
#2930 = VERTEX_POINT('',#2931);
#2931 = CARTESIAN_POINT('',(22.861892017381,5.898314431122,
    5.800296496902));
#2932 = LINE('',#2933,#2934);
#2933 = CARTESIAN_POINT('',(22.861892016829,5.898314431343,
    2.749999999986));
#2934 = VECTOR('',#2935,1.);
#2935 = DIRECTION('',(2.4896E-13,1.495E-14,1.));
#2936 = ORIENTED_EDGE('',*,*,#2937,.T.);
#2937 = EDGE_CURVE('',#2930,#2904,#2938,.T.);
#2938 = LINE('',#2939,#2940);
#2939 = CARTESIAN_POINT('',(11.88021691939,4.016260255455,3.918242340456
    ));
#2940 = VECTOR('',#2941,1.);
#2941 = DIRECTION('',(0.971862216579,0.166559047401,0.166559045732));
#2942 = PLANE('',#2943);
#2943 = AXIS2_PLACEMENT_3D('',#2944,#2945,#2946);
#2944 = CARTESIAN_POINT('',(21.876262010155,5.729395841649,
    0.999999999987));
#2945 = DIRECTION('',(0.168918589694,-0.985630006674,-2.698999999999E-14
    ));
#2946 = DIRECTION('',(0.985630006674,0.168918589694,-2.5008E-13));
#2947 = ADVANCED_FACE('',(#2948),#2966,.F.);
#2948 = FACE_BOUND('',#2949,.F.);
#2949 = EDGE_LOOP('',(#2950,#2951,#2959,#2965));
#2950 = ORIENTED_EDGE('',*,*,#1031,.F.);
#2951 = ORIENTED_EDGE('',*,*,#2952,.T.);
#2952 = EDGE_CURVE('',#1024,#2953,#2955,.T.);
#2953 = VERTEX_POINT('',#2954);
#2954 = CARTESIAN_POINT('',(21.164685506057,7.329395840106,
    7.231377908778));
#2955 = LINE('',#2956,#2957);
#2956 = CARTESIAN_POINT('',(21.164685505227,7.329395840427,
    12.900001358227));
#2957 = VECTOR('',#2958,1.);
#2958 = DIRECTION('',(-2.5356E-13,-1.14E-14,-1.));
#2959 = ORIENTED_EDGE('',*,*,#2960,.T.);
#2960 = EDGE_CURVE('',#2953,#2930,#2961,.T.);
#2961 = LINE('',#2962,#2963);
#2962 = CARTESIAN_POINT('',(19.293774219351,8.906944795697,
    8.808926867964));
#2963 = VECTOR('',#2964,1.);
#2964 = DIRECTION('',(0.642563354238,-0.541808238491,-0.541808239595));
#2965 = ORIENTED_EDGE('',*,*,#2929,.T.);
#2966 = PLANE('',#2967);
#2967 = AXIS2_PLACEMENT_3D('',#2968,#2969,#2970);
#2968 = CARTESIAN_POINT('',(22.369077012633,6.313855136496,
    2.749999999986));
#2969 = DIRECTION('',(-0.64462446766,-0.764499375862,1.721600000001E-13)
  );
#2970 = DIRECTION('',(0.764499375862,-0.64462446766,-1.825800000001E-13)
  );
#2971 = ADVANCED_FACE('',(#2972),#2991,.F.);
#2972 = FACE_BOUND('',#2973,.F.);
#2973 = EDGE_LOOP('',(#2974,#2975,#2976,#2984,#2990));
#2974 = ORIENTED_EDGE('',*,*,#1023,.F.);
#2975 = ORIENTED_EDGE('',*,*,#1441,.T.);
#2976 = ORIENTED_EDGE('',*,*,#2977,.F.);
#2977 = EDGE_CURVE('',#2978,#1434,#2980,.T.);
#2978 = VERTEX_POINT('',#2979);
#2979 = CARTESIAN_POINT('',(20.58024825416,7.329399461002,7.231459298499
    ));
#2980 = LINE('',#2981,#2982);
#2981 = CARTESIAN_POINT('',(20.580248267004,7.329395839422,
    21.925004839176));
#2982 = VECTOR('',#2983,1.);
#2983 = DIRECTION('',(2.4214E-13,1.173E-14,1.));
#2984 = ORIENTED_EDGE('',*,*,#2985,.F.);
#2985 = EDGE_CURVE('',#2953,#2978,#2986,.T.);
#2986 = LINE('',#2987,#2988);
#2987 = CARTESIAN_POINT('',(11.539950580982,7.32939582389,7.231377909475
    ));
#2988 = VECTOR('',#2989,1.);
#2989 = DIRECTION('',(-1.,-1.71809488E-09,-4.9724E-13));
#2990 = ORIENTED_EDGE('',*,*,#2952,.F.);
#2991 = PLANE('',#2992);
#2992 = AXIS2_PLACEMENT_3D('',#2993,#2994,#2995);
#2993 = CARTESIAN_POINT('',(21.228255198658,7.329395840536,
    23.050002716467));
#2994 = DIRECTION('',(1.71809488E-09,-1.,1.173E-14));
#2995 = DIRECTION('',(1.,1.71809488E-09,-2.4871E-13));
#2996 = ADVANCED_FACE('',(#2997),#3048,.F.);
#2997 = FACE_BOUND('',#2998,.F.);
#2998 = EDGE_LOOP('',(#2999,#3009,#3018,#3024,#3025,#3033,#3042));
#2999 = ORIENTED_EDGE('',*,*,#3000,.F.);
#3000 = EDGE_CURVE('',#3001,#3003,#3005,.T.);
#3001 = VERTEX_POINT('',#3002);
#3002 = CARTESIAN_POINT('',(30.077597277388,0.487773772993,
    33.614410083609));
#3003 = VERTEX_POINT('',#3004);
#3004 = CARTESIAN_POINT('',(30.077597275978,1.308365169399,33.14064142)
  );
#3005 = LINE('',#3006,#3007);
#3006 = CARTESIAN_POINT('',(30.077597277227,0.581042679418,
    33.560561255378));
#3007 = VECTOR('',#3008,1.);
#3008 = DIRECTION('',(-1.488038060001E-09,0.866025403784,-0.5));
#3009 = ORIENTED_EDGE('',*,*,#3010,.F.);
#3010 = EDGE_CURVE('',#3011,#3001,#3013,.T.);
#3011 = VERTEX_POINT('',#3012);
#3012 = CARTESIAN_POINT('',(30.077597279567,-0.78033339412,
    34.346552097903));
#3013 = CIRCLE('',#3014,3.);
#3014 = AXIS2_PLACEMENT_3D('',#3015,#3016,#3017);
#3015 = CARTESIAN_POINT('',(30.077597275979,1.308365169399,
    36.500000103024));
#3016 = DIRECTION('',(1.,1.71809488E-09,-2.4849E-13));
#3017 = DIRECTION('',(1.487789567192E-09,-0.866025403784,-0.5));
#3018 = ORIENTED_EDGE('',*,*,#3019,.F.);
#3019 = EDGE_CURVE('',#1091,#3011,#3020,.T.);
#3020 = LINE('',#3021,#3022);
#3021 = CARTESIAN_POINT('',(30.077597279158,-0.542795556411,
    34.20940956336));
#3022 = VECTOR('',#3023,1.);
#3023 = DIRECTION('',(-1.488038060001E-09,0.866025403784,-0.5));
#3024 = ORIENTED_EDGE('',*,*,#1088,.F.);
#3025 = ORIENTED_EDGE('',*,*,#3026,.F.);
#3026 = EDGE_CURVE('',#3027,#1089,#3029,.T.);
#3027 = VERTEX_POINT('',#3028);
#3028 = CARTESIAN_POINT('',(30.077597272389,3.397063732917,
    34.346552097904));
#3029 = LINE('',#3030,#3031);
#3030 = CARTESIAN_POINT('',(30.077597272229,3.49033263934,
    34.400400926134));
#3031 = VECTOR('',#3032,1.);
#3032 = DIRECTION('',(-1.487789560001E-09,0.866025403784,0.5));
#3033 = ORIENTED_EDGE('',*,*,#3034,.F.);
#3034 = EDGE_CURVE('',#3035,#3027,#3037,.T.);
#3035 = VERTEX_POINT('',#3036);
#3036 = CARTESIAN_POINT('',(30.077597274568,2.1289565658,33.614410083608
    ));
#3037 = CIRCLE('',#3038,3.);
#3038 = AXIS2_PLACEMENT_3D('',#3039,#3040,#3041);
#3039 = CARTESIAN_POINT('',(30.077597275979,1.308365169399,
    36.500000103024));
#3040 = DIRECTION('',(1.,1.71809488E-09,-2.4849E-13));
#3041 = DIRECTION('',(1.487789567192E-09,-0.866025403784,-0.5));
#3042 = ORIENTED_EDGE('',*,*,#3043,.F.);
#3043 = EDGE_CURVE('',#3003,#3035,#3044,.T.);
#3044 = LINE('',#3045,#3046);
#3045 = CARTESIAN_POINT('',(30.07759727416,2.366494403511,
    33.751552618153));
#3046 = VECTOR('',#3047,1.);
#3047 = DIRECTION('',(-1.487789560001E-09,0.866025403784,0.5));
#3048 = PLANE('',#3049);
#3049 = AXIS2_PLACEMENT_3D('',#3050,#3051,#3052);
#3050 = CARTESIAN_POINT('',(30.077597275979,1.308365169399,
    36.500000103024));
#3051 = DIRECTION('',(-1.,-1.71809488E-09,2.4849E-13));
#3052 = DIRECTION('',(-1.487789567192E-09,0.866025403784,0.5));
#3053 = ADVANCED_FACE('',(#3054),#3064,.F.);
#3054 = FACE_BOUND('',#3055,.F.);
#3055 = EDGE_LOOP('',(#3056,#3057,#3063));
#3056 = ORIENTED_EDGE('',*,*,#1140,.F.);
#3057 = ORIENTED_EDGE('',*,*,#3058,.T.);
#3058 = EDGE_CURVE('',#1132,#3027,#3059,.T.);
#3059 = LINE('',#3060,#3061);
#3060 = CARTESIAN_POINT('',(30.077597272389,3.397063732917,
    34.346552097903));
#3061 = VECTOR('',#3062,1.);
#3062 = DIRECTION('',(-1.,-1.71809245E-09,2.5028E-13));
#3063 = ORIENTED_EDGE('',*,*,#3026,.T.);
#3064 = PLANE('',#3065);
#3065 = AXIS2_PLACEMENT_3D('',#3066,#3067,#3068);
#3066 = CARTESIAN_POINT('',(33.077597274841,1.969978662816,
    33.522624145548));
#3067 = DIRECTION('',(-8.592631500003E-10,0.5,-0.866025403784));
#3068 = DIRECTION('',(1.487789560001E-09,-0.866025403784,-0.5));
#3069 = ADVANCED_FACE('',(#3070),#3081,.F.);
#3070 = FACE_BOUND('',#3071,.F.);
#3071 = EDGE_LOOP('',(#3072,#3078,#3079,#3080));
#3072 = ORIENTED_EDGE('',*,*,#3073,.F.);
#3073 = EDGE_CURVE('',#3035,#1124,#3074,.T.);
#3074 = LINE('',#3075,#3076);
#3075 = CARTESIAN_POINT('',(30.077597274568,2.128956565803,
    33.614410083609));
#3076 = VECTOR('',#3077,1.);
#3077 = DIRECTION('',(1.,1.71809245E-09,-2.5028E-13));
#3078 = ORIENTED_EDGE('',*,*,#3034,.T.);
#3079 = ORIENTED_EDGE('',*,*,#3058,.F.);
#3080 = ORIENTED_EDGE('',*,*,#1131,.T.);
#3081 = CYLINDRICAL_SURFACE('',#3082,3.);
#3082 = AXIS2_PLACEMENT_3D('',#3083,#3084,#3085);
#3083 = CARTESIAN_POINT('',(30.077597275979,1.308365169399,
    36.500000103024));
#3084 = DIRECTION('',(1.,1.71809245E-09,-2.5028E-13));
#3085 = DIRECTION('',(1.48778656775E-09,-0.866025403784,-0.5));
#3086 = ADVANCED_FACE('',(#3087),#3098,.F.);
#3087 = FACE_BOUND('',#3088,.F.);
#3088 = EDGE_LOOP('',(#3089,#3090,#3096,#3097));
#3089 = ORIENTED_EDGE('',*,*,#1123,.F.);
#3090 = ORIENTED_EDGE('',*,*,#3091,.T.);
#3091 = EDGE_CURVE('',#1116,#3003,#3092,.T.);
#3092 = LINE('',#3093,#3094);
#3093 = CARTESIAN_POINT('',(33.077597275978,1.308365174552,33.14064142)
  );
#3094 = VECTOR('',#3095,1.);
#3095 = DIRECTION('',(-1.,-1.71809314E-09,2.5009E-13));
#3096 = ORIENTED_EDGE('',*,*,#3043,.T.);
#3097 = ORIENTED_EDGE('',*,*,#3073,.T.);
#3098 = PLANE('',#3099);
#3099 = AXIS2_PLACEMENT_3D('',#3100,#3101,#3102);
#3100 = CARTESIAN_POINT('',(33.077597274841,1.969978662816,
    33.522624145548));
#3101 = DIRECTION('',(-8.592631500003E-10,0.5,-0.866025403784));
#3102 = DIRECTION('',(1.487789560001E-09,-0.866025403784,-0.5));
#3103 = ADVANCED_FACE('',(#3104),#3115,.F.);
#3104 = FACE_BOUND('',#3105,.F.);
#3105 = EDGE_LOOP('',(#3106,#3107,#3113,#3114));
#3106 = ORIENTED_EDGE('',*,*,#1115,.F.);
#3107 = ORIENTED_EDGE('',*,*,#3108,.T.);
#3108 = EDGE_CURVE('',#1107,#3001,#3109,.T.);
#3109 = LINE('',#3110,#3111);
#3110 = CARTESIAN_POINT('',(30.077597277388,0.487773772995,
    33.614410083609));
#3111 = VECTOR('',#3112,1.);
#3112 = DIRECTION('',(-1.,-1.71809245E-09,2.5028E-13));
#3113 = ORIENTED_EDGE('',*,*,#3000,.T.);
#3114 = ORIENTED_EDGE('',*,*,#3091,.F.);
#3115 = PLANE('',#3116);
#3116 = AXIS2_PLACEMENT_3D('',#3117,#3118,#3119);
#3117 = CARTESIAN_POINT('',(33.07759727984,-0.939311297106,
    34.438338035963));
#3118 = DIRECTION('',(8.588299900003E-10,-0.5,-0.866025403784));
#3119 = DIRECTION('',(1.488038060001E-09,-0.866025403784,0.5));
#3120 = ADVANCED_FACE('',(#3121),#3132,.F.);
#3121 = FACE_BOUND('',#3122,.F.);
#3122 = EDGE_LOOP('',(#3123,#3129,#3130,#3131));
#3123 = ORIENTED_EDGE('',*,*,#3124,.F.);
#3124 = EDGE_CURVE('',#3011,#1099,#3125,.T.);
#3125 = LINE('',#3126,#3127);
#3126 = CARTESIAN_POINT('',(30.077597279567,-0.78033339412,
    34.346552097904));
#3127 = VECTOR('',#3128,1.);
#3128 = DIRECTION('',(1.,1.71809245E-09,-2.5028E-13));
#3129 = ORIENTED_EDGE('',*,*,#3010,.T.);
#3130 = ORIENTED_EDGE('',*,*,#3108,.F.);
#3131 = ORIENTED_EDGE('',*,*,#1106,.T.);
#3132 = CYLINDRICAL_SURFACE('',#3133,3.);
#3133 = AXIS2_PLACEMENT_3D('',#3134,#3135,#3136);
#3134 = CARTESIAN_POINT('',(30.077597275979,1.308365169399,
    36.500000103024));
#3135 = DIRECTION('',(1.,1.71809245E-09,-2.5028E-13));
#3136 = DIRECTION('',(1.48778656775E-09,-0.866025403784,-0.5));
#3137 = ADVANCED_FACE('',(#3138),#3143,.F.);
#3138 = FACE_BOUND('',#3139,.F.);
#3139 = EDGE_LOOP('',(#3140,#3141,#3142));
#3140 = ORIENTED_EDGE('',*,*,#3124,.T.);
#3141 = ORIENTED_EDGE('',*,*,#1098,.F.);
#3142 = ORIENTED_EDGE('',*,*,#3019,.T.);
#3143 = PLANE('',#3144);
#3144 = AXIS2_PLACEMENT_3D('',#3145,#3146,#3147);
#3145 = CARTESIAN_POINT('',(33.07759727984,-0.939311297106,
    34.438338035963));
#3146 = DIRECTION('',(8.588299900003E-10,-0.5,-0.866025403784));
#3147 = DIRECTION('',(1.488038060001E-09,-0.866025403784,0.5));
#3148 = ADVANCED_FACE('',(#3149),#3168,.F.);
#3149 = FACE_BOUND('',#3150,.F.);
#3150 = EDGE_LOOP('',(#3151,#3160,#3167));
#3151 = ORIENTED_EDGE('',*,*,#3152,.F.);
#3152 = EDGE_CURVE('',#3153,#1149,#3155,.T.);
#3153 = VERTEX_POINT('',#3154);
#3154 = CARTESIAN_POINT('',(25.584827007137,2.640950654213,
    36.600000053124));
#3155 = CIRCLE('',#3156,2.35);
#3156 = AXIS2_PLACEMENT_3D('',#3157,#3158,#3159);
#3157 = CARTESIAN_POINT('',(25.584827011174,0.290950654213,
    36.600000053124));
#3158 = DIRECTION('',(2.4214E-13,1.184E-14,1.));
#3159 = DIRECTION('',(1.7175975E-09,-1.,1.18399995841E-14));
#3160 = ORIENTED_EDGE('',*,*,#3161,.F.);
#3161 = EDGE_CURVE('',#1160,#3153,#3162,.T.);
#3162 = CIRCLE('',#3163,2.35);
#3163 = AXIS2_PLACEMENT_3D('',#3164,#3165,#3166);
#3164 = CARTESIAN_POINT('',(25.584827011174,0.290950654213,
    36.600000053124));
#3165 = DIRECTION('',(2.4214E-13,1.184E-14,1.));
#3166 = DIRECTION('',(1.7175975E-09,-1.,1.18399995841E-14));
#3167 = ORIENTED_EDGE('',*,*,#1159,.F.);
#3168 = PLANE('',#3169);
#3169 = AXIS2_PLACEMENT_3D('',#3170,#3171,#3172);
#3170 = CARTESIAN_POINT('',(25.584827011174,0.290950654213,
    36.600000053124));
#3171 = DIRECTION('',(-2.4214E-13,-1.184E-14,-1.));
#3172 = DIRECTION('',(1.7175975E-09,-1.,1.18399995841E-14));
#3173 = ADVANCED_FACE('',(#3174),#3303,.T.);
#3174 = FACE_BOUND('',#3175,.T.);
#3175 = EDGE_LOOP('',(#3176,#3184,#3185,#3193,#3201,#3209,#3217,#3223,
    #3224,#3225,#3233,#3241,#3249,#3257,#3265,#3273,#3281,#3289,#3297));
#3176 = ORIENTED_EDGE('',*,*,#3177,.T.);
#3177 = EDGE_CURVE('',#3178,#1273,#3180,.T.);
#3178 = VERTEX_POINT('',#3179);
#3179 = CARTESIAN_POINT('',(-25.33408535724,4.429391827771,
    8.099480226578));
#3180 = LINE('',#3181,#3182);
#3181 = CARTESIAN_POINT('',(-25.33408535724,4.429391827772,
    23.057587803377));
#3182 = VECTOR('',#3183,1.);
#3183 = DIRECTION('',(1.86E-15,1.224E-14,1.));
#3184 = ORIENTED_EDGE('',*,*,#1272,.T.);
#3185 = ORIENTED_EDGE('',*,*,#3186,.F.);
#3186 = EDGE_CURVE('',#3187,#1265,#3189,.T.);
#3187 = VERTEX_POINT('',#3188);
#3188 = CARTESIAN_POINT('',(-24.04876735997,4.429391830467,
    18.652470770047));
#3189 = LINE('',#3190,#3191);
#3190 = CARTESIAN_POINT('',(-24.04876735997,4.429391830467,
    29.165171012625));
#3191 = VECTOR('',#3192,1.);
#3192 = DIRECTION('',(1.08E-15,1.224E-14,1.));
#3193 = ORIENTED_EDGE('',*,*,#3194,.F.);
#3194 = EDGE_CURVE('',#3195,#3187,#3197,.T.);
#3195 = VERTEX_POINT('',#3196);
#3196 = CARTESIAN_POINT('',(-23.43161007245,4.429391831761,
    17.779678560533));
#3197 = LINE('',#3198,#3199);
#3198 = CARTESIAN_POINT('',(-21.7183933217,4.429391835354,15.35682418697
    ));
#3199 = VECTOR('',#3200,1.);
#3200 = DIRECTION('',(-0.5773502677,-1.21080323E-09,0.816496581981));
#3201 = ORIENTED_EDGE('',*,*,#3202,.F.);
#3202 = EDGE_CURVE('',#3203,#3195,#3205,.T.);
#3203 = VERTEX_POINT('',#3204);
#3204 = CARTESIAN_POINT('',(-20.83690901124,4.429391837203,
    17.779678546331));
#3205 = LINE('',#3206,#3207);
#3206 = CARTESIAN_POINT('',(-9.721949219483,4.429391860513,
    17.779678485494));
#3207 = VECTOR('',#3208,1.);
#3208 = DIRECTION('',(-1.,-2.09719003E-09,5.47349392E-09));
#3209 = ORIENTED_EDGE('',*,*,#3210,.F.);
#3210 = EDGE_CURVE('',#3211,#3203,#3213,.T.);
#3211 = VERTEX_POINT('',#3212);
#3212 = CARTESIAN_POINT('',(-20.21975172371,4.429391838497,
    18.652470749089));
#3213 = LINE('',#3214,#3215);
#3214 = CARTESIAN_POINT('',(-14.9740985237,4.429391849498,
    26.070944619343));
#3215 = VECTOR('',#3216,1.);
#3216 = DIRECTION('',(-0.577350270679,-1.210823230001E-09,
    -0.816496579874));
#3217 = ORIENTED_EDGE('',*,*,#3218,.F.);
#3218 = EDGE_CURVE('',#1225,#3211,#3219,.T.);
#3219 = LINE('',#3220,#3221);
#3220 = CARTESIAN_POINT('',(-20.21975172371,4.429391838497,
    29.165171012625));
#3221 = VECTOR('',#3222,1.);
#3222 = DIRECTION('',(-1.08E-15,-1.224E-14,-1.));
#3223 = ORIENTED_EDGE('',*,*,#1224,.T.);
#3224 = ORIENTED_EDGE('',*,*,#1775,.T.);
#3225 = ORIENTED_EDGE('',*,*,#3226,.T.);
#3226 = EDGE_CURVE('',#1768,#3227,#3229,.T.);
#3227 = VERTEX_POINT('',#3228);
#3228 = CARTESIAN_POINT('',(-27.19801648152,4.429391823862,
    1.600000000007));
#3229 = LINE('',#3230,#3231);
#3230 = CARTESIAN_POINT('',(1.492012694976,4.429391884031,
    16.152779752899));
#3231 = VECTOR('',#3232,1.);
#3232 = DIRECTION('',(-0.891828917827,-1.870340259999E-09,
    -0.452372834428));
#3233 = ORIENTED_EDGE('',*,*,#3234,.F.);
#3234 = EDGE_CURVE('',#3235,#3227,#3237,.T.);
#3235 = VERTEX_POINT('',#3236);
#3236 = CARTESIAN_POINT('',(-27.19801648152,4.429391823862,
    0.599995904606));
#3237 = LINE('',#3238,#3239);
#3238 = CARTESIAN_POINT('',(-27.19801648152,4.429391823862,
    11.150005203195));
#3239 = VECTOR('',#3240,1.);
#3240 = DIRECTION('',(-1.758E-14,1.224E-14,1.));
#3241 = ORIENTED_EDGE('',*,*,#3242,.F.);
#3242 = EDGE_CURVE('',#3243,#3235,#3245,.T.);
#3243 = VERTEX_POINT('',#3244);
#3244 = CARTESIAN_POINT('',(-26.0823036868,4.429391826202,0.4));
#3245 = LINE('',#3246,#3247);
#3246 = CARTESIAN_POINT('',(-5.309991514679,4.429391869766,
    -3.323518618119));
#3247 = VECTOR('',#3248,1.);
#3248 = DIRECTION('',(-0.984311103996,-2.064285279999E-09,0.17644163497)
  );
#3249 = ORIENTED_EDGE('',*,*,#3250,.T.);
#3250 = EDGE_CURVE('',#3243,#3251,#3253,.T.);
#3251 = VERTEX_POINT('',#3252);
#3252 = CARTESIAN_POINT('',(-30.50308387508,4.429391816931,0.4));
#3253 = LINE('',#3254,#3255);
#3254 = CARTESIAN_POINT('',(-1.771903681418,4.429391877185,0.4));
#3255 = VECTOR('',#3256,1.);
#3256 = DIRECTION('',(-1.,-2.09719003E-09,0.));
#3257 = ORIENTED_EDGE('',*,*,#3258,.T.);
#3258 = EDGE_CURVE('',#3251,#3259,#3261,.T.);
#3259 = VERTEX_POINT('',#3260);
#3260 = CARTESIAN_POINT('',(-35.23408216764,4.429391807009,
    7.023397609596));
#3261 = LINE('',#3262,#3263);
#3262 = CARTESIAN_POINT('',(-29.86175242799,4.429391818276,
    -0.497864025918));
#3263 = VECTOR('',#3264,1.);
#3264 = DIRECTION('',(-0.581238193719,-1.21895699E-09,0.813733471207));
#3265 = ORIENTED_EDGE('',*,*,#3266,.T.);
#3266 = EDGE_CURVE('',#3259,#3267,#3269,.T.);
#3267 = VERTEX_POINT('',#3268);
#3268 = CARTESIAN_POINT('',(-35.23408216764,4.429391807009,8.05568768092
    ));
#3269 = LINE('',#3270,#3271);
#3270 = CARTESIAN_POINT('',(-35.23408216764,4.429391807009,
    21.300009408895));
#3271 = VECTOR('',#3272,1.);
#3272 = DIRECTION('',(1.4E-16,1.224E-14,1.));
#3273 = ORIENTED_EDGE('',*,*,#3274,.F.);
#3274 = EDGE_CURVE('',#3275,#3267,#3277,.T.);
#3275 = VERTEX_POINT('',#3276);
#3276 = CARTESIAN_POINT('',(-33.23597528567,4.429391811199,5.25833804616
    ));
#3277 = LINE('',#3278,#3279);
#3278 = CARTESIAN_POINT('',(-29.66667747564,4.429391818685,
    0.261321112109));
#3279 = VECTOR('',#3280,1.);
#3280 = DIRECTION('',(-0.581238193719,-1.21895699E-09,0.813733471207));
#3281 = ORIENTED_EDGE('',*,*,#3282,.F.);
#3282 = EDGE_CURVE('',#3283,#3275,#3285,.T.);
#3283 = VERTEX_POINT('',#3284);
#3284 = CARTESIAN_POINT('',(-21.47775135124,4.429391757166,
    5.258337893931));
#3285 = LINE('',#3286,#3287);
#3286 = CARTESIAN_POINT('',(-13.28719441955,4.429391853036,
    5.258338046159));
#3287 = VECTOR('',#3288,1.);
#3288 = DIRECTION('',(-1.,-2.09719003E-09,5.251E-14));
#3289 = ORIENTED_EDGE('',*,*,#3290,.F.);
#3290 = EDGE_CURVE('',#3291,#3283,#3293,.T.);
#3291 = VERTEX_POINT('',#3292);
#3292 = CARTESIAN_POINT('',(-21.47775135124,4.429391835859,
    8.099480226578));
#3293 = LINE('',#3294,#3295);
#3294 = CARTESIAN_POINT('',(-21.47775135124,4.429391835859,
    13.249788349152));
#3295 = VECTOR('',#3296,1.);
#3296 = DIRECTION('',(-1.4E-16,-1.224E-14,-1.));
#3297 = ORIENTED_EDGE('',*,*,#3298,.F.);
#3298 = EDGE_CURVE('',#3178,#3291,#3299,.T.);
#3299 = LINE('',#3300,#3301);
#3300 = CARTESIAN_POINT('',(-10.24732206164,4.429391859411,
    8.099480226578));
#3301 = VECTOR('',#3302,1.);
#3302 = DIRECTION('',(1.,2.09719003E-09,-1.4E-16));
#3303 = PLANE('',#3304);
#3304 = AXIS2_PLACEMENT_3D('',#3305,#3306,#3307);
#3305 = CARTESIAN_POINT('',(1.083107227963,4.429391883173,
    21.300010406391));
#3306 = DIRECTION('',(-2.09719003E-09,1.,-1.224E-14));
#3307 = DIRECTION('',(-1.,-2.09719003E-09,1.4E-16));
#3308 = ADVANCED_FACE('',(#3309),#3327,.F.);
#3309 = FACE_BOUND('',#3310,.T.);
#3310 = EDGE_LOOP('',(#3311,#3319,#3320,#3321));
#3311 = ORIENTED_EDGE('',*,*,#3312,.F.);
#3312 = EDGE_CURVE('',#1233,#3313,#3315,.T.);
#3313 = VERTEX_POINT('',#3314);
#3314 = CARTESIAN_POINT('',(-20.21975172804,3.146738762591,
    19.935123824995));
#3315 = LINE('',#3316,#3317);
#3316 = CARTESIAN_POINT('',(-20.21975172804,3.146738762591,
    37.030331618859));
#3317 = VECTOR('',#3318,1.);
#3318 = DIRECTION('',(-1.08E-15,-1.037E-14,-1.));
#3319 = ORIENTED_EDGE('',*,*,#1232,.T.);
#3320 = ORIENTED_EDGE('',*,*,#3218,.T.);
#3321 = ORIENTED_EDGE('',*,*,#3322,.F.);
#3322 = EDGE_CURVE('',#3313,#3211,#3323,.T.);
#3323 = LINE('',#3324,#3325);
#3324 = CARTESIAN_POINT('',(-20.21975174738,-2.580513433037,
    25.662376020623));
#3325 = VECTOR('',#3326,1.);
#3326 = DIRECTION('',(2.387405849998E-09,0.707106781187,-0.707106781187)
  );
#3327 = PLANE('',#3328);
#3328 = AXIS2_PLACEMENT_3D('',#3329,#3330,#3331);
#3329 = CARTESIAN_POINT('',(-20.2197517227,4.729395728577,
    37.030331618859));
#3330 = DIRECTION('',(1.,-3.37630281E-09,-1.08E-15));
#3331 = DIRECTION('',(-3.37630281E-09,-1.,1.035E-14));
#3332 = ADVANCED_FACE('',(#3333),#3351,.T.);
#3333 = FACE_BOUND('',#3334,.T.);
#3334 = EDGE_LOOP('',(#3335,#3343,#3344,#3345));
#3335 = ORIENTED_EDGE('',*,*,#3336,.F.);
#3336 = EDGE_CURVE('',#1241,#3337,#3339,.T.);
#3337 = VERTEX_POINT('',#3338);
#3338 = CARTESIAN_POINT('',(-20.83690901765,2.529581477149,
    19.679488906385));
#3339 = LINE('',#3340,#3341);
#3340 = CARTESIAN_POINT('',(-20.83690901765,2.529581477149,
    37.030331618859));
#3341 = VECTOR('',#3342,1.);
#3342 = DIRECTION('',(-1.08E-15,-1.037E-14,-1.));
#3343 = ORIENTED_EDGE('',*,*,#1240,.T.);
#3344 = ORIENTED_EDGE('',*,*,#3312,.T.);
#3345 = ORIENTED_EDGE('',*,*,#3346,.F.);
#3346 = EDGE_CURVE('',#3337,#3313,#3347,.T.);
#3347 = LINE('',#3348,#3349);
#3348 = CARTESIAN_POINT('',(-19.37235212636,3.99413835855,
    20.286128231576));
#3349 = VECTOR('',#3350,1.);
#3350 = DIRECTION('',(0.678598346837,0.678598342255,0.281084637715));
#3351 = PLANE('',#3352);
#3352 = AXIS2_PLACEMENT_3D('',#3353,#3354,#3355);
#3353 = CARTESIAN_POINT('',(-20.52833037285,2.83816011987,
    37.030331618859));
#3354 = DIRECTION('',(-0.707106778799,0.707106783574,-6.57E-15));
#3355 = DIRECTION('',(-0.707106783574,-0.707106778799,8.760000000001E-15
    ));
#3356 = ADVANCED_FACE('',(#3357),#3375,.F.);
#3357 = FACE_BOUND('',#3358,.T.);
#3358 = EDGE_LOOP('',(#3359,#3367,#3368,#3369));
#3359 = ORIENTED_EDGE('',*,*,#3360,.T.);
#3360 = EDGE_CURVE('',#3361,#1249,#3363,.T.);
#3361 = VERTEX_POINT('',#3362);
#3362 = CARTESIAN_POINT('',(-23.43161007886,2.529581485909,
    19.679488906385));
#3363 = LINE('',#3364,#3365);
#3364 = CARTESIAN_POINT('',(-23.43161007886,2.529581485909,
    37.030331618859));
#3365 = VECTOR('',#3366,1.);
#3366 = DIRECTION('',(1.08E-15,1.037E-14,1.));
#3367 = ORIENTED_EDGE('',*,*,#1248,.T.);
#3368 = ORIENTED_EDGE('',*,*,#3336,.T.);
#3369 = ORIENTED_EDGE('',*,*,#3370,.T.);
#3370 = EDGE_CURVE('',#3337,#3361,#3371,.T.);
#3371 = LINE('',#3372,#3373);
#3372 = CARTESIAN_POINT('',(-19.97337868466,2.529581474234,
    19.679488906385));
#3373 = VECTOR('',#3374,1.);
#3374 = DIRECTION('',(-1.,3.37630281E-09,1.08E-15));
#3375 = PLANE('',#3376);
#3376 = AXIS2_PLACEMENT_3D('',#3377,#3378,#3379);
#3377 = CARTESIAN_POINT('',(-19.41975173013,2.529581472364,
    37.030331618859));
#3378 = DIRECTION('',(-3.37630281E-09,-1.,1.037E-14));
#3379 = DIRECTION('',(-1.,3.37630281E-09,2.29E-15));
#3380 = ADVANCED_FACE('',(#3381),#3399,.T.);
#3381 = FACE_BOUND('',#3382,.T.);
#3382 = EDGE_LOOP('',(#3383,#3391,#3392,#3393));
#3383 = ORIENTED_EDGE('',*,*,#3384,.T.);
#3384 = EDGE_CURVE('',#3385,#1257,#3387,.T.);
#3385 = VERTEX_POINT('',#3386);
#3386 = CARTESIAN_POINT('',(-24.0487673643,3.146738775519,
    19.935123824995));
#3387 = LINE('',#3388,#3389);
#3388 = CARTESIAN_POINT('',(-24.0487673643,3.146738775519,
    37.030331618859));
#3389 = VECTOR('',#3390,1.);
#3390 = DIRECTION('',(1.08E-15,1.037E-14,1.));
#3391 = ORIENTED_EDGE('',*,*,#1256,.T.);
#3392 = ORIENTED_EDGE('',*,*,#3360,.F.);
#3393 = ORIENTED_EDGE('',*,*,#3394,.F.);
#3394 = EDGE_CURVE('',#3385,#3361,#3395,.T.);
#3395 = LINE('',#3396,#3397);
#3396 = CARTESIAN_POINT('',(-24.80283898215,3.900810398462,
    20.247470517164));
#3397 = VECTOR('',#3398,1.);
#3398 = DIRECTION('',(0.678598342255,-0.678598346837,-0.281084637715));
#3399 = PLANE('',#3400);
#3400 = AXIS2_PLACEMENT_3D('',#3401,#3402,#3403);
#3401 = CARTESIAN_POINT('',(-23.74018872158,2.838160130714,
    37.030331618859));
#3402 = DIRECTION('',(0.707106783574,0.707106778799,-8.100000000001E-15)
  );
#3403 = DIRECTION('',(-0.707106778799,0.707106783574,-8.560000000001E-15
    ));
#3404 = ADVANCED_FACE('',(#3405),#3416,.F.);
#3405 = FACE_BOUND('',#3406,.T.);
#3406 = EDGE_LOOP('',(#3407,#3408,#3409,#3410));
#3407 = ORIENTED_EDGE('',*,*,#3186,.T.);
#3408 = ORIENTED_EDGE('',*,*,#1264,.T.);
#3409 = ORIENTED_EDGE('',*,*,#3384,.F.);
#3410 = ORIENTED_EDGE('',*,*,#3411,.F.);
#3411 = EDGE_CURVE('',#3187,#3385,#3412,.T.);
#3412 = LINE('',#3413,#3414);
#3413 = CARTESIAN_POINT('',(-24.04876738714,-3.618443765176,
    26.70030636569));
#3414 = VECTOR('',#3415,1.);
#3415 = DIRECTION('',(-2.387405849998E-09,-0.707106781187,0.707106781187
    ));
#3416 = PLANE('',#3417);
#3417 = AXIS2_PLACEMENT_3D('',#3418,#3419,#3420);
#3418 = CARTESIAN_POINT('',(-24.0487673683,1.961581487993,
    37.030331618859));
#3419 = DIRECTION('',(-1.,3.37630281E-09,1.08E-15));
#3420 = DIRECTION('',(3.37630281E-09,1.,-1.226E-14));
#3421 = ADVANCED_FACE('',(#3422),#3440,.F.);
#3422 = FACE_BOUND('',#3423,.T.);
#3423 = EDGE_LOOP('',(#3424,#3432,#3433,#3434));
#3424 = ORIENTED_EDGE('',*,*,#3425,.F.);
#3425 = EDGE_CURVE('',#1281,#3426,#3428,.T.);
#3426 = VERTEX_POINT('',#3427);
#3427 = CARTESIAN_POINT('',(-26.33408535807,3.429391825674,
    8.099480226578));
#3428 = LINE('',#3429,#3430);
#3429 = CARTESIAN_POINT('',(-26.33408535807,3.429391825674,
    23.057587803377));
#3430 = VECTOR('',#3431,1.);
#3431 = DIRECTION('',(-1.86E-15,-1.224E-14,-1.));
#3432 = ORIENTED_EDGE('',*,*,#1280,.F.);
#3433 = ORIENTED_EDGE('',*,*,#3177,.F.);
#3434 = ORIENTED_EDGE('',*,*,#3435,.F.);
#3435 = EDGE_CURVE('',#3426,#3178,#3436,.T.);
#3436 = LINE('',#3437,#3438);
#3437 = CARTESIAN_POINT('',(-25.27000087123,4.493476313867,
    8.099480226578));
#3438 = VECTOR('',#3439,1.);
#3439 = DIRECTION('',(0.707106780738,0.707106781635,-8.760000000001E-15)
  );
#3440 = PLANE('',#3441);
#3441 = AXIS2_PLACEMENT_3D('',#3442,#3443,#3444);
#3442 = CARTESIAN_POINT('',(-25.83408535766,3.929391826723,
    23.057587803377));
#3443 = DIRECTION('',(0.707106781635,-0.707106780738,7.34E-15));
#3444 = DIRECTION('',(0.707106780738,0.707106781635,-8.760000000001E-15)
  );
#3445 = ADVANCED_FACE('',(#3446),#3496,.F.);
#3446 = FACE_BOUND('',#3447,.T.);
#3447 = EDGE_LOOP('',(#3448,#3458,#3464,#3465,#3466,#3474,#3482,#3490));
#3448 = ORIENTED_EDGE('',*,*,#3449,.T.);
#3449 = EDGE_CURVE('',#3450,#3452,#3454,.T.);
#3450 = VERTEX_POINT('',#3451);
#3451 = CARTESIAN_POINT('',(-26.33408536448,-4.290613098233,
    26.364646210445));
#3452 = VERTEX_POINT('',#3453);
#3453 = CARTESIAN_POINT('',(-26.33408535874,2.629389013215,
    33.284648350338));
#3454 = LINE('',#3455,#3456);
#3455 = CARTESIAN_POINT('',(-26.33408535907,2.226732674379,
    32.881992009847));
#3456 = VECTOR('',#3457,1.);
#3457 = DIRECTION('',(5.8643638E-10,0.707106779733,0.70710678264));
#3458 = ORIENTED_EDGE('',*,*,#3459,.T.);
#3459 = EDGE_CURVE('',#3452,#1289,#3460,.T.);
#3460 = LINE('',#3461,#3462);
#3461 = CARTESIAN_POINT('',(-26.33408535874,2.629389013215,
    13.707582600181));
#3462 = VECTOR('',#3463,1.);
#3463 = DIRECTION('',(1.86E-15,5.73E-15,1.));
#3464 = ORIENTED_EDGE('',*,*,#1288,.T.);
#3465 = ORIENTED_EDGE('',*,*,#3425,.T.);
#3466 = ORIENTED_EDGE('',*,*,#3467,.F.);
#3467 = EDGE_CURVE('',#3468,#3426,#3470,.T.);
#3468 = VERTEX_POINT('',#3469);
#3469 = CARTESIAN_POINT('',(-26.33408535874,2.629389013215,
    8.099480226578));
#3470 = LINE('',#3471,#3472);
#3471 = CARTESIAN_POINT('',(-26.3340853513,11.599534126035,
    8.099480226578));
#3472 = VECTOR('',#3473,1.);
#3473 = DIRECTION('',(8.2934442E-10,1.,-1.224E-14));
#3474 = ORIENTED_EDGE('',*,*,#3475,.T.);
#3475 = EDGE_CURVE('',#3468,#3476,#3478,.T.);
#3476 = VERTEX_POINT('',#3477);
#3477 = CARTESIAN_POINT('',(-26.33408535874,2.629389013215,
    16.361608848205));
#3478 = LINE('',#3479,#3480);
#3479 = CARTESIAN_POINT('',(-26.33408535874,2.629389013215,
    13.707582600181));
#3480 = VECTOR('',#3481,1.);
#3481 = DIRECTION('',(1.86E-15,5.73E-15,1.));
#3482 = ORIENTED_EDGE('',*,*,#3483,.T.);
#3483 = EDGE_CURVE('',#3476,#3484,#3486,.T.);
#3484 = VERTEX_POINT('',#3485);
#3485 = CARTESIAN_POINT('',(-26.33408536448,-4.29061308556,
    23.28161094698));
#3486 = LINE('',#3487,#3488);
#3487 = CARTESIAN_POINT('',(-26.33408535762,3.980618108767,
    15.010379752653));
#3488 = VECTOR('',#3489,1.);
#3489 = DIRECTION('',(-5.864337499996E-10,-0.707106781187,0.707106781187
    ));
#3490 = ORIENTED_EDGE('',*,*,#3491,.T.);
#3491 = EDGE_CURVE('',#3484,#3450,#3492,.T.);
#3492 = LINE('',#3493,#3494);
#3493 = CARTESIAN_POINT('',(-26.33408536448,-4.290613083612,
    22.807582542142));
#3494 = VECTOR('',#3495,1.);
#3495 = DIRECTION('',(1.85E-15,-4.11051568E-09,1.));
#3496 = PLANE('',#3497);
#3497 = AXIS2_PLACEMENT_3D('',#3498,#3499,#3500);
#3498 = CARTESIAN_POINT('',(-26.33408534328,21.269672481943,
    24.815165200363));
#3499 = DIRECTION('',(1.,-8.2934442E-10,-1.86E-15));
#3500 = DIRECTION('',(8.2934442E-10,1.,-9.11E-15));
#3501 = ADVANCED_FACE('',(#3502),#3537,.T.);
#3502 = FACE_BOUND('',#3503,.T.);
#3503 = EDGE_LOOP('',(#3504,#3512,#3521,#3529,#3535,#3536));
#3504 = ORIENTED_EDGE('',*,*,#3505,.T.);
#3505 = EDGE_CURVE('',#3452,#3506,#3508,.T.);
#3506 = VERTEX_POINT('',#3507);
#3507 = CARTESIAN_POINT('',(-28.81033100679,2.629389013476,
    33.284648342239));
#3508 = LINE('',#3509,#3510);
#3509 = CARTESIAN_POINT('',(-0.880589037236,2.629388992105,
    33.284648415167));
#3510 = VECTOR('',#3511,1.);
#3511 = DIRECTION('',(-1.,8.293401E-10,-2.54696125E-09));
#3512 = ORIENTED_EDGE('',*,*,#3513,.T.);
#3513 = EDGE_CURVE('',#3506,#3514,#3516,.T.);
#3514 = VERTEX_POINT('',#3515);
#3515 = CARTESIAN_POINT('',(-32.16439108329,2.629389016257,
    33.284648333696));
#3516 = CIRCLE('',#3517,1.7);
#3517 = AXIS2_PLACEMENT_3D('',#3518,#3519,#3520);
#3518 = CARTESIAN_POINT('',(-30.48736104575,2.629389014866,33.5631627017
    ));
#3519 = DIRECTION('',(-8.293401E-10,-1.,5.73E-15));
#3520 = DIRECTION('',(1.4E-16,5.729999999884E-15,1.));
#3521 = ORIENTED_EDGE('',*,*,#3522,.T.);
#3522 = EDGE_CURVE('',#3514,#3523,#3525,.T.);
#3523 = VERTEX_POINT('',#3524);
#3524 = CARTESIAN_POINT('',(-33.93407755213,2.629389019518,
    33.284648330981));
#3525 = LINE('',#3526,#3527);
#3526 = CARTESIAN_POINT('',(-0.880589037236,2.629388992105,
    33.284648415167));
#3527 = VECTOR('',#3528,1.);
#3528 = DIRECTION('',(-1.,8.293401E-10,-2.54696125E-09));
#3529 = ORIENTED_EDGE('',*,*,#3530,.T.);
#3530 = EDGE_CURVE('',#3523,#1297,#3531,.T.);
#3531 = LINE('',#3532,#3533);
#3532 = CARTESIAN_POINT('',(-33.93407755213,2.629389019518,
    11.950003208203));
#3533 = VECTOR('',#3534,1.);
#3534 = DIRECTION('',(1.4E-16,5.73E-15,1.));
#3535 = ORIENTED_EDGE('',*,*,#1296,.T.);
#3536 = ORIENTED_EDGE('',*,*,#3459,.F.);
#3537 = PLANE('',#3538);
#3538 = AXIS2_PLACEMENT_3D('',#3539,#3540,#3541);
#3539 = CARTESIAN_POINT('',(20.580248397486,2.629388974307,2.6));
#3540 = DIRECTION('',(8.293401E-10,1.,-5.73E-15));
#3541 = DIRECTION('',(-1.,8.293401E-10,5.5E-16));
#3542 = ADVANCED_FACE('',(#3543),#3555,.T.);
#3543 = FACE_BOUND('',#3544,.T.);
#3544 = EDGE_LOOP('',(#3545,#3552,#3553,#3554));
#3545 = ORIENTED_EDGE('',*,*,#3546,.F.);
#3546 = EDGE_CURVE('',#2004,#3523,#3547,.T.);
#3547 = ELLIPSE('',#3548,0.565685426112,0.4);
#3548 = AXIS2_PLACEMENT_3D('',#3549,#3550,#3551);
#3549 = CARTESIAN_POINT('',(-33.93407755247,2.229389019518,
    32.884648329337));
#3550 = DIRECTION('',(2.38740558E-09,0.70710678264,-0.707106779733));
#3551 = DIRECTION('',(2.38740572E-09,0.707106779733,0.70710678264));
#3552 = ORIENTED_EDGE('',*,*,#2003,.F.);
#3553 = ORIENTED_EDGE('',*,*,#1304,.F.);
#3554 = ORIENTED_EDGE('',*,*,#3530,.F.);
#3555 = CYLINDRICAL_SURFACE('',#3556,0.4);
#3556 = AXIS2_PLACEMENT_3D('',#3557,#3558,#3559);
#3557 = CARTESIAN_POINT('',(-33.93407755247,2.229389019518,
    11.950003208203));
#3558 = DIRECTION('',(-1.4E-16,-5.73E-15,-1.));
#3559 = DIRECTION('',(-0.707106781501,0.707106780873,-3.95272690499E-15)
  );
#3560 = ADVANCED_FACE('',(#3561),#3610,.T.);
#3561 = FACE_BOUND('',#3562,.T.);
#3562 = EDGE_LOOP('',(#3563,#3564,#3571,#3572,#3580,#3588,#3596,#3604));
#3563 = ORIENTED_EDGE('',*,*,#1325,.F.);
#3564 = ORIENTED_EDGE('',*,*,#3565,.T.);
#3565 = EDGE_CURVE('',#1326,#1378,#3566,.T.);
#3566 = CIRCLE('',#3567,2.5);
#3567 = AXIS2_PLACEMENT_3D('',#3568,#3569,#3570);
#3568 = CARTESIAN_POINT('',(-22.41975162837,-1.253219860762,
    37.030331618859));
#3569 = DIRECTION('',(-1.,-1.7175975E-09,1.4E-16));
#3570 = DIRECTION('',(-1.7175975E-09,1.,-1.224E-14));
#3571 = ORIENTED_EDGE('',*,*,#1377,.F.);
#3572 = ORIENTED_EDGE('',*,*,#3573,.F.);
#3573 = EDGE_CURVE('',#3574,#1370,#3576,.T.);
#3574 = VERTEX_POINT('',#3575);
#3575 = CARTESIAN_POINT('',(-22.41975162682,-2.157920399141,
    36.597318916967));
#3576 = LINE('',#3577,#3578);
#3577 = CARTESIAN_POINT('',(-22.41975162682,-2.159215770526,
    36.595075267913));
#3578 = VECTOR('',#3579,1.);
#3579 = DIRECTION('',(-8.587986300003E-10,0.5,0.866025403784));
#3580 = ORIENTED_EDGE('',*,*,#3581,.T.);
#3581 = EDGE_CURVE('',#3574,#3582,#3584,.T.);
#3582 = VERTEX_POINT('',#3583);
#3583 = CARTESIAN_POINT('',(-22.41975162738,-1.830570129951,
    36.030331618859));
#3584 = LINE('',#3585,#3586);
#3585 = CARTESIAN_POINT('',(-22.4197516276,-1.704274758566,
    35.811581618859));
#3586 = VECTOR('',#3587,1.);
#3587 = DIRECTION('',(-8.587988700003E-10,0.5,-0.866025403784));
#3588 = ORIENTED_EDGE('',*,*,#3589,.T.);
#3589 = EDGE_CURVE('',#3582,#3590,#3592,.T.);
#3590 = VERTEX_POINT('',#3591);
#3591 = CARTESIAN_POINT('',(-22.41975162937,-0.675869591572,
    36.030331618859));
#3592 = LINE('',#3593,#3594);
#3593 = CARTESIAN_POINT('',(-22.41975162887,-0.964544726167,
    36.030331618859));
#3594 = VECTOR('',#3595,1.);
#3595 = DIRECTION('',(-1.7175975E-09,1.,-1.224E-14));
#3596 = ORIENTED_EDGE('',*,*,#3597,.T.);
#3597 = EDGE_CURVE('',#3590,#3598,#3600,.T.);
#3598 = VERTEX_POINT('',#3599);
#3599 = CARTESIAN_POINT('',(-22.41975162993,-0.348519322382,
    36.597318916967));
#3600 = LINE('',#3601,#3602);
#3601 = CARTESIAN_POINT('',(-22.41975162965,-0.513489828362,
    36.311581618859));
#3602 = VECTOR('',#3603,1.);
#3603 = DIRECTION('',(-8.587986300003E-10,0.5,0.866025403784));
#3604 = ORIENTED_EDGE('',*,*,#3605,.F.);
#3605 = EDGE_CURVE('',#1328,#3598,#3606,.T.);
#3606 = LINE('',#3607,#3608);
#3607 = CARTESIAN_POINT('',(-22.41975162993,-0.347223950997,
    36.595075267913));
#3608 = VECTOR('',#3609,1.);
#3609 = DIRECTION('',(-8.587988700003E-10,0.5,-0.866025403784));
#3610 = PLANE('',#3611);
#3611 = AXIS2_PLACEMENT_3D('',#3612,#3613,#3614);
#3612 = CARTESIAN_POINT('',(-22.41975162837,-1.253219860762,
    35.780331618859));
#3613 = DIRECTION('',(-1.,-1.7175975E-09,1.4E-16));
#3614 = DIRECTION('',(-1.7175975E-09,1.,-1.224E-14));
#3615 = ADVANCED_FACE('',(#3616),#3634,.F.);
#3616 = FACE_BOUND('',#3617,.T.);
#3617 = EDGE_LOOP('',(#3618,#3626,#3627,#3628));
#3618 = ORIENTED_EDGE('',*,*,#3619,.T.);
#3619 = EDGE_CURVE('',#3620,#1336,#3622,.T.);
#3620 = VERTEX_POINT('',#3621);
#3621 = CARTESIAN_POINT('',(-25.41975162993,-0.348519327535,
    36.597318916967));
#3622 = LINE('',#3623,#3624);
#3623 = CARTESIAN_POINT('',(-25.41975162993,-0.34722395615,
    36.595075267913));
#3624 = VECTOR('',#3625,1.);
#3625 = DIRECTION('',(8.587988700003E-10,-0.5,0.866025403784));
#3626 = ORIENTED_EDGE('',*,*,#1335,.F.);
#3627 = ORIENTED_EDGE('',*,*,#3605,.T.);
#3628 = ORIENTED_EDGE('',*,*,#3629,.F.);
#3629 = EDGE_CURVE('',#3620,#3598,#3630,.T.);
#3630 = LINE('',#3631,#3632);
#3631 = CARTESIAN_POINT('',(-10.02400009915,-0.348519301091,
    36.597318916967));
#3632 = VECTOR('',#3633,1.);
#3633 = DIRECTION('',(1.,1.71759626E-09,-2.29E-15));
#3634 = PLANE('',#3635);
#3635 = AXIS2_PLACEMENT_3D('',#3636,#3637,#3638);
#3636 = CARTESIAN_POINT('',(-10.02400009894,-0.473519301091,
    36.813825267913));
#3637 = DIRECTION('',(1.487480850001E-09,-0.866025403784,-0.5));
#3638 = DIRECTION('',(1.,1.717595019365E-09,-1.403665975586E-16));
#3639 = ADVANCED_FACE('',(#3640),#3682,.F.);
#3640 = FACE_BOUND('',#3641,.T.);
#3641 = EDGE_LOOP('',(#3642,#3643,#3644,#3652,#3660,#3668,#3674,#3675));
#3642 = ORIENTED_EDGE('',*,*,#1343,.T.);
#3643 = ORIENTED_EDGE('',*,*,#3619,.F.);
#3644 = ORIENTED_EDGE('',*,*,#3645,.T.);
#3645 = EDGE_CURVE('',#3620,#3646,#3648,.T.);
#3646 = VERTEX_POINT('',#3647);
#3647 = CARTESIAN_POINT('',(-25.41975162937,-0.675869596725,
    36.030331618859));
#3648 = LINE('',#3649,#3650);
#3649 = CARTESIAN_POINT('',(-25.41975163036,-9.851932753516E-02,
    37.030331618859));
#3650 = VECTOR('',#3651,1.);
#3651 = DIRECTION('',(8.587986300003E-10,-0.5,-0.866025403784));
#3652 = ORIENTED_EDGE('',*,*,#3653,.T.);
#3653 = EDGE_CURVE('',#3646,#3654,#3656,.T.);
#3654 = VERTEX_POINT('',#3655);
#3655 = CARTESIAN_POINT('',(-25.41975162738,-1.830570135104,
    36.030331618859));
#3656 = LINE('',#3657,#3658);
#3657 = CARTESIAN_POINT('',(-25.41975162937,-0.675869596725,
    36.030331618859));
#3658 = VECTOR('',#3659,1.);
#3659 = DIRECTION('',(1.7175975E-09,-1.,1.224E-14));
#3660 = ORIENTED_EDGE('',*,*,#3661,.T.);
#3661 = EDGE_CURVE('',#3654,#3662,#3664,.T.);
#3662 = VERTEX_POINT('',#3663);
#3663 = CARTESIAN_POINT('',(-25.41975162682,-2.157920404294,
    36.597318916967));
#3664 = LINE('',#3665,#3666);
#3665 = CARTESIAN_POINT('',(-25.41975162738,-1.830570135104,
    36.030331618859));
#3666 = VECTOR('',#3667,1.);
#3667 = DIRECTION('',(8.587988700003E-10,-0.5,0.866025403784));
#3668 = ORIENTED_EDGE('',*,*,#3669,.F.);
#3669 = EDGE_CURVE('',#1360,#3662,#3670,.T.);
#3670 = LINE('',#3671,#3672);
#3671 = CARTESIAN_POINT('',(-25.41975162682,-2.159215775679,
    36.595075267913));
#3672 = VECTOR('',#3673,1.);
#3673 = DIRECTION('',(8.587986300003E-10,-0.5,-0.866025403784));
#3674 = ORIENTED_EDGE('',*,*,#1359,.T.);
#3675 = ORIENTED_EDGE('',*,*,#3676,.T.);
#3676 = EDGE_CURVE('',#1362,#1344,#3677,.T.);
#3677 = CIRCLE('',#3678,2.5);
#3678 = AXIS2_PLACEMENT_3D('',#3679,#3680,#3681);
#3679 = CARTESIAN_POINT('',(-25.41975162837,-1.253219865914,
    37.030331618859));
#3680 = DIRECTION('',(1.,1.7175975E-09,-1.4E-16));
#3681 = DIRECTION('',(-1.7175975E-09,1.,-1.224E-14));
#3682 = PLANE('',#3683);
#3683 = AXIS2_PLACEMENT_3D('',#3684,#3685,#3686);
#3684 = CARTESIAN_POINT('',(-25.41975162837,-1.253219865914,
    35.780331618859));
#3685 = DIRECTION('',(-1.,-1.7175975E-09,1.4E-16));
#3686 = DIRECTION('',(-1.7175975E-09,1.,-1.224E-14));
#3687 = ADVANCED_FACE('',(#3688),#3694,.F.);
#3688 = FACE_BOUND('',#3689,.F.);
#3689 = EDGE_LOOP('',(#3690,#3691,#3692,#3693));
#3690 = ORIENTED_EDGE('',*,*,#1385,.F.);
#3691 = ORIENTED_EDGE('',*,*,#3676,.T.);
#3692 = ORIENTED_EDGE('',*,*,#1351,.F.);
#3693 = ORIENTED_EDGE('',*,*,#3565,.T.);
#3694 = CYLINDRICAL_SURFACE('',#3695,2.5);
#3695 = AXIS2_PLACEMENT_3D('',#3696,#3697,#3698);
#3696 = CARTESIAN_POINT('',(-19.41975162837,-1.253219855609,
    37.030331618859));
#3697 = DIRECTION('',(1.,1.7175975E-09,-1.4E-16));
#3698 = DIRECTION('',(-1.7175975E-09,1.,-1.224E-14));
#3699 = ADVANCED_FACE('',(#3700),#3711,.F.);
#3700 = FACE_BOUND('',#3701,.T.);
#3701 = EDGE_LOOP('',(#3702,#3703,#3704,#3705));
#3702 = ORIENTED_EDGE('',*,*,#3573,.T.);
#3703 = ORIENTED_EDGE('',*,*,#1369,.F.);
#3704 = ORIENTED_EDGE('',*,*,#3669,.T.);
#3705 = ORIENTED_EDGE('',*,*,#3706,.F.);
#3706 = EDGE_CURVE('',#3574,#3662,#3707,.T.);
#3707 = LINE('',#3708,#3709);
#3708 = CARTESIAN_POINT('',(-10.02400009604,-2.15792037785,
    36.597318916967));
#3709 = VECTOR('',#3710,1.);
#3710 = DIRECTION('',(-1.,-1.71759874E-09,2.29E-15));
#3711 = PLANE('',#3712);
#3712 = AXIS2_PLACEMENT_3D('',#3713,#3714,#3715);
#3713 = CARTESIAN_POINT('',(-10.02400009626,-2.03292037785,
    36.813825267913));
#3714 = DIRECTION('',(-1.487485290001E-09,0.866025403784,-0.5));
#3715 = DIRECTION('',(-1.,-1.717599983275E-09,1.418905213967E-16));
#3716 = ADVANCED_FACE('',(#3717),#3742,.F.);
#3717 = FACE_BOUND('',#3718,.T.);
#3718 = EDGE_LOOP('',(#3719,#3727,#3728,#3736));
#3719 = ORIENTED_EDGE('',*,*,#3720,.T.);
#3720 = EDGE_CURVE('',#3721,#1402,#3723,.T.);
#3721 = VERTEX_POINT('',#3722);
#3722 = CARTESIAN_POINT('',(20.72470730091,3.510508960908,0.350905213606
    ));
#3723 = LINE('',#3724,#3725);
#3724 = CARTESIAN_POINT('',(0.99833396443,-8.373762093324E-02,
    0.350905169175));
#3725 = VECTOR('',#3726,1.);
#3726 = DIRECTION('',(-0.983802839182,-0.179253936126,1.480686150001E-09
    ));
#3727 = ORIENTED_EDGE('',*,*,#1399,.F.);
#3728 = ORIENTED_EDGE('',*,*,#3729,.T.);
#3729 = EDGE_CURVE('',#1400,#3730,#3732,.T.);
#3730 = VERTEX_POINT('',#3731);
#3731 = CARTESIAN_POINT('',(20.904821794445,3.290135070291,
    0.599995904593));
#3732 = LINE('',#3733,#3734);
#3733 = CARTESIAN_POINT('',(1.036394415239,-0.329994533544,
    0.599995904598));
#3734 = VECTOR('',#3735,1.);
#3735 = DIRECTION('',(0.983802839448,0.17925393467,-2.500399999999E-13)
  );
#3736 = ORIENTED_EDGE('',*,*,#3737,.F.);
#3737 = EDGE_CURVE('',#3721,#3730,#3738,.T.);
#3738 = LINE('',#3739,#3740);
#3739 = CARTESIAN_POINT('',(17.754731775489,7.144336804123,
    -3.756444735417));
#3740 = VECTOR('',#3741,1.);
#3741 = DIRECTION('',(0.4762133993,-0.582657161609,0.658582895582));
#3742 = PLANE('',#3743);
#3743 = AXIS2_PLACEMENT_3D('',#3744,#3745,#3746);
#3744 = CARTESIAN_POINT('',(2.599002479944,0.666245368035,
    -0.100004095402));
#3745 = DIRECTION('',(0.126751672759,-0.695653659124,-0.707106781187));
#3746 = DIRECTION('',(0.983802839448,0.179253934669,1.56694102138E-13));
#3747 = ADVANCED_FACE('',(#3748),#3789,.F.);
#3748 = FACE_BOUND('',#3749,.T.);
#3749 = EDGE_LOOP('',(#3750,#3758,#3764,#3765,#3766,#3774,#3782,#3788));
#3750 = ORIENTED_EDGE('',*,*,#3751,.T.);
#3751 = EDGE_CURVE('',#2515,#3752,#3754,.T.);
#3752 = VERTEX_POINT('',#3753);
#3753 = CARTESIAN_POINT('',(12.801519501901,2.066764532655,0.35080780936
    ));
#3754 = LINE('',#3755,#3756);
#3755 = CARTESIAN_POINT('',(12.814569977353,1.922334959812,
    0.206378236462));
#3756 = VECTOR('',#3757,1.);
#3757 = DIRECTION('',(-6.376326433537E-02,0.705667855913,0.705667856185)
  );
#3758 = ORIENTED_EDGE('',*,*,#3759,.F.);
#3759 = EDGE_CURVE('',#1482,#3752,#3760,.T.);
#3760 = LINE('',#3761,#3762);
#3761 = CARTESIAN_POINT('',(0.998333954622,-8.383658544927E-02,
    0.350807809362));
#3762 = VECTOR('',#3763,1.);
#3763 = DIRECTION('',(-0.983802838917,-0.179253937583,1.265E-13));
#3764 = ORIENTED_EDGE('',*,*,#1489,.T.);
#3765 = ORIENTED_EDGE('',*,*,#3720,.F.);
#3766 = ORIENTED_EDGE('',*,*,#3767,.F.);
#3767 = EDGE_CURVE('',#3768,#3721,#3770,.T.);
#3768 = VERTEX_POINT('',#3769);
#3769 = CARTESIAN_POINT('',(22.40373514818,4.882802778616,1.399997952195
    ));
#3770 = LINE('',#3771,#3772);
#3771 = CARTESIAN_POINT('',(18.69113456495,1.848443189956,
    -0.919714038282));
#3772 = VECTOR('',#3773,1.);
#3773 = DIRECTION('',(-0.697003351522,-0.569670053377,-0.43550242049));
#3774 = ORIENTED_EDGE('',*,*,#3775,.F.);
#3775 = EDGE_CURVE('',#3776,#3768,#3778,.T.);
#3776 = VERTEX_POINT('',#3777);
#3777 = CARTESIAN_POINT('',(29.220676726806,6.12488516718,1.399999999985
    ));
#3778 = LINE('',#3779,#3780);
#3779 = CARTESIAN_POINT('',(-0.869006176364,0.642390262553,1.39999991541
    ));
#3780 = VECTOR('',#3781,1.);
#3781 = DIRECTION('',(-0.983802839441,-0.179253934704,2.925988920001E-09
    ));
#3782 = ORIENTED_EDGE('',*,*,#3783,.T.);
#3783 = EDGE_CURVE('',#3776,#2524,#3784,.T.);
#3784 = LINE('',#3785,#3786);
#3785 = CARTESIAN_POINT('',(29.107077780637,4.65380984666,
    -2.688519226437E-02));
#3786 = VECTOR('',#3787,1.);
#3787 = DIRECTION('',(-5.534522092709E-02,-0.716705636408,
    -0.695176191524));
#3788 = ORIENTED_EDGE('',*,*,#2523,.F.);
#3789 = PLANE('',#3790);
#3790 = AXIS2_PLACEMENT_3D('',#3791,#3792,#3793);
#3791 = CARTESIAN_POINT('',(-0.656111466007,-0.538575734218,0.2));
#3792 = DIRECTION('',(0.126751674819,-0.695653658749,0.707106781187));
#3793 = DIRECTION('',(0.983802838917,0.179253937583,2.549488398174E-13)
  );
#3794 = ADVANCED_FACE('',(#3795),#3822,.T.);
#3795 = FACE_BOUND('',#3796,.T.);
#3796 = EDGE_LOOP('',(#3797,#3807,#3813,#3814,#3815));
#3797 = ORIENTED_EDGE('',*,*,#3798,.F.);
#3798 = EDGE_CURVE('',#3799,#3801,#3803,.T.);
#3799 = VERTEX_POINT('',#3800);
#3800 = CARTESIAN_POINT('',(12.790002951626,1.811375472693,
    0.599995904596));
#3801 = VERTEX_POINT('',#3802);
#3802 = CARTESIAN_POINT('',(12.767391785582,2.061613179765,
    0.349758197428));
#3803 = LINE('',#3804,#3805);
#3804 = CARTESIAN_POINT('',(12.726443759559,2.514784861427,
    -0.103413484409));
#3805 = VECTOR('',#3806,1.);
#3806 = DIRECTION('',(-6.376326433537E-02,0.705667855913,-0.705667856185
    ));
#3807 = ORIENTED_EDGE('',*,*,#3808,.F.);
#3808 = EDGE_CURVE('',#1474,#3799,#3809,.T.);
#3809 = LINE('',#3810,#3811);
#3810 = CARTESIAN_POINT('',(1.036394398104,-0.330192462144,
    0.599995904599));
#3811 = VECTOR('',#3812,1.);
#3812 = DIRECTION('',(-0.983802838917,-0.179253937583,2.5017E-13));
#3813 = ORIENTED_EDGE('',*,*,#1481,.F.);
#3814 = ORIENTED_EDGE('',*,*,#3759,.T.);
#3815 = ORIENTED_EDGE('',*,*,#3816,.T.);
#3816 = EDGE_CURVE('',#3752,#3801,#3817,.T.);
#3817 = ELLIPSE('',#3818,0.400815638683,0.4);
#3818 = AXIS2_PLACEMENT_3D('',#3819,#3820,#3821);
#3819 = CARTESIAN_POINT('',(12.750818831973,2.345025996155,
    6.796509688588E-02));
#3820 = DIRECTION('',(0.126751674819,-0.695653658749,-0.707106781187));
#3821 = DIRECTION('',(-0.983802838917,-0.179253937583,4.742178871808E-13
    ));
#3822 = PLANE('',#3823);
#3823 = AXIS2_PLACEMENT_3D('',#3824,#3825,#3826);
#3824 = CARTESIAN_POINT('',(2.599002459859,0.666047444063,
    -0.100004095402));
#3825 = DIRECTION('',(-0.126751674819,0.695653658749,0.707106781187));
#3826 = DIRECTION('',(-0.983802838917,-0.179253937583,2.573635748959E-13
    ));
#3827 = ADVANCED_FACE('',(#3828),#3847,.F.);
#3828 = FACE_BOUND('',#3829,.T.);
#3829 = EDGE_LOOP('',(#3830,#3831,#3832,#3840,#3846));
#3830 = ORIENTED_EDGE('',*,*,#1473,.F.);
#3831 = ORIENTED_EDGE('',*,*,#3808,.T.);
#3832 = ORIENTED_EDGE('',*,*,#3833,.T.);
#3833 = EDGE_CURVE('',#3799,#3834,#3836,.T.);
#3834 = VERTEX_POINT('',#3835);
#3835 = CARTESIAN_POINT('',(12.628596072386,1.781966309076,
    0.629405067525));
#3836 = LINE('',#3837,#3838);
#3837 = CARTESIAN_POINT('',(-0.827484451011,-0.669800775583,
    3.081172094803));
#3838 = VECTOR('',#3839,1.);
#3839 = DIRECTION('',(-0.96836805813,-0.176441641132,0.176441637003));
#3840 = ORIENTED_EDGE('',*,*,#3841,.T.);
#3841 = EDGE_CURVE('',#3834,#1622,#3842,.T.);
#3842 = LINE('',#3843,#3844);
#3843 = CARTESIAN_POINT('',(12.628596072386,1.781966309076,
    16.224990932157));
#3844 = VECTOR('',#3845,1.);
#3845 = DIRECTION('',(1.4E-16,9.01E-15,1.));
#3846 = ORIENTED_EDGE('',*,*,#1670,.F.);
#3847 = PLANE('',#3848);
#3848 = AXIS2_PLACEMENT_3D('',#3849,#3850,#3851);
#3849 = CARTESIAN_POINT('',(-0.651691419954,-0.637770381107,
    21.299987909543));
#3850 = DIRECTION('',(0.179253937583,-0.983802838917,8.839999999999E-15)
  );
#3851 = DIRECTION('',(0.983802838917,0.179253937583,-2.33E-15));
#3852 = ADVANCED_FACE('',(#3853,#3860),#3871,.T.);
#3853 = FACE_BOUND('',#3854,.T.);
#3854 = EDGE_LOOP('',(#3855,#3856,#3857,#3858,#3859));
#3855 = ORIENTED_EDGE('',*,*,#1607,.T.);
#3856 = ORIENTED_EDGE('',*,*,#1582,.T.);
#3857 = ORIENTED_EDGE('',*,*,#1558,.T.);
#3858 = ORIENTED_EDGE('',*,*,#1457,.F.);
#3859 = ORIENTED_EDGE('',*,*,#1663,.T.);
#3860 = FACE_BOUND('',#3861,.T.);
#3861 = EDGE_LOOP('',(#3862));
#3862 = ORIENTED_EDGE('',*,*,#3863,.T.);
#3863 = EDGE_CURVE('',#3864,#3864,#3866,.T.);
#3864 = VERTEX_POINT('',#3865);
#3865 = CARTESIAN_POINT('',(18.080248609067,0.629392113955,
    4.999999999995));
#3866 = CIRCLE('',#3867,0.9);
#3867 = AXIS2_PLACEMENT_3D('',#3868,#3869,#3870);
#3868 = CARTESIAN_POINT('',(18.080248609067,0.629392113955,
    4.099999999995));
#3869 = DIRECTION('',(1.7175975E-09,-1.,1.212E-14));
#3870 = DIRECTION('',(-1.4E-16,-1.212000000024E-14,-1.));
#3871 = PLANE('',#3872);
#3872 = AXIS2_PLACEMENT_3D('',#3873,#3874,#3875);
#3873 = CARTESIAN_POINT('',(0.295415123252,0.629392083408,
    21.599992814698));
#3874 = DIRECTION('',(-1.7175975E-09,1.,-1.212E-14));
#3875 = DIRECTION('',(-1.4E-16,-1.212000000024E-14,-1.));
#3876 = ADVANCED_FACE('',(#3877),#3919,.T.);
#3877 = FACE_BOUND('',#3878,.T.);
#3878 = EDGE_LOOP('',(#3879,#3889,#3897,#3904,#3905,#3913));
#3879 = ORIENTED_EDGE('',*,*,#3880,.T.);
#3880 = EDGE_CURVE('',#3881,#3883,#3885,.T.);
#3881 = VERTEX_POINT('',#3882);
#3882 = CARTESIAN_POINT('',(18.858077568954,6.912238548509,
    33.901036149916));
#3883 = VERTEX_POINT('',#3884);
#3884 = CARTESIAN_POINT('',(18.975234856546,6.629395836654,
    34.018193437022));
#3885 = LINE('',#3886,#3887);
#3886 = CARTESIAN_POINT('',(18.087628200543,8.772267857708,33.1305867847
    ));
#3887 = VECTOR('',#3888,1.);
#3888 = DIRECTION('',(0.357406745261,-0.862856209309,0.357406743779));
#3889 = ORIENTED_EDGE('',*,*,#3890,.F.);
#3890 = EDGE_CURVE('',#3891,#3883,#3893,.T.);
#3891 = VERTEX_POINT('',#3892);
#3892 = CARTESIAN_POINT('',(19.580248358115,6.629395837693,
    34.623206938591));
#3893 = LINE('',#3894,#3895);
#3894 = CARTESIAN_POINT('',(11.48219068415,6.629395823784,
    26.525149264629));
#3895 = VECTOR('',#3896,1.);
#3896 = DIRECTION('',(-0.707106781187,-1.21453608E-09,-0.707106781186));
#3897 = ORIENTED_EDGE('',*,*,#3898,.F.);
#3898 = EDGE_CURVE('',#1426,#3891,#3899,.T.);
#3899 = ELLIPSE('',#3900,1.414213562373,1.);
#3900 = AXIS2_PLACEMENT_3D('',#3901,#3902,#3903);
#3901 = CARTESIAN_POINT('',(19.580248359832,5.629395837693,
    34.623206938591));
#3902 = DIRECTION('',(-0.707106781186,-1.2144421E-09,0.707106781187));
#3903 = DIRECTION('',(0.707106781187,1.21446475E-09,0.707106781186));
#3904 = ORIENTED_EDGE('',*,*,#1433,.T.);
#3905 = ORIENTED_EDGE('',*,*,#3906,.T.);
#3906 = EDGE_CURVE('',#1434,#3907,#3909,.T.);
#3907 = VERTEX_POINT('',#3908);
#3908 = CARTESIAN_POINT('',(19.275333760615,7.329494740368,
    34.318292342294));
#3909 = LINE('',#3910,#3911);
#3910 = CARTESIAN_POINT('',(10.008169784466,7.329494738173,
    25.051128366148));
#3911 = VECTOR('',#3912,1.);
#3912 = DIRECTION('',(-0.707106781187,-1.6746326E-10,-0.707106781186));
#3913 = ORIENTED_EDGE('',*,*,#3914,.F.);
#3914 = EDGE_CURVE('',#3881,#3907,#3915,.T.);
#3915 = LINE('',#3916,#3917);
#3916 = CARTESIAN_POINT('',(16.625103789314,4.679264767812,
    31.668062366442));
#3917 = VECTOR('',#3918,1.);
#3918 = DIRECTION('',(0.577350268768,0.577350269041,0.577350269759));
#3919 = PLANE('',#3920);
#3920 = AXIS2_PLACEMENT_3D('',#3921,#3922,#3923);
#3921 = CARTESIAN_POINT('',(18.671435122716,6.729395817073,
    33.714393703364));
#3922 = DIRECTION('',(-0.707106781186,-1.2144421E-09,0.707106781187));
#3923 = DIRECTION('',(0.707106781187,1.21460183E-09,0.707106781186));
#3924 = ADVANCED_FACE('',(#3925),#3953,.F.);
#3925 = FACE_BOUND('',#3926,.F.);
#3926 = EDGE_LOOP('',(#3927,#3938,#3944,#3945,#3946));
#3927 = ORIENTED_EDGE('',*,*,#3928,.F.);
#3928 = EDGE_CURVE('',#3929,#3931,#3933,.T.);
#3929 = VERTEX_POINT('',#3930);
#3930 = CARTESIAN_POINT('',(19.580248358115,6.629395837693,
    7.238477582683));
#3931 = VERTEX_POINT('',#3932);
#3932 = CARTESIAN_POINT('',(20.08024333225,6.495424144134,6.39740621505)
  );
#3933 = ELLIPSE('',#3934,2.000000000001,1.);
#3934 = AXIS2_PLACEMENT_3D('',#3935,#3936,#3937);
#3935 = CARTESIAN_POINT('',(19.580248359833,5.629395837693,
    6.238477582683));
#3936 = DIRECTION('',(-0.707106782045,0.499999998785,-0.5));
#3937 = DIRECTION('',(0.40824829096,-0.288675133893,-0.866025403784));
#3938 = ORIENTED_EDGE('',*,*,#3939,.F.);
#3939 = EDGE_CURVE('',#3891,#3929,#3940,.T.);
#3940 = LINE('',#3941,#3942);
#3941 = CARTESIAN_POINT('',(19.580248358115,6.629395837693,
    28.922748714145));
#3942 = VECTOR('',#3943,1.);
#3943 = DIRECTION('',(6.43E-15,-1.59E-14,-1.));
#3944 = ORIENTED_EDGE('',*,*,#3898,.F.);
#3945 = ORIENTED_EDGE('',*,*,#1425,.F.);
#3946 = ORIENTED_EDGE('',*,*,#3947,.F.);
#3947 = EDGE_CURVE('',#3931,#1418,#3948,.T.);
#3948 = ELLIPSE('',#3949,1.414213562373,1.);
#3949 = AXIS2_PLACEMENT_3D('',#3950,#3951,#3952);
#3950 = CARTESIAN_POINT('',(19.580248359833,5.629395837693,
    5.531377909468));
#3951 = DIRECTION('',(-1.214524939999E-09,0.707106781187,-0.707106781187
    ));
#3952 = DIRECTION('',(-1.214533819999E-09,0.707106781187,0.707106781187)
  );
#3953 = CYLINDRICAL_SURFACE('',#3954,1.);
#3954 = AXIS2_PLACEMENT_3D('',#3955,#3956,#3957);
#3955 = CARTESIAN_POINT('',(19.580248359832,5.629395837693,
    28.922748714145));
#3956 = DIRECTION('',(-6.43E-15,1.59E-14,1.));
#3957 = DIRECTION('',(0.707106779972,0.707106782401,-6.696301244956E-15)
  );
#3958 = ADVANCED_FACE('',(#3959),#4005,.F.);
#3959 = FACE_BOUND('',#3960,.T.);
#3960 = EDGE_LOOP('',(#3961,#3962,#3970,#3976,#3977,#3978,#3979,#3980,
    #3981,#3982,#3990,#3998,#4004));
#3961 = ORIENTED_EDGE('',*,*,#3947,.F.);
#3962 = ORIENTED_EDGE('',*,*,#3963,.T.);
#3963 = EDGE_CURVE('',#3931,#3964,#3966,.T.);
#3964 = VERTEX_POINT('',#3965);
#3965 = CARTESIAN_POINT('',(20.080243331483,7.329494740297,7.23147681079
    ));
#3966 = LINE('',#3967,#3968);
#3967 = CARTESIAN_POINT('',(20.080243332519,6.33870670021,6.240688771126
    ));
#3968 = VECTOR('',#3969,1.);
#3969 = DIRECTION('',(-1.214446699999E-09,0.707106781187,0.707106781187)
  );
#3970 = ORIENTED_EDGE('',*,*,#3971,.T.);
#3971 = EDGE_CURVE('',#3964,#2978,#3972,.T.);
#3972 = LINE('',#3973,#3974);
#3973 = CARTESIAN_POINT('',(-0.607796767822,7.329494735658,
    7.231476842108));
#3974 = VECTOR('',#3975,1.);
#3975 = DIRECTION('',(1.,2.3676671E-10,-1.48083093E-09));
#3976 = ORIENTED_EDGE('',*,*,#2985,.F.);
#3977 = ORIENTED_EDGE('',*,*,#2960,.T.);
#3978 = ORIENTED_EDGE('',*,*,#2937,.T.);
#3979 = ORIENTED_EDGE('',*,*,#2903,.T.);
#3980 = ORIENTED_EDGE('',*,*,#2879,.T.);
#3981 = ORIENTED_EDGE('',*,*,#2734,.T.);
#3982 = ORIENTED_EDGE('',*,*,#3983,.F.);
#3983 = EDGE_CURVE('',#3984,#2737,#3986,.T.);
#3984 = VERTEX_POINT('',#3985);
#3985 = CARTESIAN_POINT('',(22.40373472859,4.88280329148,4.784785357987)
  );
#3986 = LINE('',#3987,#3988);
#3987 = CARTESIAN_POINT('',(2.876475948344,1.324836359781,1.226818460246
    ));
#3988 = VECTOR('',#3989,1.);
#3989 = DIRECTION('',(0.968368058709,0.17644163831,0.176441636647));
#3990 = ORIENTED_EDGE('',*,*,#3991,.T.);
#3991 = EDGE_CURVE('',#3984,#3992,#3994,.T.);
#3992 = VERTEX_POINT('',#3993);
#3993 = CARTESIAN_POINT('',(21.83424021653,3.459479884242,3.361461951727
    ));
#3994 = LINE('',#3995,#3996);
#3995 = CARTESIAN_POINT('',(22.857697118532,6.017380151294,5.91936221744
    ));
#3996 = VECTOR('',#3997,1.);
#3997 = DIRECTION('',(-0.272238625511,-0.680399195846,-0.680399195379));
#3998 = ORIENTED_EDGE('',*,*,#3999,.T.);
#3999 = EDGE_CURVE('',#3992,#1410,#4000,.T.);
#4000 = LINE('',#4001,#4002);
#4001 = CARTESIAN_POINT('',(3.318870576961,8.588435638446E-02,
    -1.213354391012E-02));
#4002 = VECTOR('',#4003,1.);
#4003 = DIRECTION('',(-0.968368058721,-0.176441638277,-0.176441636614));
#4004 = ORIENTED_EDGE('',*,*,#1417,.T.);
#4005 = PLANE('',#4006);
#4006 = AXIS2_PLACEMENT_3D('',#4007,#4008,#4009);
#4007 = CARTESIAN_POINT('',(1.851645967794,4.713706852508,4.615688954734
    ));
#4008 = DIRECTION('',(1.214524939999E-09,-0.707106781187,0.707106781187)
  );
#4009 = DIRECTION('',(1.,1.717597500994E-09,-1.409937329152E-16));
#4010 = ADVANCED_FACE('',(#4011),#4030,.F.);
#4011 = FACE_BOUND('',#4012,.T.);
#4012 = EDGE_LOOP('',(#4013,#4014,#4015,#4023,#4029));
#4013 = ORIENTED_EDGE('',*,*,#1409,.F.);
#4014 = ORIENTED_EDGE('',*,*,#3999,.F.);
#4015 = ORIENTED_EDGE('',*,*,#4016,.F.);
#4016 = EDGE_CURVE('',#4017,#3992,#4019,.T.);
#4017 = VERTEX_POINT('',#4018);
#4018 = CARTESIAN_POINT('',(21.834240216992,3.459479884633,
    1.399995904593));
#4019 = LINE('',#4020,#4021);
#4020 = CARTESIAN_POINT('',(21.834240216995,3.459479884635,
    10.349991907064));
#4021 = VECTOR('',#4022,1.);
#4022 = DIRECTION('',(2.7048E-13,5.681E-14,1.));
#4023 = ORIENTED_EDGE('',*,*,#4024,.F.);
#4024 = EDGE_CURVE('',#3730,#4017,#4025,.T.);
#4025 = LINE('',#4026,#4027);
#4026 = CARTESIAN_POINT('',(21.77758586954,3.449157171291,1.351230486497
    ));
#4027 = VECTOR('',#4028,1.);
#4028 = DIRECTION('',(0.750778044055,0.136795619065,0.646234699757));
#4029 = ORIENTED_EDGE('',*,*,#3729,.F.);
#4030 = PLANE('',#4031);
#4031 = AXIS2_PLACEMENT_3D('',#4032,#4033,#4034);
#4032 = CARTESIAN_POINT('',(-0.65169140373,-0.637572447509,
    21.299987909542));
#4033 = DIRECTION('',(0.17925393467,-0.983802839448,8.389999999997E-15)
  );
#4034 = DIRECTION('',(0.983802839448,0.17925393467,-2.249999999999E-15)
  );
#4035 = ADVANCED_FACE('',(#4036),#4161,.T.);
#4036 = FACE_BOUND('',#4037,.T.);
#4037 = EDGE_LOOP('',(#4038,#4057,#4068,#4081,#4082,#4151,#4160));
#4038 = ORIENTED_EDGE('',*,*,#4039,.F.);
#4039 = EDGE_CURVE('',#4040,#2837,#4042,.T.);
#4040 = VERTEX_POINT('',#4041);
#4041 = CARTESIAN_POINT('',(26.383456414432,-4.191016845623,
    31.636123432054));
#4042 = B_SPLINE_CURVE_WITH_KNOTS('',3,(#4043,#4044,#4045,#4046,#4047,
    #4048,#4049,#4050,#4051,#4052,#4053,#4054,#4055,#4056),
  .UNSPECIFIED.,.F.,.F.,(4,2,2,2,2,2,4),(-1.210155263328,-1.059473535286
    ,-0.90847396001,-0.605363989666,-0.454324910739,-0.227316566533,
    -8.965415159471E-05),.UNSPECIFIED.);
#4043 = CARTESIAN_POINT('',(26.383456414436,-4.19101684562,
    31.636123432053));
#4044 = CARTESIAN_POINT('',(26.818437814226,-3.943182485045,
    31.596274038602));
#4045 = CARTESIAN_POINT('',(27.236913229963,-3.667268515614,
    31.557921784345));
#4046 = CARTESIAN_POINT('',(28.036427513337,-3.062009075155,
    31.484142278096));
#4047 = CARTESIAN_POINT('',(28.416623886991,-2.733114321967,
    31.448539891295));
#4048 = CARTESIAN_POINT('',(29.492034322412,-1.672554439599,
    31.347988781768));
#4049 = CARTESIAN_POINT('',(30.114273526086,-0.873475630625,
    31.291031363451));
#4050 = CARTESIAN_POINT('',(30.87956516624,0.430995790139,
    31.222851955664));
#4051 = CARTESIAN_POINT('',(31.105496546355,0.881083594549,
    31.202935885303));
#4052 = CARTESIAN_POINT('',(31.595716417651,2.041031823185,
    31.158126207959));
#4053 = CARTESIAN_POINT('',(31.820972831808,2.764869814608,
    31.136211757907));
#4054 = CARTESIAN_POINT('',(32.126829643183,4.247556668723,
    31.107674497583));
#4055 = CARTESIAN_POINT('',(32.206461782247,5.002386104691,
    31.101153762129));
#4056 = CARTESIAN_POINT('',(32.211579765223,5.759790136253,
    31.101503327069));
#4057 = ORIENTED_EDGE('',*,*,#4058,.F.);
#4058 = EDGE_CURVE('',#4059,#4040,#4061,.T.);
#4059 = VERTEX_POINT('',#4060);
#4060 = CARTESIAN_POINT('',(26.241451290075,-4.270604299863,
    31.649130248483));
#4061 = B_SPLINE_CURVE_WITH_KNOTS('',3,(#4062,#4063,#4064,#4065,#4066,
    #4067),.UNSPECIFIED.,.F.,.F.,(4,2,4),(-1.638506641708E-02,
    -8.223476804761E-03,-5.432789652612E-05),.UNSPECIFIED.);
#4062 = CARTESIAN_POINT('',(26.241451290075,-4.270604299863,
    31.649130248483));
#4063 = CARTESIAN_POINT('',(26.265200421784,-4.257513200487,
    31.646955413298));
#4064 = CARTESIAN_POINT('',(26.288903617238,-4.244338295395,
    31.644784550507));
#4065 = CARTESIAN_POINT('',(26.33623918199,-4.21780905899,
    31.640448885006));
#4066 = CARTESIAN_POINT('',(26.359871320147,-4.204454654145,
    31.638284103067));
#4067 = CARTESIAN_POINT('',(26.383456414428,-4.191016845625,
    31.636123432054));
#4068 = ORIENTED_EDGE('',*,*,#4069,.F.);
#4069 = EDGE_CURVE('',#1500,#4059,#4070,.T.);
#4070 = B_SPLINE_CURVE_WITH_KNOTS('',3,(#4071,#4072,#4073,#4074,#4075,
    #4076,#4077,#4078,#4079,#4080),.UNSPECIFIED.,.F.,.F.,(4,2,2,2,4),(
    -0.60409464636,-0.540389221075,-0.465381800002,-0.302090287278,
    -3.914317968513E-05),.UNSPECIFIED.);
#4071 = CARTESIAN_POINT('',(20.58024840977,-4.270604309589,
    33.611866011364));
#4072 = CARTESIAN_POINT('',(20.791692173232,-4.270604309226,
    33.593860094993));
#4073 = CARTESIAN_POINT('',(21.002259228162,-4.270604308864,
    33.56914609838));
#4074 = CARTESIAN_POINT('',(21.459303620102,-4.270604308079,
    33.501263647151));
#4075 = CARTESIAN_POINT('',(21.7047673436,-4.270604307657,
    33.455710475253));
#4076 = CARTESIAN_POINT('',(22.479895482496,-4.270604306325,
    33.284759163554));
#4077 = CARTESIAN_POINT('',(23.000995198724,-4.270604305435,
    33.129136001941));
#4078 = CARTESIAN_POINT('',(24.456983078083,-4.270604302934,
    32.599147093505));
#4079 = CARTESIAN_POINT('',(25.368574634453,-4.270604301362,
    32.150941286036));
#4080 = CARTESIAN_POINT('',(26.241451290075,-4.270604299862,
    31.649130248483));
#4081 = ORIENTED_EDGE('',*,*,#1497,.F.);
#4082 = ORIENTED_EDGE('',*,*,#4083,.T.);
#4083 = EDGE_CURVE('',#1498,#4084,#4086,.T.);
#4084 = VERTEX_POINT('',#4085);
#4085 = CARTESIAN_POINT('',(28.70371179086,5.02970469368,34.889237541862
    ));
#4086 = B_SPLINE_CURVE_WITH_KNOTS('',3,(#4087,#4088,#4089,#4090,#4091,
    #4092,#4093,#4094,#4095,#4096,#4097,#4098,#4099,#4100,#4101,#4102,
    #4103,#4104,#4105,#4106,#4107,#4108,#4109,#4110,#4111,#4112,#4113,
    #4114,#4115,#4116,#4117,#4118,#4119,#4120,#4121,#4122,#4123,#4124,
    #4125,#4126,#4127,#4128,#4129,#4130,#4131,#4132,#4133,#4134,#4135,
    #4136,#4137,#4138,#4139,#4140,#4141,#4142,#4143,#4144,#4145,#4146,
    #4147,#4148,#4149,#4150),.UNSPECIFIED.,.F.,.F.,(4,3,3,3,3,3,3,3,3,3,
    3,3,3,3,3,3,3,3,3,3,3,4),(-0.695728414215,-0.609984188546,
    -0.532902803533,-0.501667369381,-0.48594066662,-0.454761053854,
    -0.423589663004,-0.392718484859,-0.380850199457,-0.369850586831,
    -0.294888649021,-0.2222298309,-0.199431959917,-0.176215824182,
    -0.17177356928,-0.148224585117,-0.124323649727,-0.100030363659,
    -7.506359283193E-02,-4.97449005381E-02,-2.39711492098E-02,
    -1.632803516896E-04),.UNSPECIFIED.);
#4087 = CARTESIAN_POINT('',(20.580248478468,-2.291016120967,
    35.60000014766));
#4088 = CARTESIAN_POINT('',(21.106636867791,-2.292807084087,
    35.553947130983));
#4089 = CARTESIAN_POINT('',(21.63298723414,-2.242334777297,
    35.507897592771));
#4090 = CARTESIAN_POINT('',(22.149831886439,-2.14213793308,
    35.462679535794));
#4091 = CARTESIAN_POINT('',(22.614459111475,-2.052064094687,
    35.42202991266));
#4092 = CARTESIAN_POINT('',(23.07140392141,-1.921806538092,
    35.382052287139));
#4093 = CARTESIAN_POINT('',(23.513755221026,-1.753223529868,
    35.343351563043));
#4094 = CARTESIAN_POINT('',(23.693007771935,-1.684909196236,
    35.327668996897));
#4095 = CARTESIAN_POINT('',(23.869390027073,-1.610486336455,
    35.312237856256));
#4096 = CARTESIAN_POINT('',(24.042648664831,-1.530086845062,
    35.297080016736));
#4097 = CARTESIAN_POINT('',(24.129882512246,-1.489606572015,
    35.289448208723));
#4098 = CARTESIAN_POINT('',(24.21632437698,-1.447610399338,35.2818856955
    ));
#4099 = CARTESIAN_POINT('',(24.301940683256,-1.40411032502,
    35.27439538084));
#4100 = CARTESIAN_POINT('',(24.471682765674,-1.317867487395,
    35.259545153545));
#4101 = CARTESIAN_POINT('',(24.63818133496,-1.225716257377,
    35.24497857998));
#4102 = CARTESIAN_POINT('',(24.8012049541,-1.127854669815,
    35.230715869162));
#4103 = CARTESIAN_POINT('',(24.964185584677,-1.030018887894,
    35.216456919354));
#4104 = CARTESIAN_POINT('',(25.123693620588,-0.926475413859,
    35.202501623599));
#4105 = CARTESIAN_POINT('',(25.279471087026,-0.817377581911,
    35.188872610018));
#4106 = CARTESIAN_POINT('',(25.433748255496,-0.709330474817,
    35.175374857922));
#4107 = CARTESIAN_POINT('',(25.584366831459,-0.595835100561,
    35.162197090309));
#4108 = CARTESIAN_POINT('',(25.731042732518,-0.477002228285,
    35.149364351232));
#4109 = CARTESIAN_POINT('',(25.787431622086,-0.431317465735,
    35.144430862489));
#4110 = CARTESIAN_POINT('',(25.843237400118,-0.384843456192,
    35.139548404181));
#4111 = CARTESIAN_POINT('',(25.898442364194,-0.337585150349,
    35.134718542372));
#4112 = CARTESIAN_POINT('',(25.949606723606,-0.293785811181,
    35.130242191565));
#4113 = CARTESIAN_POINT('',(26.000254989269,-0.249312770689,
    35.12581102072));
#4114 = CARTESIAN_POINT('',(26.050378274353,-0.204174203805,
    35.121425801474));
#4115 = CARTESIAN_POINT('',(26.391966538136,0.103443396793,
    35.091540700648));
#4116 = CARTESIAN_POINT('',(26.707314714505,0.440300641909,
    35.063951485134));
#4117 = CARTESIAN_POINT('',(26.992453183217,0.801205495942,
    35.039005127274));
#4118 = CARTESIAN_POINT('',(27.26883109903,1.151021961659,35.01482521769
    ));
#4119 = CARTESIAN_POINT('',(27.516827502736,1.523430758119,
    34.993128237015));
#4120 = CARTESIAN_POINT('',(27.732790713757,1.913672134917,
    34.974233827093));
#4121 = CARTESIAN_POINT('',(27.800552639277,2.03611663361,
    34.968305402563));
#4122 = CARTESIAN_POINT('',(27.865160620694,2.160316510533,
    34.962652918236));
#4123 = CARTESIAN_POINT('',(27.926500972969,2.286124125638,
    34.957286332733));
#4124 = CARTESIAN_POINT('',(27.988966715738,2.41423989009,
    34.951821288319));
#4125 = CARTESIAN_POINT('',(28.046570145413,2.541000705446,
    34.946781208928));
#4126 = CARTESIAN_POINT('',(28.099638589474,2.665943823305,
    34.942137974277));
#4127 = CARTESIAN_POINT('',(28.109792887263,2.689850867271,
    34.941249521861));
#4128 = CARTESIAN_POINT('',(28.119781231575,2.713691490054,
    34.94037559107));
#4129 = CARTESIAN_POINT('',(28.129606029685,2.737462631506,
    34.939515974181));
#4130 = CARTESIAN_POINT('',(28.181688591407,2.863476614489,
    34.934959030701));
#4131 = CARTESIAN_POINT('',(28.229175099419,2.987533681794,
    34.930804345899));
#4132 = CARTESIAN_POINT('',(28.272503347254,3.109177722766,
    34.927013586696));
#4133 = CARTESIAN_POINT('',(28.316479157207,3.23263979416,
    34.923166172719));
#4134 = CARTESIAN_POINT('',(28.356171732687,3.353616277992,
    34.919693620721));
#4135 = CARTESIAN_POINT('',(28.392038550306,3.471684886997,
    34.916555846664));
#4136 = CARTESIAN_POINT('',(28.428494146981,3.591691675324,
    34.913366563837));
#4137 = CARTESIAN_POINT('',(28.460997644174,3.708694480181,
    34.910523113206));
#4138 = CARTESIAN_POINT('',(28.49002502422,3.822303959852,
    34.907983780753));
#4139 = CARTESIAN_POINT('',(28.519857132699,3.939063044429,
    34.905374050179));
#4140 = CARTESIAN_POINT('',(28.546018092494,4.052238159835,
    34.903085498889));
#4141 = CARTESIAN_POINT('',(28.569014795668,4.161461525774,
    34.901073719097));
#4142 = CARTESIAN_POINT('',(28.592335651035,4.272224459943,
    34.899033582074));
#4143 = CARTESIAN_POINT('',(28.612402834274,4.378923751502,
    34.897278035485));
#4144 = CARTESIAN_POINT('',(28.629728990796,4.48122818866,
    34.895762211884));
#4145 = CARTESIAN_POINT('',(28.647366554557,4.58537136843,
    34.894219144015));
#4146 = CARTESIAN_POINT('',(28.66216417411,4.684960624794,
    34.892924447749));
#4147 = CARTESIAN_POINT('',(28.674639174759,4.779695679948,
    34.891832927304));
#4148 = CARTESIAN_POINT('',(28.686162649774,4.867204857042,
    34.89082466214));
#4149 = CARTESIAN_POINT('',(28.695704337492,4.95057291697,
    34.889989757316));
#4150 = CARTESIAN_POINT('',(28.703649089477,5.029595296743,
    34.889294681305));
#4151 = ORIENTED_EDGE('',*,*,#4152,.T.);
#4152 = EDGE_CURVE('',#4084,#2839,#4153,.T.);
#4153 = B_SPLINE_CURVE_WITH_KNOTS('',3,(#4154,#4155,#4156,#4157,#4158,
    #4159),.UNSPECIFIED.,.F.,.F.,(4,2,4),(-0.119355712795,
    -6.89633888191E-02,-9.3304079267E-07),.UNSPECIFIED.);
#4154 = CARTESIAN_POINT('',(28.703762897518,5.029698755602,
    34.889181416826));
#4155 = CARTESIAN_POINT('',(28.933162994746,5.238244706514,
    34.660875998565));
#4156 = CARTESIAN_POINT('',(29.147720774585,5.472251519735,
    34.441551793363));
#4157 = CARTESIAN_POINT('',(29.607309837868,6.085619097376,
    33.948068938949));
#4158 = CARTESIAN_POINT('',(29.767244255006,6.396178594562,
    33.754566754334));
#4159 = CARTESIAN_POINT('',(29.854226778189,6.578738828749,
    33.645254927019));
#4160 = ORIENTED_EDGE('',*,*,#2836,.F.);
#4161 = B_SPLINE_SURFACE_WITH_KNOTS('',3,3,(
    (#4162,#4163,#4164,#4165,#4166,#4167,#4168,#4169,#4170,#4171)
    ,(#4172,#4173,#4174,#4175,#4176,#4177,#4178,#4179,#4180,#4181)
    ,(#4182,#4183,#4184,#4185,#4186,#4187,#4188,#4189,#4190,#4191)
    ,(#4192,#4193,#4194,#4195,#4196,#4197,#4198,#4199,#4200,#4201)
    ,(#4202,#4203,#4204,#4205,#4206,#4207,#4208,#4209,#4210,#4211)
    ,(#4212,#4213,#4214,#4215,#4216,#4217,#4218,#4219,#4220,#4221)
    ,(#4222,#4223,#4224,#4225,#4226,#4227,#4228,#4229,#4230,#4231
  )),.UNSPECIFIED.,.F.,.F.,.F.,(4,3,4),(4,1,1,1,3,4),(-0.387454125862,
    -0.370054020643,1.369956501251),(-1.581138381596,-1.106581993134,
    -0.869303798903,-0.394747410442,7.980897802036E-02,
    9.641845161652E-02),.UNSPECIFIED.);
#4162 = CARTESIAN_POINT('',(20.259797067812,-5.767110500606,
    32.133345106277));
#4163 = CARTESIAN_POINT('',(22.094681555026,-5.827034151203,
    31.967859389398));
#4164 = CARTESIAN_POINT('',(24.881050514425,-5.247418621012,
    31.717979943024));
#4165 = CARTESIAN_POINT('',(28.839597634456,-2.746458253349,
    31.365460295032));
#4166 = CARTESIAN_POINT('',(31.738806436193,1.09348680614,31.1090091781)
  );
#4167 = CARTESIAN_POINT('',(32.360891143515,4.912729933239,
    31.054242682924));
#4168 = CARTESIAN_POINT('',(32.207910732508,6.784073915098,
    31.067737481243));
#4169 = CARTESIAN_POINT('',(32.202556418123,6.849570954462,
    31.068209799185));
#4170 = CARTESIAN_POINT('',(32.197202103738,6.915067993827,
    31.068682117126));
#4171 = CARTESIAN_POINT('',(32.191847789353,6.980565033192,
    31.069154435067));
#4172 = CARTESIAN_POINT('',(20.260881954994,-5.755528232255,
    32.144894118949));
#4173 = CARTESIAN_POINT('',(22.093949642444,-5.81528036739,
    31.979567594286));
#4174 = CARTESIAN_POINT('',(24.877473100462,-5.236071445118,
    31.72993212964));
#4175 = CARTESIAN_POINT('',(28.831815734859,-2.737480530885,
    31.377763899171));
#4176 = CARTESIAN_POINT('',(31.727827309965,1.098538464754,
    31.121573926549));
#4177 = CARTESIAN_POINT('',(32.349207121137,4.913711778551,
    31.06686413443));
#4178 = CARTESIAN_POINT('',(32.196398069977,6.783068619274,
    31.080345062172));
#4179 = CARTESIAN_POINT('',(32.191049753186,6.8484961087,31.080816894643
    ));
#4180 = CARTESIAN_POINT('',(32.185701436396,6.913923598124,
    31.081288727114));
#4181 = CARTESIAN_POINT('',(32.180353119605,6.97935108755,
    31.081760559585));
#4182 = CARTESIAN_POINT('',(20.261966842176,-5.743945963903,
    32.156443131621));
#4183 = CARTESIAN_POINT('',(22.093217729862,-5.803526583578,
    31.991275799174));
#4184 = CARTESIAN_POINT('',(24.8738956865,-5.224724269223,
    31.741884316255));
#4185 = CARTESIAN_POINT('',(28.824033835263,-2.728502808422,
    31.39006750331));
#4186 = CARTESIAN_POINT('',(31.716848183738,1.103590123367,
    31.134138674997));
#4187 = CARTESIAN_POINT('',(32.33752309876,4.914693623862,
    31.079485585937));
#4188 = CARTESIAN_POINT('',(32.184885407446,6.782063323451,31.0929526431
    ));
#4189 = CARTESIAN_POINT('',(32.17954308825,6.847421262937,
    31.093423990101));
#4190 = CARTESIAN_POINT('',(32.174200769053,6.912779202423,
    31.093895337101));
#4191 = CARTESIAN_POINT('',(32.168858449858,6.978137141908,
    31.094366684102));
#4192 = CARTESIAN_POINT('',(20.263051729359,-5.73236369555,
    32.167992144293));
#4193 = CARTESIAN_POINT('',(22.09248581728,-5.791772799767,
    32.002984004063));
#4194 = CARTESIAN_POINT('',(24.870318272537,-5.213377093329,
    31.75383650287));
#4195 = CARTESIAN_POINT('',(28.816251935666,-2.719525085957,
    31.402371107449));
#4196 = CARTESIAN_POINT('',(31.705869057511,1.108641781981,
    31.146703423445));
#4197 = CARTESIAN_POINT('',(32.325839076382,4.915675469173,
    31.092107037443));
#4198 = CARTESIAN_POINT('',(32.173372744914,6.781058027628,
    31.105560224028));
#4199 = CARTESIAN_POINT('',(32.168036423313,6.846346417174,
    31.106031085559));
#4200 = CARTESIAN_POINT('',(32.162700101711,6.91163480672,
    31.106501947089));
#4201 = CARTESIAN_POINT('',(32.15736378011,6.976923196266,31.10697280862
    ));
#4202 = CARTESIAN_POINT('',(20.371540447598,-4.574136860337,
    33.322893411509));
#4203 = CARTESIAN_POINT('',(22.019294559086,-4.616394418561,
    33.173804492899));
#4204 = CARTESIAN_POINT('',(24.512576876296,-4.07865950393,
    32.949055164398));
#4205 = CARTESIAN_POINT('',(28.038061976018,-1.821752839556,
    32.632731521363));
#4206 = CARTESIAN_POINT('',(30.607956434786,1.61380764338,32.40317826828
    ));
#4207 = CARTESIAN_POINT('',(31.157436838634,5.013860000283,
    32.354252188088));
#4208 = CARTESIAN_POINT('',(31.022106491781,6.680528445316,
    32.36631831686));
#4209 = CARTESIAN_POINT('',(31.017369929641,6.738861840892,
    32.366740631367));
#4210 = CARTESIAN_POINT('',(31.012633367501,6.797195236469,
    32.367162945874));
#4211 = CARTESIAN_POINT('',(31.007896805361,6.855528632044,
    32.367585260381));
#4212 = CARTESIAN_POINT('',(20.478956892148,-3.415897649737,
    34.477887201042));
#4213 = CARTESIAN_POINT('',(21.94501915424,-3.441167960681,
    34.344717973703));
#4214 = CARTESIAN_POINT('',(24.153868695526,-2.944347613842,
    34.14435552564));
#4215 = CARTESIAN_POINT('',(27.259297402817,-0.924570386266,
    33.863139858446));
#4216 = CARTESIAN_POINT('',(29.509930973804,2.118517596609,
    33.659662604269));
#4217 = CARTESIAN_POINT('',(29.989055086068,5.111963610565,
    33.61639569484));
#4218 = CARTESIAN_POINT('',(29.870832991539,6.580089023641,
    33.627077007546));
#4219 = CARTESIAN_POINT('',(29.86669521823,6.631473413099,
    33.627450853491));
#4220 = CARTESIAN_POINT('',(29.862557444922,6.682857802556,
    33.627824699436));
#4221 = CARTESIAN_POINT('',(29.858419671613,6.734242192014,
    33.62819854538));
#4222 = CARTESIAN_POINT('',(20.583249102999,-2.257702864344,
    35.633231301229));
#4223 = CARTESIAN_POINT('',(21.867547386833,-2.266470977505,
    35.515990242402));
#4224 = CARTESIAN_POINT('',(23.792237260775,-1.811340900409,
    35.339984149606));
#4225 = CARTESIAN_POINT('',(26.478733500449,-2.930662767476E-02,
    35.093751109159));
#4226 = CARTESIAN_POINT('',(28.411539404442,2.621704778353,
    34.916188873483));
#4227 = CARTESIAN_POINT('',(28.820739820873,5.209794695088,
    34.878531780635));
#4228 = CARTESIAN_POINT('',(28.719536216105,6.479948057579,
    34.887838329865));
#4229 = CARTESIAN_POINT('',(28.715994089938,6.524403425266,
    34.888164059088));
#4230 = CARTESIAN_POINT('',(28.712451963771,6.568858792954,
    34.888489788311));
#4231 = CARTESIAN_POINT('',(28.708909837604,6.613314160641,
    34.888815517534));
#4232 = ADVANCED_FACE('',(#4233),#4269,.F.);
#4233 = FACE_BOUND('',#4234,.T.);
#4234 = EDGE_LOOP('',(#4235,#4236,#4237,#4245,#4254,#4262));
#4235 = ORIENTED_EDGE('',*,*,#4083,.F.);
#4236 = ORIENTED_EDGE('',*,*,#1510,.T.);
#4237 = ORIENTED_EDGE('',*,*,#4238,.T.);
#4238 = EDGE_CURVE('',#1511,#4239,#4241,.T.);
#4239 = VERTEX_POINT('',#4240);
#4240 = CARTESIAN_POINT('',(22.330722845721,3.72939584243,
    35.446853481764));
#4241 = LINE('',#4242,#4243);
#4242 = CARTESIAN_POINT('',(24.816195750124,3.7293958467,35.229402779127
    ));
#4243 = VECTOR('',#4244,1.);
#4244 = DIRECTION('',(0.996194698092,1.71155532E-09,-8.715574274789E-02)
  );
#4245 = ORIENTED_EDGE('',*,*,#4246,.F.);
#4246 = EDGE_CURVE('',#4247,#4239,#4249,.T.);
#4247 = VERTEX_POINT('',#4248);
#4248 = CARTESIAN_POINT('',(23.774471697916,3.72939584491,
    35.320541824218));
#4249 = ELLIPSE('',#4250,2.509549593858,2.5);
#4250 = AXIS2_PLACEMENT_3D('',#4251,#4252,#4253);
#4251 = CARTESIAN_POINT('',(23.052597267706,6.122907346243,
    35.38369765217));
#4252 = DIRECTION('',(-8.715574274789E-02,-4.912855999999E-10,
    -0.996194698092));
#4253 = DIRECTION('',(0.996194698092,1.71155576E-09,-8.715574274789E-02)
  );
#4254 = ORIENTED_EDGE('',*,*,#4255,.T.);
#4255 = EDGE_CURVE('',#4247,#4256,#4258,.T.);
#4256 = VERTEX_POINT('',#4257);
#4257 = CARTESIAN_POINT('',(25.34039533365,3.7293958476,35.183541258143)
  );
#4258 = LINE('',#4259,#4260);
#4259 = CARTESIAN_POINT('',(24.816195750124,3.7293958467,35.229402779127
    ));
#4260 = VECTOR('',#4261,1.);
#4261 = DIRECTION('',(0.996194698092,1.71155532E-09,-8.715574274789E-02)
  );
#4262 = ORIENTED_EDGE('',*,*,#4263,.F.);
#4263 = EDGE_CURVE('',#4084,#4256,#4264,.T.);
#4264 = ELLIPSE('',#4265,5.019099187717,5.);
#4265 = AXIS2_PLACEMENT_3D('',#4266,#4267,#4268);
#4266 = CARTESIAN_POINT('',(25.34039532506,8.729395847601,
    35.183541256429));
#4267 = DIRECTION('',(-8.715574274789E-02,-4.912852699999E-10,
    -0.996194698092));
#4268 = DIRECTION('',(0.996194698092,5.615227529998E-09,
    -8.715574274789E-02));
#4269 = PLANE('',#4270);
#4270 = AXIS2_PLACEMENT_3D('',#4271,#4272,#4273);
#4271 = CARTESIAN_POINT('',(26.124866674356,1.229033254634,
    35.114908910203));
#4272 = DIRECTION('',(8.715574274789E-02,4.912855999999E-10,
    0.996194698092));
#4273 = DIRECTION('',(9.540470880389E-09,-1.,-3.415208155562E-10));
#4274 = ADVANCED_FACE('',(#4275),#4325,.T.);
#4275 = FACE_BOUND('',#4276,.T.);
#4276 = EDGE_LOOP('',(#4277,#4285,#4286,#4287,#4295,#4303,#4311,#4319));
#4277 = ORIENTED_EDGE('',*,*,#4278,.T.);
#4278 = EDGE_CURVE('',#4279,#1527,#4281,.T.);
#4279 = VERTEX_POINT('',#4280);
#4280 = CARTESIAN_POINT('',(26.241451290069,-4.270604299864,
    7.60000005311));
#4281 = LINE('',#4282,#4283);
#4282 = CARTESIAN_POINT('',(20.580248409832,-4.270604309589,
    7.600000053111));
#4283 = VECTOR('',#4284,1.);
#4284 = DIRECTION('',(-1.,-1.71814215E-09,2.42E-13));
#4285 = ORIENTED_EDGE('',*,*,#1534,.T.);
#4286 = ORIENTED_EDGE('',*,*,#4069,.T.);
#4287 = ORIENTED_EDGE('',*,*,#4288,.T.);
#4288 = EDGE_CURVE('',#4059,#4289,#4291,.T.);
#4289 = VERTEX_POINT('',#4290);
#4290 = CARTESIAN_POINT('',(26.241451290071,-4.270604299864,
    16.336015876809));
#4291 = LINE('',#4292,#4293);
#4292 = CARTESIAN_POINT('',(26.241451290076,-4.270604299863,
    35.60000005311));
#4293 = VECTOR('',#4294,1.);
#4294 = DIRECTION('',(-2.4205E-13,-1.656E-14,-1.));
#4295 = ORIENTED_EDGE('',*,*,#4296,.F.);
#4296 = EDGE_CURVE('',#4297,#4289,#4299,.T.);
#4297 = VERTEX_POINT('',#4298);
#4298 = CARTESIAN_POINT('',(25.080248409834,-4.270604301858,
    16.336015876809));
#4299 = LINE('',#4300,#4301);
#4300 = CARTESIAN_POINT('',(20.580248409835,-4.270604309589,
    16.33601587681));
#4301 = VECTOR('',#4302,1.);
#4302 = DIRECTION('',(1.,1.71814215E-09,-2.0819E-13));
#4303 = ORIENTED_EDGE('',*,*,#4304,.F.);
#4304 = EDGE_CURVE('',#4305,#4297,#4307,.T.);
#4305 = VERTEX_POINT('',#4306);
#4306 = CARTESIAN_POINT('',(25.080248409834,-4.270604301858,
    15.603551123552));
#4307 = LINE('',#4308,#4309);
#4308 = CARTESIAN_POINT('',(25.080248409837,-4.270604301858,
    28.450001213619));
#4309 = VECTOR('',#4310,1.);
#4310 = DIRECTION('',(2.4214E-13,1.615E-14,1.));
#4311 = ORIENTED_EDGE('',*,*,#4312,.F.);
#4312 = EDGE_CURVE('',#4313,#4305,#4315,.T.);
#4313 = VERTEX_POINT('',#4314);
#4314 = CARTESIAN_POINT('',(26.241451290071,-4.270604299864,
    15.603551123552));
#4315 = LINE('',#4316,#4317);
#4316 = CARTESIAN_POINT('',(20.580248409834,-4.27060430959,
    15.603551123553));
#4317 = VECTOR('',#4318,1.);
#4318 = DIRECTION('',(-1.,-1.71814215E-09,2.0819E-13));
#4319 = ORIENTED_EDGE('',*,*,#4320,.F.);
#4320 = EDGE_CURVE('',#4279,#4313,#4321,.T.);
#4321 = LINE('',#4322,#4323);
#4322 = CARTESIAN_POINT('',(26.241451290076,-4.270604299863,
    35.599996010846));
#4323 = VECTOR('',#4324,1.);
#4324 = DIRECTION('',(2.4208E-13,1.664E-14,1.));
#4325 = PLANE('',#4326);
#4326 = AXIS2_PLACEMENT_3D('',#4327,#4328,#4329);
#4327 = CARTESIAN_POINT('',(20.580248409839,-4.270604309589,
    35.599996010847));
#4328 = DIRECTION('',(-1.71814215E-09,1.,-1.615E-14));
#4329 = DIRECTION('',(1.,1.71814215E-09,-2.4257E-13));
#4330 = ADVANCED_FACE('',(#4331),#4349,.F.);
#4331 = FACE_BOUND('',#4332,.T.);
#4332 = EDGE_LOOP('',(#4333,#4341,#4342,#4343));
#4333 = ORIENTED_EDGE('',*,*,#4334,.F.);
#4334 = EDGE_CURVE('',#4239,#4335,#4337,.T.);
#4335 = VERTEX_POINT('',#4336);
#4336 = CARTESIAN_POINT('',(22.330722845715,3.729395842429,
    7.600000053111));
#4337 = LINE('',#4338,#4339);
#4338 = CARTESIAN_POINT('',(22.330722845722,3.72939584243,
    41.600000053124));
#4339 = VECTOR('',#4340,1.);
#4340 = DIRECTION('',(-2.425E-13,-1.164E-14,-1.));
#4341 = ORIENTED_EDGE('',*,*,#4238,.F.);
#4342 = ORIENTED_EDGE('',*,*,#1518,.F.);
#4343 = ORIENTED_EDGE('',*,*,#4344,.T.);
#4344 = EDGE_CURVE('',#1519,#4335,#4345,.T.);
#4345 = LINE('',#4346,#4347);
#4346 = CARTESIAN_POINT('',(21.080248396087,3.729395840281,
    7.600000053111));
#4347 = VECTOR('',#4348,1.);
#4348 = DIRECTION('',(1.,1.71809463E-09,-2.42E-13));
#4349 = PLANE('',#4350);
#4350 = AXIS2_PLACEMENT_3D('',#4351,#4352,#4353);
#4351 = CARTESIAN_POINT('',(21.080248396087,3.72939584028,7.600000053111
    ));
#4352 = DIRECTION('',(-1.71809463E-09,1.,-1.656E-14));
#4353 = DIRECTION('',(2.4214E-13,1.656000041602E-14,1.));
#4354 = ADVANCED_FACE('',(#4355),#4425,.T.);
#4355 = FACE_BOUND('',#4356,.T.);
#4356 = EDGE_LOOP('',(#4357,#4358,#4359,#4368,#4376,#4384,#4392,#4401,
    #4409,#4417,#4424));
#4357 = ORIENTED_EDGE('',*,*,#1526,.F.);
#4358 = ORIENTED_EDGE('',*,*,#4278,.F.);
#4359 = ORIENTED_EDGE('',*,*,#4360,.F.);
#4360 = EDGE_CURVE('',#4361,#4279,#4363,.T.);
#4361 = VERTEX_POINT('',#4362);
#4362 = CARTESIAN_POINT('',(27.352236609154,-3.573225579707,
    7.600000053109));
#4363 = CIRCLE('',#4364,11.542381251988);
#4364 = AXIS2_PLACEMENT_3D('',#4365,#4366,#4367);
#4365 = CARTESIAN_POINT('',(20.669462020739,5.837783333618,
    7.600000053111));
#4366 = DIRECTION('',(-2.4237E-13,-1.641E-14,-1.));
#4367 = DIRECTION('',(0.803585479636,-0.595189362235,-1.849979552651E-13
    ));
#4368 = ORIENTED_EDGE('',*,*,#4369,.F.);
#4369 = EDGE_CURVE('',#4370,#4361,#4372,.T.);
#4370 = VERTEX_POINT('',#4371);
#4371 = CARTESIAN_POINT('',(25.080248408634,-3.57322558361,7.60000005311
    ));
#4372 = LINE('',#4373,#4374);
#4373 = CARTESIAN_POINT('',(22.580248408634,-3.573225587905,
    7.600000053111));
#4374 = VECTOR('',#4375,1.);
#4375 = DIRECTION('',(1.,1.71809334E-09,-2.4237E-13));
#4376 = ORIENTED_EDGE('',*,*,#4377,.F.);
#4377 = EDGE_CURVE('',#4378,#4370,#4380,.T.);
#4378 = VERTEX_POINT('',#4379);
#4379 = CARTESIAN_POINT('',(25.080248406837,-2.527157506237,
    7.60000005311));
#4380 = LINE('',#4381,#4382);
#4381 = CARTESIAN_POINT('',(25.080248399129,1.959320799258,7.60000005311
    ));
#4382 = VECTOR('',#4383,1.);
#4383 = DIRECTION('',(1.71809463E-09,-1.,1.608E-14));
#4384 = ORIENTED_EDGE('',*,*,#4385,.T.);
#4385 = EDGE_CURVE('',#4378,#4386,#4388,.T.);
#4386 = VERTEX_POINT('',#4387);
#4387 = CARTESIAN_POINT('',(28.622721089434,-2.527157500151,
    7.600000053109));
#4388 = LINE('',#4389,#4390);
#4389 = CARTESIAN_POINT('',(20.580248406837,-2.527157513968,
    7.600000053111));
#4390 = VECTOR('',#4391,1.);
#4391 = DIRECTION('',(1.,1.71809386E-09,-2.42E-13));
#4392 = ORIENTED_EDGE('',*,*,#4393,.F.);
#4393 = EDGE_CURVE('',#4394,#4386,#4396,.T.);
#4394 = VERTEX_POINT('',#4395);
#4395 = CARTESIAN_POINT('',(32.017645398758,3.729395564474,
    7.600000053108));
#4396 = CIRCLE('',#4397,11.542381251988);
#4397 = AXIS2_PLACEMENT_3D('',#4398,#4399,#4400);
#4398 = CARTESIAN_POINT('',(20.669462020739,5.837783333618,
    7.600000053111));
#4399 = DIRECTION('',(-2.42E-13,-1.608E-14,-1.));
#4400 = DIRECTION('',(0.803585479636,-0.595189362235,-1.848970411272E-13
    ));
#4401 = ORIENTED_EDGE('',*,*,#4402,.F.);
#4402 = EDGE_CURVE('',#4403,#4394,#4405,.T.);
#4403 = VERTEX_POINT('',#4404);
#4404 = CARTESIAN_POINT('',(25.340395333643,3.72939577395,7.600000120416
    ));
#4405 = LINE('',#4406,#4407);
#4406 = CARTESIAN_POINT('',(26.146045836218,3.729395554384,7.60000005311
    ));
#4407 = VECTOR('',#4408,1.);
#4408 = DIRECTION('',(1.,1.71810685E-09,-2.42E-13));
#4409 = ORIENTED_EDGE('',*,*,#4410,.F.);
#4410 = EDGE_CURVE('',#4411,#4403,#4413,.T.);
#4411 = VERTEX_POINT('',#4412);
#4412 = CARTESIAN_POINT('',(23.774471697908,3.72939584491,7.60000005311)
  );
#4413 = LINE('',#4414,#4415);
#4414 = CARTESIAN_POINT('',(21.080248396087,3.729395840281,
    7.600000053111));
#4415 = VECTOR('',#4416,1.);
#4416 = DIRECTION('',(1.,1.71809463E-09,-2.42E-13));
#4417 = ORIENTED_EDGE('',*,*,#4418,.F.);
#4418 = EDGE_CURVE('',#4335,#4411,#4419,.T.);
#4419 = CIRCLE('',#4420,2.5);
#4420 = AXIS2_PLACEMENT_3D('',#4421,#4422,#4423);
#4421 = CARTESIAN_POINT('',(23.052597267699,6.122907346242,7.60000005311
    ));
#4422 = DIRECTION('',(2.42E-13,1.608E-14,1.));
#4423 = DIRECTION('',(-1.71809463E-09,1.,-1.607999958422E-14));
#4424 = ORIENTED_EDGE('',*,*,#4344,.F.);
#4425 = PLANE('',#4426);
#4426 = AXIS2_PLACEMENT_3D('',#4427,#4428,#4429);
#4427 = CARTESIAN_POINT('',(20.580248396087,3.729395839422,
    7.600000053111));
#4428 = DIRECTION('',(2.42E-13,1.641E-14,1.));
#4429 = DIRECTION('',(1.71809463E-09,-1.,1.640999958422E-14));
#4430 = ADVANCED_FACE('',(#4431),#4449,.T.);
#4431 = FACE_BOUND('',#4432,.T.);
#4432 = EDGE_LOOP('',(#4433,#4441,#4447,#4448));
#4433 = ORIENTED_EDGE('',*,*,#4434,.F.);
#4434 = EDGE_CURVE('',#4435,#3834,#4437,.T.);
#4435 = VERTEX_POINT('',#4436);
#4436 = CARTESIAN_POINT('',(-12.66809873195,1.781966201198,
    0.629405067531));
#4437 = LINE('',#4438,#4439);
#4438 = CARTESIAN_POINT('',(0.574869355823,1.781966257673,0.629405067528
    ));
#4439 = VECTOR('',#4440,1.);
#4440 = DIRECTION('',(1.,4.26450118E-09,-2.5205E-13));
#4441 = ORIENTED_EDGE('',*,*,#4442,.F.);
#4442 = EDGE_CURVE('',#1624,#4435,#4443,.T.);
#4443 = LINE('',#4444,#4445);
#4444 = CARTESIAN_POINT('',(-12.66809873195,1.781966201198,
    6.074996977385));
#4445 = VECTOR('',#4446,1.);
#4446 = DIRECTION('',(-1.4E-16,-9.01E-15,-1.));
#4447 = ORIENTED_EDGE('',*,*,#1621,.F.);
#4448 = ORIENTED_EDGE('',*,*,#3841,.F.);
#4449 = PLANE('',#4450);
#4450 = AXIS2_PLACEMENT_3D('',#4451,#4452,#4453);
#4451 = CARTESIAN_POINT('',(-1.975132978732E-02,1.781966255137,
    11.149993954771));
#4452 = DIRECTION('',(-4.26450118E-09,1.,-9.01E-15));
#4453 = DIRECTION('',(-1.,-4.26450118E-09,1.4E-16));
#4454 = ADVANCED_FACE('',(#4455),#4480,.F.);
#4455 = FACE_BOUND('',#4456,.T.);
#4456 = EDGE_LOOP('',(#4457,#4463,#4464,#4465,#4473,#4479));
#4457 = ORIENTED_EDGE('',*,*,#4458,.T.);
#4458 = EDGE_CURVE('',#3227,#1632,#4459,.T.);
#4459 = LINE('',#4460,#4461);
#4460 = CARTESIAN_POINT('',(-7.627692742035,0.863578348194,
    1.600000000001));
#4461 = VECTOR('',#4462,1.);
#4462 = DIRECTION('',(0.983802840446,-0.179253929192,-2.827499999999E-13
    ));
#4463 = ORIENTED_EDGE('',*,*,#1631,.F.);
#4464 = ORIENTED_EDGE('',*,*,#4442,.T.);
#4465 = ORIENTED_EDGE('',*,*,#4466,.T.);
#4466 = EDGE_CURVE('',#4435,#4467,#4469,.T.);
#4467 = VERTEX_POINT('',#4468);
#4468 = CARTESIAN_POINT('',(-12.82950561145,1.811375363439,
    0.599995904602));
#4469 = LINE('',#4470,#4471);
#4470 = CARTESIAN_POINT('',(-6.007543178438,0.56837877851,1.842992518621
    ));
#4471 = VECTOR('',#4472,1.);
#4472 = DIRECTION('',(-0.968368059635,0.176441632873,-0.176441637003));
#4473 = ORIENTED_EDGE('',*,*,#4474,.T.);
#4474 = EDGE_CURVE('',#4467,#3235,#4475,.T.);
#4475 = LINE('',#4476,#4477);
#4476 = CARTESIAN_POINT('',(-9.487294108587,1.202407265921,
    0.599995904601));
#4477 = VECTOR('',#4478,1.);
#4478 = DIRECTION('',(-0.983802840446,0.179253929192,2.4575E-13));
#4479 = ORIENTED_EDGE('',*,*,#3234,.T.);
#4480 = PLANE('',#4481);
#4481 = AXIS2_PLACEMENT_3D('',#4482,#4483,#4484);
#4482 = CARTESIAN_POINT('',(-12.13771224543,1.685327059908,1.));
#4483 = DIRECTION('',(-0.179253929192,-0.983802840446,8.889999999998E-15
    ));
#4484 = DIRECTION('',(0.983802840446,-0.179253929192,2.05E-15));
#4485 = ADVANCED_FACE('',(#4486,#4493),#4504,.T.);
#4486 = FACE_BOUND('',#4487,.T.);
#4487 = EDGE_LOOP('',(#4488,#4489,#4490,#4491,#4492));
#4488 = ORIENTED_EDGE('',*,*,#1760,.T.);
#4489 = ORIENTED_EDGE('',*,*,#1743,.T.);
#4490 = ORIENTED_EDGE('',*,*,#1718,.T.);
#4491 = ORIENTED_EDGE('',*,*,#1694,.T.);
#4492 = ORIENTED_EDGE('',*,*,#1647,.T.);
#4493 = FACE_BOUND('',#4494,.T.);
#4494 = EDGE_LOOP('',(#4495));
#4495 = ORIENTED_EDGE('',*,*,#4496,.T.);
#4496 = EDGE_CURVE('',#4497,#4497,#4499,.T.);
#4497 = VERTEX_POINT('',#4498);
#4498 = CARTESIAN_POINT('',(-16.91975139093,0.629393963422,
    5.000000000004));
#4499 = CIRCLE('',#4500,0.9);
#4500 = AXIS2_PLACEMENT_3D('',#4501,#4502,#4503);
#4501 = CARTESIAN_POINT('',(-16.91975139093,0.629393963422,
    4.100000000004));
#4502 = DIRECTION('',(1.7175975E-09,-1.,1.212E-14));
#4503 = DIRECTION('',(-1.4E-16,-1.212000000024E-14,-1.));
#4504 = PLANE('',#4505);
#4505 = AXIS2_PLACEMENT_3D('',#4506,#4507,#4508);
#4506 = CARTESIAN_POINT('',(0.295415123252,0.629393992991,
    21.599992814698));
#4507 = DIRECTION('',(-1.7175975E-09,1.,-1.212E-14));
#4508 = DIRECTION('',(-1.4E-16,-1.212000000024E-14,-1.));
#4509 = ADVANCED_FACE('',(#4510),#4515,.F.);
#4510 = FACE_BOUND('',#4511,.T.);
#4511 = EDGE_LOOP('',(#4512,#4513,#4514));
#4512 = ORIENTED_EDGE('',*,*,#3226,.F.);
#4513 = ORIENTED_EDGE('',*,*,#1767,.F.);
#4514 = ORIENTED_EDGE('',*,*,#4458,.F.);
#4515 = PLANE('',#4516);
#4516 = AXIS2_PLACEMENT_3D('',#4517,#4518,#4519);
#4517 = CARTESIAN_POINT('',(-2.030849346113,6.006666431638,
    18.756819052168));
#4518 = DIRECTION('',(-0.169010924946,-0.927585960194,0.333196028937));
#4519 = DIRECTION('',(0.983802840446,-0.179253929192,5.918182610642E-14)
  );
#4520 = ADVANCED_FACE('',(#4521),#4548,.T.);
#4521 = FACE_BOUND('',#4522,.T.);
#4522 = EDGE_LOOP('',(#4523,#4531,#4538,#4539,#4540,#4541,#4547));
#4523 = ORIENTED_EDGE('',*,*,#4524,.F.);
#4524 = EDGE_CURVE('',#4525,#3476,#4527,.T.);
#4525 = VERTEX_POINT('',#4526);
#4526 = CARTESIAN_POINT('',(-33.93407755213,2.629389019518,
    16.361608816965));
#4527 = LINE('',#4528,#4529);
#4528 = CARTESIAN_POINT('',(9.597990385887,2.629388983415,
    16.361608995905));
#4529 = VECTOR('',#4530,1.);
#4530 = DIRECTION('',(1.,-8.293401E-10,4.11052511E-09));
#4531 = ORIENTED_EDGE('',*,*,#4532,.T.);
#4532 = EDGE_CURVE('',#4525,#1808,#4533,.T.);
#4533 = ELLIPSE('',#4534,0.565685424949,0.4);
#4534 = AXIS2_PLACEMENT_3D('',#4535,#4536,#4537);
#4535 = CARTESIAN_POINT('',(-33.93407755247,2.229389019518,
    16.761608816965));
#4536 = DIRECTION('',(-2.320148169999E-09,0.707106781187,0.707106781187)
  );
#4537 = DIRECTION('',(-2.320148289999E-09,0.707106781187,-0.707106781187
    ));
#4538 = ORIENTED_EDGE('',*,*,#1807,.T.);
#4539 = ORIENTED_EDGE('',*,*,#2093,.T.);
#4540 = ORIENTED_EDGE('',*,*,#2060,.T.);
#4541 = ORIENTED_EDGE('',*,*,#4542,.F.);
#4542 = EDGE_CURVE('',#3484,#2051,#4543,.T.);
#4543 = LINE('',#4544,#4545);
#4544 = CARTESIAN_POINT('',(-2.225753563404,-4.290613166958,
    23.281611107481));
#4545 = VECTOR('',#4546,1.);
#4546 = DIRECTION('',(-1.,3.37630151E-09,-6.65748652E-09));
#4547 = ORIENTED_EDGE('',*,*,#3483,.F.);
#4548 = PLANE('',#4549);
#4549 = AXIS2_PLACEMENT_3D('',#4550,#4551,#4552);
#4550 = CARTESIAN_POINT('',(-1.384267580956,0.238483676621,
    18.752514266665));
#4551 = DIRECTION('',(-2.320148169999E-09,0.707106781187,0.707106781187)
  );
#4552 = DIRECTION('',(-1.,-3.281185149364E-09,1.406367144216E-16));
#4553 = ADVANCED_FACE('',(#4554),#4565,.T.);
#4554 = FACE_BOUND('',#4555,.T.);
#4555 = EDGE_LOOP('',(#4556,#4557,#4558,#4559));
#4556 = ORIENTED_EDGE('',*,*,#1830,.F.);
#4557 = ORIENTED_EDGE('',*,*,#1815,.F.);
#4558 = ORIENTED_EDGE('',*,*,#4532,.F.);
#4559 = ORIENTED_EDGE('',*,*,#4560,.F.);
#4560 = EDGE_CURVE('',#1831,#4525,#4561,.T.);
#4561 = LINE('',#4562,#4563);
#4562 = CARTESIAN_POINT('',(-33.93407755213,2.629389019518,
    11.950003208203));
#4563 = VECTOR('',#4564,1.);
#4564 = DIRECTION('',(1.4E-16,5.73E-15,1.));
#4565 = CYLINDRICAL_SURFACE('',#4566,0.4);
#4566 = AXIS2_PLACEMENT_3D('',#4567,#4568,#4569);
#4567 = CARTESIAN_POINT('',(-33.93407755247,2.229389019518,
    11.950003208203));
#4568 = DIRECTION('',(-1.4E-16,-5.73E-15,-1.));
#4569 = DIRECTION('',(-0.707106781501,0.707106780873,-3.95272690499E-15)
  );
#4570 = ADVANCED_FACE('',(#4571,#4607),#4618,.T.);
#4571 = FACE_BOUND('',#4572,.T.);
#4572 = EDGE_LOOP('',(#4573,#4581,#4582,#4583,#4584,#4585,#4593,#4601));
#4573 = ORIENTED_EDGE('',*,*,#4574,.T.);
#4574 = EDGE_CURVE('',#4575,#1840,#4577,.T.);
#4575 = VERTEX_POINT('',#4576);
#4576 = CARTESIAN_POINT('',(-32.30966163271,2.629389018171,
    7.058340841131));
#4577 = LINE('',#4578,#4579);
#4578 = CARTESIAN_POINT('',(-20.48621913029,2.629389008365,
    -9.49447860274));
#4579 = VECTOR('',#4580,1.);
#4580 = DIRECTION('',(-0.581238195103,4.820488000001E-10,0.813733470218)
  );
#4581 = ORIENTED_EDGE('',*,*,#1839,.F.);
#4582 = ORIENTED_EDGE('',*,*,#4560,.T.);
#4583 = ORIENTED_EDGE('',*,*,#4524,.T.);
#4584 = ORIENTED_EDGE('',*,*,#3475,.F.);
#4585 = ORIENTED_EDGE('',*,*,#4586,.F.);
#4586 = EDGE_CURVE('',#4587,#3468,#4589,.T.);
#4587 = VERTEX_POINT('',#4588);
#4588 = CARTESIAN_POINT('',(-21.47775134747,2.629389009187,
    8.099480226578));
#4589 = LINE('',#4590,#4591);
#4590 = CARTESIAN_POINT('',(-0.498751473969,2.629388991788,
    8.099480226578));
#4591 = VECTOR('',#4592,1.);
#4592 = DIRECTION('',(-1.,8.293401E-10,1.4E-16));
#4593 = ORIENTED_EDGE('',*,*,#4594,.F.);
#4594 = EDGE_CURVE('',#4595,#4587,#4597,.T.);
#4595 = VERTEX_POINT('',#4596);
#4596 = CARTESIAN_POINT('',(-21.47775134747,2.629388930477,
    7.058340720644));
#4597 = LINE('',#4598,#4599);
#4598 = CARTESIAN_POINT('',(-21.47775134747,2.629389009187,
    3.899783145957));
#4599 = VECTOR('',#4600,1.);
#4600 = DIRECTION('',(1.4E-16,5.73E-15,1.));
#4601 = ORIENTED_EDGE('',*,*,#4602,.T.);
#4602 = EDGE_CURVE('',#4595,#4575,#4603,.T.);
#4603 = LINE('',#4604,#4605);
#4604 = CARTESIAN_POINT('',(-3.538623842295,2.62938899431,7.058340925329
    ));
#4605 = VECTOR('',#4606,1.);
#4606 = DIRECTION('',(-1.,8.293401E-10,-2.92647762E-09));
#4607 = FACE_BOUND('',#4608,.T.);
#4608 = EDGE_LOOP('',(#4609));
#4609 = ORIENTED_EDGE('',*,*,#4610,.T.);
#4610 = EDGE_CURVE('',#4611,#4611,#4613,.T.);
#4611 = VERTEX_POINT('',#4612);
#4612 = CARTESIAN_POINT('',(-30.48407776757,2.629389014864,
    11.986394012412));
#4613 = CIRCLE('',#4614,1.7);
#4614 = AXIS2_PLACEMENT_3D('',#4615,#4616,#4617);
#4615 = CARTESIAN_POINT('',(-30.48407776757,2.629389014864,
    13.686394012412));
#4616 = DIRECTION('',(-8.293401E-10,-1.,5.73E-15));
#4617 = DIRECTION('',(1.4E-16,5.729999999884E-15,1.));
#4618 = PLANE('',#4619);
#4619 = AXIS2_PLACEMENT_3D('',#4620,#4621,#4622);
#4620 = CARTESIAN_POINT('',(20.580248397486,2.629388974307,2.6));
#4621 = DIRECTION('',(8.293401E-10,1.,-5.73E-15));
#4622 = DIRECTION('',(-1.,8.293401E-10,5.5E-16));
#4623 = ADVANCED_FACE('',(#4624),#4649,.T.);
#4624 = FACE_BOUND('',#4625,.T.);
#4625 = EDGE_LOOP('',(#4626,#4634,#4635,#4636,#4642,#4643));
#4626 = ORIENTED_EDGE('',*,*,#4627,.F.);
#4627 = EDGE_CURVE('',#1848,#4628,#4630,.T.);
#4628 = VERTEX_POINT('',#4629);
#4629 = CARTESIAN_POINT('',(-36.13706642245,3.526407548762,
    10.873418496648));
#4630 = LINE('',#4631,#4632);
#4631 = CARTESIAN_POINT('',(-27.2869171759,-8.27005275634,
    18.778607320626));
#4632 = VECTOR('',#4633,1.);
#4633 = DIRECTION('',(-0.528922488103,0.705006544135,-0.472447641867));
#4634 = ORIENTED_EDGE('',*,*,#1847,.F.);
#4635 = ORIENTED_EDGE('',*,*,#4574,.F.);
#4636 = ORIENTED_EDGE('',*,*,#4637,.F.);
#4637 = EDGE_CURVE('',#3275,#4575,#4638,.T.);
#4638 = LINE('',#4639,#4640);
#4639 = CARTESIAN_POINT('',(-31.40007152143,0.861883232632,
    8.825846628577));
#4640 = VECTOR('',#4641,1.);
#4641 = DIRECTION('',(0.341953402899,-0.664480198837,0.664480199554));
#4642 = ORIENTED_EDGE('',*,*,#3274,.T.);
#4643 = ORIENTED_EDGE('',*,*,#4644,.T.);
#4644 = EDGE_CURVE('',#3267,#4628,#4645,.T.);
#4645 = LINE('',#4646,#4647);
#4646 = CARTESIAN_POINT('',(-36.42725803523,3.236215934876,
    11.778951284673));
#4647 = VECTOR('',#4648,1.);
#4648 = DIRECTION('',(-0.291887742008,-0.291887743121,0.910825500017));
#4649 = PLANE('',#4650);
#4650 = AXIS2_PLACEMENT_3D('',#4651,#4652,#4653);
#4651 = CARTESIAN_POINT('',(-24.23718798159,-2.780829997617,
    5.064970519636));
#4652 = DIRECTION('',(0.575396454175,0.707106782284,0.410997468327));
#4653 = DIRECTION('',(-0.775645549311,0.631168742758,1.263433802023E-13)
  );
#4654 = ADVANCED_FACE('',(#4655),#4666,.T.);
#4655 = FACE_BOUND('',#4656,.T.);
#4656 = EDGE_LOOP('',(#4657,#4658,#4659,#4665));
#4657 = ORIENTED_EDGE('',*,*,#1855,.F.);
#4658 = ORIENTED_EDGE('',*,*,#4627,.T.);
#4659 = ORIENTED_EDGE('',*,*,#4660,.F.);
#4660 = EDGE_CURVE('',#1879,#4628,#4661,.T.);
#4661 = LINE('',#4662,#4663);
#4662 = CARTESIAN_POINT('',(-35.46098889268,4.202485081107,
    9.928085340921));
#4663 = VECTOR('',#4664,1.);
#4664 = DIRECTION('',(0.502827865457,0.502827867375,-0.703084826683));
#4665 = ORIENTED_EDGE('',*,*,#1878,.T.);
#4666 = PLANE('',#4667);
#4667 = AXIS2_PLACEMENT_3D('',#4668,#4669,#4670);
#4668 = CARTESIAN_POINT('',(-5.280883181643,-9.486035485172,
    10.818108166945));
#4669 = DIRECTION('',(0.284524947651,0.671782058159,0.683925741948));
#4670 = DIRECTION('',(-0.92081496549,0.389999742729,2.242928065499E-13)
  );
#4671 = ADVANCED_FACE('',(#4672),#4695,.F.);
#4672 = FACE_BOUND('',#4673,.T.);
#4673 = EDGE_LOOP('',(#4674,#4675,#4676,#4677,#4678,#4679,#4680,#4688));
#4674 = ORIENTED_EDGE('',*,*,#1934,.T.);
#4675 = ORIENTED_EDGE('',*,*,#1912,.T.);
#4676 = ORIENTED_EDGE('',*,*,#1886,.T.);
#4677 = ORIENTED_EDGE('',*,*,#4660,.T.);
#4678 = ORIENTED_EDGE('',*,*,#4644,.F.);
#4679 = ORIENTED_EDGE('',*,*,#3266,.F.);
#4680 = ORIENTED_EDGE('',*,*,#4681,.F.);
#4681 = EDGE_CURVE('',#4682,#3259,#4684,.T.);
#4682 = VERTEX_POINT('',#4683);
#4683 = CARTESIAN_POINT('',(-35.81692094863,3.846553023801,
    6.836618148198));
#4684 = LINE('',#4685,#4686);
#4685 = CARTESIAN_POINT('',(-33.50832129474,6.155152686493,7.57644366085
    ));
#4686 = VECTOR('',#4687,1.);
#4687 = DIRECTION('',(0.689622724265,0.689622726896,0.220999983543));
#4688 = ORIENTED_EDGE('',*,*,#4689,.T.);
#4689 = EDGE_CURVE('',#4682,#1935,#4690,.T.);
#4690 = ELLIPSE('',#4691,0.973242005032,0.4);
#4691 = AXIS2_PLACEMENT_3D('',#4692,#4693,#4694);
#4692 = CARTESIAN_POINT('',(-36.09976366066,3.56371031069,7.719218948223
    ));
#4693 = DIRECTION('',(-0.707106782535,0.707106779838,-8.604228440845E-15
    ));
#4694 = DIRECTION('',(0.318788355972,0.318788357188,-0.892607398254));
#4695 = PLANE('',#4696);
#4696 = AXIS2_PLACEMENT_3D('',#4697,#4698,#4699);
#4697 = CARTESIAN_POINT('',(-35.13407823728,4.529395737752,
    21.300008411399));
#4698 = DIRECTION('',(0.707106782535,-0.707106779838,8.560000000001E-15)
  );
#4699 = DIRECTION('',(0.707106779838,0.707106782535,-8.760000000001E-15)
  );
#4700 = ADVANCED_FACE('',(#4701),#4712,.T.);
#4701 = FACE_BOUND('',#4702,.T.);
#4702 = EDGE_LOOP('',(#4703,#4709,#4710,#4711));
#4703 = ORIENTED_EDGE('',*,*,#4704,.F.);
#4704 = EDGE_CURVE('',#2595,#4682,#4705,.T.);
#4705 = LINE('',#4706,#4707);
#4706 = CARTESIAN_POINT('',(-30.62510585938,3.846553034689,
    -0.431922976745));
#4707 = VECTOR('',#4708,1.);
#4708 = DIRECTION('',(-0.581238193719,-1.21892444E-09,0.813733471207));
#4709 = ORIENTED_EDGE('',*,*,#2594,.F.);
#4710 = ORIENTED_EDGE('',*,*,#1942,.F.);
#4711 = ORIENTED_EDGE('',*,*,#4689,.F.);
#4712 = CYLINDRICAL_SURFACE('',#4713,0.4);
#4713 = AXIS2_PLACEMENT_3D('',#4714,#4715,#4716);
#4714 = CARTESIAN_POINT('',(-30.3949472766,3.563710322654,
    -0.267523989465));
#4715 = DIRECTION('',(-0.581238193719,-1.21892444E-09,0.813733471207));
#4716 = DIRECTION('',(-0.751791699698,0.382683431002,-0.536994070639));
#4717 = ADVANCED_FACE('',(#4718),#4749,.T.);
#4718 = FACE_BOUND('',#4719,.T.);
#4719 = EDGE_LOOP('',(#4720,#4721,#4722,#4723,#4724,#4733,#4740,#4741,
    #4742,#4748));
#4720 = ORIENTED_EDGE('',*,*,#2027,.T.);
#4721 = ORIENTED_EDGE('',*,*,#2011,.T.);
#4722 = ORIENTED_EDGE('',*,*,#3546,.T.);
#4723 = ORIENTED_EDGE('',*,*,#3522,.F.);
#4724 = ORIENTED_EDGE('',*,*,#4725,.F.);
#4725 = EDGE_CURVE('',#4726,#3514,#4728,.T.);
#4726 = VERTEX_POINT('',#4727);
#4727 = CARTESIAN_POINT('',(-30.48736104693,1.207903384442,31.8631627017
    ));
#4728 = ELLIPSE('',#4729,2.404163051093,1.7);
#4729 = AXIS2_PLACEMENT_3D('',#4730,#4731,#4732);
#4730 = CARTESIAN_POINT('',(-30.48736104552,2.907903377454,33.5631627017
    ));
#4731 = DIRECTION('',(2.38740558E-09,0.70710678264,-0.707106779733));
#4732 = DIRECTION('',(5.8643411E-10,0.707106779733,0.70710678264));
#4733 = ORIENTED_EDGE('',*,*,#4734,.F.);
#4734 = EDGE_CURVE('',#3506,#4726,#4735,.T.);
#4735 = ELLIPSE('',#4736,2.404163051093,1.7);
#4736 = AXIS2_PLACEMENT_3D('',#4737,#4738,#4739);
#4737 = CARTESIAN_POINT('',(-30.48736104552,2.907903377454,33.5631627017
    ));
#4738 = DIRECTION('',(2.38740558E-09,0.70710678264,-0.707106779733));
#4739 = DIRECTION('',(5.8643411E-10,0.707106779733,0.70710678264));
#4740 = ORIENTED_EDGE('',*,*,#3505,.F.);
#4741 = ORIENTED_EDGE('',*,*,#3449,.F.);
#4742 = ORIENTED_EDGE('',*,*,#4743,.F.);
#4743 = EDGE_CURVE('',#2053,#3450,#4744,.T.);
#4744 = LINE('',#4745,#4746);
#4745 = CARTESIAN_POINT('',(-12.70433293552,-4.290613144252,
    26.364646210445));
#4746 = VECTOR('',#4747,1.);
#4747 = DIRECTION('',(1.,-3.37630148E-09,-1.4E-16));
#4748 = ORIENTED_EDGE('',*,*,#2078,.T.);
#4749 = PLANE('',#4750);
#4750 = AXIS2_PLACEMENT_3D('',#4751,#4752,#4753);
#4751 = CARTESIAN_POINT('',(-22.34142638368,-3.261323793918,
    27.393935532472));
#4752 = DIRECTION('',(2.38740558E-09,0.70710678264,-0.707106779733));
#4753 = DIRECTION('',(-1.,3.376301481591E-09,1.384093746987E-16));
#4754 = ADVANCED_FACE('',(#4755),#4761,.T.);
#4755 = FACE_BOUND('',#4756,.T.);
#4756 = EDGE_LOOP('',(#4757,#4758,#4759,#4760));
#4757 = ORIENTED_EDGE('',*,*,#2050,.T.);
#4758 = ORIENTED_EDGE('',*,*,#4743,.T.);
#4759 = ORIENTED_EDGE('',*,*,#3491,.F.);
#4760 = ORIENTED_EDGE('',*,*,#4542,.T.);
#4761 = PLANE('',#4762);
#4762 = AXIS2_PLACEMENT_3D('',#4763,#4764,#4765);
#4763 = CARTESIAN_POINT('',(-3.067239483888,-4.290613153915,
    20.799999988986));
#4764 = DIRECTION('',(3.37630148E-09,1.,4.11051568E-09));
#4765 = DIRECTION('',(-1.,3.37630148E-09,1.4E-16));
#4766 = ADVANCED_FACE('',(#4767),#4788,.F.);
#4767 = FACE_BOUND('',#4768,.F.);
#4768 = EDGE_LOOP('',(#4769,#4770,#4771,#4779,#4786,#4787));
#4769 = ORIENTED_EDGE('',*,*,#2119,.T.);
#4770 = ORIENTED_EDGE('',*,*,#2222,.F.);
#4771 = ORIENTED_EDGE('',*,*,#4772,.T.);
#4772 = EDGE_CURVE('',#2181,#4773,#4775,.T.);
#4773 = VERTEX_POINT('',#4774);
#4774 = CARTESIAN_POINT('',(-30.48736104813,-0.370610985034,
    36.5631627017));
#4775 = LINE('',#4776,#4777);
#4776 = CARTESIAN_POINT('',(-30.48736101621,39.829197764032,
    36.563162701699));
#4777 = VECTOR('',#4778,1.);
#4778 = DIRECTION('',(7.9422275E-10,1.,-1.224E-14));
#4779 = ORIENTED_EDGE('',*,*,#4780,.T.);
#4780 = EDGE_CURVE('',#4773,#4773,#4781,.T.);
#4781 = CIRCLE('',#4782,3.);
#4782 = AXIS2_PLACEMENT_3D('',#4783,#4784,#4785);
#4783 = CARTESIAN_POINT('',(-30.48736104813,-0.370610985139,
    33.5631627017));
#4784 = DIRECTION('',(-8.293401E-10,-1.,5.73E-15));
#4785 = DIRECTION('',(-1.4E-16,-5.729999999884E-15,-1.));
#4786 = ORIENTED_EDGE('',*,*,#4772,.F.);
#4787 = ORIENTED_EDGE('',*,*,#2180,.F.);
#4788 = CYLINDRICAL_SURFACE('',#4789,3.);
#4789 = AXIS2_PLACEMENT_3D('',#4790,#4791,#4792);
#4790 = CARTESIAN_POINT('',(-30.48736101621,39.829197764032,
    33.563162701699));
#4791 = DIRECTION('',(-7.9422275E-10,-1.,1.224E-14));
#4792 = DIRECTION('',(-1.4E-16,-1.223999999989E-14,-1.));
#4793 = ADVANCED_FACE('',(#4794),#4815,.F.);
#4794 = FACE_BOUND('',#4795,.F.);
#4795 = EDGE_LOOP('',(#4796,#4797,#4798,#4806,#4813,#4814));
#4796 = ORIENTED_EDGE('',*,*,#2308,.T.);
#4797 = ORIENTED_EDGE('',*,*,#2406,.T.);
#4798 = ORIENTED_EDGE('',*,*,#4799,.T.);
#4799 = EDGE_CURVE('',#2374,#4800,#4802,.T.);
#4800 = VERTEX_POINT('',#4801);
#4801 = CARTESIAN_POINT('',(-30.48407776996,-0.370610985036,
    16.686394012412));
#4802 = LINE('',#4803,#4804);
#4803 = CARTESIAN_POINT('',(-30.48407773803,39.82919776403,
    16.686394012411));
#4804 = VECTOR('',#4805,1.);
#4805 = DIRECTION('',(7.9422275E-10,1.,-1.224E-14));
#4806 = ORIENTED_EDGE('',*,*,#4807,.T.);
#4807 = EDGE_CURVE('',#4800,#4800,#4808,.T.);
#4808 = CIRCLE('',#4809,3.);
#4809 = AXIS2_PLACEMENT_3D('',#4810,#4811,#4812);
#4810 = CARTESIAN_POINT('',(-30.48407776996,-0.370610985142,
    13.686394012412));
#4811 = DIRECTION('',(-8.293401E-10,-1.,5.73E-15));
#4812 = DIRECTION('',(-1.4E-16,-5.729999999884E-15,-1.));
#4813 = ORIENTED_EDGE('',*,*,#4799,.F.);
#4814 = ORIENTED_EDGE('',*,*,#2373,.F.);
#4815 = CYLINDRICAL_SURFACE('',#4816,3.);
#4816 = AXIS2_PLACEMENT_3D('',#4817,#4818,#4819);
#4817 = CARTESIAN_POINT('',(-30.48407773803,39.82919776403,
    13.686394012411));
#4818 = DIRECTION('',(-7.9422275E-10,-1.,1.224E-14));
#4819 = DIRECTION('',(-1.4E-16,-1.223999999989E-14,-1.));
#4820 = ADVANCED_FACE('',(#4821),#4845,.F.);
#4821 = FACE_BOUND('',#4822,.T.);
#4822 = EDGE_LOOP('',(#4823,#4829,#4830,#4838,#4844));
#4823 = ORIENTED_EDGE('',*,*,#4824,.F.);
#4824 = EDGE_CURVE('',#3251,#2480,#4825,.T.);
#4825 = LINE('',#4826,#4827);
#4826 = CARTESIAN_POINT('',(-28.96414422432,7.419842929563,
    3.390451109405));
#4827 = VECTOR('',#4828,1.);
#4828 = DIRECTION('',(-0.341953400557,-0.664480200157,-0.66448019944));
#4829 = ORIENTED_EDGE('',*,*,#3250,.F.);
#4830 = ORIENTED_EDGE('',*,*,#4831,.F.);
#4831 = EDGE_CURVE('',#4832,#3243,#4834,.T.);
#4832 = VERTEX_POINT('',#4833);
#4833 = CARTESIAN_POINT('',(-25.53789382899,4.380199636851,
    0.350807809508));
#4834 = LINE('',#4835,#4836);
#4835 = CARTESIAN_POINT('',(-4.418252560719,2.471855441051,
    -1.557536430584));
#4836 = VECTOR('',#4837,1.);
#4837 = DIRECTION('',(-0.991933949741,8.962990287381E-02,
    8.962990495409E-02));
#4838 = ORIENTED_EDGE('',*,*,#4839,.F.);
#4839 = EDGE_CURVE('',#2482,#4832,#4840,.T.);
#4840 = LINE('',#4841,#4842);
#4841 = CARTESIAN_POINT('',(-25.5348650573,4.413719046873,0.384327219524
    ));
#4842 = VECTOR('',#4843,1.);
#4843 = DIRECTION('',(6.376325907939E-02,0.705667856353,0.70566785622));
#4844 = ORIENTED_EDGE('',*,*,#2479,.F.);
#4845 = PLANE('',#4846);
#4846 = AXIS2_PLACEMENT_3D('',#4847,#4848,#4849);
#4847 = CARTESIAN_POINT('',(-1.771903680999,4.229391877185,0.2));
#4848 = DIRECTION('',(1.482937299999E-09,-0.707106781187,0.707106781187)
  );
#4849 = DIRECTION('',(1.,2.097189895904E-09,-1.459040053477E-16));
#4850 = ADVANCED_FACE('',(#4851),#4869,.F.);
#4851 = FACE_BOUND('',#4852,.T.);
#4852 = EDGE_LOOP('',(#4853,#4854,#4862,#4868));
#4853 = ORIENTED_EDGE('',*,*,#4839,.T.);
#4854 = ORIENTED_EDGE('',*,*,#4855,.F.);
#4855 = EDGE_CURVE('',#4856,#4832,#4858,.T.);
#4856 = VERTEX_POINT('',#4857);
#4857 = CARTESIAN_POINT('',(-12.84102216548,2.066764423449,
    0.350807809506));
#4858 = LINE('',#4859,#4860);
#4859 = CARTESIAN_POINT('',(-8.491321398241,1.274226608672,
    0.350807809506));
#4860 = VECTOR('',#4861,1.);
#4861 = DIRECTION('',(-0.983802840446,0.179253929192,1.2147E-13));
#4862 = ORIENTED_EDGE('',*,*,#4863,.T.);
#4863 = EDGE_CURVE('',#4856,#2490,#4864,.T.);
#4864 = LINE('',#4865,#4866);
#4865 = CARTESIAN_POINT('',(-12.84105148816,2.066439909302,0.35048329536
    ));
#4866 = VECTOR('',#4867,1.);
#4867 = DIRECTION('',(-6.37632583171E-02,-0.705667856457,-0.705667856185
    ));
#4868 = ORIENTED_EDGE('',*,*,#2489,.F.);
#4869 = PLANE('',#4870);
#4870 = AXIS2_PLACEMENT_3D('',#4871,#4872,#4873);
#4871 = CARTESIAN_POINT('',(-10.2174676623,1.435448638298,0.2));
#4872 = DIRECTION('',(-0.126751668886,-0.69565365983,0.707106781187));
#4873 = DIRECTION('',(0.983802840446,-0.179253929192,-2.178812685827E-15
    ));
#4874 = ADVANCED_FACE('',(#4875),#4903,.F.);
#4875 = FACE_BOUND('',#4876,.F.);
#4876 = EDGE_LOOP('',(#4877,#4878,#4879,#4887,#4896));
#4877 = ORIENTED_EDGE('',*,*,#4863,.T.);
#4878 = ORIENTED_EDGE('',*,*,#2497,.T.);
#4879 = ORIENTED_EDGE('',*,*,#4880,.T.);
#4880 = EDGE_CURVE('',#2498,#4881,#4883,.T.);
#4881 = VERTEX_POINT('',#4882);
#4882 = CARTESIAN_POINT('',(-12.79039467447,2.061373316803,
    0.349997951404));
#4883 = LINE('',#4884,#4885);
#4884 = CARTESIAN_POINT('',(-12.7903508194,2.06185866076,0.35048329536)
  );
#4885 = VECTOR('',#4886,1.);
#4886 = DIRECTION('',(6.37632583171E-02,0.705667856457,0.705667856185));
#4887 = ORIENTED_EDGE('',*,*,#4888,.T.);
#4888 = EDGE_CURVE('',#4881,#4889,#4891,.T.);
#4889 = VERTEX_POINT('',#4890);
#4890 = CARTESIAN_POINT('',(-12.80689444754,2.06161307066,0.349758197477
    ));
#4891 = ELLIPSE('',#4892,0.400815638683,0.4);
#4892 = AXIS2_PLACEMENT_3D('',#4893,#4894,#4895);
#4893 = CARTESIAN_POINT('',(-12.79039467568,2.344216029278,
    6.715523892957E-02));
#4894 = DIRECTION('',(3.015279469998E-09,-0.707106781187,-0.707106781187
    ));
#4895 = DIRECTION('',(-1.,-4.264718720408E-09,4.695995919998E-13));
#4896 = ORIENTED_EDGE('',*,*,#4897,.T.);
#4897 = EDGE_CURVE('',#4889,#4856,#4898,.T.);
#4898 = ELLIPSE('',#4899,0.400815638683,0.4);
#4899 = AXIS2_PLACEMENT_3D('',#4900,#4901,#4902);
#4900 = CARTESIAN_POINT('',(-12.79032149792,2.34502588738,
    6.796509703152E-02));
#4901 = DIRECTION('',(-0.126751668886,-0.69565365983,-0.707106781187));
#4902 = DIRECTION('',(0.983802840446,-0.179253929193,6.507988592475E-13)
  );
#4903 = CYLINDRICAL_SURFACE('',#4904,0.4);
#4904 = AXIS2_PLACEMENT_3D('',#4905,#4906,#4907);
#4905 = CARTESIAN_POINT('',(-12.79035082061,2.344701373234,
    6.764058288566E-02));
#4906 = DIRECTION('',(6.37632583171E-02,0.705667856457,0.705667856185));
#4907 = DIRECTION('',(-6.350453750479E-02,-0.702804593731,0.708542783992
    ));
#4908 = ADVANCED_FACE('',(#4909),#4927,.F.);
#4909 = FACE_BOUND('',#4910,.T.);
#4910 = EDGE_LOOP('',(#4911,#4919,#4920,#4921));
#4911 = ORIENTED_EDGE('',*,*,#4912,.T.);
#4912 = EDGE_CURVE('',#4913,#2507,#4915,.T.);
#4913 = VERTEX_POINT('',#4914);
#4914 = CARTESIAN_POINT('',(12.750892010931,2.061373425721,
    0.349997951401));
#4915 = LINE('',#4916,#4917);
#4916 = CARTESIAN_POINT('',(12.763869308632,1.917753710837,
    0.206378236462));
#4917 = VECTOR('',#4918,1.);
#4918 = DIRECTION('',(6.376326433537E-02,-0.705667855913,-0.705667856185
    ));
#4919 = ORIENTED_EDGE('',*,*,#2506,.F.);
#4920 = ORIENTED_EDGE('',*,*,#4880,.T.);
#4921 = ORIENTED_EDGE('',*,*,#4922,.F.);
#4922 = EDGE_CURVE('',#4913,#4881,#4923,.T.);
#4923 = LINE('',#4924,#4925);
#4924 = CARTESIAN_POINT('',(-0.576921448894,2.061373368886,
    0.349997951403));
#4925 = VECTOR('',#4926,1.);
#4926 = DIRECTION('',(-1.,-4.26437515E-09,1.2603E-13));
#4927 = PLANE('',#4928);
#4928 = AXIS2_PLACEMENT_3D('',#4929,#4930,#4931);
#4929 = CARTESIAN_POINT('',(-2.323332937178,1.861170828572,
    0.149795418536));
#4930 = DIRECTION('',(3.015457699998E-09,-0.707106781187,0.707106781187)
  );
#4931 = DIRECTION('',(1.,4.26450103305E-09,-1.430499574036E-16));
#4932 = ADVANCED_FACE('',(#4933),#4946,.F.);
#4933 = FACE_BOUND('',#4934,.F.);
#4934 = EDGE_LOOP('',(#4935,#4936,#4937,#4938,#4939));
#4935 = ORIENTED_EDGE('',*,*,#4912,.T.);
#4936 = ORIENTED_EDGE('',*,*,#2514,.T.);
#4937 = ORIENTED_EDGE('',*,*,#3751,.T.);
#4938 = ORIENTED_EDGE('',*,*,#3816,.T.);
#4939 = ORIENTED_EDGE('',*,*,#4940,.T.);
#4940 = EDGE_CURVE('',#3801,#4913,#4941,.T.);
#4941 = ELLIPSE('',#4942,0.400815638683,0.4);
#4942 = AXIS2_PLACEMENT_3D('',#4943,#4944,#4945);
#4943 = CARTESIAN_POINT('',(12.750892009725,2.344216138196,
    6.715523892638E-02));
#4944 = DIRECTION('',(3.015279469998E-09,-0.707106781187,-0.707106781187
    ));
#4945 = DIRECTION('',(1.,4.264028335408E-09,2.207854080005E-13));
#4946 = CYLINDRICAL_SURFACE('',#4947,0.4);
#4947 = AXIS2_PLACEMENT_3D('',#4948,#4949,#4950);
#4948 = CARTESIAN_POINT('',(12.763869307425,2.200596423312,
    -7.646447601314E-02));
#4949 = DIRECTION('',(-6.376326433537E-02,0.705667855913,0.705667856185)
  );
#4950 = DIRECTION('',(6.350454349906E-02,-0.702804593189,0.708542783992)
  );
#4951 = ADVANCED_FACE('',(#4952),#4971,.T.);
#4952 = FACE_BOUND('',#4953,.T.);
#4953 = EDGE_LOOP('',(#4954,#4955,#4964,#4970));
#4954 = ORIENTED_EDGE('',*,*,#3783,.F.);
#4955 = ORIENTED_EDGE('',*,*,#4956,.T.);
#4956 = EDGE_CURVE('',#3776,#4957,#4959,.T.);
#4957 = VERTEX_POINT('',#4958);
#4958 = CARTESIAN_POINT('',(29.367114107983,6.15156681081,1.436630160806
    ));
#4959 = ELLIPSE('',#4960,0.575393698572,0.4);
#4960 = AXIS2_PLACEMENT_3D('',#4961,#4962,#4963);
#4961 = CARTESIAN_POINT('',(29.293895417395,6.138225988995,
    1.965685424934));
#4962 = DIRECTION('',(0.179253934704,-0.983802839441,-4.236888617726E-14
    ));
#4963 = DIRECTION('',(-0.250345615582,-4.561425809102E-02,
    -0.967081388621));
#4964 = ORIENTED_EDGE('',*,*,#4965,.T.);
#4965 = EDGE_CURVE('',#4957,#2532,#4966,.T.);
#4966 = LINE('',#4967,#4968);
#4967 = CARTESIAN_POINT('',(29.250598932761,4.642726816868,
    -2.688510588612E-02));
#4968 = VECTOR('',#4969,1.);
#4969 = DIRECTION('',(-5.534522092709E-02,-0.716705636408,
    -0.695176191524));
#4970 = ORIENTED_EDGE('',*,*,#2531,.T.);
#4971 = CYLINDRICAL_SURFACE('',#4972,0.4);
#4972 = AXIS2_PLACEMENT_3D('',#4973,#4974,#4975);
#4973 = CARTESIAN_POINT('',(29.157778466059,4.375548297969,
    0.255957606589));
#4974 = DIRECTION('',(5.534522092709E-02,0.716705636408,0.695176191524)
  );
#4975 = DIRECTION('',(5.352333310738E-02,0.693112682091,-0.718839385912)
  );
#4976 = ADVANCED_FACE('',(#4977),#4995,.F.);
#4977 = FACE_BOUND('',#4978,.T.);
#4978 = EDGE_LOOP('',(#4979,#4985,#4986,#4987,#4993,#4994));
#4979 = ORIENTED_EDGE('',*,*,#4980,.F.);
#4980 = EDGE_CURVE('',#2541,#2712,#4981,.T.);
#4981 = LINE('',#4982,#4983);
#4982 = CARTESIAN_POINT('',(30.793871479651,4.035842746773,
    -9.370354633518E-02));
#4983 = VECTOR('',#4984,1.);
#4984 = DIRECTION('',(0.631719194489,0.449290237655,0.631719195261));
#4985 = ORIENTED_EDGE('',*,*,#2540,.T.);
#4986 = ORIENTED_EDGE('',*,*,#4965,.F.);
#4987 = ORIENTED_EDGE('',*,*,#4988,.F.);
#4988 = EDGE_CURVE('',#2753,#4957,#4989,.T.);
#4989 = LINE('',#4990,#4991);
#4990 = CARTESIAN_POINT('',(15.407618059267,3.60807487025,
    -5.547086444091));
#4991 = VECTOR('',#4992,1.);
#4992 = DIRECTION('',(-0.88268333046,-0.160829440351,-0.441592605513));
#4993 = ORIENTED_EDGE('',*,*,#2752,.F.);
#4994 = ORIENTED_EDGE('',*,*,#2720,.F.);
#4995 = PLANE('',#4996);
#4996 = AXIS2_PLACEMENT_3D('',#4997,#4998,#4999);
#4997 = CARTESIAN_POINT('',(13.804856094363,11.625134652255,
    1.499999999988));
#4998 = DIRECTION('',(-0.232051166756,-0.667946297248,0.707106781187));
#4999 = DIRECTION('',(0.944618712505,-0.328169907191,-1.950939410023E-13
    ));
#5000 = ADVANCED_FACE('',(#5001),#5012,.T.);
#5001 = FACE_BOUND('',#5002,.T.);
#5002 = EDGE_LOOP('',(#5003,#5004,#5010,#5011));
#5003 = ORIENTED_EDGE('',*,*,#2711,.T.);
#5004 = ORIENTED_EDGE('',*,*,#5005,.T.);
#5005 = EDGE_CURVE('',#2704,#2549,#5006,.T.);
#5006 = LINE('',#5007,#5008);
#5007 = CARTESIAN_POINT('',(30.983893725423,3.76866422836,
    -9.370354633516E-02));
#5008 = VECTOR('',#5009,1.);
#5009 = DIRECTION('',(-0.631719194489,-0.449290237655,-0.631719195261));
#5010 = ORIENTED_EDGE('',*,*,#2548,.T.);
#5011 = ORIENTED_EDGE('',*,*,#4980,.T.);
#5012 = CYLINDRICAL_SURFACE('',#5013,0.4);
#5013 = AXIS2_PLACEMENT_3D('',#5014,#5015,#5016);
#5014 = CARTESIAN_POINT('',(30.701051012949,3.768664227874,0.18913916614
    ));
#5015 = DIRECTION('',(0.631719194489,0.449290237655,0.631719195261));
#5016 = DIRECTION('',(0.514796864887,0.366132939741,-0.775197302845));
#5017 = ADVANCED_FACE('',(#5018),#5030,.F.);
#5018 = FACE_BOUND('',#5019,.T.);
#5019 = EDGE_LOOP('',(#5020,#5026,#5027,#5028,#5029));
#5020 = ORIENTED_EDGE('',*,*,#5021,.F.);
#5021 = EDGE_CURVE('',#2558,#2670,#5022,.T.);
#5022 = LINE('',#5023,#5024);
#5023 = CARTESIAN_POINT('',(32.265246007471,2.879380349237,
    1.187648734185));
#5024 = VECTOR('',#5025,1.);
#5025 = DIRECTION('',(0.643104340682,0.415732622095,0.643104341396));
#5026 = ORIENTED_EDGE('',*,*,#2557,.T.);
#5027 = ORIENTED_EDGE('',*,*,#5005,.F.);
#5028 = ORIENTED_EDGE('',*,*,#2703,.F.);
#5029 = ORIENTED_EDGE('',*,*,#2669,.F.);
#5030 = PLANE('',#5031);
#5031 = AXIS2_PLACEMENT_3D('',#5032,#5033,#5034);
#5032 = CARTESIAN_POINT('',(32.577597255291,13.344151599935,
    1.499999999984));
#5033 = DIRECTION('',(-0.707106781186,-1.21486593E-09,0.707106781187));
#5034 = DIRECTION('',(1.718091422336E-09,-1.,1.154766397584E-14));
#5035 = ADVANCED_FACE('',(#5036),#5042,.T.);
#5036 = FACE_BOUND('',#5037,.T.);
#5037 = EDGE_LOOP('',(#5038,#5039,#5040,#5041));
#5038 = ORIENTED_EDGE('',*,*,#2677,.T.);
#5039 = ORIENTED_EDGE('',*,*,#2637,.T.);
#5040 = ORIENTED_EDGE('',*,*,#2565,.T.);
#5041 = ORIENTED_EDGE('',*,*,#5021,.T.);
#5042 = CYLINDRICAL_SURFACE('',#5043,0.4);
#5043 = AXIS2_PLACEMENT_3D('',#5044,#5045,#5046);
#5044 = CARTESIAN_POINT('',(31.982403294997,2.879380348751,
    1.470491446659));
#5045 = DIRECTION('',(0.643104340682,0.415732622095,0.643104341396));
#5046 = DIRECTION('',(0.765354729021,-0.376877889309,-0.52172329382));
#5047 = ADVANCED_FACE('',(#5048),#5055,.F.);
#5048 = FACE_BOUND('',#5049,.T.);
#5049 = EDGE_LOOP('',(#5050,#5051,#5052,#5053,#5054));
#5050 = ORIENTED_EDGE('',*,*,#4824,.T.);
#5051 = ORIENTED_EDGE('',*,*,#2603,.F.);
#5052 = ORIENTED_EDGE('',*,*,#4704,.T.);
#5053 = ORIENTED_EDGE('',*,*,#4681,.T.);
#5054 = ORIENTED_EDGE('',*,*,#3258,.F.);
#5055 = PLANE('',#5056);
#5056 = AXIS2_PLACEMENT_3D('',#5057,#5058,#5059);
#5057 = CARTESIAN_POINT('',(-30.16903492708,4.229395748164,
    -0.411754775048));
#5058 = DIRECTION('',(0.575396456963,-0.707106780089,0.4109974682));
#5059 = DIRECTION('',(0.775645546854,0.631168745777,1.037225860756E-13)
  );
#5060 = ADVANCED_FACE('',(#5061),#5074,.T.);
#5061 = FACE_BOUND('',#5062,.T.);
#5062 = EDGE_LOOP('',(#5063,#5064,#5070,#5071,#5072,#5073));
#5063 = ORIENTED_EDGE('',*,*,#3775,.T.);
#5064 = ORIENTED_EDGE('',*,*,#5065,.T.);
#5065 = EDGE_CURVE('',#3768,#3984,#5066,.T.);
#5066 = LINE('',#5067,#5068);
#5067 = CARTESIAN_POINT('',(22.403734729054,4.882803291872,
    10.34999190706));
#5068 = VECTOR('',#5069,1.);
#5069 = DIRECTION('',(2.4849E-13,1.87E-15,1.));
#5070 = ORIENTED_EDGE('',*,*,#3983,.T.);
#5071 = ORIENTED_EDGE('',*,*,#2760,.T.);
#5072 = ORIENTED_EDGE('',*,*,#4988,.T.);
#5073 = ORIENTED_EDGE('',*,*,#4956,.F.);
#5074 = PLANE('',#5075);
#5075 = AXIS2_PLACEMENT_3D('',#5076,#5077,#5078);
#5076 = CARTESIAN_POINT('',(-0.866796126407,0.642792945015,
    21.299987909534));
#5077 = DIRECTION('',(-0.179253934704,0.983802839441,4.238000000002E-14)
  );
#5078 = DIRECTION('',(-0.983802839441,-0.179253934704,2.130000000001E-15
    ));
#5079 = ADVANCED_FACE('',(#5080),#5105,.T.);
#5080 = FACE_BOUND('',#5081,.T.);
#5081 = EDGE_LOOP('',(#5082,#5091,#5097,#5104));
#5082 = ORIENTED_EDGE('',*,*,#5083,.T.);
#5083 = EDGE_CURVE('',#2769,#5084,#5086,.T.);
#5084 = VERTEX_POINT('',#5085);
#5085 = CARTESIAN_POINT('',(25.340395333645,3.729395847601,
    11.980885874365));
#5086 = ELLIPSE('',#5087,6.103872943807,5.);
#5087 = AXIS2_PLACEMENT_3D('',#5088,#5089,#5090);
#5088 = CARTESIAN_POINT('',(25.340395325055,8.729395847601,
    15.481923565414));
#5089 = DIRECTION('',(-9.8565639E-10,0.573576436351,-0.819152044289));
#5090 = DIRECTION('',(1.40724085E-09,-0.819152044289,-0.573576436351));
#5091 = ORIENTED_EDGE('',*,*,#5092,.T.);
#5092 = EDGE_CURVE('',#5084,#4403,#5093,.T.);
#5093 = LINE('',#5094,#5095);
#5094 = CARTESIAN_POINT('',(25.34039533365,3.729395847601,35.60000005311
    ));
#5095 = VECTOR('',#5096,1.);
#5096 = DIRECTION('',(-2.4205E-13,-1.671E-14,-1.));
#5097 = ORIENTED_EDGE('',*,*,#5098,.F.);
#5098 = EDGE_CURVE('',#2771,#4403,#5099,.T.);
#5099 = ELLIPSE('',#5100,6.060028663671,5.);
#5100 = AXIS2_PLACEMENT_3D('',#5101,#5102,#5103);
#5101 = CARTESIAN_POINT('',(25.340395325054,8.7293958476,11.024025284626
    ));
#5102 = DIRECTION('',(-9.709608999996E-10,0.565017959453,-0.825078605647
    ));
#5103 = DIRECTION('',(1.417435789999E-09,-0.825078605647,-0.565017959453
    ));
#5104 = ORIENTED_EDGE('',*,*,#2768,.F.);
#5105 = CYLINDRICAL_SURFACE('',#5106,5.);
#5106 = AXIS2_PLACEMENT_3D('',#5107,#5108,#5109);
#5107 = CARTESIAN_POINT('',(25.340395325055,8.729395847601,
    17.570189580738));
#5108 = DIRECTION('',(-2.4228E-13,-1.623E-14,-1.));
#5109 = DIRECTION('',(0.916451831771,-0.400145023764,-2.155435960658E-13
    ));
#5110 = ADVANCED_FACE('',(#5111),#5137,.T.);
#5111 = FACE_BOUND('',#5112,.T.);
#5112 = EDGE_LOOP('',(#5113,#5114,#5122,#5128,#5129,#5130));
#5113 = ORIENTED_EDGE('',*,*,#4385,.F.);
#5114 = ORIENTED_EDGE('',*,*,#5115,.T.);
#5115 = EDGE_CURVE('',#4378,#5116,#5118,.T.);
#5116 = VERTEX_POINT('',#5117);
#5117 = CARTESIAN_POINT('',(25.080248396088,3.729395847154,
    11.980885874365));
#5118 = LINE('',#5119,#5120);
#5119 = CARTESIAN_POINT('',(25.080248408846,-3.697027865507,
    6.780848008821));
#5120 = VECTOR('',#5121,1.);
#5121 = DIRECTION('',(-1.40724094E-09,0.819152044289,0.573576436351));
#5122 = ORIENTED_EDGE('',*,*,#5123,.T.);
#5123 = EDGE_CURVE('',#5116,#5084,#5124,.T.);
#5124 = LINE('',#5125,#5126);
#5125 = CARTESIAN_POINT('',(21.080248396088,3.729395840282,
    11.980885874366));
#5126 = VECTOR('',#5127,1.);
#5127 = DIRECTION('',(1.,1.71809463E-09,-2.4146E-13));
#5128 = ORIENTED_EDGE('',*,*,#5083,.F.);
#5129 = ORIENTED_EDGE('',*,*,#2794,.F.);
#5130 = ORIENTED_EDGE('',*,*,#5131,.T.);
#5131 = EDGE_CURVE('',#2787,#4386,#5132,.T.);
#5132 = ELLIPSE('',#5133,14.090645726223,11.542381251988);
#5133 = AXIS2_PLACEMENT_3D('',#5134,#5135,#5136);
#5134 = CARTESIAN_POINT('',(20.66946202074,5.837783333618,
    13.457194691162));
#5135 = DIRECTION('',(-9.8565639E-10,0.573576436351,-0.819152044289));
#5136 = DIRECTION('',(1.40724138E-09,-0.819152044289,-0.573576436351));
#5137 = PLANE('',#5138);
#5138 = AXIS2_PLACEMENT_3D('',#5139,#5140,#5141);
#5139 = CARTESIAN_POINT('',(20.580248408846,-3.697027873238,
    6.780848008822));
#5140 = DIRECTION('',(-9.8565639E-10,0.573576436351,-0.819152044289));
#5141 = DIRECTION('',(-1.40724094E-09,0.819152044289,0.573576436351));
#5142 = ADVANCED_FACE('',(#5143),#5155,.F.);
#5143 = FACE_BOUND('',#5144,.T.);
#5144 = EDGE_LOOP('',(#5145,#5146,#5147,#5154));
#5145 = ORIENTED_EDGE('',*,*,#5098,.T.);
#5146 = ORIENTED_EDGE('',*,*,#4402,.T.);
#5147 = ORIENTED_EDGE('',*,*,#5148,.F.);
#5148 = EDGE_CURVE('',#2779,#4394,#5149,.T.);
#5149 = ELLIPSE('',#5150,13.989432246813,11.542381251988);
#5150 = AXIS2_PLACEMENT_3D('',#5151,#5152,#5153);
#5151 = CARTESIAN_POINT('',(20.669462020739,5.837783333618,
    9.043834565267));
#5152 = DIRECTION('',(-9.709608999996E-10,0.565017959453,-0.825078605647
    ));
#5153 = DIRECTION('',(1.417436249999E-09,-0.825078605647,-0.565017959453
    ));
#5154 = ORIENTED_EDGE('',*,*,#2778,.F.);
#5155 = PLANE('',#5156);
#5156 = AXIS2_PLACEMENT_3D('',#5157,#5158,#5159);
#5157 = CARTESIAN_POINT('',(31.711843272918,5.726387689063,8.96755025724
    ));
#5158 = DIRECTION('',(-9.709608999996E-10,0.565017959453,-0.825078605647
    ));
#5159 = DIRECTION('',(1.417425019999E-09,-0.825078605647,-0.565017959453
    ));
#5160 = ADVANCED_FACE('',(#5161),#5167,.F.);
#5161 = FACE_BOUND('',#5162,.F.);
#5162 = EDGE_LOOP('',(#5163,#5164,#5165,#5166));
#5163 = ORIENTED_EDGE('',*,*,#5148,.F.);
#5164 = ORIENTED_EDGE('',*,*,#2786,.F.);
#5165 = ORIENTED_EDGE('',*,*,#5131,.T.);
#5166 = ORIENTED_EDGE('',*,*,#4393,.F.);
#5167 = CYLINDRICAL_SURFACE('',#5168,11.542381251988);
#5168 = AXIS2_PLACEMENT_3D('',#5169,#5170,#5171);
#5169 = CARTESIAN_POINT('',(20.669462020745,5.837783333618,
    35.599996010847));
#5170 = DIRECTION('',(2.4208E-13,1.582E-14,1.));
#5171 = DIRECTION('',(0.803585479636,-0.595189362235,-1.851160771998E-13
    ));
#5172 = ADVANCED_FACE('',(#5173),#5200,.T.);
#5173 = FACE_BOUND('',#5174,.T.);
#5174 = EDGE_LOOP('',(#5175,#5176,#5185,#5193));
#5175 = ORIENTED_EDGE('',*,*,#2802,.F.);
#5176 = ORIENTED_EDGE('',*,*,#5177,.T.);
#5177 = EDGE_CURVE('',#2803,#5178,#5180,.T.);
#5178 = VERTEX_POINT('',#5179);
#5179 = CARTESIAN_POINT('',(25.340395333647,3.729395847601,
    21.205211533569));
#5180 = ELLIPSE('',#5181,6.103872943807,5.);
#5181 = AXIS2_PLACEMENT_3D('',#5182,#5183,#5184);
#5182 = CARTESIAN_POINT('',(25.340395325057,8.729395847601,
    24.706249224617));
#5183 = DIRECTION('',(-9.8565639E-10,0.573576436351,-0.819152044289));
#5184 = DIRECTION('',(1.40724103E-09,-0.819152044289,-0.573576436351));
#5185 = ORIENTED_EDGE('',*,*,#5186,.T.);
#5186 = EDGE_CURVE('',#5178,#5187,#5189,.T.);
#5187 = VERTEX_POINT('',#5188);
#5188 = CARTESIAN_POINT('',(25.340395333645,3.729395847601,
    12.713350627622));
#5189 = LINE('',#5190,#5191);
#5190 = CARTESIAN_POINT('',(25.34039533365,3.729395847601,35.60000005311
    ));
#5191 = VECTOR('',#5192,1.);
#5192 = DIRECTION('',(-2.4205E-13,-1.623E-14,-1.));
#5193 = ORIENTED_EDGE('',*,*,#5194,.T.);
#5194 = EDGE_CURVE('',#5187,#2805,#5195,.T.);
#5195 = ELLIPSE('',#5196,6.103872943807,5.);
#5196 = AXIS2_PLACEMENT_3D('',#5197,#5198,#5199);
#5197 = CARTESIAN_POINT('',(25.340395325055,8.729395847601,
    16.214388318671));
#5198 = DIRECTION('',(9.8565639E-10,-0.573576436351,0.819152044289));
#5199 = DIRECTION('',(1.40724085E-09,-0.819152044289,-0.573576436351));
#5200 = CYLINDRICAL_SURFACE('',#5201,5.);
#5201 = AXIS2_PLACEMENT_3D('',#5202,#5203,#5204);
#5202 = CARTESIAN_POINT('',(25.340395325055,8.729395847601,
    17.570189580738));
#5203 = DIRECTION('',(-2.4228E-13,-1.623E-14,-1.));
#5204 = DIRECTION('',(0.916451831771,-0.400145023764,-2.155435960658E-13
    ));
#5205 = ADVANCED_FACE('',(#5206),#5232,.T.);
#5206 = FACE_BOUND('',#5207,.T.);
#5207 = EDGE_LOOP('',(#5208,#5215,#5216,#5224,#5230,#5231));
#5208 = ORIENTED_EDGE('',*,*,#5209,.T.);
#5209 = EDGE_CURVE('',#2821,#4313,#5210,.T.);
#5210 = ELLIPSE('',#5211,14.090645726223,11.542381251988);
#5211 = AXIS2_PLACEMENT_3D('',#5212,#5213,#5214);
#5212 = CARTESIAN_POINT('',(20.669462020742,5.837783333618,
    22.681520350365));
#5213 = DIRECTION('',(-9.8565639E-10,0.573576436351,-0.819152044289));
#5214 = DIRECTION('',(1.40724107E-09,-0.819152044289,-0.573576436351));
#5215 = ORIENTED_EDGE('',*,*,#4312,.T.);
#5216 = ORIENTED_EDGE('',*,*,#5217,.T.);
#5217 = EDGE_CURVE('',#4305,#5218,#5220,.T.);
#5218 = VERTEX_POINT('',#5219);
#5219 = CARTESIAN_POINT('',(25.080248396091,3.729395847154,
    21.205211533569));
#5220 = LINE('',#5221,#5222);
#5221 = CARTESIAN_POINT('',(25.080248406287,-2.205729130994,
    17.049392283653));
#5222 = VECTOR('',#5223,1.);
#5223 = DIRECTION('',(-1.40724134E-09,0.819152044289,0.573576436351));
#5224 = ORIENTED_EDGE('',*,*,#5225,.T.);
#5225 = EDGE_CURVE('',#5218,#5178,#5226,.T.);
#5226 = LINE('',#5227,#5228);
#5227 = CARTESIAN_POINT('',(21.080248396091,3.729395840282,
    21.20521153357));
#5228 = VECTOR('',#5229,1.);
#5229 = DIRECTION('',(1.,1.71809463E-09,-2.4146E-13));
#5230 = ORIENTED_EDGE('',*,*,#5177,.F.);
#5231 = ORIENTED_EDGE('',*,*,#2828,.F.);
#5232 = PLANE('',#5233);
#5233 = AXIS2_PLACEMENT_3D('',#5234,#5235,#5236);
#5234 = CARTESIAN_POINT('',(20.580248406878,-2.549875000536,
    16.80841875697));
#5235 = DIRECTION('',(-9.8565639E-10,0.573576436351,-0.819152044289));
#5236 = DIRECTION('',(-1.40724134E-09,0.819152044289,0.573576436351));
#5237 = ADVANCED_FACE('',(#5238),#5264,.T.);
#5238 = FACE_BOUND('',#5239,.T.);
#5239 = EDGE_LOOP('',(#5240,#5241,#5249,#5255,#5256,#5263));
#5240 = ORIENTED_EDGE('',*,*,#5194,.F.);
#5241 = ORIENTED_EDGE('',*,*,#5242,.T.);
#5242 = EDGE_CURVE('',#5187,#5243,#5245,.T.);
#5243 = VERTEX_POINT('',#5244);
#5244 = CARTESIAN_POINT('',(25.080248396089,3.729395847154,
    12.713350627622));
#5245 = LINE('',#5246,#5247);
#5246 = CARTESIAN_POINT('',(21.080248396089,3.729395840282,
    12.713350627623));
#5247 = VECTOR('',#5248,1.);
#5248 = DIRECTION('',(-1.,-1.71809463E-09,2.4146E-13));
#5249 = ORIENTED_EDGE('',*,*,#5250,.F.);
#5250 = EDGE_CURVE('',#4370,#5243,#5251,.T.);
#5251 = LINE('',#5252,#5253);
#5252 = CARTESIAN_POINT('',(25.080248409438,-4.041173727318,
    7.272339235394));
#5253 = VECTOR('',#5254,1.);
#5254 = DIRECTION('',(-1.40724094E-09,0.819152044289,0.573576436351));
#5255 = ORIENTED_EDGE('',*,*,#4369,.T.);
#5256 = ORIENTED_EDGE('',*,*,#5257,.T.);
#5257 = EDGE_CURVE('',#4361,#2813,#5258,.T.);
#5258 = ELLIPSE('',#5259,14.090645726223,11.542381251988);
#5259 = AXIS2_PLACEMENT_3D('',#5260,#5261,#5262);
#5260 = CARTESIAN_POINT('',(20.66946202074,5.837783333618,
    14.189659444419));
#5261 = DIRECTION('',(9.8565639E-10,-0.573576436351,0.819152044289));
#5262 = DIRECTION('',(1.40724138E-09,-0.819152044289,-0.573576436351));
#5263 = ORIENTED_EDGE('',*,*,#2812,.F.);
#5264 = PLANE('',#5265);
#5265 = AXIS2_PLACEMENT_3D('',#5266,#5267,#5268);
#5266 = CARTESIAN_POINT('',(20.580248395103,4.302972275773,
    13.114973172096));
#5267 = DIRECTION('',(9.8565639E-10,-0.573576436351,0.819152044289));
#5268 = DIRECTION('',(1.40724094E-09,-0.819152044289,-0.573576436351));
#5269 = ADVANCED_FACE('',(#5270),#5277,.F.);
#5270 = FACE_BOUND('',#5271,.F.);
#5271 = EDGE_LOOP('',(#5272,#5273,#5274,#5275,#5276));
#5272 = ORIENTED_EDGE('',*,*,#5257,.T.);
#5273 = ORIENTED_EDGE('',*,*,#2820,.F.);
#5274 = ORIENTED_EDGE('',*,*,#5209,.T.);
#5275 = ORIENTED_EDGE('',*,*,#4320,.F.);
#5276 = ORIENTED_EDGE('',*,*,#4360,.F.);
#5277 = CYLINDRICAL_SURFACE('',#5278,11.542381251988);
#5278 = AXIS2_PLACEMENT_3D('',#5279,#5280,#5281);
#5279 = CARTESIAN_POINT('',(20.669462020745,5.837783333618,
    35.599996010847));
#5280 = DIRECTION('',(2.4208E-13,1.615E-14,1.));
#5281 = DIRECTION('',(0.803585479636,-0.595189362235,-1.849196647102E-13
    ));
#5282 = ADVANCED_FACE('',(#5283),#5296,.F.);
#5283 = FACE_BOUND('',#5284,.F.);
#5284 = EDGE_LOOP('',(#5285,#5286,#5287,#5288,#5289));
#5285 = ORIENTED_EDGE('',*,*,#2865,.F.);
#5286 = ORIENTED_EDGE('',*,*,#4039,.F.);
#5287 = ORIENTED_EDGE('',*,*,#4058,.F.);
#5288 = ORIENTED_EDGE('',*,*,#4288,.T.);
#5289 = ORIENTED_EDGE('',*,*,#5290,.T.);
#5290 = EDGE_CURVE('',#4289,#2858,#5291,.T.);
#5291 = ELLIPSE('',#5292,14.090645726223,11.542381251988);
#5292 = AXIS2_PLACEMENT_3D('',#5293,#5294,#5295);
#5293 = CARTESIAN_POINT('',(20.669462020742,5.837783333618,
    23.413985103622));
#5294 = DIRECTION('',(9.8565639E-10,-0.573576436351,0.819152044289));
#5295 = DIRECTION('',(1.40724107E-09,-0.819152044289,-0.573576436351));
#5296 = CYLINDRICAL_SURFACE('',#5297,11.542381251988);
#5297 = AXIS2_PLACEMENT_3D('',#5298,#5299,#5300);
#5298 = CARTESIAN_POINT('',(20.669462020745,5.837783333618,
    35.599996010847));
#5299 = DIRECTION('',(2.4208E-13,1.615E-14,1.));
#5300 = DIRECTION('',(0.803585479636,-0.595189362235,-1.849196647102E-13
    ));
#5301 = ADVANCED_FACE('',(#5302),#5322,.T.);
#5302 = FACE_BOUND('',#5303,.T.);
#5303 = EDGE_LOOP('',(#5304,#5305,#5306,#5314,#5321));
#5304 = ORIENTED_EDGE('',*,*,#4152,.F.);
#5305 = ORIENTED_EDGE('',*,*,#4263,.T.);
#5306 = ORIENTED_EDGE('',*,*,#5307,.T.);
#5307 = EDGE_CURVE('',#4256,#5308,#5310,.T.);
#5308 = VERTEX_POINT('',#5309);
#5309 = CARTESIAN_POINT('',(25.340395333647,3.729395847601,
    21.937676286825));
#5310 = LINE('',#5311,#5312);
#5311 = CARTESIAN_POINT('',(25.34039533365,3.729395847601,35.60000005311
    ));
#5312 = VECTOR('',#5313,1.);
#5313 = DIRECTION('',(-2.4205E-13,-1.623E-14,-1.));
#5314 = ORIENTED_EDGE('',*,*,#5315,.T.);
#5315 = EDGE_CURVE('',#5308,#2850,#5316,.T.);
#5316 = ELLIPSE('',#5317,6.103872943807,5.);
#5317 = AXIS2_PLACEMENT_3D('',#5318,#5319,#5320);
#5318 = CARTESIAN_POINT('',(25.340395325057,8.729395847601,
    25.438713977874));
#5319 = DIRECTION('',(9.8565639E-10,-0.573576436351,0.819152044289));
#5320 = DIRECTION('',(1.40724103E-09,-0.819152044289,-0.573576436351));
#5321 = ORIENTED_EDGE('',*,*,#2849,.F.);
#5322 = CYLINDRICAL_SURFACE('',#5323,5.);
#5323 = AXIS2_PLACEMENT_3D('',#5324,#5325,#5326);
#5324 = CARTESIAN_POINT('',(25.340395325055,8.7293958476,17.570189580738
    ));
#5325 = DIRECTION('',(-2.4228E-13,-1.656E-14,-1.));
#5326 = DIRECTION('',(0.916451831771,-0.400145023764,-2.15411548208E-13)
  );
#5327 = ADVANCED_FACE('',(#5328),#5348,.T.);
#5328 = FACE_BOUND('',#5329,.T.);
#5329 = EDGE_LOOP('',(#5330,#5338,#5339,#5340,#5341,#5342));
#5330 = ORIENTED_EDGE('',*,*,#5331,.F.);
#5331 = EDGE_CURVE('',#4297,#5332,#5334,.T.);
#5332 = VERTEX_POINT('',#5333);
#5333 = CARTESIAN_POINT('',(25.080248396091,3.729395847154,
    21.937676286825));
#5334 = LINE('',#5335,#5336);
#5335 = CARTESIAN_POINT('',(25.080248406878,-2.549874992805,
    17.540883510226));
#5336 = VECTOR('',#5337,1.);
#5337 = DIRECTION('',(-1.40724134E-09,0.819152044289,0.573576436351));
#5338 = ORIENTED_EDGE('',*,*,#4296,.T.);
#5339 = ORIENTED_EDGE('',*,*,#5290,.T.);
#5340 = ORIENTED_EDGE('',*,*,#2857,.F.);
#5341 = ORIENTED_EDGE('',*,*,#5315,.F.);
#5342 = ORIENTED_EDGE('',*,*,#5343,.T.);
#5343 = EDGE_CURVE('',#5308,#5332,#5344,.T.);
#5344 = LINE('',#5345,#5346);
#5345 = CARTESIAN_POINT('',(21.080248396091,3.729395840282,
    21.937676286826));
#5346 = VECTOR('',#5347,1.);
#5347 = DIRECTION('',(-1.,-1.71809463E-09,2.4146E-13));
#5348 = PLANE('',#5349);
#5349 = AXIS2_PLACEMENT_3D('',#5350,#5351,#5352);
#5350 = CARTESIAN_POINT('',(20.580248393135,5.450125148475,
    23.142543920244));
#5351 = DIRECTION('',(9.8565639E-10,-0.573576436351,0.819152044289));
#5352 = DIRECTION('',(1.40724134E-09,-0.819152044289,-0.573576436351));
#5353 = ADVANCED_FACE('',(#5354),#5373,.F.);
#5354 = FACE_BOUND('',#5355,.T.);
#5355 = EDGE_LOOP('',(#5356,#5357,#5358,#5366,#5372));
#5356 = ORIENTED_EDGE('',*,*,#2977,.F.);
#5357 = ORIENTED_EDGE('',*,*,#3971,.F.);
#5358 = ORIENTED_EDGE('',*,*,#5359,.F.);
#5359 = EDGE_CURVE('',#5360,#3964,#5362,.T.);
#5360 = VERTEX_POINT('',#5361);
#5361 = CARTESIAN_POINT('',(19.275333760617,7.329494740366,
    8.369790843327));
#5362 = LINE('',#5363,#5364);
#5363 = CARTESIAN_POINT('',(12.808046151327,7.329494738835,
    17.515916701734));
#5364 = VECTOR('',#5365,1.);
#5365 = DIRECTION('',(0.577350268786,1.3664661E-10,-0.816496581213));
#5366 = ORIENTED_EDGE('',*,*,#5367,.F.);
#5367 = EDGE_CURVE('',#3907,#5360,#5368,.T.);
#5368 = LINE('',#5369,#5370);
#5369 = CARTESIAN_POINT('',(19.275333760616,7.329494740368,
    21.36250676166));
#5370 = VECTOR('',#5371,1.);
#5371 = DIRECTION('',(4.934E-14,-6.211E-14,-1.));
#5372 = ORIENTED_EDGE('',*,*,#3906,.F.);
#5373 = PLANE('',#5374);
#5374 = AXIS2_PLACEMENT_3D('',#5375,#5376,#5377);
#5375 = CARTESIAN_POINT('',(-3.067239486599,7.329494735077,
    20.800006961891));
#5376 = DIRECTION('',(2.3676671E-10,-1.,6.211E-14));
#5377 = DIRECTION('',(1.,2.3676671E-10,-1.4E-16));
#5378 = ADVANCED_FACE('',(#5379),#5390,.T.);
#5379 = FACE_BOUND('',#5380,.T.);
#5380 = EDGE_LOOP('',(#5381,#5382,#5383,#5384));
#5381 = ORIENTED_EDGE('',*,*,#3194,.T.);
#5382 = ORIENTED_EDGE('',*,*,#3411,.T.);
#5383 = ORIENTED_EDGE('',*,*,#3394,.T.);
#5384 = ORIENTED_EDGE('',*,*,#5385,.F.);
#5385 = EDGE_CURVE('',#3195,#3361,#5386,.T.);
#5386 = LINE('',#5387,#5388);
#5387 = CARTESIAN_POINT('',(-23.43161008505,0.695160129672,
    21.513910262622));
#5388 = VECTOR('',#5389,1.);
#5389 = DIRECTION('',(-2.387405879998E-09,-0.707106781187,0.707106781187
    ));
#5390 = PLANE('',#5391);
#5391 = AXIS2_PLACEMENT_3D('',#5392,#5393,#5394);
#5392 = CARTESIAN_POINT('',(-23.7401887361,-1.461641817752,
    24.107108314156));
#5393 = DIRECTION('',(0.707106782875,0.499999997613,0.5));
#5394 = DIRECTION('',(-0.577350266433,0.816496582877,-3.744227150548E-14
    ));
#5395 = ADVANCED_FACE('',(#5396),#5407,.F.);
#5396 = FACE_BOUND('',#5397,.T.);
#5397 = EDGE_LOOP('',(#5398,#5399,#5400,#5401));
#5398 = ORIENTED_EDGE('',*,*,#3202,.T.);
#5399 = ORIENTED_EDGE('',*,*,#5385,.T.);
#5400 = ORIENTED_EDGE('',*,*,#3370,.F.);
#5401 = ORIENTED_EDGE('',*,*,#5402,.T.);
#5402 = EDGE_CURVE('',#3337,#3203,#5403,.T.);
#5403 = LINE('',#5404,#5405);
#5404 = CARTESIAN_POINT('',(-20.83690902268,1.041136902601,
    21.167933480933));
#5405 = VECTOR('',#5406,1.);
#5406 = DIRECTION('',(2.387405959998E-09,0.707106781187,-0.707106781187)
  );
#5407 = PLANE('',#5408);
#5408 = AXIS2_PLACEMENT_3D('',#5409,#5410,#5411);
#5409 = CARTESIAN_POINT('',(-20.52700563737,3.070160119865,
    19.138910262622));
#5410 = DIRECTION('',(-2.387407369998E-09,-0.707106781187,
    -0.707106781187));
#5411 = DIRECTION('',(1.,-3.376303745781E-09,-1.35780521093E-16));
#5412 = ADVANCED_FACE('',(#5413),#5419,.T.);
#5413 = FACE_BOUND('',#5414,.T.);
#5414 = EDGE_LOOP('',(#5415,#5416,#5417,#5418));
#5415 = ORIENTED_EDGE('',*,*,#3210,.T.);
#5416 = ORIENTED_EDGE('',*,*,#5402,.F.);
#5417 = ORIENTED_EDGE('',*,*,#3346,.T.);
#5418 = ORIENTED_EDGE('',*,*,#3322,.T.);
#5419 = PLANE('',#5420);
#5420 = AXIS2_PLACEMENT_3D('',#5421,#5422,#5423);
#5421 = CARTESIAN_POINT('',(-20.52833038503,-0.769688265218,
    23.415154750778));
#5422 = DIRECTION('',(-0.707106779498,0.500000002387,0.5));
#5423 = DIRECTION('',(-0.577350271946,-0.816496578978,
    -1.898481372109E-14));
#5424 = ADVANCED_FACE('',(#5425),#5438,.T.);
#5425 = FACE_BOUND('',#5426,.T.);
#5426 = EDGE_LOOP('',(#5427,#5428,#5429,#5430,#5436,#5437));
#5427 = ORIENTED_EDGE('',*,*,#4831,.T.);
#5428 = ORIENTED_EDGE('',*,*,#3242,.T.);
#5429 = ORIENTED_EDGE('',*,*,#4474,.F.);
#5430 = ORIENTED_EDGE('',*,*,#5431,.F.);
#5431 = EDGE_CURVE('',#4889,#4467,#5432,.T.);
#5432 = LINE('',#5433,#5434);
#5433 = CARTESIAN_POINT('',(-12.75269525866,2.661435389111,
    -0.250064120743));
#5434 = VECTOR('',#5435,1.);
#5435 = DIRECTION('',(-6.376325831679E-02,-0.705667856457,0.705667856185
    ));
#5436 = ORIENTED_EDGE('',*,*,#4897,.T.);
#5437 = ORIENTED_EDGE('',*,*,#4855,.T.);
#5438 = PLANE('',#5439);
#5439 = AXIS2_PLACEMENT_3D('',#5440,#5441,#5442);
#5440 = CARTESIAN_POINT('',(-6.711398221303,1.408149460246,
    -0.100004095399));
#5441 = DIRECTION('',(0.126751668886,0.69565365983,0.707106781187));
#5442 = DIRECTION('',(-0.983802840446,0.179253929192,-4.815592369312E-15
    ));
#5443 = ADVANCED_FACE('',(#5444),#5455,.T.);
#5444 = FACE_BOUND('',#5445,.T.);
#5445 = EDGE_LOOP('',(#5446,#5447,#5453,#5454));
#5446 = ORIENTED_EDGE('',*,*,#4602,.F.);
#5447 = ORIENTED_EDGE('',*,*,#5448,.T.);
#5448 = EDGE_CURVE('',#4595,#3283,#5449,.T.);
#5449 = LINE('',#5450,#5451);
#5450 = CARTESIAN_POINT('',(-21.4777513491,3.408826566228,6.278902773119
    ));
#5451 = VECTOR('',#5452,1.);
#5452 = DIRECTION('',(-1.482897729999E-09,0.707106781187,-0.707106781187
    ));
#5453 = ORIENTED_EDGE('',*,*,#3282,.T.);
#5454 = ORIENTED_EDGE('',*,*,#4637,.T.);
#5455 = PLANE('',#5456);
#5456 = AXIS2_PLACEMENT_3D('',#5457,#5458,#5459);
#5457 = CARTESIAN_POINT('',(-27.65749606535,3.608873983928,6.07885588513
    ));
#5458 = DIRECTION('',(-1.482900159999E-09,0.707106781187,0.707106781187)
  );
#5459 = DIRECTION('',(-1.,-2.097137658958E-09,1.410422560537E-16));
#5460 = ADVANCED_FACE('',(#5461),#5472,.T.);
#5461 = FACE_BOUND('',#5462,.T.);
#5462 = EDGE_LOOP('',(#5463,#5464,#5465,#5471));
#5463 = ORIENTED_EDGE('',*,*,#5448,.F.);
#5464 = ORIENTED_EDGE('',*,*,#4594,.T.);
#5465 = ORIENTED_EDGE('',*,*,#5466,.F.);
#5466 = EDGE_CURVE('',#3291,#4587,#5467,.T.);
#5467 = LINE('',#5468,#5469);
#5468 = CARTESIAN_POINT('',(-21.477751346,1.929395766382,8.099480226578)
  );
#5469 = VECTOR('',#5470,1.);
#5470 = DIRECTION('',(2.09713393E-09,-1.,1.224E-14));
#5471 = ORIENTED_EDGE('',*,*,#3290,.T.);
#5472 = PLANE('',#5473);
#5473 = AXIS2_PLACEMENT_3D('',#5474,#5475,#5476);
#5474 = CARTESIAN_POINT('',(-21.477751346,1.929395766373,5.199566291913)
  );
#5475 = DIRECTION('',(-1.,-2.09713393E-09,1.4E-16));
#5476 = DIRECTION('',(1.39985579436E-16,6.87632E-12,1.));
#5477 = ADVANCED_FACE('',(#5478),#5485,.T.);
#5478 = FACE_BOUND('',#5479,.T.);
#5479 = EDGE_LOOP('',(#5480,#5481,#5482,#5483,#5484));
#5480 = ORIENTED_EDGE('',*,*,#3435,.T.);
#5481 = ORIENTED_EDGE('',*,*,#3298,.T.);
#5482 = ORIENTED_EDGE('',*,*,#5466,.T.);
#5483 = ORIENTED_EDGE('',*,*,#4586,.T.);
#5484 = ORIENTED_EDGE('',*,*,#3467,.T.);
#5485 = PLANE('',#5486);
#5486 = AXIS2_PLACEMENT_3D('',#5487,#5488,#5489);
#5487 = CARTESIAN_POINT('',(-21.577751346,1.929395766181,8.099480226578)
  );
#5488 = DIRECTION('',(-1.4E-16,-1.224E-14,-1.));
#5489 = DIRECTION('',(-1.,-2.1041942E-09,1.400000257553E-16));
#5490 = ADVANCED_FACE('',(#5491),#5512,.F.);
#5491 = FACE_BOUND('',#5492,.F.);
#5492 = EDGE_LOOP('',(#5493,#5494,#5495,#5503,#5510,#5511));
#5493 = ORIENTED_EDGE('',*,*,#3513,.T.);
#5494 = ORIENTED_EDGE('',*,*,#4725,.F.);
#5495 = ORIENTED_EDGE('',*,*,#5496,.T.);
#5496 = EDGE_CURVE('',#4726,#5497,#5499,.T.);
#5497 = VERTEX_POINT('',#5498);
#5498 = CARTESIAN_POINT('',(-30.48736104824,-0.370610985134,
    31.8631627017));
#5499 = LINE('',#5500,#5501);
#5500 = CARTESIAN_POINT('',(-30.48736104575,2.629389014866,31.8631627017
    ));
#5501 = VECTOR('',#5502,1.);
#5502 = DIRECTION('',(-8.2934294E-10,-1.,6.32E-15));
#5503 = ORIENTED_EDGE('',*,*,#5504,.F.);
#5504 = EDGE_CURVE('',#5497,#5497,#5505,.T.);
#5505 = CIRCLE('',#5506,1.7);
#5506 = AXIS2_PLACEMENT_3D('',#5507,#5508,#5509);
#5507 = CARTESIAN_POINT('',(-30.48736104824,-0.370610985134,
    33.5631627017));
#5508 = DIRECTION('',(-8.293401E-10,-1.,5.73E-15));
#5509 = DIRECTION('',(1.4E-16,5.729999999884E-15,1.));
#5510 = ORIENTED_EDGE('',*,*,#5496,.F.);
#5511 = ORIENTED_EDGE('',*,*,#4734,.F.);
#5512 = CYLINDRICAL_SURFACE('',#5513,1.7);
#5513 = AXIS2_PLACEMENT_3D('',#5514,#5515,#5516);
#5514 = CARTESIAN_POINT('',(-30.48736104575,2.629389014866,33.5631627017
    ));
#5515 = DIRECTION('',(8.2934294E-10,1.,-6.32E-15));
#5516 = DIRECTION('',(1.4E-16,6.319999999884E-15,1.));
#5517 = ADVANCED_FACE('',(#5518),#5529,.T.);
#5518 = FACE_BOUND('',#5519,.T.);
#5519 = EDGE_LOOP('',(#5520,#5521,#5522,#5528));
#5520 = ORIENTED_EDGE('',*,*,#3706,.T.);
#5521 = ORIENTED_EDGE('',*,*,#3661,.F.);
#5522 = ORIENTED_EDGE('',*,*,#5523,.F.);
#5523 = EDGE_CURVE('',#3582,#3654,#5524,.T.);
#5524 = LINE('',#5525,#5526);
#5525 = CARTESIAN_POINT('',(-19.41975162738,-1.830570124798,
    36.030331618859));
#5526 = VECTOR('',#5527,1.);
#5527 = DIRECTION('',(-1.,-1.7175975E-09,1.4E-16));
#5528 = ORIENTED_EDGE('',*,*,#3581,.F.);
#5529 = PLANE('',#5530);
#5530 = AXIS2_PLACEMENT_3D('',#5531,#5532,#5533);
#5531 = CARTESIAN_POINT('',(-19.41975162738,-1.830570124798,
    36.030331618859));
#5532 = DIRECTION('',(1.487483000001E-09,-0.866025403784,-0.5));
#5533 = DIRECTION('',(8.587988700003E-10,-0.5,0.866025403784));
#5534 = ADVANCED_FACE('',(#5535),#5546,.T.);
#5535 = FACE_BOUND('',#5536,.T.);
#5536 = EDGE_LOOP('',(#5537,#5538,#5539,#5540));
#5537 = ORIENTED_EDGE('',*,*,#3589,.F.);
#5538 = ORIENTED_EDGE('',*,*,#5523,.T.);
#5539 = ORIENTED_EDGE('',*,*,#3653,.F.);
#5540 = ORIENTED_EDGE('',*,*,#5541,.F.);
#5541 = EDGE_CURVE('',#3590,#3646,#5542,.T.);
#5542 = LINE('',#5543,#5544);
#5543 = CARTESIAN_POINT('',(-19.41975162937,-0.675869586419,
    36.030331618859));
#5544 = VECTOR('',#5545,1.);
#5545 = DIRECTION('',(-1.,-1.7175975E-09,1.4E-16));
#5546 = PLANE('',#5547);
#5547 = AXIS2_PLACEMENT_3D('',#5548,#5549,#5550);
#5548 = CARTESIAN_POINT('',(-19.41975162937,-0.675869586419,
    36.030331618859));
#5549 = DIRECTION('',(-1.4E-16,-1.224E-14,-1.));
#5550 = DIRECTION('',(1.7175975E-09,-1.,1.223999999976E-14));
#5551 = ADVANCED_FACE('',(#5552),#5558,.T.);
#5552 = FACE_BOUND('',#5553,.T.);
#5553 = EDGE_LOOP('',(#5554,#5555,#5556,#5557));
#5554 = ORIENTED_EDGE('',*,*,#3629,.T.);
#5555 = ORIENTED_EDGE('',*,*,#3597,.F.);
#5556 = ORIENTED_EDGE('',*,*,#5541,.T.);
#5557 = ORIENTED_EDGE('',*,*,#3645,.F.);
#5558 = PLANE('',#5559);
#5559 = AXIS2_PLACEMENT_3D('',#5560,#5561,#5562);
#5560 = CARTESIAN_POINT('',(-19.41975163036,-9.851931722957E-02,
    37.030331618859));
#5561 = DIRECTION('',(-1.487483140001E-09,0.866025403784,-0.5));
#5562 = DIRECTION('',(8.587986300003E-10,-0.5,-0.866025403784));
#5563 = ADVANCED_FACE('',(#5564),#5575,.F.);
#5564 = FACE_BOUND('',#5565,.F.);
#5565 = EDGE_LOOP('',(#5566,#5572,#5573,#5574));
#5566 = ORIENTED_EDGE('',*,*,#5567,.T.);
#5567 = EDGE_CURVE('',#3768,#4017,#5568,.T.);
#5568 = LINE('',#5569,#5570);
#5569 = CARTESIAN_POINT('',(27.072688995274,16.551804052573,
    1.399995904591));
#5570 = VECTOR('',#5571,1.);
#5571 = DIRECTION('',(-0.371483542995,-0.928439538841,1.0359E-13));
#5572 = ORIENTED_EDGE('',*,*,#4024,.F.);
#5573 = ORIENTED_EDGE('',*,*,#3737,.F.);
#5574 = ORIENTED_EDGE('',*,*,#3767,.F.);
#5575 = PLANE('',#5576);
#5576 = AXIS2_PLACEMENT_3D('',#5577,#5578,#5579);
#5577 = CARTESIAN_POINT('',(26.144249456432,16.923287595568,
    0.399995904592));
#5578 = DIRECTION('',(0.656505893836,-0.262678532351,-0.707106781187));
#5579 = DIRECTION('',(0.371483542996,0.928439538841,3.911593271511E-13)
  );
#5580 = ADVANCED_FACE('',(#5581),#5591,.T.);
#5581 = FACE_BOUND('',#5582,.T.);
#5582 = EDGE_LOOP('',(#5583,#5584,#5585,#5586,#5587,#5588,#5589,#5590));
#5583 = ORIENTED_EDGE('',*,*,#4434,.T.);
#5584 = ORIENTED_EDGE('',*,*,#3833,.F.);
#5585 = ORIENTED_EDGE('',*,*,#3798,.T.);
#5586 = ORIENTED_EDGE('',*,*,#4940,.T.);
#5587 = ORIENTED_EDGE('',*,*,#4922,.T.);
#5588 = ORIENTED_EDGE('',*,*,#4888,.T.);
#5589 = ORIENTED_EDGE('',*,*,#5431,.T.);
#5590 = ORIENTED_EDGE('',*,*,#4466,.F.);
#5591 = PLANE('',#5592);
#5592 = AXIS2_PLACEMENT_3D('',#5593,#5594,#5595);
#5593 = CARTESIAN_POINT('',(1.169490038539,2.461170841673,
    -4.979951393684E-02));
#5594 = DIRECTION('',(-3.015279469998E-09,0.707106781187,0.707106781187)
  );
#5595 = DIRECTION('',(-1.,-4.264249265408E-09,1.445919990821E-16));
#5596 = ADVANCED_FACE('',(#5597),#5616,.F.);
#5597 = FACE_BOUND('',#5598,.F.);
#5598 = EDGE_LOOP('',(#5599,#5607,#5614,#5615));
#5599 = ORIENTED_EDGE('',*,*,#5600,.T.);
#5600 = EDGE_CURVE('',#3864,#5601,#5603,.T.);
#5601 = VERTEX_POINT('',#5602);
#5602 = CARTESIAN_POINT('',(18.080248619201,-5.270604164883,
    4.999999999995));
#5603 = LINE('',#5604,#5605);
#5604 = CARTESIAN_POINT('',(18.080248539333,41.229392113955,
    4.999999999994));
#5605 = VECTOR('',#5606,1.);
#5606 = DIRECTION('',(1.7175975E-09,-1.,1.224E-14));
#5607 = ORIENTED_EDGE('',*,*,#5608,.F.);
#5608 = EDGE_CURVE('',#5601,#5601,#5609,.T.);
#5609 = CIRCLE('',#5610,0.9);
#5610 = AXIS2_PLACEMENT_3D('',#5611,#5612,#5613);
#5611 = CARTESIAN_POINT('',(18.080248619201,-5.270604164883,
    4.099999999995));
#5612 = DIRECTION('',(1.71761994E-09,-1.,1.212E-14));
#5613 = DIRECTION('',(-1.4E-16,-1.212000000024E-14,-1.));
#5614 = ORIENTED_EDGE('',*,*,#5600,.F.);
#5615 = ORIENTED_EDGE('',*,*,#3863,.T.);
#5616 = CYLINDRICAL_SURFACE('',#5617,0.9);
#5617 = AXIS2_PLACEMENT_3D('',#5618,#5619,#5620);
#5618 = CARTESIAN_POINT('',(18.080248539333,41.229392113955,
    4.099999999994));
#5619 = DIRECTION('',(-1.7175975E-09,1.,-1.224E-14));
#5620 = DIRECTION('',(-1.4E-16,-1.224000000024E-14,-1.));
#5621 = ADVANCED_FACE('',(#5622),#5647,.F.);
#5622 = FACE_BOUND('',#5623,.T.);
#5623 = EDGE_LOOP('',(#5624,#5634,#5640,#5641));
#5624 = ORIENTED_EDGE('',*,*,#5625,.F.);
#5625 = EDGE_CURVE('',#5626,#5628,#5630,.T.);
#5626 = VERTEX_POINT('',#5627);
#5627 = CARTESIAN_POINT('',(18.975234856549,6.629395836654,
    8.094095882017));
#5628 = VERTEX_POINT('',#5629);
#5629 = CARTESIAN_POINT('',(18.858077568956,6.912238548509,
    8.542624018429));
#5630 = LINE('',#5631,#5632);
#5631 = CARTESIAN_POINT('',(17.744903905267,9.599677497234,
    12.804328255006));
#5632 = VECTOR('',#5633,1.);
#5633 = DIRECTION('',(-0.21573940585,0.520840998102,0.825942590898));
#5634 = ORIENTED_EDGE('',*,*,#5635,.F.);
#5635 = EDGE_CURVE('',#3883,#5626,#5636,.T.);
#5636 = LINE('',#5637,#5638);
#5637 = CARTESIAN_POINT('',(18.975234856548,6.629395836654,
    21.370086185429));
#5638 = VECTOR('',#5639,1.);
#5639 = DIRECTION('',(9.555E-14,-1.59E-14,-1.));
#5640 = ORIENTED_EDGE('',*,*,#3880,.F.);
#5641 = ORIENTED_EDGE('',*,*,#5642,.F.);
#5642 = EDGE_CURVE('',#5628,#3881,#5643,.T.);
#5643 = LINE('',#5644,#5645);
#5644 = CARTESIAN_POINT('',(18.858077568955,6.912238548509,
    21.370086185429));
#5645 = VECTOR('',#5646,1.);
#5646 = DIRECTION('',(-9.555E-14,1.59E-14,1.));
#5647 = PLANE('',#5648);
#5648 = AXIS2_PLACEMENT_3D('',#5649,#5650,#5651);
#5649 = CARTESIAN_POINT('',(18.916656212751,6.770817192581,
    21.370086185429));
#5650 = DIRECTION('',(0.923879532137,0.382683433268,8.219000000002E-14)
  );
#5651 = DIRECTION('',(-0.382683433268,0.923879532137,-1.126E-14));
#5652 = ADVANCED_FACE('',(#5653),#5664,.T.);
#5653 = FACE_BOUND('',#5654,.T.);
#5654 = EDGE_LOOP('',(#5655,#5656,#5662,#5663));
#5655 = ORIENTED_EDGE('',*,*,#5635,.T.);
#5656 = ORIENTED_EDGE('',*,*,#5657,.T.);
#5657 = EDGE_CURVE('',#5626,#3929,#5658,.T.);
#5658 = LINE('',#5659,#5660);
#5659 = CARTESIAN_POINT('',(13.454597508547,6.629395827172,
    15.901456092508));
#5660 = VECTOR('',#5661,1.);
#5661 = DIRECTION('',(0.577350269189,9.916424000001E-10,-0.816496580928)
  );
#5662 = ORIENTED_EDGE('',*,*,#3939,.F.);
#5663 = ORIENTED_EDGE('',*,*,#3890,.T.);
#5664 = PLANE('',#5665);
#5665 = AXIS2_PLACEMENT_3D('',#5666,#5667,#5668);
#5666 = CARTESIAN_POINT('',(2.813685261878,6.629395808895,20.81516580943
    ));
#5667 = DIRECTION('',(1.7175975E-09,-1.,1.59E-14));
#5668 = DIRECTION('',(1.,1.7175975E-09,-1.4E-16));
#5669 = ADVANCED_FACE('',(#5670),#5681,.T.);
#5670 = FACE_BOUND('',#5671,.T.);
#5671 = EDGE_LOOP('',(#5672,#5673,#5674,#5675));
#5672 = ORIENTED_EDGE('',*,*,#5642,.T.);
#5673 = ORIENTED_EDGE('',*,*,#3914,.T.);
#5674 = ORIENTED_EDGE('',*,*,#5367,.T.);
#5675 = ORIENTED_EDGE('',*,*,#5676,.T.);
#5676 = EDGE_CURVE('',#5360,#5628,#5677,.T.);
#5677 = LINE('',#5678,#5679);
#5678 = CARTESIAN_POINT('',(17.878416610894,5.932577589983,
    8.948412877385));
#5679 = VECTOR('',#5680,1.);
#5680 = DIRECTION('',(-0.678598343922,-0.678598344244,0.281084639949));
#5681 = PLANE('',#5682);
#5682 = AXIS2_PLACEMENT_3D('',#5683,#5684,#5685);
#5683 = CARTESIAN_POINT('',(18.4252348373,6.479395816648,21.925006561427
    ));
#5684 = DIRECTION('',(-0.707106781354,0.707106781019,-7.880000000001E-14
    ));
#5685 = DIRECTION('',(3.300143706314E-16,-1.111100143706E-13,-1.));
#5686 = ADVANCED_FACE('',(#5687),#5695,.F.);
#5687 = FACE_BOUND('',#5688,.T.);
#5688 = EDGE_LOOP('',(#5689,#5690,#5691,#5692,#5693,#5694));
#5689 = ORIENTED_EDGE('',*,*,#5625,.T.);
#5690 = ORIENTED_EDGE('',*,*,#5676,.F.);
#5691 = ORIENTED_EDGE('',*,*,#5359,.T.);
#5692 = ORIENTED_EDGE('',*,*,#3963,.F.);
#5693 = ORIENTED_EDGE('',*,*,#3928,.F.);
#5694 = ORIENTED_EDGE('',*,*,#5657,.F.);
#5695 = PLANE('',#5696);
#5696 = AXIS2_PLACEMENT_3D('',#5697,#5698,#5699);
#5697 = CARTESIAN_POINT('',(19.88024830837,7.822288680281,8.007106423497
    ));
#5698 = DIRECTION('',(0.707106782045,-0.499999998785,0.5));
#5699 = DIRECTION('',(0.577350267787,0.816496581919,-2.903510765151E-13)
  );
#5700 = ADVANCED_FACE('',(#5701),#5707,.F.);
#5701 = FACE_BOUND('',#5702,.T.);
#5702 = EDGE_LOOP('',(#5703,#5704,#5705,#5706));
#5703 = ORIENTED_EDGE('',*,*,#3991,.F.);
#5704 = ORIENTED_EDGE('',*,*,#5065,.F.);
#5705 = ORIENTED_EDGE('',*,*,#5567,.T.);
#5706 = ORIENTED_EDGE('',*,*,#4016,.T.);
#5707 = PLANE('',#5708);
#5708 = AXIS2_PLACEMENT_3D('',#5709,#5710,#5711);
#5709 = CARTESIAN_POINT('',(28.904336008318,21.129593675225,
    -0.600004095409));
#5710 = DIRECTION('',(0.928439538841,-0.371483542995,-2.300200000001E-13
    ));
#5711 = DIRECTION('',(-0.371483542995,-0.928439538841,1.0363E-13));
#5712 = ADVANCED_FACE('',(#5713),#5724,.T.);
#5713 = FACE_BOUND('',#5714,.T.);
#5714 = EDGE_LOOP('',(#5715,#5721,#5722,#5723));
#5715 = ORIENTED_EDGE('',*,*,#5716,.T.);
#5716 = EDGE_CURVE('',#4411,#4247,#5717,.T.);
#5717 = LINE('',#5718,#5719);
#5718 = CARTESIAN_POINT('',(23.774471697917,3.72939584491,
    41.600000053124));
#5719 = VECTOR('',#5720,1.);
#5720 = DIRECTION('',(2.425E-13,1.164E-14,1.));
#5721 = ORIENTED_EDGE('',*,*,#4246,.T.);
#5722 = ORIENTED_EDGE('',*,*,#4334,.T.);
#5723 = ORIENTED_EDGE('',*,*,#4418,.T.);
#5724 = CYLINDRICAL_SURFACE('',#5725,2.5);
#5725 = AXIS2_PLACEMENT_3D('',#5726,#5727,#5728);
#5726 = CARTESIAN_POINT('',(23.052597267707,6.122907346243,
    41.600000053124));
#5727 = DIRECTION('',(-2.425E-13,-1.149E-14,-1.));
#5728 = DIRECTION('',(1.71810808E-09,-1.,1.148999958336E-14));
#5729 = ADVANCED_FACE('',(#5730),#5754,.F.);
#5730 = FACE_BOUND('',#5731,.T.);
#5731 = EDGE_LOOP('',(#5732,#5733,#5734,#5735,#5736,#5737,#5738,#5744,
    #5745,#5746,#5747,#5753));
#5732 = ORIENTED_EDGE('',*,*,#5307,.F.);
#5733 = ORIENTED_EDGE('',*,*,#4255,.F.);
#5734 = ORIENTED_EDGE('',*,*,#5716,.F.);
#5735 = ORIENTED_EDGE('',*,*,#4410,.T.);
#5736 = ORIENTED_EDGE('',*,*,#5092,.F.);
#5737 = ORIENTED_EDGE('',*,*,#5123,.F.);
#5738 = ORIENTED_EDGE('',*,*,#5739,.F.);
#5739 = EDGE_CURVE('',#5243,#5116,#5740,.T.);
#5740 = LINE('',#5741,#5742);
#5741 = CARTESIAN_POINT('',(25.080248396089,3.729395847154,
    14.450003234751));
#5742 = VECTOR('',#5743,1.);
#5743 = DIRECTION('',(-2.4214E-13,-1.623E-14,-1.));
#5744 = ORIENTED_EDGE('',*,*,#5242,.F.);
#5745 = ORIENTED_EDGE('',*,*,#5186,.F.);
#5746 = ORIENTED_EDGE('',*,*,#5225,.F.);
#5747 = ORIENTED_EDGE('',*,*,#5748,.F.);
#5748 = EDGE_CURVE('',#5332,#5218,#5749,.T.);
#5749 = LINE('',#5750,#5751);
#5750 = CARTESIAN_POINT('',(25.080248396089,3.729395847154,
    14.450003234751));
#5751 = VECTOR('',#5752,1.);
#5752 = DIRECTION('',(-2.4214E-13,-1.623E-14,-1.));
#5753 = ORIENTED_EDGE('',*,*,#5343,.F.);
#5754 = PLANE('',#5755);
#5755 = AXIS2_PLACEMENT_3D('',#5756,#5757,#5758);
#5756 = CARTESIAN_POINT('',(21.080248396087,3.72939584028,7.600000053111
    ));
#5757 = DIRECTION('',(-1.71809463E-09,1.,-1.656E-14));
#5758 = DIRECTION('',(2.4214E-13,1.656000041602E-14,1.));
#5759 = ADVANCED_FACE('',(#5760),#5766,.T.);
#5760 = FACE_BOUND('',#5761,.T.);
#5761 = EDGE_LOOP('',(#5762,#5763,#5764,#5765));
#5762 = ORIENTED_EDGE('',*,*,#5217,.F.);
#5763 = ORIENTED_EDGE('',*,*,#4304,.T.);
#5764 = ORIENTED_EDGE('',*,*,#5331,.T.);
#5765 = ORIENTED_EDGE('',*,*,#5748,.T.);
#5766 = PLANE('',#5767);
#5767 = AXIS2_PLACEMENT_3D('',#5768,#5769,#5770);
#5768 = CARTESIAN_POINT('',(25.080248366024,21.229395824384,
    21.300010406377));
#5769 = DIRECTION('',(-1.,-1.71809463E-09,2.4214E-13));
#5770 = DIRECTION('',(1.71809463E-09,-1.,1.173E-14));
#5771 = ADVANCED_FACE('',(#5772),#5778,.T.);
#5772 = FACE_BOUND('',#5773,.T.);
#5773 = EDGE_LOOP('',(#5774,#5775,#5776,#5777));
#5774 = ORIENTED_EDGE('',*,*,#4377,.T.);
#5775 = ORIENTED_EDGE('',*,*,#5250,.T.);
#5776 = ORIENTED_EDGE('',*,*,#5739,.T.);
#5777 = ORIENTED_EDGE('',*,*,#5115,.F.);
#5778 = PLANE('',#5779);
#5779 = AXIS2_PLACEMENT_3D('',#5780,#5781,#5782);
#5780 = CARTESIAN_POINT('',(25.080248366024,21.229395824384,
    21.300010406377));
#5781 = DIRECTION('',(-1.,-1.71809463E-09,2.4214E-13));
#5782 = DIRECTION('',(1.71809463E-09,-1.,1.173E-14));
#5783 = ADVANCED_FACE('',(#5784),#5803,.F.);
#5784 = FACE_BOUND('',#5785,.F.);
#5785 = EDGE_LOOP('',(#5786,#5794,#5801,#5802));
#5786 = ORIENTED_EDGE('',*,*,#5787,.T.);
#5787 = EDGE_CURVE('',#4497,#5788,#5790,.T.);
#5788 = VERTEX_POINT('',#5789);
#5789 = CARTESIAN_POINT('',(-16.91975138079,-5.270604224999,
    5.000000000004));
#5790 = LINE('',#5791,#5792);
#5791 = CARTESIAN_POINT('',(-16.91975146066,41.229392053839,
    5.000000000003));
#5792 = VECTOR('',#5793,1.);
#5793 = DIRECTION('',(1.7175975E-09,-1.,1.224E-14));
#5794 = ORIENTED_EDGE('',*,*,#5795,.F.);
#5795 = EDGE_CURVE('',#5788,#5788,#5796,.T.);
#5796 = CIRCLE('',#5797,0.9);
#5797 = AXIS2_PLACEMENT_3D('',#5798,#5799,#5800);
#5798 = CARTESIAN_POINT('',(-16.91975138079,-5.270604224999,
    4.100000000004));
#5799 = DIRECTION('',(1.71761994E-09,-1.,1.212E-14));
#5800 = DIRECTION('',(-1.4E-16,-1.212000000024E-14,-1.));
#5801 = ORIENTED_EDGE('',*,*,#5787,.F.);
#5802 = ORIENTED_EDGE('',*,*,#4496,.T.);
#5803 = CYLINDRICAL_SURFACE('',#5804,0.9);
#5804 = AXIS2_PLACEMENT_3D('',#5805,#5806,#5807);
#5805 = CARTESIAN_POINT('',(-16.91975146066,41.229392053839,
    4.100000000003));
#5806 = DIRECTION('',(-1.7175975E-09,1.,-1.224E-14));
#5807 = DIRECTION('',(-1.4E-16,-1.224000000024E-14,-1.));
#5808 = ADVANCED_FACE('',(#5809),#5828,.F.);
#5809 = FACE_BOUND('',#5810,.F.);
#5810 = EDGE_LOOP('',(#5811,#5819,#5826,#5827));
#5811 = ORIENTED_EDGE('',*,*,#5812,.T.);
#5812 = EDGE_CURVE('',#4611,#5813,#5815,.T.);
#5813 = VERTEX_POINT('',#5814);
#5814 = CARTESIAN_POINT('',(-30.48407777006,-0.370610985136,
    11.986394012412));
#5815 = LINE('',#5816,#5817);
#5816 = CARTESIAN_POINT('',(-30.48407776757,2.629389014864,
    11.986394012412));
#5817 = VECTOR('',#5818,1.);
#5818 = DIRECTION('',(-8.2934294E-10,-1.,6.32E-15));
#5819 = ORIENTED_EDGE('',*,*,#5820,.F.);
#5820 = EDGE_CURVE('',#5813,#5813,#5821,.T.);
#5821 = CIRCLE('',#5822,1.7);
#5822 = AXIS2_PLACEMENT_3D('',#5823,#5824,#5825);
#5823 = CARTESIAN_POINT('',(-30.48407777006,-0.370610985136,
    13.686394012412));
#5824 = DIRECTION('',(-8.293401E-10,-1.,5.73E-15));
#5825 = DIRECTION('',(1.4E-16,5.729999999884E-15,1.));
#5826 = ORIENTED_EDGE('',*,*,#5812,.F.);
#5827 = ORIENTED_EDGE('',*,*,#4610,.T.);
#5828 = CYLINDRICAL_SURFACE('',#5829,1.7);
#5829 = AXIS2_PLACEMENT_3D('',#5830,#5831,#5832);
#5830 = CARTESIAN_POINT('',(-30.48407776757,2.629389014864,
    13.686394012412));
#5831 = DIRECTION('',(8.2934294E-10,1.,-6.32E-15));
#5832 = DIRECTION('',(1.4E-16,6.319999999884E-15,1.));
#5833 = ADVANCED_FACE('',(#5834,#5837),#5840,.T.);
#5834 = FACE_BOUND('',#5835,.T.);
#5835 = EDGE_LOOP('',(#5836));
#5836 = ORIENTED_EDGE('',*,*,#4780,.T.);
#5837 = FACE_BOUND('',#5838,.T.);
#5838 = EDGE_LOOP('',(#5839));
#5839 = ORIENTED_EDGE('',*,*,#5504,.F.);
#5840 = PLANE('',#5841);
#5841 = AXIS2_PLACEMENT_3D('',#5842,#5843,#5844);
#5842 = CARTESIAN_POINT('',(-30.33408145843,-0.37061098526,
    23.858362815636));
#5843 = DIRECTION('',(-8.293401E-10,-1.,5.73E-15));
#5844 = DIRECTION('',(1.4E-16,5.729999999884E-15,1.));
#5845 = ADVANCED_FACE('',(#5846,#5849),#5852,.T.);
#5846 = FACE_BOUND('',#5847,.T.);
#5847 = EDGE_LOOP('',(#5848));
#5848 = ORIENTED_EDGE('',*,*,#4807,.T.);
#5849 = FACE_BOUND('',#5850,.T.);
#5850 = EDGE_LOOP('',(#5851));
#5851 = ORIENTED_EDGE('',*,*,#5820,.F.);
#5852 = PLANE('',#5853);
#5853 = AXIS2_PLACEMENT_3D('',#5854,#5855,#5856);
#5854 = CARTESIAN_POINT('',(-30.33408145843,-0.37061098526,
    23.858362815636));
#5855 = DIRECTION('',(-8.293401E-10,-1.,5.73E-15));
#5856 = DIRECTION('',(1.4E-16,5.729999999884E-15,1.));
#5857 = ADVANCED_FACE('',(#5858),#5861,.F.);
#5858 = FACE_BOUND('',#5859,.T.);
#5859 = EDGE_LOOP('',(#5860));
#5860 = ORIENTED_EDGE('',*,*,#5608,.F.);
#5861 = PLANE('',#5862);
#5862 = AXIS2_PLACEMENT_3D('',#5863,#5864,#5865);
#5863 = CARTESIAN_POINT('',(-17.41975162147,-5.270604225858,
    36.630338225833));
#5864 = DIRECTION('',(1.71761994E-09,-1.,1.212E-14));
#5865 = DIRECTION('',(-1.4E-16,-1.212000000024E-14,-1.));
#5866 = ADVANCED_FACE('',(#5867),#5870,.F.);
#5867 = FACE_BOUND('',#5868,.T.);
#5868 = EDGE_LOOP('',(#5869));
#5869 = ORIENTED_EDGE('',*,*,#5795,.F.);
#5870 = PLANE('',#5871);
#5871 = AXIS2_PLACEMENT_3D('',#5872,#5873,#5874);
#5872 = CARTESIAN_POINT('',(-17.41975162147,-5.270604225858,
    36.630338225833));
#5873 = DIRECTION('',(1.71761994E-09,-1.,1.212E-14));
#5874 = DIRECTION('',(-1.4E-16,-1.212000000024E-14,-1.));
#5875 = ADVANCED_FACE('',(#5876),#5882,.F.);
#5876 = FACE_BOUND('',#5877,.F.);
#5877 = EDGE_LOOP('',(#5878,#5879,#5880,#5881));
#5878 = ORIENTED_EDGE('',*,*,#3161,.T.);
#5879 = ORIENTED_EDGE('',*,*,#3152,.T.);
#5880 = ORIENTED_EDGE('',*,*,#1148,.T.);
#5881 = ORIENTED_EDGE('',*,*,#1167,.T.);
#5882 = CYLINDRICAL_SURFACE('',#5883,2.35);
#5883 = AXIS2_PLACEMENT_3D('',#5884,#5885,#5886);
#5884 = CARTESIAN_POINT('',(25.584827011175,0.290950654213,
    41.600000053124));
#5885 = DIRECTION('',(2.4173E-13,1.224E-14,1.));
#5886 = DIRECTION('',(1.7175975E-09,-1.,1.223999958481E-14));
#5887 = ( GEOMETRIC_REPRESENTATION_CONTEXT(3) 
GLOBAL_UNCERTAINTY_ASSIGNED_CONTEXT((#5891)) 
GLOBAL_UNIT_ASSIGNED_CONTEXT((#5888,#5889,#5890)) REPRESENTATION_CONTEXT
('Context #1','3D Context with UNIT and UNCERTAINTY') );
#5888 = ( LENGTH_UNIT() NAMED_UNIT(*) SI_UNIT(.MILLI.,.METRE.) );
#5889 = ( NAMED_UNIT(*) PLANE_ANGLE_UNIT() SI_UNIT($,.RADIAN.) );
#5890 = ( NAMED_UNIT(*) SI_UNIT($,.STERADIAN.) SOLID_ANGLE_UNIT() );
#5891 = UNCERTAINTY_MEASURE_WITH_UNIT(LENGTH_MEASURE(5.E-05),#5888,
  'distance_accuracy_value','confusion accuracy');
#5892 = PRODUCT_RELATED_PRODUCT_CATEGORY('part',$,(#7));
#5893 = MECHANICAL_DESIGN_GEOMETRIC_PRESENTATION_REPRESENTATION('',(
    #5894),#5887);
#5894 = STYLED_ITEM('color',(#5895),#15);
#5895 = PRESENTATION_STYLE_ASSIGNMENT((#5896,#5904));
#5896 = SURFACE_STYLE_USAGE(.BOTH.,#5897);
#5897 = SURFACE_SIDE_STYLE('',(#5898,#5902));
#5898 = SURFACE_STYLE_FILL_AREA(#5899);
#5899 = FILL_AREA_STYLE('',(#5900));
#5900 = FILL_AREA_STYLE_COLOUR('',#5901);
#5901 = COLOUR_RGB('',0.447059003357,0.474510015008,0.501960993452);
#5902 = SURFACE_STYLE_RENDERING_WITH_PROPERTIES(.NORMAL_SHADING.,#5901,(
    #5903));
#5903 = SURFACE_STYLE_TRANSPARENT(0.449999988079);
#5904 = CURVE_STYLE('',#5905,POSITIVE_LENGTH_MEASURE(0.1),#5906);
#5905 = DRAUGHTING_PRE_DEFINED_CURVE_FONT('continuous');
#5906 = COLOUR_RGB('',9.803921802644E-02,9.803921802644E-02,
  9.803921802644E-02);
ENDSEC;
END-ISO-10303-21;
