ISO-10303-21;
HEADER;
FILE_DESCRIPTION(('FreeCAD Model'),'2;1');
FILE_NAME('Open CASCADE Shape Model','2026-01-22T23:07:17',(''),(''),
  'Open CASCADE STEP processor 7.9','FreeCAD','Unknown');
FILE_SCHEMA(('AUTOMOTIVE_DESIGN { 1 0 10303 214 1 1 1 1 }'));
ENDSEC;
DATA;
#1 = APPLICATION_PROTOCOL_DEFINITION('international standard',
  'automotive_design',2000,#2);
#2 = APPLICATION_CONTEXT(
  'core data for automotive mechanical design processes');
#3 = SHAPE_DEFINITION_REPRESENTATION(#4,#10);
#4 = PRODUCT_DEFINITION_SHAPE('','',#5);
#5 = PRODUCT_DEFINITION('design','',#6,#9);
#6 = PRODUCT_DEFINITION_FORMATION('','',#7);
#7 = PRODUCT('Right_Duct_Standard v10','Right_Duct_Standard v10','',(#8)
  );
#8 = PRODUCT_CONTEXT('',#2,'mechanical');
#9 = PRODUCT_DEFINITION_CONTEXT('part definition',#2,'design');
#10 = ADVANCED_BREP_SHAPE_REPRESENTATION('',(#11,#15),#6713);
#11 = AXIS2_PLACEMENT_3D('',#12,#13,#14);
#12 = CARTESIAN_POINT('',(0.,0.,0.));
#13 = DIRECTION('',(0.,0.,1.));
#14 = DIRECTION('',(1.,0.,-0.));
#15 = MANIFOLD_SOLID_BREP('',#16);
#16 = CLOSED_SHELL('',(#17,#57,#90,#121,#152,#177,#201,#225,#299,#339,
    #370,#410,#441,#482,#514,#531,#557,#714,#769,#810,#854,#885,#929,
    #960,#1004,#1035,#1067,#1101,#1132,#1154,#1186,#1220,#1251,#1273,
    #1305,#1329,#1351,#1382,#1406,#1431,#1455,#1479,#1504,#1528,#1552,
    #1577,#1654,#1685,#1710,#1741,#1766,#1797,#1815,#1880,#2312,#2345,
    #2370,#2437,#2477,#2501,#2558,#2576,#2624,#2665,#2698,#2718,#2736,
    #2886,#2942,#3000,#3041,#3130,#3170,#3203,#3234,#3304,#3335,#3517,
    #3550,#3572,#3605,#3638,#3678,#3720,#3760,#3777,#3794,#3811,#3837,
    #3982,#3999,#4021,#4037,#4069,#4094,#4133,#4158,#4183,#4204,#4228,
    #4260,#4293,#4335,#4437,#4468,#4499,#4555,#4595,#4634,#4673,#4698,
    #4739,#4779,#4810,#4840,#4864,#4888,#4915,#4942,#4988,#5091,#5115,
    #5133,#5153,#5165,#5185,#5197,#5245,#5269,#5324,#5336,#5368,#5399,
    #5424,#5436,#5467,#5491,#5515,#5539,#5572,#5588,#5615,#5654,#5678,
    #5702,#5726,#5750,#5767,#5792,#5804,#5836,#5857,#5896,#5920,#5938,
    #5947,#5956,#5998,#6029,#6047,#6075,#6108,#6134,#6151,#6163,#6209,
    #6228,#6268,#6285,#6297,#6328,#6369,#6393,#6412,#6443,#6469,#6501,
    #6534,#6552,#6569,#6591,#6608,#6645,#6668,#6689,#6701));
#17 = ADVANCED_FACE('',(#18),#52,.T.);
#18 = FACE_BOUND('',#19,.T.);
#19 = EDGE_LOOP('',(#20,#30,#38,#46));
#20 = ORIENTED_EDGE('',*,*,#21,.F.);
#21 = EDGE_CURVE('',#22,#24,#26,.T.);
#22 = VERTEX_POINT('',#23);
#23 = CARTESIAN_POINT('',(6.879238410622,-5.670604184122,39.300000000004
    ));
#24 = VERTEX_POINT('',#25);
#25 = CARTESIAN_POINT('',(8.010609260521,-6.470604182179,39.300000000004
    ));
#26 = LINE('',#27,#28);
#27 = CARTESIAN_POINT('',(4.299115827952,-3.846182014055,39.300000000004
    ));
#28 = VECTOR('',#29,1.);
#29 = DIRECTION('',(0.816496581589,-0.577350268255,0.));
#30 = ORIENTED_EDGE('',*,*,#31,.T.);
#31 = EDGE_CURVE('',#22,#32,#34,.T.);
#32 = VERTEX_POINT('',#33);
#33 = CARTESIAN_POINT('',(10.47974347401,-5.670604177938,35.699494936616
    ));
#34 = LINE('',#35,#36);
#35 = CARTESIAN_POINT('',(11.029743426046,-5.670604176994,
    35.149494984581));
#36 = VECTOR('',#37,1.);
#37 = DIRECTION('',(0.707106781187,1.21449946E-09,-0.707106781186));
#38 = ORIENTED_EDGE('',*,*,#39,.T.);
#39 = EDGE_CURVE('',#32,#40,#42,.T.);
#40 = VERTEX_POINT('',#41);
#41 = CARTESIAN_POINT('',(11.045428899647,-6.470604176967,
    36.265180360879));
#42 = LINE('',#43,#44);
#43 = CARTESIAN_POINT('',(10.47974347401,-5.670604177938,35.699494936616
    ));
#44 = VECTOR('',#45,1.);
#45 = DIRECTION('',(0.500000000911,-0.707106780757,0.499999999696));
#46 = ORIENTED_EDGE('',*,*,#47,.T.);
#47 = EDGE_CURVE('',#40,#24,#48,.T.);
#48 = LINE('',#49,#50);
#49 = CARTESIAN_POINT('',(11.595428851682,-6.470604176022,
    35.715180408843));
#50 = VECTOR('',#51,1.);
#51 = DIRECTION('',(-0.707106781187,-1.21449946E-09,0.707106781186));
#52 = PLANE('',#53);
#53 = AXIS2_PLACEMENT_3D('',#54,#55,#56);
#54 = CARTESIAN_POINT('',(11.312586138864,-6.070604176508,
    35.432337696712));
#55 = DIRECTION('',(-0.499999999089,-0.707106781616,-0.500000000304));
#56 = DIRECTION('',(-0.707106782045,0.,0.707106780328));
#57 = ADVANCED_FACE('',(#58),#85,.F.);
#58 = FACE_BOUND('',#59,.F.);
#59 = EDGE_LOOP('',(#60,#69,#70,#79));
#60 = ORIENTED_EDGE('',*,*,#61,.F.);
#61 = EDGE_CURVE('',#32,#62,#64,.T.);
#62 = VERTEX_POINT('',#63);
#63 = CARTESIAN_POINT('',(-9.319246399213,-5.670604211945,
    35.699494936616));
#64 = CIRCLE('',#65,14.);
#65 = AXIS2_PLACEMENT_3D('',#66,#67,#68);
#66 = CARTESIAN_POINT('',(0.580248537399,-5.670604194942,25.800000000004
    ));
#67 = DIRECTION('',(-1.71757385E-09,1.,-1.224000000003E-14));
#68 = DIRECTION('',(-0.707106781187,-1.214516771511E-09,-0.707106781187)
  );
#69 = ORIENTED_EDGE('',*,*,#39,.T.);
#70 = ORIENTED_EDGE('',*,*,#71,.F.);
#71 = EDGE_CURVE('',#72,#40,#74,.T.);
#72 = VERTEX_POINT('',#73);
#73 = CARTESIAN_POINT('',(-9.884931822788,-6.470604212916,
    36.265180361565));
#74 = CIRCLE('',#75,14.8);
#75 = AXIS2_PLACEMENT_3D('',#76,#77,#78);
#76 = CARTESIAN_POINT('',(0.580248538773,-6.470604194942,25.800000000004
    ));
#77 = DIRECTION('',(1.71757385E-09,-1.,1.224000000003E-14));
#78 = DIRECTION('',(-0.707106781187,-1.214516771511E-09,-0.707106781187)
  );
#79 = ORIENTED_EDGE('',*,*,#80,.F.);
#80 = EDGE_CURVE('',#62,#72,#81,.T.);
#81 = LINE('',#82,#83);
#82 = CARTESIAN_POINT('',(-9.319246399213,-5.670604211945,
    35.699494936616));
#83 = VECTOR('',#84,1.);
#84 = DIRECTION('',(-0.499999998785,-0.707106782045,0.5));
#85 = CONICAL_SURFACE('',#86,14.4,0.785398163397);
#86 = AXIS2_PLACEMENT_3D('',#87,#88,#89);
#87 = CARTESIAN_POINT('',(0.580248538086,-6.070604194942,25.800000000004
    ));
#88 = DIRECTION('',(1.71757383E-09,-1.,1.11E-14));
#89 = DIRECTION('',(-0.707106781187,-1.214515951267E-09,-0.707106781187)
  );
#90 = ADVANCED_FACE('',(#91),#116,.T.);
#91 = FACE_BOUND('',#92,.T.);
#92 = EDGE_LOOP('',(#93,#103,#109,#110));
#93 = ORIENTED_EDGE('',*,*,#94,.F.);
#94 = EDGE_CURVE('',#95,#97,#99,.T.);
#95 = VERTEX_POINT('',#96);
#96 = CARTESIAN_POINT('',(-6.850112185723,-6.470604207704,
    39.300000000004));
#97 = VERTEX_POINT('',#98);
#98 = CARTESIAN_POINT('',(-5.718741335825,-5.67060420576,39.300000000004
    ));
#99 = LINE('',#100,#101);
#100 = CARTESIAN_POINT('',(-10.52070390208,-9.066104507614,
    39.300000000004));
#101 = VECTOR('',#102,1.);
#102 = DIRECTION('',(0.816496580267,0.577350270125,0.));
#103 = ORIENTED_EDGE('',*,*,#104,.T.);
#104 = EDGE_CURVE('',#95,#72,#105,.T.);
#105 = LINE('',#106,#107);
#106 = CARTESIAN_POINT('',(-19.13467933974,-6.470604228803,
    27.015432845982));
#107 = VECTOR('',#108,1.);
#108 = DIRECTION('',(-0.707106781187,-1.21451677E-09,-0.707106781186));
#109 = ORIENTED_EDGE('',*,*,#80,.F.);
#110 = ORIENTED_EDGE('',*,*,#111,.T.);
#111 = EDGE_CURVE('',#62,#97,#112,.T.);
#112 = LINE('',#113,#114);
#113 = CARTESIAN_POINT('',(-18.56899391548,-5.670604227832,
    26.449747420346));
#114 = VECTOR('',#115,1.);
#115 = DIRECTION('',(0.707106781187,1.21451677E-09,0.707106781186));
#116 = PLANE('',#117);
#117 = AXIS2_PLACEMENT_3D('',#118,#119,#120);
#118 = CARTESIAN_POINT('',(-18.85183662761,-6.070604228318,
    26.732590133164));
#119 = DIRECTION('',(0.500000000911,-0.707106780757,-0.499999999696));
#120 = DIRECTION('',(-0.707106780328,-2.498001805407E-16,-0.707106782045
    ));
#121 = ADVANCED_FACE('',(#122),#147,.F.);
#122 = FACE_BOUND('',#123,.T.);
#123 = EDGE_LOOP('',(#124,#125,#133,#141));
#124 = ORIENTED_EDGE('',*,*,#111,.F.);
#125 = ORIENTED_EDGE('',*,*,#126,.T.);
#126 = EDGE_CURVE('',#62,#127,#129,.T.);
#127 = VERTEX_POINT('',#128);
#128 = CARTESIAN_POINT('',(-9.319246399213,-5.270604497325,
    35.699494936616));
#129 = LINE('',#130,#131);
#130 = CARTESIAN_POINT('',(-9.319246399213,-5.270604497325,
    35.699494936616));
#131 = VECTOR('',#132,1.);
#132 = DIRECTION('',(0.,1.,0.));
#133 = ORIENTED_EDGE('',*,*,#134,.F.);
#134 = EDGE_CURVE('',#135,#127,#137,.T.);
#135 = VERTEX_POINT('',#136);
#136 = CARTESIAN_POINT('',(-5.718741335825,-5.270604497325,
    39.300000000004));
#137 = LINE('',#138,#139);
#138 = CARTESIAN_POINT('',(-9.31140935078,-5.270604211931,
    35.707331985049));
#139 = VECTOR('',#140,1.);
#140 = DIRECTION('',(-0.707106781187,-1.21454927E-09,-0.707106781186));
#141 = ORIENTED_EDGE('',*,*,#142,.F.);
#142 = EDGE_CURVE('',#97,#135,#143,.T.);
#143 = LINE('',#144,#145);
#144 = CARTESIAN_POINT('',(-5.718741335825,-5.870604497324,
    39.300000000004));
#145 = VECTOR('',#146,1.);
#146 = DIRECTION('',(-0.,1.,-0.));
#147 = PLANE('',#148);
#148 = AXIS2_PLACEMENT_3D('',#149,#150,#151);
#149 = CARTESIAN_POINT('',(-5.718741335825,-5.270604497325,
    39.300000000004));
#150 = DIRECTION('',(-0.707106781186,0.,0.707106781187));
#151 = DIRECTION('',(-0.707106781187,0.,-0.707106781186));
#152 = ADVANCED_FACE('',(#153),#172,.F.);
#153 = FACE_BOUND('',#154,.F.);
#154 = EDGE_LOOP('',(#155,#156,#165,#171));
#155 = ORIENTED_EDGE('',*,*,#126,.T.);
#156 = ORIENTED_EDGE('',*,*,#157,.T.);
#157 = EDGE_CURVE('',#127,#158,#160,.T.);
#158 = VERTEX_POINT('',#159);
#159 = CARTESIAN_POINT('',(10.47974347401,-5.270604497325,
    35.699494936616));
#160 = CIRCLE('',#161,14.);
#161 = AXIS2_PLACEMENT_3D('',#162,#163,#164);
#162 = CARTESIAN_POINT('',(0.580248537399,-5.270604194941,
    25.800000000004));
#163 = DIRECTION('',(1.71761994E-09,-1.,1.212000000002E-14));
#164 = DIRECTION('',(0.707106781187,1.214549277209E-09,0.707106781187));
#165 = ORIENTED_EDGE('',*,*,#166,.F.);
#166 = EDGE_CURVE('',#32,#158,#167,.T.);
#167 = LINE('',#168,#169);
#168 = CARTESIAN_POINT('',(10.47974347401,-5.270604497325,
    35.699494936616));
#169 = VECTOR('',#170,1.);
#170 = DIRECTION('',(0.,1.,0.));
#171 = ORIENTED_EDGE('',*,*,#61,.T.);
#172 = CYLINDRICAL_SURFACE('',#173,14.);
#173 = AXIS2_PLACEMENT_3D('',#174,#175,#176);
#174 = CARTESIAN_POINT('',(0.580248537399,-5.270604497325,
    25.800000000004));
#175 = DIRECTION('',(0.,-1.,0.));
#176 = DIRECTION('',(1.67E-15,0.,-1.));
#177 = ADVANCED_FACE('',(#178),#196,.F.);
#178 = FACE_BOUND('',#179,.T.);
#179 = EDGE_LOOP('',(#180,#181,#189,#195));
#180 = ORIENTED_EDGE('',*,*,#31,.F.);
#181 = ORIENTED_EDGE('',*,*,#182,.F.);
#182 = EDGE_CURVE('',#183,#22,#185,.T.);
#183 = VERTEX_POINT('',#184);
#184 = CARTESIAN_POINT('',(6.879238410622,-5.270604497325,
    39.300000000004));
#185 = LINE('',#186,#187);
#186 = CARTESIAN_POINT('',(6.879238410622,-5.870604497324,
    39.300000000004));
#187 = VECTOR('',#188,1.);
#188 = DIRECTION('',(-0.,-1.,0.));
#189 = ORIENTED_EDGE('',*,*,#190,.F.);
#190 = EDGE_CURVE('',#158,#183,#191,.T.);
#191 = LINE('',#192,#193);
#192 = CARTESIAN_POINT('',(3.272158877834,-5.270604190317,
    42.907079532792));
#193 = VECTOR('',#194,1.);
#194 = DIRECTION('',(-0.707106781187,-1.21453213E-09,0.707106781186));
#195 = ORIENTED_EDGE('',*,*,#166,.F.);
#196 = PLANE('',#197);
#197 = AXIS2_PLACEMENT_3D('',#198,#199,#200);
#198 = CARTESIAN_POINT('',(10.47974347401,-5.270604497325,
    35.699494936616));
#199 = DIRECTION('',(0.707106781186,0.,0.707106781187));
#200 = DIRECTION('',(-0.707106781187,2.E-16,0.707106781186));
#201 = ADVANCED_FACE('',(#202),#220,.F.);
#202 = FACE_BOUND('',#203,.T.);
#203 = EDGE_LOOP('',(#204,#205,#211,#212,#213,#219));
#204 = ORIENTED_EDGE('',*,*,#142,.T.);
#205 = ORIENTED_EDGE('',*,*,#206,.F.);
#206 = EDGE_CURVE('',#183,#135,#207,.T.);
#207 = LINE('',#208,#209);
#208 = CARTESIAN_POINT('',(-11.78137851403,-5.270604216173,
    39.300000000004));
#209 = VECTOR('',#210,1.);
#210 = DIRECTION('',(-1.,-1.71761994E-09,-0.));
#211 = ORIENTED_EDGE('',*,*,#182,.T.);
#212 = ORIENTED_EDGE('',*,*,#21,.T.);
#213 = ORIENTED_EDGE('',*,*,#214,.F.);
#214 = EDGE_CURVE('',#95,#24,#215,.T.);
#215 = LINE('',#216,#217);
#216 = CARTESIAN_POINT('',(-13.28137852915,-6.47060421875,
    39.300000000004));
#217 = VECTOR('',#218,1.);
#218 = DIRECTION('',(1.,1.71757385E-09,0.));
#219 = ORIENTED_EDGE('',*,*,#94,.T.);
#220 = PLANE('',#221);
#221 = AXIS2_PLACEMENT_3D('',#222,#223,#224);
#222 = CARTESIAN_POINT('',(-6.14300540454,-6.470604497322,
    39.300000000004));
#223 = DIRECTION('',(-0.,0.,1.));
#224 = DIRECTION('',(1.,-4.7139E-13,0.));
#225 = ADVANCED_FACE('',(#226),#294,.T.);
#226 = FACE_BOUND('',#227,.T.);
#227 = EDGE_LOOP('',(#228,#238,#246,#254,#263,#271,#280,#288));
#228 = ORIENTED_EDGE('',*,*,#229,.T.);
#229 = EDGE_CURVE('',#230,#232,#234,.T.);
#230 = VERTEX_POINT('',#231);
#231 = CARTESIAN_POINT('',(-12.66809873195,1.781966201198,0.629405067531
    ));
#232 = VERTEX_POINT('',#233);
#233 = CARTESIAN_POINT('',(12.628596072386,1.781966309076,0.629405067525
    ));
#234 = LINE('',#235,#236);
#235 = CARTESIAN_POINT('',(0.574869355823,1.781966257673,0.629405067528)
  );
#236 = VECTOR('',#237,1.);
#237 = DIRECTION('',(1.,4.26450118E-09,-2.5205E-13));
#238 = ORIENTED_EDGE('',*,*,#239,.F.);
#239 = EDGE_CURVE('',#240,#232,#242,.T.);
#240 = VERTEX_POINT('',#241);
#241 = CARTESIAN_POINT('',(12.790002951626,1.811375472693,0.599995904596
    ));
#242 = LINE('',#243,#244);
#243 = CARTESIAN_POINT('',(-0.827484451011,-0.669800775583,
    3.081172094803));
#244 = VECTOR('',#245,1.);
#245 = DIRECTION('',(-0.96836805813,-0.176441641132,0.176441637003));
#246 = ORIENTED_EDGE('',*,*,#247,.T.);
#247 = EDGE_CURVE('',#240,#248,#250,.T.);
#248 = VERTEX_POINT('',#249);
#249 = CARTESIAN_POINT('',(12.767391785582,2.061613179765,0.349758197428
    ));
#250 = LINE('',#251,#252);
#251 = CARTESIAN_POINT('',(12.726443759559,2.514784861427,
    -0.103413484409));
#252 = VECTOR('',#253,1.);
#253 = DIRECTION('',(-6.376326433538E-02,0.705667855913,-0.705667856185)
  );
#254 = ORIENTED_EDGE('',*,*,#255,.T.);
#255 = EDGE_CURVE('',#248,#256,#258,.T.);
#256 = VERTEX_POINT('',#257);
#257 = CARTESIAN_POINT('',(12.750892010931,2.061373425721,0.349997951401
    ));
#258 = ELLIPSE('',#259,0.400815638683,0.4);
#259 = AXIS2_PLACEMENT_3D('',#260,#261,#262);
#260 = CARTESIAN_POINT('',(12.750892009725,2.344216138196,
    6.715523892638E-02));
#261 = DIRECTION('',(3.01527947E-09,-0.707106781187,-0.707106781187));
#262 = DIRECTION('',(1.,4.26402833541E-09,2.207854095714E-13));
#263 = ORIENTED_EDGE('',*,*,#264,.T.);
#264 = EDGE_CURVE('',#256,#265,#267,.T.);
#265 = VERTEX_POINT('',#266);
#266 = CARTESIAN_POINT('',(-12.79039467447,2.061373316803,0.349997951404
    ));
#267 = LINE('',#268,#269);
#268 = CARTESIAN_POINT('',(-0.576921448894,2.061373368886,0.349997951403
    ));
#269 = VECTOR('',#270,1.);
#270 = DIRECTION('',(-1.,-4.26437515E-09,1.2603E-13));
#271 = ORIENTED_EDGE('',*,*,#272,.T.);
#272 = EDGE_CURVE('',#265,#273,#275,.T.);
#273 = VERTEX_POINT('',#274);
#274 = CARTESIAN_POINT('',(-12.80689444754,2.06161307066,0.349758197477)
  );
#275 = ELLIPSE('',#276,0.400815638683,0.4);
#276 = AXIS2_PLACEMENT_3D('',#277,#278,#279);
#277 = CARTESIAN_POINT('',(-12.79039467568,2.344216029278,
    6.715523892957E-02));
#278 = DIRECTION('',(3.01527947E-09,-0.707106781187,-0.707106781187));
#279 = DIRECTION('',(-1.,-4.26471872041E-09,4.695995904285E-13));
#280 = ORIENTED_EDGE('',*,*,#281,.T.);
#281 = EDGE_CURVE('',#273,#282,#284,.T.);
#282 = VERTEX_POINT('',#283);
#283 = CARTESIAN_POINT('',(-12.82950561145,1.811375363439,0.599995904602
    ));
#284 = LINE('',#285,#286);
#285 = CARTESIAN_POINT('',(-12.75269525866,2.661435389111,
    -0.250064120743));
#286 = VECTOR('',#287,1.);
#287 = DIRECTION('',(-6.376325831681E-02,-0.705667856457,0.705667856185)
  );
#288 = ORIENTED_EDGE('',*,*,#289,.F.);
#289 = EDGE_CURVE('',#230,#282,#290,.T.);
#290 = LINE('',#291,#292);
#291 = CARTESIAN_POINT('',(-6.007543178438,0.56837877851,1.842992518621)
  );
#292 = VECTOR('',#293,1.);
#293 = DIRECTION('',(-0.968368059635,0.176441632873,-0.176441637003));
#294 = PLANE('',#295);
#295 = AXIS2_PLACEMENT_3D('',#296,#297,#298);
#296 = CARTESIAN_POINT('',(1.169490038539,2.461170841673,
    -4.979951393684E-02));
#297 = DIRECTION('',(-3.01527947E-09,0.707106781187,0.707106781187));
#298 = DIRECTION('',(-1.,-4.26424926541E-09,1.445904286797E-16));
#299 = ADVANCED_FACE('',(#300),#334,.F.);
#300 = FACE_BOUND('',#301,.T.);
#301 = EDGE_LOOP('',(#302,#312,#320,#328));
#302 = ORIENTED_EDGE('',*,*,#303,.T.);
#303 = EDGE_CURVE('',#304,#306,#308,.T.);
#304 = VERTEX_POINT('',#305);
#305 = CARTESIAN_POINT('',(-25.41975162993,-0.348519327535,
    36.597318916967));
#306 = VERTEX_POINT('',#307);
#307 = CARTESIAN_POINT('',(-25.4197516295,-0.598519327535,
    37.030331618859));
#308 = LINE('',#309,#310);
#309 = CARTESIAN_POINT('',(-25.41975162993,-0.34722395615,
    36.595075267913));
#310 = VECTOR('',#311,1.);
#311 = DIRECTION('',(8.5879887E-10,-0.5,0.866025403784));
#312 = ORIENTED_EDGE('',*,*,#313,.F.);
#313 = EDGE_CURVE('',#314,#306,#316,.T.);
#314 = VERTEX_POINT('',#315);
#315 = CARTESIAN_POINT('',(-22.4197516295,-0.598519322382,
    37.030331618859));
#316 = LINE('',#317,#318);
#317 = CARTESIAN_POINT('',(-10.02400009872,-0.598519301091,
    37.030331618859));
#318 = VECTOR('',#319,1.);
#319 = DIRECTION('',(-1.,-1.71759626E-09,2.29E-15));
#320 = ORIENTED_EDGE('',*,*,#321,.T.);
#321 = EDGE_CURVE('',#314,#322,#324,.T.);
#322 = VERTEX_POINT('',#323);
#323 = CARTESIAN_POINT('',(-22.41975162993,-0.348519322382,
    36.597318916967));
#324 = LINE('',#325,#326);
#325 = CARTESIAN_POINT('',(-22.41975162993,-0.347223950997,
    36.595075267913));
#326 = VECTOR('',#327,1.);
#327 = DIRECTION('',(-8.5879887E-10,0.5,-0.866025403784));
#328 = ORIENTED_EDGE('',*,*,#329,.F.);
#329 = EDGE_CURVE('',#304,#322,#330,.T.);
#330 = LINE('',#331,#332);
#331 = CARTESIAN_POINT('',(-10.02400009915,-0.348519301091,
    36.597318916967));
#332 = VECTOR('',#333,1.);
#333 = DIRECTION('',(1.,1.71759626E-09,-2.29E-15));
#334 = PLANE('',#335);
#335 = AXIS2_PLACEMENT_3D('',#336,#337,#338);
#336 = CARTESIAN_POINT('',(-10.02400009894,-0.473519301091,
    36.813825267913));
#337 = DIRECTION('',(1.48748085E-09,-0.866025403784,-0.5));
#338 = DIRECTION('',(1.,1.717595019365E-09,-1.403668222415E-16));
#339 = ADVANCED_FACE('',(#340),#365,.T.);
#340 = FACE_BOUND('',#341,.T.);
#341 = EDGE_LOOP('',(#342,#343,#351,#359));
#342 = ORIENTED_EDGE('',*,*,#329,.T.);
#343 = ORIENTED_EDGE('',*,*,#344,.F.);
#344 = EDGE_CURVE('',#345,#322,#347,.T.);
#345 = VERTEX_POINT('',#346);
#346 = CARTESIAN_POINT('',(-22.41975162937,-0.675869591572,
    36.030331618859));
#347 = LINE('',#348,#349);
#348 = CARTESIAN_POINT('',(-22.41975162965,-0.513489828362,
    36.311581618859));
#349 = VECTOR('',#350,1.);
#350 = DIRECTION('',(-8.5879863E-10,0.5,0.866025403784));
#351 = ORIENTED_EDGE('',*,*,#352,.T.);
#352 = EDGE_CURVE('',#345,#353,#355,.T.);
#353 = VERTEX_POINT('',#354);
#354 = CARTESIAN_POINT('',(-25.41975162937,-0.675869596725,
    36.030331618859));
#355 = LINE('',#356,#357);
#356 = CARTESIAN_POINT('',(-19.41975162937,-0.675869586419,
    36.030331618859));
#357 = VECTOR('',#358,1.);
#358 = DIRECTION('',(-1.,-1.7175975E-09,1.4E-16));
#359 = ORIENTED_EDGE('',*,*,#360,.F.);
#360 = EDGE_CURVE('',#304,#353,#361,.T.);
#361 = LINE('',#362,#363);
#362 = CARTESIAN_POINT('',(-25.41975163036,-9.851932753516E-02,
    37.030331618859));
#363 = VECTOR('',#364,1.);
#364 = DIRECTION('',(8.5879863E-10,-0.5,-0.866025403784));
#365 = PLANE('',#366);
#366 = AXIS2_PLACEMENT_3D('',#367,#368,#369);
#367 = CARTESIAN_POINT('',(-19.41975163036,-9.851931722957E-02,
    37.030331618859));
#368 = DIRECTION('',(-1.48748314E-09,0.866025403784,-0.5));
#369 = DIRECTION('',(8.5879863E-10,-0.5,-0.866025403784));
#370 = ADVANCED_FACE('',(#371),#405,.F.);
#371 = FACE_BOUND('',#372,.T.);
#372 = EDGE_LOOP('',(#373,#383,#391,#399));
#373 = ORIENTED_EDGE('',*,*,#374,.T.);
#374 = EDGE_CURVE('',#375,#377,#379,.T.);
#375 = VERTEX_POINT('',#376);
#376 = CARTESIAN_POINT('',(-22.41975162682,-2.157920399141,
    36.597318916967));
#377 = VERTEX_POINT('',#378);
#378 = CARTESIAN_POINT('',(-22.41975162725,-1.907920399141,
    37.030331618859));
#379 = LINE('',#380,#381);
#380 = CARTESIAN_POINT('',(-22.41975162682,-2.159215770526,
    36.595075267913));
#381 = VECTOR('',#382,1.);
#382 = DIRECTION('',(-8.5879863E-10,0.5,0.866025403784));
#383 = ORIENTED_EDGE('',*,*,#384,.F.);
#384 = EDGE_CURVE('',#385,#377,#387,.T.);
#385 = VERTEX_POINT('',#386);
#386 = CARTESIAN_POINT('',(-25.41975162725,-1.907920404294,
    37.030331618859));
#387 = LINE('',#388,#389);
#388 = CARTESIAN_POINT('',(-10.02400009647,-1.90792037785,
    37.030331618859));
#389 = VECTOR('',#390,1.);
#390 = DIRECTION('',(1.,1.71759874E-09,-2.29E-15));
#391 = ORIENTED_EDGE('',*,*,#392,.T.);
#392 = EDGE_CURVE('',#385,#393,#395,.T.);
#393 = VERTEX_POINT('',#394);
#394 = CARTESIAN_POINT('',(-25.41975162682,-2.157920404294,
    36.597318916967));
#395 = LINE('',#396,#397);
#396 = CARTESIAN_POINT('',(-25.41975162682,-2.159215775679,
    36.595075267913));
#397 = VECTOR('',#398,1.);
#398 = DIRECTION('',(8.5879863E-10,-0.5,-0.866025403784));
#399 = ORIENTED_EDGE('',*,*,#400,.F.);
#400 = EDGE_CURVE('',#375,#393,#401,.T.);
#401 = LINE('',#402,#403);
#402 = CARTESIAN_POINT('',(-10.02400009604,-2.15792037785,
    36.597318916967));
#403 = VECTOR('',#404,1.);
#404 = DIRECTION('',(-1.,-1.71759874E-09,2.29E-15));
#405 = PLANE('',#406);
#406 = AXIS2_PLACEMENT_3D('',#407,#408,#409);
#407 = CARTESIAN_POINT('',(-10.02400009626,-2.03292037785,
    36.813825267913));
#408 = DIRECTION('',(-1.48748529E-09,0.866025403784,-0.5));
#409 = DIRECTION('',(-1.,-1.717599983274E-09,1.418902003472E-16));
#410 = ADVANCED_FACE('',(#411),#436,.T.);
#411 = FACE_BOUND('',#412,.T.);
#412 = EDGE_LOOP('',(#413,#414,#422,#430));
#413 = ORIENTED_EDGE('',*,*,#400,.T.);
#414 = ORIENTED_EDGE('',*,*,#415,.F.);
#415 = EDGE_CURVE('',#416,#393,#418,.T.);
#416 = VERTEX_POINT('',#417);
#417 = CARTESIAN_POINT('',(-25.41975162738,-1.830570135104,
    36.030331618859));
#418 = LINE('',#419,#420);
#419 = CARTESIAN_POINT('',(-25.41975162738,-1.830570135104,
    36.030331618859));
#420 = VECTOR('',#421,1.);
#421 = DIRECTION('',(8.5879887E-10,-0.5,0.866025403784));
#422 = ORIENTED_EDGE('',*,*,#423,.F.);
#423 = EDGE_CURVE('',#424,#416,#426,.T.);
#424 = VERTEX_POINT('',#425);
#425 = CARTESIAN_POINT('',(-22.41975162738,-1.830570129951,
    36.030331618859));
#426 = LINE('',#427,#428);
#427 = CARTESIAN_POINT('',(-19.41975162738,-1.830570124798,
    36.030331618859));
#428 = VECTOR('',#429,1.);
#429 = DIRECTION('',(-1.,-1.7175975E-09,1.4E-16));
#430 = ORIENTED_EDGE('',*,*,#431,.F.);
#431 = EDGE_CURVE('',#375,#424,#432,.T.);
#432 = LINE('',#433,#434);
#433 = CARTESIAN_POINT('',(-22.4197516276,-1.704274758566,
    35.811581618859));
#434 = VECTOR('',#435,1.);
#435 = DIRECTION('',(-8.5879887E-10,0.5,-0.866025403784));
#436 = PLANE('',#437);
#437 = AXIS2_PLACEMENT_3D('',#438,#439,#440);
#438 = CARTESIAN_POINT('',(-19.41975162738,-1.830570124798,
    36.030331618859));
#439 = DIRECTION('',(1.487483E-09,-0.866025403784,-0.5));
#440 = DIRECTION('',(8.5879887E-10,-0.5,0.866025403784));
#441 = ADVANCED_FACE('',(#442),#477,.T.);
#442 = FACE_BOUND('',#443,.T.);
#443 = EDGE_LOOP('',(#444,#452,#461,#467,#468,#469,#475,#476));
#444 = ORIENTED_EDGE('',*,*,#445,.F.);
#445 = EDGE_CURVE('',#446,#314,#448,.T.);
#446 = VERTEX_POINT('',#447);
#447 = CARTESIAN_POINT('',(-22.41975163267,1.246780139238,
    37.030331618859));
#448 = LINE('',#449,#450);
#449 = CARTESIAN_POINT('',(-22.41975162147,-5.270604234446,
    37.030331618859));
#450 = VECTOR('',#451,1.);
#451 = DIRECTION('',(1.7175975E-09,-1.,1.224E-14));
#452 = ORIENTED_EDGE('',*,*,#453,.T.);
#453 = EDGE_CURVE('',#446,#454,#456,.T.);
#454 = VERTEX_POINT('',#455);
#455 = CARTESIAN_POINT('',(-22.41975162408,-3.753219860762,
    37.030331618859));
#456 = CIRCLE('',#457,2.5);
#457 = AXIS2_PLACEMENT_3D('',#458,#459,#460);
#458 = CARTESIAN_POINT('',(-22.41975162837,-1.253219860762,
    37.030331618859));
#459 = DIRECTION('',(-1.,-1.7175975E-09,1.4E-16));
#460 = DIRECTION('',(-1.7175975E-09,1.,-1.224E-14));
#461 = ORIENTED_EDGE('',*,*,#462,.F.);
#462 = EDGE_CURVE('',#377,#454,#463,.T.);
#463 = LINE('',#464,#465);
#464 = CARTESIAN_POINT('',(-22.41975162147,-5.270604234446,
    37.030331618859));
#465 = VECTOR('',#466,1.);
#466 = DIRECTION('',(1.7175975E-09,-1.,1.224E-14));
#467 = ORIENTED_EDGE('',*,*,#374,.F.);
#468 = ORIENTED_EDGE('',*,*,#431,.T.);
#469 = ORIENTED_EDGE('',*,*,#470,.T.);
#470 = EDGE_CURVE('',#424,#345,#471,.T.);
#471 = LINE('',#472,#473);
#472 = CARTESIAN_POINT('',(-22.41975162887,-0.964544726167,
    36.030331618859));
#473 = VECTOR('',#474,1.);
#474 = DIRECTION('',(-1.7175975E-09,1.,-1.224E-14));
#475 = ORIENTED_EDGE('',*,*,#344,.T.);
#476 = ORIENTED_EDGE('',*,*,#321,.F.);
#477 = PLANE('',#478);
#478 = AXIS2_PLACEMENT_3D('',#479,#480,#481);
#479 = CARTESIAN_POINT('',(-22.41975162837,-1.253219860762,
    35.780331618859));
#480 = DIRECTION('',(-1.,-1.7175975E-09,1.4E-16));
#481 = DIRECTION('',(-1.7175975E-09,1.,-1.224E-14));
#482 = ADVANCED_FACE('',(#483),#509,.F.);
#483 = FACE_BOUND('',#484,.F.);
#484 = EDGE_LOOP('',(#485,#493,#502,#508));
#485 = ORIENTED_EDGE('',*,*,#486,.F.);
#486 = EDGE_CURVE('',#487,#454,#489,.T.);
#487 = VERTEX_POINT('',#488);
#488 = CARTESIAN_POINT('',(-25.41975162408,-3.753219865914,
    37.030331618859));
#489 = LINE('',#490,#491);
#490 = CARTESIAN_POINT('',(-19.41975162408,-3.753219855609,
    37.030331618859));
#491 = VECTOR('',#492,1.);
#492 = DIRECTION('',(1.,1.7175975E-09,-1.4E-16));
#493 = ORIENTED_EDGE('',*,*,#494,.T.);
#494 = EDGE_CURVE('',#487,#495,#497,.T.);
#495 = VERTEX_POINT('',#496);
#496 = CARTESIAN_POINT('',(-25.41975163267,1.246780134086,
    37.030331618859));
#497 = CIRCLE('',#498,2.5);
#498 = AXIS2_PLACEMENT_3D('',#499,#500,#501);
#499 = CARTESIAN_POINT('',(-25.41975162837,-1.253219865914,
    37.030331618859));
#500 = DIRECTION('',(1.,1.7175975E-09,-1.4E-16));
#501 = DIRECTION('',(-1.7175975E-09,1.,-1.224E-14));
#502 = ORIENTED_EDGE('',*,*,#503,.F.);
#503 = EDGE_CURVE('',#446,#495,#504,.T.);
#504 = LINE('',#505,#506);
#505 = CARTESIAN_POINT('',(-19.41975163267,1.246780144391,
    37.030331618859));
#506 = VECTOR('',#507,1.);
#507 = DIRECTION('',(-1.,-1.7175975E-09,1.4E-16));
#508 = ORIENTED_EDGE('',*,*,#453,.T.);
#509 = CYLINDRICAL_SURFACE('',#510,2.5);
#510 = AXIS2_PLACEMENT_3D('',#511,#512,#513);
#511 = CARTESIAN_POINT('',(-19.41975162837,-1.253219855609,
    37.030331618859));
#512 = DIRECTION('',(1.,1.7175975E-09,-1.4E-16));
#513 = DIRECTION('',(-1.7175975E-09,1.,-1.224E-14));
#514 = ADVANCED_FACE('',(#515),#526,.T.);
#515 = FACE_BOUND('',#516,.T.);
#516 = EDGE_LOOP('',(#517,#518,#519,#525));
#517 = ORIENTED_EDGE('',*,*,#470,.F.);
#518 = ORIENTED_EDGE('',*,*,#423,.T.);
#519 = ORIENTED_EDGE('',*,*,#520,.F.);
#520 = EDGE_CURVE('',#353,#416,#521,.T.);
#521 = LINE('',#522,#523);
#522 = CARTESIAN_POINT('',(-25.41975162937,-0.675869596725,
    36.030331618859));
#523 = VECTOR('',#524,1.);
#524 = DIRECTION('',(1.7175975E-09,-1.,1.224E-14));
#525 = ORIENTED_EDGE('',*,*,#352,.F.);
#526 = PLANE('',#527);
#527 = AXIS2_PLACEMENT_3D('',#528,#529,#530);
#528 = CARTESIAN_POINT('',(-19.41975162937,-0.675869586419,
    36.030331618859));
#529 = DIRECTION('',(-1.4E-16,-1.224E-14,-1.));
#530 = DIRECTION('',(1.7175975E-09,-1.,1.223999999976E-14));
#531 = ADVANCED_FACE('',(#532),#552,.F.);
#532 = FACE_BOUND('',#533,.T.);
#533 = EDGE_LOOP('',(#534,#540,#541,#542,#543,#544,#545,#551));
#534 = ORIENTED_EDGE('',*,*,#535,.T.);
#535 = EDGE_CURVE('',#495,#306,#536,.T.);
#536 = LINE('',#537,#538);
#537 = CARTESIAN_POINT('',(-25.41975164768,9.988092481214,
    37.030331618859));
#538 = VECTOR('',#539,1.);
#539 = DIRECTION('',(1.7175975E-09,-1.,1.413E-14));
#540 = ORIENTED_EDGE('',*,*,#303,.F.);
#541 = ORIENTED_EDGE('',*,*,#360,.T.);
#542 = ORIENTED_EDGE('',*,*,#520,.T.);
#543 = ORIENTED_EDGE('',*,*,#415,.T.);
#544 = ORIENTED_EDGE('',*,*,#392,.F.);
#545 = ORIENTED_EDGE('',*,*,#546,.T.);
#546 = EDGE_CURVE('',#385,#487,#547,.T.);
#547 = LINE('',#548,#549);
#548 = CARTESIAN_POINT('',(-25.41975164768,9.988092481214,
    37.030331618859));
#549 = VECTOR('',#550,1.);
#550 = DIRECTION('',(1.7175975E-09,-1.,1.413E-14));
#551 = ORIENTED_EDGE('',*,*,#494,.T.);
#552 = PLANE('',#553);
#553 = AXIS2_PLACEMENT_3D('',#554,#555,#556);
#554 = CARTESIAN_POINT('',(-25.41975162837,-1.253219865914,
    35.780331618859));
#555 = DIRECTION('',(-1.,-1.7175975E-09,1.4E-16));
#556 = DIRECTION('',(-1.7175975E-09,1.,-1.224E-14));
#557 = ADVANCED_FACE('',(#558,#697,#703),#709,.F.);
#558 = FACE_BOUND('',#559,.T.);
#559 = EDGE_LOOP('',(#560,#570,#578,#586,#594,#602,#610,#618,#626,#634,
    #642,#650,#659,#667,#675,#683,#691));
#560 = ORIENTED_EDGE('',*,*,#561,.T.);
#561 = EDGE_CURVE('',#562,#564,#566,.T.);
#562 = VERTEX_POINT('',#563);
#563 = CARTESIAN_POINT('',(-19.41975162147,-5.270604229293,
    37.030331618859));
#564 = VERTEX_POINT('',#565);
#565 = CARTESIAN_POINT('',(-19.41975163813,4.429391840175,
    37.030331618859));
#566 = LINE('',#567,#568);
#567 = CARTESIAN_POINT('',(-19.41975164853,10.479400304677,
    37.030331618859));
#568 = VECTOR('',#569,1.);
#569 = DIRECTION('',(-1.71759753E-09,1.,-1.413E-14));
#570 = ORIENTED_EDGE('',*,*,#571,.F.);
#571 = EDGE_CURVE('',#572,#564,#574,.T.);
#572 = VERTEX_POINT('',#573);
#573 = CARTESIAN_POINT('',(-20.21975172371,4.429391838497,
    37.030331618859));
#574 = LINE('',#575,#576);
#575 = CARTESIAN_POINT('',(0.227429328878,4.429391881379,37.030331618859
    ));
#576 = VECTOR('',#577,1.);
#577 = DIRECTION('',(1.,2.09719003E-09,-2.29E-15));
#578 = ORIENTED_EDGE('',*,*,#579,.F.);
#579 = EDGE_CURVE('',#580,#572,#582,.T.);
#580 = VERTEX_POINT('',#581);
#581 = CARTESIAN_POINT('',(-20.21975172804,3.146738762591,
    37.030331618859));
#582 = LINE('',#583,#584);
#583 = CARTESIAN_POINT('',(-20.21975169485,12.979400332824,
    37.030331618859));
#584 = VECTOR('',#585,1.);
#585 = DIRECTION('',(3.37630281E-09,1.,-1.413E-14));
#586 = ORIENTED_EDGE('',*,*,#587,.F.);
#587 = EDGE_CURVE('',#588,#580,#590,.T.);
#588 = VERTEX_POINT('',#589);
#589 = CARTESIAN_POINT('',(-20.83690901765,2.529581477149,
    37.030331618859));
#590 = LINE('',#591,#592);
#591 = CARTESIAN_POINT('',(-10.95549870964,12.410991718439,
    37.030331618859));
#592 = VECTOR('',#593,1.);
#593 = DIRECTION('',(0.707106783574,0.707106778799,-1.161E-14));
#594 = ORIENTED_EDGE('',*,*,#595,.F.);
#595 = EDGE_CURVE('',#596,#588,#598,.T.);
#596 = VERTEX_POINT('',#597);
#597 = CARTESIAN_POINT('',(-23.43161007886,2.529581485909,
    37.030331618859));
#598 = LINE('',#599,#600);
#599 = CARTESIAN_POINT('',(-10.02400019935,2.529581440641,
    37.030331618859));
#600 = VECTOR('',#601,1.);
#601 = DIRECTION('',(1.,-3.37630281E-09,-2.29E-15));
#602 = ORIENTED_EDGE('',*,*,#603,.F.);
#603 = EDGE_CURVE('',#604,#596,#606,.T.);
#604 = VERTEX_POINT('',#605);
#605 = CARTESIAN_POINT('',(-24.0487673643,3.146738775519,37.030331618859
    ));
#606 = LINE('',#607,#608);
#607 = CARTESIAN_POINT('',(-22.56001491661,1.657986317777,
    37.030331618859));
#608 = VECTOR('',#609,1.);
#609 = DIRECTION('',(0.707106778799,-0.707106783574,8.37E-15));
#610 = ORIENTED_EDGE('',*,*,#611,.F.);
#611 = EDGE_CURVE('',#612,#604,#614,.T.);
#612 = VERTEX_POINT('',#613);
#613 = CARTESIAN_POINT('',(-24.04876735997,4.429391830467,
    37.030331618859));
#614 = LINE('',#615,#616);
#615 = CARTESIAN_POINT('',(-24.04876733578,11.595493218996,
    37.030331618859));
#616 = VECTOR('',#617,1.);
#617 = DIRECTION('',(-3.37630281E-09,-1.,1.413E-14));
#618 = ORIENTED_EDGE('',*,*,#619,.F.);
#619 = EDGE_CURVE('',#620,#612,#622,.T.);
#620 = VERTEX_POINT('',#621);
#621 = CARTESIAN_POINT('',(-25.33408535724,4.429391827772,
    37.030331618859));
#622 = LINE('',#623,#624);
#623 = CARTESIAN_POINT('',(0.227429328878,4.429391881379,37.030331618859
    ));
#624 = VECTOR('',#625,1.);
#625 = DIRECTION('',(1.,2.09719003E-09,-2.29E-15));
#626 = ORIENTED_EDGE('',*,*,#627,.T.);
#627 = EDGE_CURVE('',#620,#628,#630,.T.);
#628 = VERTEX_POINT('',#629);
#629 = CARTESIAN_POINT('',(-26.33408535807,3.429391825674,
    37.030331618859));
#630 = LINE('',#631,#632);
#631 = CARTESIAN_POINT('',(-15.20762291654,14.555854281312,
    37.030331618859));
#632 = VECTOR('',#633,1.);
#633 = DIRECTION('',(-0.707106780738,-0.707106781635,1.161E-14));
#634 = ORIENTED_EDGE('',*,*,#635,.F.);
#635 = EDGE_CURVE('',#636,#628,#638,.T.);
#636 = VERTEX_POINT('',#637);
#637 = CARTESIAN_POINT('',(-26.33408535874,2.629389013215,
    37.030331618859));
#638 = LINE('',#639,#640);
#639 = CARTESIAN_POINT('',(-26.33408534353,20.966629456665,
    37.030331618859));
#640 = VECTOR('',#641,1.);
#641 = DIRECTION('',(8.2934442E-10,1.,-1.413E-14));
#642 = ORIENTED_EDGE('',*,*,#643,.F.);
#643 = EDGE_CURVE('',#644,#636,#646,.T.);
#644 = VERTEX_POINT('',#645);
#645 = CARTESIAN_POINT('',(-33.93407755213,2.629389019518,
    37.030331618859));
#646 = LINE('',#647,#648);
#647 = CARTESIAN_POINT('',(9.97599988831,2.629388983101,37.030331618859)
  );
#648 = VECTOR('',#649,1.);
#649 = DIRECTION('',(1.,-8.293401E-10,-2.29E-15));
#650 = ORIENTED_EDGE('',*,*,#651,.T.);
#651 = EDGE_CURVE('',#644,#652,#654,.T.);
#652 = VERTEX_POINT('',#653);
#653 = CARTESIAN_POINT('',(-34.33407755247,2.229389018831,
    37.030331618859));
#654 = CIRCLE('',#655,0.4);
#655 = AXIS2_PLACEMENT_3D('',#656,#657,#658);
#656 = CARTESIAN_POINT('',(-33.93407755247,2.229389019518,
    37.030331618859));
#657 = DIRECTION('',(2.29E-15,1.413E-14,1.));
#658 = DIRECTION('',(-0.707106781501,0.707106780873,-8.372144284092E-15)
  );
#659 = ORIENTED_EDGE('',*,*,#660,.F.);
#660 = EDGE_CURVE('',#661,#652,#663,.T.);
#661 = VERTEX_POINT('',#662);
#662 = CARTESIAN_POINT('',(-34.33407754608,-1.490669176462,
    37.030331618859));
#663 = LINE('',#664,#665);
#664 = CARTESIAN_POINT('',(-34.33407756703,10.709325231165,
    37.030331618859));
#665 = VECTOR('',#666,1.);
#666 = DIRECTION('',(-1.71759273E-09,1.,-1.413E-14));
#667 = ORIENTED_EDGE('',*,*,#668,.T.);
#668 = EDGE_CURVE('',#661,#669,#671,.T.);
#669 = VERTEX_POINT('',#670);
#670 = CARTESIAN_POINT('',(-22.57612433124,-6.470604234714,
    37.030331618859));
#671 = LINE('',#672,#673);
#672 = CARTESIAN_POINT('',(-18.29193332312,-8.285120129426,
    37.030331618859));
#673 = VECTOR('',#674,1.);
#674 = DIRECTION('',(0.92081496549,-0.389999742729,3.4E-15));
#675 = ORIENTED_EDGE('',*,*,#676,.T.);
#676 = EDGE_CURVE('',#669,#677,#679,.T.);
#677 = VERTEX_POINT('',#678);
#678 = CARTESIAN_POINT('',(-19.98941835037,-6.470604230271,
    37.030331618859));
#679 = LINE('',#680,#681);
#680 = CARTESIAN_POINT('',(-10.52400010581,-6.470604214014,
    37.030331618859));
#681 = VECTOR('',#682,1.);
#682 = DIRECTION('',(1.,1.71757385E-09,-2.29E-15));
#683 = ORIENTED_EDGE('',*,*,#684,.T.);
#684 = EDGE_CURVE('',#677,#685,#687,.T.);
#685 = VERTEX_POINT('',#686);
#686 = CARTESIAN_POINT('',(-19.98941835243,-5.270604230271,
    37.030331618859));
#687 = LINE('',#688,#689);
#688 = CARTESIAN_POINT('',(-19.98941839559,19.854400234842,
    37.030331618859));
#689 = VECTOR('',#690,1.);
#690 = DIRECTION('',(-1.71759474E-09,1.,-1.413E-14));
#691 = ORIENTED_EDGE('',*,*,#692,.T.);
#692 = EDGE_CURVE('',#685,#562,#693,.T.);
#693 = LINE('',#694,#695);
#694 = CARTESIAN_POINT('',(-9.024000090699,-5.270604211437,
    37.030331618859));
#695 = VECTOR('',#696,1.);
#696 = DIRECTION('',(1.,1.71761994E-09,-2.29E-15));
#697 = FACE_BOUND('',#698,.T.);
#698 = EDGE_LOOP('',(#699,#700,#701,#702));
#699 = ORIENTED_EDGE('',*,*,#445,.T.);
#700 = ORIENTED_EDGE('',*,*,#313,.T.);
#701 = ORIENTED_EDGE('',*,*,#535,.F.);
#702 = ORIENTED_EDGE('',*,*,#503,.F.);
#703 = FACE_BOUND('',#704,.T.);
#704 = EDGE_LOOP('',(#705,#706,#707,#708));
#705 = ORIENTED_EDGE('',*,*,#546,.F.);
#706 = ORIENTED_EDGE('',*,*,#384,.T.);
#707 = ORIENTED_EDGE('',*,*,#462,.T.);
#708 = ORIENTED_EDGE('',*,*,#486,.F.);
#709 = PLANE('',#710);
#710 = AXIS2_PLACEMENT_3D('',#711,#712,#713);
#711 = CARTESIAN_POINT('',(-0.628248605441,21.229404870924,
    37.030331618859));
#712 = DIRECTION('',(-2.29E-15,-1.413E-14,-1.));
#713 = DIRECTION('',(-1.,-1.7175975E-09,2.29000002427E-15));
#714 = ADVANCED_FACE('',(#715),#764,.F.);
#715 = FACE_BOUND('',#716,.T.);
#716 = EDGE_LOOP('',(#717,#718,#726,#734,#742,#750,#758));
#717 = ORIENTED_EDGE('',*,*,#561,.F.);
#718 = ORIENTED_EDGE('',*,*,#719,.F.);
#719 = EDGE_CURVE('',#720,#562,#722,.T.);
#720 = VERTEX_POINT('',#721);
#721 = CARTESIAN_POINT('',(-19.41975162144,-5.270604229875,
    6.200000000004));
#722 = LINE('',#723,#724);
#723 = CARTESIAN_POINT('',(-19.41975162147,-5.270604229293,
    19.615169112916));
#724 = VECTOR('',#725,1.);
#725 = DIRECTION('',(1.4E-16,1.212E-14,1.));
#726 = ORIENTED_EDGE('',*,*,#727,.F.);
#727 = EDGE_CURVE('',#728,#720,#730,.T.);
#728 = VERTEX_POINT('',#729);
#729 = CARTESIAN_POINT('',(-19.41975163161,0.629393959128,6.200000000004
    ));
#730 = LINE('',#731,#732);
#731 = CARTESIAN_POINT('',(-19.4197516657,20.479393910126,6.200000000004
    ));
#732 = VECTOR('',#733,1.);
#733 = DIRECTION('',(1.71759753E-09,-1.,1.224E-14));
#734 = ORIENTED_EDGE('',*,*,#735,.F.);
#735 = EDGE_CURVE('',#736,#728,#738,.T.);
#736 = VERTEX_POINT('',#737);
#737 = CARTESIAN_POINT('',(-19.41975163161,0.629393959128,1.600000000005
    ));
#738 = LINE('',#739,#740);
#739 = CARTESIAN_POINT('',(-19.41975163161,0.629393959128,
    12.099996407349));
#740 = VECTOR('',#741,1.);
#741 = DIRECTION('',(1.4E-16,1.212E-14,1.));
#742 = ORIENTED_EDGE('',*,*,#743,.F.);
#743 = EDGE_CURVE('',#744,#736,#746,.T.);
#744 = VERTEX_POINT('',#745);
#745 = CARTESIAN_POINT('',(-19.4197516357,3.012152028867,1.600000000005)
  );
#746 = LINE('',#747,#748);
#747 = CARTESIAN_POINT('',(-19.41975163057,2.40109690777E-02,
    1.600000000004));
#748 = VECTOR('',#749,1.);
#749 = DIRECTION('',(1.71759753E-09,-1.,1.23E-14));
#750 = ORIENTED_EDGE('',*,*,#751,.T.);
#751 = EDGE_CURVE('',#744,#752,#754,.T.);
#752 = VERTEX_POINT('',#753);
#753 = CARTESIAN_POINT('',(-19.41975163813,4.429391840175,5.545460439558
    ));
#754 = LINE('',#755,#756);
#755 = CARTESIAN_POINT('',(-19.41975164063,5.884031637742,9.595038873152
    ));
#756 = VECTOR('',#757,1.);
#757 = DIRECTION('',(-5.8064967E-10,0.338059289906,0.941124814521));
#758 = ORIENTED_EDGE('',*,*,#759,.F.);
#759 = EDGE_CURVE('',#564,#752,#760,.T.);
#760 = LINE('',#761,#762);
#761 = CARTESIAN_POINT('',(-19.41975163813,4.429391840175,
    11.950005203195));
#762 = VECTOR('',#763,1.);
#763 = DIRECTION('',(-1.4E-16,-1.224E-14,-1.));
#764 = PLANE('',#765);
#765 = AXIS2_PLACEMENT_3D('',#766,#767,#768);
#766 = CARTESIAN_POINT('',(-19.41975163006,-0.270604229293,2.6));
#767 = DIRECTION('',(-1.,-1.71759753E-09,1.4E-16));
#768 = DIRECTION('',(-1.71759753E-09,1.,-1.57E-14));
#769 = ADVANCED_FACE('',(#770),#805,.F.);
#770 = FACE_BOUND('',#771,.T.);
#771 = EDGE_LOOP('',(#772,#782,#790,#798));
#772 = ORIENTED_EDGE('',*,*,#773,.F.);
#773 = EDGE_CURVE('',#774,#776,#778,.T.);
#774 = VERTEX_POINT('',#775);
#775 = CARTESIAN_POINT('',(32.877597280976,-1.600924785713,
    34.820320761512));
#776 = VERTEX_POINT('',#777);
#777 = CARTESIAN_POINT('',(32.877597279566,-0.780333389309,
    34.346552097903));
#778 = LINE('',#779,#780);
#779 = CARTESIAN_POINT('',(32.877597263501,8.56972943957,28.94829080671)
  );
#780 = VECTOR('',#781,1.);
#781 = DIRECTION('',(-1.48803806E-09,0.866025403784,-0.5));
#782 = ORIENTED_EDGE('',*,*,#783,.F.);
#783 = EDGE_CURVE('',#784,#774,#786,.T.);
#784 = VERTEX_POINT('',#785);
#785 = CARTESIAN_POINT('',(33.07759728132,-1.80092478537,34.704850707674
    ));
#786 = LINE('',#787,#788);
#787 = CARTESIAN_POINT('',(33.07759728132,-1.80092478537,34.704850707674
    ));
#788 = VECTOR('',#789,1.);
#789 = DIRECTION('',(-0.654653671833,0.654653669583,0.377964473009));
#790 = ORIENTED_EDGE('',*,*,#791,.F.);
#791 = EDGE_CURVE('',#792,#784,#794,.T.);
#792 = VERTEX_POINT('',#793);
#793 = CARTESIAN_POINT('',(33.077597279774,-0.901441586074,
    34.185533840429));
#794 = LINE('',#795,#796);
#795 = CARTESIAN_POINT('',(33.077597263672,8.469729439914,
    28.775085725953));
#796 = VECTOR('',#797,1.);
#797 = DIRECTION('',(1.48803806E-09,-0.866025403784,0.5));
#798 = ORIENTED_EDGE('',*,*,#799,.F.);
#799 = EDGE_CURVE('',#776,#792,#800,.T.);
#800 = B_SPLINE_CURVE_WITH_KNOTS('',3,(#801,#802,#803,#804),
  .UNSPECIFIED.,.F.,.F.,(4,4),(0.,2.837977957264E-02),
  .PIECEWISE_BEZIER_KNOTS.);
#801 = CARTESIAN_POINT('',(32.877597279566,-0.780333389309,
    34.346552097903));
#802 = CARTESIAN_POINT('',(32.944233825772,-0.820801614484,
    34.292971182968));
#803 = CARTESIAN_POINT('',(33.010944850422,-0.861194129294,
    34.239260556335));
#804 = CARTESIAN_POINT('',(33.077597279774,-0.901441586074,
    34.185533840429));
#805 = PLANE('',#806);
#806 = AXIS2_PLACEMENT_3D('',#807,#808,#809);
#807 = CARTESIAN_POINT('',(32.977597263587,8.519729439742,
    28.861688266331));
#808 = DIRECTION('',(-0.707106780579,-0.353553391808,-0.612372435696));
#809 = DIRECTION('',(0.447213597037,-0.894427190232,1.068589661202E-14)
  );
#810 = ADVANCED_FACE('',(#811),#849,.F.);
#811 = FACE_BOUND('',#812,.F.);
#812 = EDGE_LOOP('',(#813,#824,#833,#842));
#813 = ORIENTED_EDGE('',*,*,#814,.T.);
#814 = EDGE_CURVE('',#815,#817,#819,.T.);
#815 = VERTEX_POINT('',#816);
#816 = CARTESIAN_POINT('',(33.07759728132,-1.80092478537,37.256515763882
    ));
#817 = VERTEX_POINT('',#818);
#818 = CARTESIAN_POINT('',(32.877597280977,-1.600924785713,
    37.232142117317));
#819 = B_SPLINE_CURVE_WITH_KNOTS('',3,(#820,#821,#822,#823),
  .UNSPECIFIED.,.F.,.F.,(4,4),(0.,2.837968944888E-02),
  .PIECEWISE_BEZIER_KNOTS.);
#820 = CARTESIAN_POINT('',(33.077597281321,-1.800924785369,
    37.256515763882));
#821 = CARTESIAN_POINT('',(33.010944851815,-1.734272356093,
    37.248523801714));
#822 = CARTESIAN_POINT('',(32.944233827178,-1.667561331685,
    37.24039817099));
#823 = CARTESIAN_POINT('',(32.877597280977,-1.600924785713,
    37.232142117317));
#824 = ORIENTED_EDGE('',*,*,#825,.T.);
#825 = EDGE_CURVE('',#817,#826,#828,.T.);
#826 = VERTEX_POINT('',#827);
#827 = CARTESIAN_POINT('',(32.877597280977,-1.600924785713,
    35.767858088729));
#828 = CIRCLE('',#829,3.);
#829 = AXIS2_PLACEMENT_3D('',#830,#831,#832);
#830 = CARTESIAN_POINT('',(32.877597275978,1.308365174209,
    36.500000103023));
#831 = DIRECTION('',(1.,1.71809488E-09,-2.4849E-13));
#832 = DIRECTION('',(1.487789567192E-09,-0.866025403784,-0.5));
#833 = ORIENTED_EDGE('',*,*,#834,.T.);
#834 = EDGE_CURVE('',#826,#835,#837,.T.);
#835 = VERTEX_POINT('',#836);
#836 = CARTESIAN_POINT('',(33.07759728132,-1.80092478537,35.743484442164
    ));
#837 = B_SPLINE_CURVE_WITH_KNOTS('',3,(#838,#839,#840,#841),
  .UNSPECIFIED.,.F.,.F.,(4,4),(0.,2.837977955417E-02),
  .PIECEWISE_BEZIER_KNOTS.);
#838 = CARTESIAN_POINT('',(32.877597280977,-1.600924785713,
    35.767858088729));
#839 = CARTESIAN_POINT('',(32.944233827184,-1.667561331692,
    35.759602035056));
#840 = CARTESIAN_POINT('',(33.010944851828,-1.734272356107,
    35.751476404331));
#841 = CARTESIAN_POINT('',(33.07759728132,-1.80092478537,35.743484442164
    ));
#842 = ORIENTED_EDGE('',*,*,#843,.T.);
#843 = EDGE_CURVE('',#835,#815,#844,.T.);
#844 = CIRCLE('',#845,3.2);
#845 = AXIS2_PLACEMENT_3D('',#846,#847,#848);
#846 = CARTESIAN_POINT('',(33.077597275978,1.308365174553,
    36.500000103023));
#847 = DIRECTION('',(-1.,-1.71809488E-09,2.4849E-13));
#848 = DIRECTION('',(1.487789567192E-09,-0.866025403784,-0.5));
#849 = CONICAL_SURFACE('',#850,3.1,0.785398163398);
#850 = AXIS2_PLACEMENT_3D('',#851,#852,#853);
#851 = CARTESIAN_POINT('',(32.977597275978,1.308365174381,
    36.500000103023));
#852 = DIRECTION('',(1.,1.71813041E-09,-2.666E-13));
#853 = DIRECTION('',(1.487811282075E-09,-0.866025403784,-0.5));
#854 = ADVANCED_FACE('',(#855),#880,.F.);
#855 = FACE_BOUND('',#856,.T.);
#856 = EDGE_LOOP('',(#857,#865,#866,#874));
#857 = ORIENTED_EDGE('',*,*,#858,.F.);
#858 = EDGE_CURVE('',#815,#859,#861,.T.);
#859 = VERTEX_POINT('',#860);
#860 = CARTESIAN_POINT('',(33.077597281321,-1.80092478537,
    38.295149498372));
#861 = LINE('',#862,#863);
#862 = CARTESIAN_POINT('',(33.077597281316,-1.80092478537,19.50785699671
    ));
#863 = VECTOR('',#864,1.);
#864 = DIRECTION('',(2.4849E-13,1.185E-14,1.));
#865 = ORIENTED_EDGE('',*,*,#814,.T.);
#866 = ORIENTED_EDGE('',*,*,#867,.F.);
#867 = EDGE_CURVE('',#868,#817,#870,.T.);
#868 = VERTEX_POINT('',#869);
#869 = CARTESIAN_POINT('',(32.877597280977,-1.600924785713,
    38.179679444534));
#870 = LINE('',#871,#872);
#871 = CARTESIAN_POINT('',(32.877597280972,-1.600924785713,
    19.50785699671));
#872 = VECTOR('',#873,1.);
#873 = DIRECTION('',(-2.4849E-13,-1.185E-14,-1.));
#874 = ORIENTED_EDGE('',*,*,#875,.F.);
#875 = EDGE_CURVE('',#859,#868,#876,.T.);
#876 = LINE('',#877,#878);
#877 = CARTESIAN_POINT('',(33.077597281321,-1.80092478537,
    38.295149498372));
#878 = VECTOR('',#879,1.);
#879 = DIRECTION('',(-0.654653671833,0.654653669583,-0.377964473009));
#880 = PLANE('',#881);
#881 = AXIS2_PLACEMENT_3D('',#882,#883,#884);
#882 = CARTESIAN_POINT('',(32.977597281144,-1.700924785542,
    19.507856996711));
#883 = DIRECTION('',(-0.707106779972,-0.707106782401,1.8409E-13));
#884 = DIRECTION('',(0.707106782401,-0.707106779972,8.56E-15));
#885 = ADVANCED_FACE('',(#886),#924,.F.);
#886 = FACE_BOUND('',#887,.F.);
#887 = EDGE_LOOP('',(#888,#899,#908,#917));
#888 = ORIENTED_EDGE('',*,*,#889,.T.);
#889 = EDGE_CURVE('',#890,#892,#894,.T.);
#890 = VERTEX_POINT('',#891);
#891 = CARTESIAN_POINT('',(33.077597277524,0.408881975261,
    39.570982026479));
#892 = VERTEX_POINT('',#893);
#893 = CARTESIAN_POINT('',(32.877597277389,0.487773777808,
    39.385590122439));
#894 = B_SPLINE_CURVE_WITH_KNOTS('',3,(#895,#896,#897,#898),
  .UNSPECIFIED.,.F.,.F.,(4,4),(0.,2.837968943437E-02),
  .PIECEWISE_BEZIER_KNOTS.);
#895 = CARTESIAN_POINT('',(33.077597277524,0.408881975261,
    39.570982026479));
#896 = CARTESIAN_POINT('',(33.010944848122,0.435286947564,
    39.509263348349));
#897 = CARTESIAN_POINT('',(32.944233823536,0.461605457089,
    39.447427091022));
#898 = CARTESIAN_POINT('',(32.877597277389,0.487773777808,
    39.385590122439));
#899 = ORIENTED_EDGE('',*,*,#900,.T.);
#900 = EDGE_CURVE('',#892,#901,#903,.T.);
#901 = VERTEX_POINT('',#902);
#902 = CARTESIAN_POINT('',(32.877597279567,-0.780333389311,
    38.653448108141));
#903 = CIRCLE('',#904,3.);
#904 = AXIS2_PLACEMENT_3D('',#905,#906,#907);
#905 = CARTESIAN_POINT('',(32.877597275978,1.308365174209,
    36.500000103023));
#906 = DIRECTION('',(1.,1.71809488E-09,-2.4849E-13));
#907 = DIRECTION('',(1.487789567192E-09,-0.866025403784,-0.5));
#908 = ORIENTED_EDGE('',*,*,#909,.T.);
#909 = EDGE_CURVE('',#901,#910,#912,.T.);
#910 = VERTEX_POINT('',#911);
#911 = CARTESIAN_POINT('',(33.077597279775,-0.901441586076,
    38.814466365616));
#912 = B_SPLINE_CURVE_WITH_KNOTS('',3,(#913,#914,#915,#916),
  .UNSPECIFIED.,.F.,.F.,(4,4),(0.,2.837977957352E-02),
  .PIECEWISE_BEZIER_KNOTS.);
#913 = CARTESIAN_POINT('',(32.877597279568,-0.780333389311,
    38.653448108141));
#914 = CARTESIAN_POINT('',(32.944233825775,-0.820801614487,
    38.707029023078));
#915 = CARTESIAN_POINT('',(33.010944850427,-0.861194129299,
    38.760739649714));
#916 = CARTESIAN_POINT('',(33.077597279776,-0.901441586076,
    38.814466365616));
#917 = ORIENTED_EDGE('',*,*,#918,.T.);
#918 = EDGE_CURVE('',#910,#890,#919,.T.);
#919 = CIRCLE('',#920,3.2);
#920 = AXIS2_PLACEMENT_3D('',#921,#922,#923);
#921 = CARTESIAN_POINT('',(33.077597275978,1.308365174553,
    36.500000103023));
#922 = DIRECTION('',(-1.,-1.71809488E-09,2.4849E-13));
#923 = DIRECTION('',(1.487789567192E-09,-0.866025403784,-0.5));
#924 = CONICAL_SURFACE('',#925,3.1,0.785398163398);
#925 = AXIS2_PLACEMENT_3D('',#926,#927,#928);
#926 = CARTESIAN_POINT('',(32.977597275978,1.308365174381,
    36.500000103023));
#927 = DIRECTION('',(1.,1.71813041E-09,-2.666E-13));
#928 = DIRECTION('',(1.487811282075E-09,-0.866025403784,-0.5));
#929 = ADVANCED_FACE('',(#930),#955,.F.);
#930 = FACE_BOUND('',#931,.T.);
#931 = EDGE_LOOP('',(#932,#940,#941,#949));
#932 = ORIENTED_EDGE('',*,*,#933,.F.);
#933 = EDGE_CURVE('',#890,#934,#936,.T.);
#934 = VERTEX_POINT('',#935);
#935 = CARTESIAN_POINT('',(33.077597275979,1.308365174553,
    40.090298893722));
#936 = LINE('',#937,#938);
#937 = CARTESIAN_POINT('',(33.077597288276,-5.849382409045,
    35.95777139954));
#938 = VECTOR('',#939,1.);
#939 = DIRECTION('',(-1.48778956E-09,0.866025403784,0.5));
#940 = ORIENTED_EDGE('',*,*,#889,.T.);
#941 = ORIENTED_EDGE('',*,*,#942,.F.);
#942 = EDGE_CURVE('',#943,#892,#945,.T.);
#943 = VERTEX_POINT('',#944);
#944 = CARTESIAN_POINT('',(32.877597275979,1.308365174209,
    39.859358786046));
#945 = LINE('',#946,#947);
#946 = CARTESIAN_POINT('',(32.877597288104,-5.749382409389,
    35.784566318783));
#947 = VECTOR('',#948,1.);
#948 = DIRECTION('',(1.48778956E-09,-0.866025403784,-0.5));
#949 = ORIENTED_EDGE('',*,*,#950,.F.);
#950 = EDGE_CURVE('',#934,#943,#951,.T.);
#951 = LINE('',#952,#953);
#952 = CARTESIAN_POINT('',(33.077597275979,1.308365174553,
    40.090298893722));
#953 = VECTOR('',#954,1.);
#954 = DIRECTION('',(-0.654653670708,-1.12531293E-09,-0.755928946018));
#955 = PLANE('',#956);
#956 = AXIS2_PLACEMENT_3D('',#957,#958,#959);
#957 = CARTESIAN_POINT('',(32.97759728819,-5.799382409217,
    35.871168859162));
#958 = DIRECTION('',(-0.707106780579,-0.353553391808,0.612372435696));
#959 = DIRECTION('',(0.447213597037,-0.894427190232,1.099120794379E-14)
  );
#960 = ADVANCED_FACE('',(#961),#999,.F.);
#961 = FACE_BOUND('',#962,.F.);
#962 = EDGE_LOOP('',(#963,#974,#983,#992));
#963 = ORIENTED_EDGE('',*,*,#964,.T.);
#964 = EDGE_CURVE('',#965,#967,#969,.T.);
#965 = VERTEX_POINT('',#966);
#966 = CARTESIAN_POINT('',(33.077597272182,3.518171935183,
    38.814466365614));
#967 = VERTEX_POINT('',#968);
#968 = CARTESIAN_POINT('',(32.87759727239,3.397063737731,38.653448108141
    ));
#969 = B_SPLINE_CURVE_WITH_KNOTS('',3,(#970,#971,#972,#973),
  .UNSPECIFIED.,.F.,.F.,(4,4),(0.,2.837968944389E-02),
  .PIECEWISE_BEZIER_KNOTS.);
#970 = CARTESIAN_POINT('',(33.077597272182,3.518171935183,
    38.814466365614));
#971 = CARTESIAN_POINT('',(33.010944842872,3.477924478116,
    38.760739649631));
#972 = CARTESIAN_POINT('',(32.944233818413,3.437531963108,38.70702902304
    ));
#973 = CARTESIAN_POINT('',(32.87759727239,3.397063737731,38.653448108141
    ));
#974 = ORIENTED_EDGE('',*,*,#975,.T.);
#975 = EDGE_CURVE('',#967,#976,#978,.T.);
#976 = VERTEX_POINT('',#977);
#977 = CARTESIAN_POINT('',(32.877597274569,2.128956570609,
    39.385590122439));
#978 = CIRCLE('',#979,3.);
#979 = AXIS2_PLACEMENT_3D('',#980,#981,#982);
#980 = CARTESIAN_POINT('',(32.877597275978,1.308365174209,
    36.500000103023));
#981 = DIRECTION('',(1.,1.71809488E-09,-2.4849E-13));
#982 = DIRECTION('',(-1.487789567192E-09,0.866025403784,0.5));
#983 = ORIENTED_EDGE('',*,*,#984,.T.);
#984 = EDGE_CURVE('',#976,#985,#987,.T.);
#985 = VERTEX_POINT('',#986);
#986 = CARTESIAN_POINT('',(33.077597274434,2.207848373844,
    39.570982026479));
#987 = B_SPLINE_CURVE_WITH_KNOTS('',3,(#988,#989,#990,#991),
  .UNSPECIFIED.,.F.,.F.,(4,4),(0.,2.837977956821E-02),
  .PIECEWISE_BEZIER_KNOTS.);
#988 = CARTESIAN_POINT('',(32.877597274569,2.128956570609,
    39.385590122439));
#989 = CARTESIAN_POINT('',(32.94423382065,2.155124891567,39.447427091044
    ));
#990 = CARTESIAN_POINT('',(33.010944845173,2.181443401332,
    39.509263348397));
#991 = CARTESIAN_POINT('',(33.077597274434,2.207848373844,
    39.570982026479));
#992 = ORIENTED_EDGE('',*,*,#993,.T.);
#993 = EDGE_CURVE('',#985,#965,#994,.T.);
#994 = CIRCLE('',#995,3.2);
#995 = AXIS2_PLACEMENT_3D('',#996,#997,#998);
#996 = CARTESIAN_POINT('',(33.077597275978,1.308365174553,
    36.500000103023));
#997 = DIRECTION('',(-1.,-1.71809488E-09,2.4849E-13));
#998 = DIRECTION('',(-1.487789567192E-09,0.866025403784,0.5));
#999 = CONICAL_SURFACE('',#1000,3.1,0.785398163398);
#1000 = AXIS2_PLACEMENT_3D('',#1001,#1002,#1003);
#1001 = CARTESIAN_POINT('',(32.977597275978,1.308365174381,
    36.500000103023));
#1002 = DIRECTION('',(1.,1.71813041E-09,-2.666E-13));
#1003 = DIRECTION('',(-1.487811282075E-09,0.866025403784,0.5));
#1004 = ADVANCED_FACE('',(#1005),#1030,.F.);
#1005 = FACE_BOUND('',#1006,.T.);
#1006 = EDGE_LOOP('',(#1007,#1015,#1016,#1024));
#1007 = ORIENTED_EDGE('',*,*,#1008,.F.);
#1008 = EDGE_CURVE('',#965,#1009,#1011,.T.);
#1009 = VERTEX_POINT('',#1010);
#1010 = CARTESIAN_POINT('',(33.077597270637,4.417655134474,
    38.295149498372));
#1011 = LINE('',#1012,#1013);
#1012 = CARTESIAN_POINT('',(33.077597256969,12.372050891532,
    33.702676966794));
#1013 = VECTOR('',#1014,1.);
#1014 = DIRECTION('',(-1.48803806E-09,0.866025403784,-0.5));
#1015 = ORIENTED_EDGE('',*,*,#964,.T.);
#1016 = ORIENTED_EDGE('',*,*,#1017,.F.);
#1017 = EDGE_CURVE('',#1018,#967,#1020,.T.);
#1018 = VERTEX_POINT('',#1019);
#1019 = CARTESIAN_POINT('',(32.87759727098,4.217655134131,
    38.179679444534));
#1020 = LINE('',#1021,#1022);
#1021 = CARTESIAN_POINT('',(32.877597257141,12.272050891189,
    33.529471886037));
#1022 = VECTOR('',#1023,1.);
#1023 = DIRECTION('',(1.48803806E-09,-0.866025403784,0.5));
#1024 = ORIENTED_EDGE('',*,*,#1025,.F.);
#1025 = EDGE_CURVE('',#1009,#1018,#1026,.T.);
#1026 = LINE('',#1027,#1028);
#1027 = CARTESIAN_POINT('',(33.077597270637,4.417655134474,
    38.295149498372));
#1028 = VECTOR('',#1029,1.);
#1029 = DIRECTION('',(-0.654653669583,-0.654653671833,-0.37796447301));
#1030 = PLANE('',#1031);
#1031 = AXIS2_PLACEMENT_3D('',#1032,#1033,#1034);
#1032 = CARTESIAN_POINT('',(32.977597257055,12.322050891361,
    33.616074426415));
#1033 = DIRECTION('',(-0.707106781794,0.353553389378,0.612372435696));
#1034 = DIRECTION('',(-0.447213593963,-0.894427191768,1.088018564133E-14
    ));
#1035 = ADVANCED_FACE('',(#1036),#1062,.F.);
#1036 = FACE_BOUND('',#1037,.T.);
#1037 = EDGE_LOOP('',(#1038,#1046,#1055,#1061));
#1038 = ORIENTED_EDGE('',*,*,#1039,.F.);
#1039 = EDGE_CURVE('',#1040,#1018,#1042,.T.);
#1040 = VERTEX_POINT('',#1041);
#1041 = CARTESIAN_POINT('',(32.87759727098,4.217655134131,
    37.232142117321));
#1042 = LINE('',#1043,#1044);
#1043 = CARTESIAN_POINT('',(32.877597270975,4.217655134131,
    18.592143106296));
#1044 = VECTOR('',#1045,1.);
#1045 = DIRECTION('',(2.4849E-13,1.185E-14,1.));
#1046 = ORIENTED_EDGE('',*,*,#1047,.F.);
#1047 = EDGE_CURVE('',#1048,#1040,#1050,.T.);
#1048 = VERTEX_POINT('',#1049);
#1049 = CARTESIAN_POINT('',(33.077597270636,4.417655134474,
    37.256515763886));
#1050 = B_SPLINE_CURVE_WITH_KNOTS('',3,(#1051,#1052,#1053,#1054),
  .UNSPECIFIED.,.F.,.F.,(4,4),(0.,2.837968940583E-02),
  .PIECEWISE_BEZIER_KNOTS.);
#1051 = CARTESIAN_POINT('',(33.077597270636,4.417655134474,
    37.256515763886));
#1052 = CARTESIAN_POINT('',(33.010944841461,4.35100270507,37.24852380173
    ));
#1053 = CARTESIAN_POINT('',(32.944233816999,4.284291680379,37.240398171)
  );
#1054 = CARTESIAN_POINT('',(32.87759727098,4.217655134131,
    37.232142117321));
#1055 = ORIENTED_EDGE('',*,*,#1056,.F.);
#1056 = EDGE_CURVE('',#1009,#1048,#1057,.T.);
#1057 = LINE('',#1058,#1059);
#1058 = CARTESIAN_POINT('',(33.077597270632,4.417655134474,
    18.592143106296));
#1059 = VECTOR('',#1060,1.);
#1060 = DIRECTION('',(-2.4849E-13,-1.185E-14,-1.));
#1061 = ORIENTED_EDGE('',*,*,#1025,.T.);
#1062 = PLANE('',#1063);
#1063 = AXIS2_PLACEMENT_3D('',#1064,#1065,#1066);
#1064 = CARTESIAN_POINT('',(32.977597270803,4.317655134302,
    18.592143106296));
#1065 = DIRECTION('',(-0.707106782401,0.707106779972,1.6733E-13));
#1066 = DIRECTION('',(-0.707106779972,-0.707106782401,8.76E-15));
#1067 = ADVANCED_FACE('',(#1068),#1096,.F.);
#1068 = FACE_BOUND('',#1069,.F.);
#1069 = EDGE_LOOP('',(#1070,#1071,#1080,#1089));
#1070 = ORIENTED_EDGE('',*,*,#1047,.F.);
#1071 = ORIENTED_EDGE('',*,*,#1072,.T.);
#1072 = EDGE_CURVE('',#1048,#1073,#1075,.T.);
#1073 = VERTEX_POINT('',#1074);
#1074 = CARTESIAN_POINT('',(33.077597270636,4.417655134474,
    35.74348444216));
#1075 = CIRCLE('',#1076,3.2);
#1076 = AXIS2_PLACEMENT_3D('',#1077,#1078,#1079);
#1077 = CARTESIAN_POINT('',(33.077597275978,1.308365174553,
    36.500000103023));
#1078 = DIRECTION('',(-1.,-1.71809488E-09,2.4849E-13));
#1079 = DIRECTION('',(-1.487789567192E-09,0.866025403784,0.5));
#1080 = ORIENTED_EDGE('',*,*,#1081,.T.);
#1081 = EDGE_CURVE('',#1073,#1082,#1084,.T.);
#1082 = VERTEX_POINT('',#1083);
#1083 = CARTESIAN_POINT('',(32.87759727098,4.217655134131,
    35.767858088725));
#1084 = B_SPLINE_CURVE_WITH_KNOTS('',3,(#1085,#1086,#1087,#1088),
  .UNSPECIFIED.,.F.,.F.,(4,4),(0.,2.837968940431E-02),
  .PIECEWISE_BEZIER_KNOTS.);
#1085 = CARTESIAN_POINT('',(33.077597270636,4.417655134475,
    35.74348444216));
#1086 = CARTESIAN_POINT('',(33.010944841464,4.351002705073,
    35.751476404316));
#1087 = CARTESIAN_POINT('',(32.944233817,4.28429168038,35.759602035046)
  );
#1088 = CARTESIAN_POINT('',(32.87759727098,4.217655134131,
    35.767858088725));
#1089 = ORIENTED_EDGE('',*,*,#1090,.T.);
#1090 = EDGE_CURVE('',#1082,#1040,#1091,.T.);
#1091 = CIRCLE('',#1092,3.);
#1092 = AXIS2_PLACEMENT_3D('',#1093,#1094,#1095);
#1093 = CARTESIAN_POINT('',(32.877597275978,1.308365174209,
    36.500000103023));
#1094 = DIRECTION('',(1.,1.71809488E-09,-2.4849E-13));
#1095 = DIRECTION('',(-1.487789567192E-09,0.866025403784,0.5));
#1096 = CONICAL_SURFACE('',#1097,3.1,0.785398163398);
#1097 = AXIS2_PLACEMENT_3D('',#1098,#1099,#1100);
#1098 = CARTESIAN_POINT('',(32.977597275978,1.308365174381,
    36.500000103023));
#1099 = DIRECTION('',(1.,1.71813041E-09,-2.666E-13));
#1100 = DIRECTION('',(-1.487811282075E-09,0.866025403784,0.5));
#1101 = ADVANCED_FACE('',(#1102),#1127,.F.);
#1102 = FACE_BOUND('',#1103,.T.);
#1103 = EDGE_LOOP('',(#1104,#1112,#1120,#1126));
#1104 = ORIENTED_EDGE('',*,*,#1105,.F.);
#1105 = EDGE_CURVE('',#1106,#1082,#1108,.T.);
#1106 = VERTEX_POINT('',#1107);
#1107 = CARTESIAN_POINT('',(32.877597270979,4.217655134131,
    34.820320761511));
#1108 = LINE('',#1109,#1110);
#1109 = CARTESIAN_POINT('',(32.877597270975,4.217655134131,
    18.592143106296));
#1110 = VECTOR('',#1111,1.);
#1111 = DIRECTION('',(2.4849E-13,1.185E-14,1.));
#1112 = ORIENTED_EDGE('',*,*,#1113,.F.);
#1113 = EDGE_CURVE('',#1114,#1106,#1116,.T.);
#1114 = VERTEX_POINT('',#1115);
#1115 = CARTESIAN_POINT('',(33.077597270636,4.417655134474,
    34.704850707673));
#1116 = LINE('',#1117,#1118);
#1117 = CARTESIAN_POINT('',(33.077597270636,4.417655134474,
    34.704850707673));
#1118 = VECTOR('',#1119,1.);
#1119 = DIRECTION('',(-0.654653669583,-0.654653671833,0.37796447301));
#1120 = ORIENTED_EDGE('',*,*,#1121,.F.);
#1121 = EDGE_CURVE('',#1073,#1114,#1122,.T.);
#1122 = LINE('',#1123,#1124);
#1123 = CARTESIAN_POINT('',(33.077597270632,4.417655134474,
    18.592143106296));
#1124 = VECTOR('',#1125,1.);
#1125 = DIRECTION('',(-2.4849E-13,-1.185E-14,-1.));
#1126 = ORIENTED_EDGE('',*,*,#1081,.T.);
#1127 = PLANE('',#1128);
#1128 = AXIS2_PLACEMENT_3D('',#1129,#1130,#1131);
#1129 = CARTESIAN_POINT('',(32.977597270803,4.317655134302,
    18.592143106296));
#1130 = DIRECTION('',(-0.707106782401,0.707106779972,1.6733E-13));
#1131 = DIRECTION('',(-0.707106779972,-0.707106782401,8.76E-15));
#1132 = ADVANCED_FACE('',(#1133),#1149,.F.);
#1133 = FACE_BOUND('',#1134,.T.);
#1134 = EDGE_LOOP('',(#1135,#1141,#1142,#1148));
#1135 = ORIENTED_EDGE('',*,*,#1136,.F.);
#1136 = EDGE_CURVE('',#934,#985,#1137,.T.);
#1137 = LINE('',#1138,#1139);
#1138 = CARTESIAN_POINT('',(33.077597256969,12.372050891532,
    33.702676966794));
#1139 = VECTOR('',#1140,1.);
#1140 = DIRECTION('',(-1.48803806E-09,0.866025403784,-0.5));
#1141 = ORIENTED_EDGE('',*,*,#950,.T.);
#1142 = ORIENTED_EDGE('',*,*,#1143,.F.);
#1143 = EDGE_CURVE('',#976,#943,#1144,.T.);
#1144 = LINE('',#1145,#1146);
#1145 = CARTESIAN_POINT('',(32.877597257141,12.272050891189,
    33.529471886037));
#1146 = VECTOR('',#1147,1.);
#1147 = DIRECTION('',(1.48803806E-09,-0.866025403784,0.5));
#1148 = ORIENTED_EDGE('',*,*,#984,.T.);
#1149 = PLANE('',#1150);
#1150 = AXIS2_PLACEMENT_3D('',#1151,#1152,#1153);
#1151 = CARTESIAN_POINT('',(32.977597257055,12.322050891361,
    33.616074426415));
#1152 = DIRECTION('',(-0.707106781794,0.353553389378,0.612372435696));
#1153 = DIRECTION('',(-0.447213593963,-0.894427191768,1.060262988517E-14
    ));
#1154 = ADVANCED_FACE('',(#1155),#1181,.F.);
#1155 = FACE_BOUND('',#1156,.T.);
#1156 = EDGE_LOOP('',(#1157,#1165,#1174,#1180));
#1157 = ORIENTED_EDGE('',*,*,#1158,.F.);
#1158 = EDGE_CURVE('',#1159,#1106,#1161,.T.);
#1159 = VERTEX_POINT('',#1160);
#1160 = CARTESIAN_POINT('',(32.877597272389,3.397063737727,
    34.346552097903));
#1161 = LINE('',#1162,#1163);
#1162 = CARTESIAN_POINT('',(32.877597284467,-3.633123941164,
    30.287671349041));
#1163 = VECTOR('',#1164,1.);
#1164 = DIRECTION('',(-1.48778956E-09,0.866025403784,0.5));
#1165 = ORIENTED_EDGE('',*,*,#1166,.F.);
#1166 = EDGE_CURVE('',#1167,#1159,#1169,.T.);
#1167 = VERTEX_POINT('',#1168);
#1168 = CARTESIAN_POINT('',(33.077597272181,3.51817193518,
    34.185533840428));
#1169 = B_SPLINE_CURVE_WITH_KNOTS('',3,(#1170,#1171,#1172,#1173),
  .UNSPECIFIED.,.F.,.F.,(4,4),(0.,2.837968943355E-02),
  .PIECEWISE_BEZIER_KNOTS.);
#1170 = CARTESIAN_POINT('',(33.077597272181,3.51817193518,
    34.185533840428));
#1171 = CARTESIAN_POINT('',(33.010944842895,3.477924478127,
    34.239260556392));
#1172 = CARTESIAN_POINT('',(32.944233818423,3.437531963111,
    34.292971182994));
#1173 = CARTESIAN_POINT('',(32.877597272389,3.397063737727,
    34.346552097903));
#1174 = ORIENTED_EDGE('',*,*,#1175,.F.);
#1175 = EDGE_CURVE('',#1114,#1167,#1176,.T.);
#1176 = LINE('',#1177,#1178);
#1177 = CARTESIAN_POINT('',(33.077597284295,-3.53312394082,
    30.114466268284));
#1178 = VECTOR('',#1179,1.);
#1179 = DIRECTION('',(1.48778956E-09,-0.866025403784,-0.5));
#1180 = ORIENTED_EDGE('',*,*,#1113,.T.);
#1181 = PLANE('',#1182);
#1182 = AXIS2_PLACEMENT_3D('',#1183,#1184,#1185);
#1183 = CARTESIAN_POINT('',(32.977597284381,-3.583123940992,
    30.201068808663));
#1184 = DIRECTION('',(-0.707106781794,0.353553389378,-0.612372435696));
#1185 = DIRECTION('',(-0.447213593963,-0.894427191768,1.06581410364E-14)
  );
#1186 = ADVANCED_FACE('',(#1187),#1215,.F.);
#1187 = FACE_BOUND('',#1188,.F.);
#1188 = EDGE_LOOP('',(#1189,#1190,#1199,#1208));
#1189 = ORIENTED_EDGE('',*,*,#1166,.F.);
#1190 = ORIENTED_EDGE('',*,*,#1191,.T.);
#1191 = EDGE_CURVE('',#1167,#1192,#1194,.T.);
#1192 = VERTEX_POINT('',#1193);
#1193 = CARTESIAN_POINT('',(33.077597274432,2.207848373849,
    33.429018179569));
#1194 = CIRCLE('',#1195,3.2);
#1195 = AXIS2_PLACEMENT_3D('',#1196,#1197,#1198);
#1196 = CARTESIAN_POINT('',(33.077597275978,1.308365174553,
    36.500000103023));
#1197 = DIRECTION('',(-1.,-1.71809488E-09,2.4849E-13));
#1198 = DIRECTION('',(1.487789567192E-09,-0.866025403784,-0.5));
#1199 = ORIENTED_EDGE('',*,*,#1200,.T.);
#1200 = EDGE_CURVE('',#1192,#1201,#1203,.T.);
#1201 = VERTEX_POINT('',#1202);
#1202 = CARTESIAN_POINT('',(32.877597274568,2.128956570613,
    33.614410083608));
#1203 = B_SPLINE_CURVE_WITH_KNOTS('',3,(#1204,#1205,#1206,#1207),
  .UNSPECIFIED.,.F.,.F.,(4,4),(0.,2.837968939479E-02),
  .PIECEWISE_BEZIER_KNOTS.);
#1204 = CARTESIAN_POINT('',(33.077597274432,2.207848373849,
    33.429018179569));
#1205 = CARTESIAN_POINT('',(33.010944845213,2.181443401353,
    33.490736857612));
#1206 = CARTESIAN_POINT('',(32.944233820668,2.155124891578,
    33.552573114986));
#1207 = CARTESIAN_POINT('',(32.877597274568,2.128956570613,
    33.614410083608));
#1208 = ORIENTED_EDGE('',*,*,#1209,.T.);
#1209 = EDGE_CURVE('',#1201,#1159,#1210,.T.);
#1210 = CIRCLE('',#1211,3.);
#1211 = AXIS2_PLACEMENT_3D('',#1212,#1213,#1214);
#1212 = CARTESIAN_POINT('',(32.877597275978,1.308365174209,
    36.500000103023));
#1213 = DIRECTION('',(1.,1.71809488E-09,-2.4849E-13));
#1214 = DIRECTION('',(1.487789567192E-09,-0.866025403784,-0.5));
#1215 = CONICAL_SURFACE('',#1216,3.1,0.785398163398);
#1216 = AXIS2_PLACEMENT_3D('',#1217,#1218,#1219);
#1217 = CARTESIAN_POINT('',(32.977597275978,1.308365174381,
    36.500000103023));
#1218 = DIRECTION('',(1.,1.71813041E-09,-2.666E-13));
#1219 = DIRECTION('',(1.487811282075E-09,-0.866025403784,-0.5));
#1220 = ADVANCED_FACE('',(#1221),#1246,.F.);
#1221 = FACE_BOUND('',#1222,.T.);
#1222 = EDGE_LOOP('',(#1223,#1231,#1239,#1245));
#1223 = ORIENTED_EDGE('',*,*,#1224,.F.);
#1224 = EDGE_CURVE('',#1225,#1201,#1227,.T.);
#1225 = VERTEX_POINT('',#1226);
#1226 = CARTESIAN_POINT('',(32.877597275977,1.308365174209,33.14064142)
  );
#1227 = LINE('',#1228,#1229);
#1228 = CARTESIAN_POINT('',(32.877597284467,-3.633123941164,
    30.287671349041));
#1229 = VECTOR('',#1230,1.);
#1230 = DIRECTION('',(-1.48778956E-09,0.866025403784,0.5));
#1231 = ORIENTED_EDGE('',*,*,#1232,.F.);
#1232 = EDGE_CURVE('',#1233,#1225,#1235,.T.);
#1233 = VERTEX_POINT('',#1234);
#1234 = CARTESIAN_POINT('',(33.077597275977,1.308365174553,
    32.909701312324));
#1235 = LINE('',#1236,#1237);
#1236 = CARTESIAN_POINT('',(33.077597275977,1.308365174553,
    32.909701312324));
#1237 = VECTOR('',#1238,1.);
#1238 = DIRECTION('',(-0.654653670707,-1.12698063E-09,0.755928946019));
#1239 = ORIENTED_EDGE('',*,*,#1240,.F.);
#1240 = EDGE_CURVE('',#1192,#1233,#1241,.T.);
#1241 = LINE('',#1242,#1243);
#1242 = CARTESIAN_POINT('',(33.077597284295,-3.53312394082,
    30.114466268284));
#1243 = VECTOR('',#1244,1.);
#1244 = DIRECTION('',(1.48778956E-09,-0.866025403784,-0.5));
#1245 = ORIENTED_EDGE('',*,*,#1200,.T.);
#1246 = PLANE('',#1247);
#1247 = AXIS2_PLACEMENT_3D('',#1248,#1249,#1250);
#1248 = CARTESIAN_POINT('',(32.977597284381,-3.583123940992,
    30.201068808663));
#1249 = DIRECTION('',(-0.707106781794,0.353553389378,-0.612372435696));
#1250 = DIRECTION('',(-0.447213593963,-0.894427191768,1.074140776325E-14
    ));
#1251 = ADVANCED_FACE('',(#1252),#1268,.F.);
#1252 = FACE_BOUND('',#1253,.T.);
#1253 = EDGE_LOOP('',(#1254,#1260,#1261,#1267));
#1254 = ORIENTED_EDGE('',*,*,#1255,.F.);
#1255 = EDGE_CURVE('',#859,#910,#1256,.T.);
#1256 = LINE('',#1257,#1258);
#1257 = CARTESIAN_POINT('',(33.077597288276,-5.849382409045,
    35.95777139954));
#1258 = VECTOR('',#1259,1.);
#1259 = DIRECTION('',(-1.48778956E-09,0.866025403784,0.5));
#1260 = ORIENTED_EDGE('',*,*,#875,.T.);
#1261 = ORIENTED_EDGE('',*,*,#1262,.F.);
#1262 = EDGE_CURVE('',#901,#868,#1263,.T.);
#1263 = LINE('',#1264,#1265);
#1264 = CARTESIAN_POINT('',(32.877597288104,-5.749382409389,
    35.784566318783));
#1265 = VECTOR('',#1266,1.);
#1266 = DIRECTION('',(1.48778956E-09,-0.866025403784,-0.5));
#1267 = ORIENTED_EDGE('',*,*,#909,.T.);
#1268 = PLANE('',#1269);
#1269 = AXIS2_PLACEMENT_3D('',#1270,#1271,#1272);
#1270 = CARTESIAN_POINT('',(32.97759728819,-5.799382409217,
    35.871168859162));
#1271 = DIRECTION('',(-0.707106780579,-0.353553391808,0.612372435696));
#1272 = DIRECTION('',(0.447213597037,-0.894427190232,1.099120794379E-14)
  );
#1273 = ADVANCED_FACE('',(#1274),#1300,.F.);
#1274 = FACE_BOUND('',#1275,.T.);
#1275 = EDGE_LOOP('',(#1276,#1284,#1293,#1299));
#1276 = ORIENTED_EDGE('',*,*,#1277,.F.);
#1277 = EDGE_CURVE('',#1278,#1225,#1280,.T.);
#1278 = VERTEX_POINT('',#1279);
#1279 = CARTESIAN_POINT('',(32.877597277387,0.487773777806,
    33.614410083608));
#1280 = LINE('',#1281,#1282);
#1281 = CARTESIAN_POINT('',(32.877597263501,8.56972943957,28.94829080671
    ));
#1282 = VECTOR('',#1283,1.);
#1283 = DIRECTION('',(-1.48803806E-09,0.866025403784,-0.5));
#1284 = ORIENTED_EDGE('',*,*,#1285,.F.);
#1285 = EDGE_CURVE('',#1286,#1278,#1288,.T.);
#1286 = VERTEX_POINT('',#1287);
#1287 = CARTESIAN_POINT('',(33.077597277523,0.408881975258,
    33.429018179568));
#1288 = B_SPLINE_CURVE_WITH_KNOTS('',3,(#1289,#1290,#1291,#1292),
  .UNSPECIFIED.,.F.,.F.,(4,4),(0.,2.837968941483E-02),
  .PIECEWISE_BEZIER_KNOTS.);
#1289 = CARTESIAN_POINT('',(33.077597277523,0.408881975258,
    33.429018179568));
#1290 = CARTESIAN_POINT('',(33.010944848166,0.435286947543,
    33.490736857655));
#1291 = CARTESIAN_POINT('',(32.944233823556,0.461605457078,
    33.552573115006));
#1292 = CARTESIAN_POINT('',(32.877597277387,0.487773777806,
    33.614410083608));
#1293 = ORIENTED_EDGE('',*,*,#1294,.F.);
#1294 = EDGE_CURVE('',#1233,#1286,#1295,.T.);
#1295 = LINE('',#1296,#1297);
#1296 = CARTESIAN_POINT('',(33.077597263672,8.469729439914,
    28.775085725953));
#1297 = VECTOR('',#1298,1.);
#1298 = DIRECTION('',(1.48803806E-09,-0.866025403784,0.5));
#1299 = ORIENTED_EDGE('',*,*,#1232,.T.);
#1300 = PLANE('',#1301);
#1301 = AXIS2_PLACEMENT_3D('',#1302,#1303,#1304);
#1302 = CARTESIAN_POINT('',(32.977597263587,8.519729439742,
    28.861688266331));
#1303 = DIRECTION('',(-0.707106780579,-0.353553391808,-0.612372435696));
#1304 = DIRECTION('',(0.447213597037,-0.894427190232,1.079691891448E-14)
  );
#1305 = ADVANCED_FACE('',(#1306),#1324,.F.);
#1306 = FACE_BOUND('',#1307,.F.);
#1307 = EDGE_LOOP('',(#1308,#1309,#1316,#1317));
#1308 = ORIENTED_EDGE('',*,*,#1285,.F.);
#1309 = ORIENTED_EDGE('',*,*,#1310,.T.);
#1310 = EDGE_CURVE('',#1286,#792,#1311,.T.);
#1311 = CIRCLE('',#1312,3.2);
#1312 = AXIS2_PLACEMENT_3D('',#1313,#1314,#1315);
#1313 = CARTESIAN_POINT('',(33.077597275978,1.308365174553,
    36.500000103023));
#1314 = DIRECTION('',(-1.,-1.71809488E-09,2.4849E-13));
#1315 = DIRECTION('',(1.487789567192E-09,-0.866025403784,-0.5));
#1316 = ORIENTED_EDGE('',*,*,#799,.F.);
#1317 = ORIENTED_EDGE('',*,*,#1318,.T.);
#1318 = EDGE_CURVE('',#776,#1278,#1319,.T.);
#1319 = CIRCLE('',#1320,3.);
#1320 = AXIS2_PLACEMENT_3D('',#1321,#1322,#1323);
#1321 = CARTESIAN_POINT('',(32.877597275978,1.308365174209,
    36.500000103023));
#1322 = DIRECTION('',(1.,1.71809488E-09,-2.4849E-13));
#1323 = DIRECTION('',(1.487789567192E-09,-0.866025403784,-0.5));
#1324 = CONICAL_SURFACE('',#1325,3.1,0.785398163398);
#1325 = AXIS2_PLACEMENT_3D('',#1326,#1327,#1328);
#1326 = CARTESIAN_POINT('',(32.977597275978,1.308365174381,
    36.500000103023));
#1327 = DIRECTION('',(1.,1.71813041E-09,-2.666E-13));
#1328 = DIRECTION('',(1.487811282075E-09,-0.866025403784,-0.5));
#1329 = ADVANCED_FACE('',(#1330),#1346,.F.);
#1330 = FACE_BOUND('',#1331,.T.);
#1331 = EDGE_LOOP('',(#1332,#1338,#1339,#1345));
#1332 = ORIENTED_EDGE('',*,*,#1333,.F.);
#1333 = EDGE_CURVE('',#784,#835,#1334,.T.);
#1334 = LINE('',#1335,#1336);
#1335 = CARTESIAN_POINT('',(33.077597281316,-1.80092478537,
    19.50785699671));
#1336 = VECTOR('',#1337,1.);
#1337 = DIRECTION('',(2.4849E-13,1.185E-14,1.));
#1338 = ORIENTED_EDGE('',*,*,#783,.T.);
#1339 = ORIENTED_EDGE('',*,*,#1340,.F.);
#1340 = EDGE_CURVE('',#826,#774,#1341,.T.);
#1341 = LINE('',#1342,#1343);
#1342 = CARTESIAN_POINT('',(32.877597280972,-1.600924785713,
    19.50785699671));
#1343 = VECTOR('',#1344,1.);
#1344 = DIRECTION('',(-2.4849E-13,-1.185E-14,-1.));
#1345 = ORIENTED_EDGE('',*,*,#834,.T.);
#1346 = PLANE('',#1347);
#1347 = AXIS2_PLACEMENT_3D('',#1348,#1349,#1350);
#1348 = CARTESIAN_POINT('',(32.977597281144,-1.700924785542,
    19.507856996711));
#1349 = DIRECTION('',(-0.707106779972,-0.707106782401,1.8409E-13));
#1350 = DIRECTION('',(0.707106782401,-0.707106779972,8.56E-15));
#1351 = ADVANCED_FACE('',(#1352),#1377,.F.);
#1352 = FACE_BOUND('',#1353,.T.);
#1353 = EDGE_LOOP('',(#1354,#1355,#1363,#1371));
#1354 = ORIENTED_EDGE('',*,*,#773,.T.);
#1355 = ORIENTED_EDGE('',*,*,#1356,.F.);
#1356 = EDGE_CURVE('',#1357,#776,#1359,.T.);
#1357 = VERTEX_POINT('',#1358);
#1358 = CARTESIAN_POINT('',(30.077597279567,-0.78033339412,
    34.346552097903));
#1359 = LINE('',#1360,#1361);
#1360 = CARTESIAN_POINT('',(30.077597279567,-0.78033339412,
    34.346552097904));
#1361 = VECTOR('',#1362,1.);
#1362 = DIRECTION('',(1.,1.71809245E-09,-2.5028E-13));
#1363 = ORIENTED_EDGE('',*,*,#1364,.F.);
#1364 = EDGE_CURVE('',#1365,#1357,#1367,.T.);
#1365 = VERTEX_POINT('',#1366);
#1366 = CARTESIAN_POINT('',(30.077597280977,-1.600924790523,
    34.820320761512));
#1367 = LINE('',#1368,#1369);
#1368 = CARTESIAN_POINT('',(30.077597279158,-0.542795556411,
    34.20940956336));
#1369 = VECTOR('',#1370,1.);
#1370 = DIRECTION('',(-1.48803806E-09,0.866025403784,-0.5));
#1371 = ORIENTED_EDGE('',*,*,#1372,.T.);
#1372 = EDGE_CURVE('',#1365,#774,#1373,.T.);
#1373 = LINE('',#1374,#1375);
#1374 = CARTESIAN_POINT('',(33.077597280976,-1.60092478537,
    34.820320761512));
#1375 = VECTOR('',#1376,1.);
#1376 = DIRECTION('',(1.,1.71809314E-09,-2.5009E-13));
#1377 = PLANE('',#1378);
#1378 = AXIS2_PLACEMENT_3D('',#1379,#1380,#1381);
#1379 = CARTESIAN_POINT('',(33.07759727984,-0.939311297106,
    34.438338035963));
#1380 = DIRECTION('',(8.5882999E-10,-0.5,-0.866025403784));
#1381 = DIRECTION('',(1.48803806E-09,-0.866025403784,0.5));
#1382 = ADVANCED_FACE('',(#1383),#1401,.F.);
#1383 = FACE_BOUND('',#1384,.T.);
#1384 = EDGE_LOOP('',(#1385,#1386,#1387,#1395));
#1385 = ORIENTED_EDGE('',*,*,#1340,.T.);
#1386 = ORIENTED_EDGE('',*,*,#1372,.F.);
#1387 = ORIENTED_EDGE('',*,*,#1388,.F.);
#1388 = EDGE_CURVE('',#1389,#1365,#1391,.T.);
#1389 = VERTEX_POINT('',#1390);
#1390 = CARTESIAN_POINT('',(30.077597280977,-1.600924790523,
    35.767858088728));
#1391 = LINE('',#1392,#1393);
#1392 = CARTESIAN_POINT('',(30.077597280977,-1.600924790523,
    35.660160432268));
#1393 = VECTOR('',#1394,1.);
#1394 = DIRECTION('',(-2.4849E-13,-1.185E-14,-1.));
#1395 = ORIENTED_EDGE('',*,*,#1396,.F.);
#1396 = EDGE_CURVE('',#826,#1389,#1397,.T.);
#1397 = LINE('',#1398,#1399);
#1398 = CARTESIAN_POINT('',(30.077597280977,-1.600924790524,
    35.76785808873));
#1399 = VECTOR('',#1400,1.);
#1400 = DIRECTION('',(-1.,-1.71809245E-09,2.5028E-13));
#1401 = PLANE('',#1402);
#1402 = AXIS2_PLACEMENT_3D('',#1403,#1404,#1405);
#1403 = CARTESIAN_POINT('',(33.077597280977,-1.60092478537,
    37.415713993437));
#1404 = DIRECTION('',(1.71809314E-09,-1.,1.185E-14));
#1405 = DIRECTION('',(2.4849E-13,1.185000042693E-14,1.));
#1406 = ADVANCED_FACE('',(#1407),#1426,.F.);
#1407 = FACE_BOUND('',#1408,.F.);
#1408 = EDGE_LOOP('',(#1409,#1417,#1424,#1425));
#1409 = ORIENTED_EDGE('',*,*,#1410,.F.);
#1410 = EDGE_CURVE('',#1411,#817,#1413,.T.);
#1411 = VERTEX_POINT('',#1412);
#1412 = CARTESIAN_POINT('',(30.077597280977,-1.600924790523,
    37.23214211732));
#1413 = LINE('',#1414,#1415);
#1414 = CARTESIAN_POINT('',(30.077597280977,-1.600924790524,
    37.232142117318));
#1415 = VECTOR('',#1416,1.);
#1416 = DIRECTION('',(1.,1.71809245E-09,-2.5028E-13));
#1417 = ORIENTED_EDGE('',*,*,#1418,.T.);
#1418 = EDGE_CURVE('',#1411,#1389,#1419,.T.);
#1419 = CIRCLE('',#1420,3.);
#1420 = AXIS2_PLACEMENT_3D('',#1421,#1422,#1423);
#1421 = CARTESIAN_POINT('',(30.077597275979,1.308365169399,
    36.500000103024));
#1422 = DIRECTION('',(1.,1.71809488E-09,-2.4849E-13));
#1423 = DIRECTION('',(1.487789567192E-09,-0.866025403784,-0.5));
#1424 = ORIENTED_EDGE('',*,*,#1396,.F.);
#1425 = ORIENTED_EDGE('',*,*,#825,.F.);
#1426 = CYLINDRICAL_SURFACE('',#1427,3.);
#1427 = AXIS2_PLACEMENT_3D('',#1428,#1429,#1430);
#1428 = CARTESIAN_POINT('',(30.077597275979,1.308365169399,
    36.500000103024));
#1429 = DIRECTION('',(1.,1.71809245E-09,-2.5028E-13));
#1430 = DIRECTION('',(1.48778656775E-09,-0.866025403784,-0.5));
#1431 = ADVANCED_FACE('',(#1432),#1450,.F.);
#1432 = FACE_BOUND('',#1433,.T.);
#1433 = EDGE_LOOP('',(#1434,#1435,#1436,#1444));
#1434 = ORIENTED_EDGE('',*,*,#867,.T.);
#1435 = ORIENTED_EDGE('',*,*,#1410,.F.);
#1436 = ORIENTED_EDGE('',*,*,#1437,.F.);
#1437 = EDGE_CURVE('',#1438,#1411,#1440,.T.);
#1438 = VERTEX_POINT('',#1439);
#1439 = CARTESIAN_POINT('',(30.077597280977,-1.600924790523,
    38.179679444535));
#1440 = LINE('',#1441,#1442);
#1441 = CARTESIAN_POINT('',(30.077597280977,-1.600924790523,
    36.957857048231));
#1442 = VECTOR('',#1443,1.);
#1443 = DIRECTION('',(-2.4849E-13,-1.185E-14,-1.));
#1444 = ORIENTED_EDGE('',*,*,#1445,.T.);
#1445 = EDGE_CURVE('',#1438,#868,#1446,.T.);
#1446 = LINE('',#1447,#1448);
#1447 = CARTESIAN_POINT('',(33.077597280977,-1.60092478537,
    38.179679444534));
#1448 = VECTOR('',#1449,1.);
#1449 = DIRECTION('',(1.,1.71809314E-09,-2.5009E-13));
#1450 = PLANE('',#1451);
#1451 = AXIS2_PLACEMENT_3D('',#1452,#1453,#1454);
#1452 = CARTESIAN_POINT('',(33.077597280977,-1.60092478537,
    37.415713993437));
#1453 = DIRECTION('',(1.71809314E-09,-1.,1.185E-14));
#1454 = DIRECTION('',(2.4849E-13,1.185000042693E-14,1.));
#1455 = ADVANCED_FACE('',(#1456),#1474,.F.);
#1456 = FACE_BOUND('',#1457,.T.);
#1457 = EDGE_LOOP('',(#1458,#1459,#1460,#1468));
#1458 = ORIENTED_EDGE('',*,*,#1262,.T.);
#1459 = ORIENTED_EDGE('',*,*,#1445,.F.);
#1460 = ORIENTED_EDGE('',*,*,#1461,.F.);
#1461 = EDGE_CURVE('',#1462,#1438,#1464,.T.);
#1462 = VERTEX_POINT('',#1463);
#1463 = CARTESIAN_POINT('',(30.077597279568,-0.780333394121,
    38.653448108143));
#1464 = LINE('',#1465,#1466);
#1465 = CARTESIAN_POINT('',(30.077597279728,-0.873602300543,
    38.599599279913));
#1466 = VECTOR('',#1467,1.);
#1467 = DIRECTION('',(1.48778956E-09,-0.866025403784,-0.5));
#1468 = ORIENTED_EDGE('',*,*,#1469,.F.);
#1469 = EDGE_CURVE('',#901,#1462,#1470,.T.);
#1470 = LINE('',#1471,#1472);
#1471 = CARTESIAN_POINT('',(30.077597279568,-0.780333394122,
    38.653448108142));
#1472 = VECTOR('',#1473,1.);
#1473 = DIRECTION('',(-1.,-1.71809245E-09,2.5028E-13));
#1474 = PLANE('',#1475);
#1475 = AXIS2_PLACEMENT_3D('',#1476,#1477,#1478);
#1476 = CARTESIAN_POINT('',(33.077597277116,0.646751686288,
    39.477376060497));
#1477 = DIRECTION('',(8.5926315E-10,-0.5,0.866025403784));
#1478 = DIRECTION('',(-1.48778956E-09,0.866025403784,0.5));
#1479 = ADVANCED_FACE('',(#1480),#1499,.F.);
#1480 = FACE_BOUND('',#1481,.F.);
#1481 = EDGE_LOOP('',(#1482,#1490,#1497,#1498));
#1482 = ORIENTED_EDGE('',*,*,#1483,.F.);
#1483 = EDGE_CURVE('',#1484,#892,#1486,.T.);
#1484 = VERTEX_POINT('',#1485);
#1485 = CARTESIAN_POINT('',(30.077597277389,0.487773772995,
    39.385590122439));
#1486 = LINE('',#1487,#1488);
#1487 = CARTESIAN_POINT('',(30.077597277389,0.487773772998,
    39.38559012244));
#1488 = VECTOR('',#1489,1.);
#1489 = DIRECTION('',(1.,1.71809245E-09,-2.5028E-13));
#1490 = ORIENTED_EDGE('',*,*,#1491,.T.);
#1491 = EDGE_CURVE('',#1484,#1462,#1492,.T.);
#1492 = CIRCLE('',#1493,3.);
#1493 = AXIS2_PLACEMENT_3D('',#1494,#1495,#1496);
#1494 = CARTESIAN_POINT('',(30.077597275979,1.308365169399,
    36.500000103024));
#1495 = DIRECTION('',(1.,1.71809488E-09,-2.4849E-13));
#1496 = DIRECTION('',(1.487789567192E-09,-0.866025403784,-0.5));
#1497 = ORIENTED_EDGE('',*,*,#1469,.F.);
#1498 = ORIENTED_EDGE('',*,*,#900,.F.);
#1499 = CYLINDRICAL_SURFACE('',#1500,3.);
#1500 = AXIS2_PLACEMENT_3D('',#1501,#1502,#1503);
#1501 = CARTESIAN_POINT('',(30.077597275979,1.308365169399,
    36.500000103024));
#1502 = DIRECTION('',(1.,1.71809245E-09,-2.5028E-13));
#1503 = DIRECTION('',(1.48778656775E-09,-0.866025403784,-0.5));
#1504 = ADVANCED_FACE('',(#1505),#1523,.F.);
#1505 = FACE_BOUND('',#1506,.T.);
#1506 = EDGE_LOOP('',(#1507,#1508,#1509,#1517));
#1507 = ORIENTED_EDGE('',*,*,#942,.T.);
#1508 = ORIENTED_EDGE('',*,*,#1483,.F.);
#1509 = ORIENTED_EDGE('',*,*,#1510,.F.);
#1510 = EDGE_CURVE('',#1511,#1484,#1513,.T.);
#1511 = VERTEX_POINT('',#1512);
#1512 = CARTESIAN_POINT('',(30.077597275979,1.308365169399,
    39.859358786047));
#1513 = LINE('',#1514,#1515);
#1514 = CARTESIAN_POINT('',(30.077597277797,0.250235935286,
    39.248447587895));
#1515 = VECTOR('',#1516,1.);
#1516 = DIRECTION('',(1.48778956E-09,-0.866025403784,-0.5));
#1517 = ORIENTED_EDGE('',*,*,#1518,.F.);
#1518 = EDGE_CURVE('',#943,#1511,#1519,.T.);
#1519 = LINE('',#1520,#1521);
#1520 = CARTESIAN_POINT('',(33.077597275979,1.308365174552,
    39.859358786046));
#1521 = VECTOR('',#1522,1.);
#1522 = DIRECTION('',(-1.,-1.71809314E-09,2.5009E-13));
#1523 = PLANE('',#1524);
#1524 = AXIS2_PLACEMENT_3D('',#1525,#1526,#1527);
#1525 = CARTESIAN_POINT('',(33.077597277116,0.646751686288,
    39.477376060497));
#1526 = DIRECTION('',(8.5926315E-10,-0.5,0.866025403784));
#1527 = DIRECTION('',(-1.48778956E-09,0.866025403784,0.5));
#1528 = ADVANCED_FACE('',(#1529),#1547,.F.);
#1529 = FACE_BOUND('',#1530,.T.);
#1530 = EDGE_LOOP('',(#1531,#1532,#1533,#1541));
#1531 = ORIENTED_EDGE('',*,*,#1143,.T.);
#1532 = ORIENTED_EDGE('',*,*,#1518,.T.);
#1533 = ORIENTED_EDGE('',*,*,#1534,.F.);
#1534 = EDGE_CURVE('',#1535,#1511,#1537,.T.);
#1535 = VERTEX_POINT('',#1536);
#1536 = CARTESIAN_POINT('',(30.077597274569,2.128956565799,
    39.38559012244));
#1537 = LINE('',#1538,#1539);
#1538 = CARTESIAN_POINT('',(30.077597274729,2.035687659379,
    39.439438950669));
#1539 = VECTOR('',#1540,1.);
#1540 = DIRECTION('',(1.48803806E-09,-0.866025403784,0.5));
#1541 = ORIENTED_EDGE('',*,*,#1542,.F.);
#1542 = EDGE_CURVE('',#976,#1535,#1543,.T.);
#1543 = LINE('',#1544,#1545);
#1544 = CARTESIAN_POINT('',(30.077597274569,2.128956565799,
    39.38559012244));
#1545 = VECTOR('',#1546,1.);
#1546 = DIRECTION('',(-1.,-1.71809245E-09,2.5028E-13));
#1547 = PLANE('',#1548);
#1548 = AXIS2_PLACEMENT_3D('',#1549,#1550,#1551);
#1549 = CARTESIAN_POINT('',(33.077597272117,3.55604164621,
    38.561662170083));
#1550 = DIRECTION('',(-8.5882999E-10,0.5,0.866025403784));
#1551 = DIRECTION('',(-1.48803806E-09,0.866025403784,-0.5));
#1552 = ADVANCED_FACE('',(#1553),#1572,.F.);
#1553 = FACE_BOUND('',#1554,.F.);
#1554 = EDGE_LOOP('',(#1555,#1563,#1570,#1571));
#1555 = ORIENTED_EDGE('',*,*,#1556,.F.);
#1556 = EDGE_CURVE('',#1557,#967,#1559,.T.);
#1557 = VERTEX_POINT('',#1558);
#1558 = CARTESIAN_POINT('',(30.07759727239,3.397063732921,
    38.653448108141));
#1559 = LINE('',#1560,#1561);
#1560 = CARTESIAN_POINT('',(30.07759727239,3.39706373292,38.653448108141
    ));
#1561 = VECTOR('',#1562,1.);
#1562 = DIRECTION('',(1.,1.71809245E-09,-2.5028E-13));
#1563 = ORIENTED_EDGE('',*,*,#1564,.T.);
#1564 = EDGE_CURVE('',#1557,#1535,#1565,.T.);
#1565 = CIRCLE('',#1566,3.);
#1566 = AXIS2_PLACEMENT_3D('',#1567,#1568,#1569);
#1567 = CARTESIAN_POINT('',(30.077597275979,1.308365169399,
    36.500000103024));
#1568 = DIRECTION('',(1.,1.71809488E-09,-2.4849E-13));
#1569 = DIRECTION('',(1.487789567192E-09,-0.866025403784,-0.5));
#1570 = ORIENTED_EDGE('',*,*,#1542,.F.);
#1571 = ORIENTED_EDGE('',*,*,#975,.F.);
#1572 = CYLINDRICAL_SURFACE('',#1573,3.);
#1573 = AXIS2_PLACEMENT_3D('',#1574,#1575,#1576);
#1574 = CARTESIAN_POINT('',(30.077597275979,1.308365169399,
    36.500000103024));
#1575 = DIRECTION('',(1.,1.71809245E-09,-2.5028E-13));
#1576 = DIRECTION('',(1.48778656775E-09,-0.866025403784,-0.5));
#1577 = ADVANCED_FACE('',(#1578,#1629),#1649,.F.);
#1578 = FACE_BOUND('',#1579,.T.);
#1579 = EDGE_LOOP('',(#1580,#1590,#1598,#1607,#1615,#1623));
#1580 = ORIENTED_EDGE('',*,*,#1581,.T.);
#1581 = EDGE_CURVE('',#1582,#1584,#1586,.T.);
#1582 = VERTEX_POINT('',#1583);
#1583 = CARTESIAN_POINT('',(33.077597282649,-2.573676897431,
    41.600000053122));
#1584 = VERTEX_POINT('',#1585);
#1585 = CARTESIAN_POINT('',(33.077597282644,-2.573676897431,
    18.342500584637));
#1586 = LINE('',#1587,#1588);
#1587 = CARTESIAN_POINT('',(33.077597282639,-2.573676897431,
    1.974999999984));
#1588 = VECTOR('',#1589,1.);
#1589 = DIRECTION('',(-2.4849E-13,-1.173E-14,-1.));
#1590 = ORIENTED_EDGE('',*,*,#1591,.T.);
#1591 = EDGE_CURVE('',#1584,#1592,#1594,.T.);
#1592 = VERTEX_POINT('',#1593);
#1593 = CARTESIAN_POINT('',(33.077597272831,3.135583562088,2.19427343869
    ));
#1594 = LINE('',#1595,#1596);
#1595 = CARTESIAN_POINT('',(33.07759727397,2.472704724308,4.069177923889
    ));
#1596 = VECTOR('',#1597,1.);
#1597 = DIRECTION('',(-5.7293257E-10,0.333333333333,-0.942809041582));
#1598 = ORIENTED_EDGE('',*,*,#1599,.F.);
#1599 = EDGE_CURVE('',#1600,#1592,#1602,.T.);
#1600 = VERTEX_POINT('',#1601);
#1601 = CARTESIAN_POINT('',(33.077597272368,3.404522072055,
    1.999999999984));
#1602 = ELLIPSE('',#1603,0.62198305042,0.4);
#1603 = AXIS2_PLACEMENT_3D('',#1604,#1605,#1606);
#1604 = CARTESIAN_POINT('',(33.077597272054,3.58736478453,2.565685424933
    ));
#1605 = DIRECTION('',(-1.,-1.71809488E-09,2.4849E-13));
#1606 = DIRECTION('',(9.325258213987E-10,-0.542888821389,-0.839804577036
    ));
#1607 = ORIENTED_EDGE('',*,*,#1608,.T.);
#1608 = EDGE_CURVE('',#1600,#1609,#1611,.T.);
#1609 = VERTEX_POINT('',#1610);
#1610 = CARTESIAN_POINT('',(33.077597269526,5.058907363466,
    1.999999999984));
#1611 = LINE('',#1612,#1613);
#1612 = CARTESIAN_POINT('',(33.077597255291,13.344151600794,
    1.999999999984));
#1613 = VECTOR('',#1614,1.);
#1614 = DIRECTION('',(-1.71809488E-09,1.,-1.5E-14));
#1615 = ORIENTED_EDGE('',*,*,#1616,.F.);
#1616 = EDGE_CURVE('',#1617,#1609,#1619,.T.);
#1617 = VERTEX_POINT('',#1618);
#1618 = CARTESIAN_POINT('',(33.077597269536,5.058907363467,
    41.600000053122));
#1619 = LINE('',#1620,#1621);
#1620 = CARTESIAN_POINT('',(33.077597269526,5.058907363466,
    1.600000026553));
#1621 = VECTOR('',#1622,1.);
#1622 = DIRECTION('',(-2.4849E-13,-9.01E-15,-1.));
#1623 = ORIENTED_EDGE('',*,*,#1624,.T.);
#1624 = EDGE_CURVE('',#1617,#1582,#1625,.T.);
#1625 = LINE('',#1626,#1627);
#1626 = CARTESIAN_POINT('',(33.077597271623,3.844151604311,
    41.600000053122));
#1627 = VECTOR('',#1628,1.);
#1628 = DIRECTION('',(1.71809488E-09,-1.,1.285E-14));
#1629 = FACE_BOUND('',#1630,.T.);
#1630 = EDGE_LOOP('',(#1631,#1632,#1633,#1634,#1635,#1636,#1637,#1638,
    #1639,#1640,#1641,#1642,#1643,#1644,#1645,#1646,#1647,#1648));
#1631 = ORIENTED_EDGE('',*,*,#993,.T.);
#1632 = ORIENTED_EDGE('',*,*,#1008,.T.);
#1633 = ORIENTED_EDGE('',*,*,#1056,.T.);
#1634 = ORIENTED_EDGE('',*,*,#1072,.T.);
#1635 = ORIENTED_EDGE('',*,*,#1121,.T.);
#1636 = ORIENTED_EDGE('',*,*,#1175,.T.);
#1637 = ORIENTED_EDGE('',*,*,#1191,.T.);
#1638 = ORIENTED_EDGE('',*,*,#1240,.T.);
#1639 = ORIENTED_EDGE('',*,*,#1294,.T.);
#1640 = ORIENTED_EDGE('',*,*,#1310,.T.);
#1641 = ORIENTED_EDGE('',*,*,#791,.T.);
#1642 = ORIENTED_EDGE('',*,*,#1333,.T.);
#1643 = ORIENTED_EDGE('',*,*,#843,.T.);
#1644 = ORIENTED_EDGE('',*,*,#858,.T.);
#1645 = ORIENTED_EDGE('',*,*,#1255,.T.);
#1646 = ORIENTED_EDGE('',*,*,#918,.T.);
#1647 = ORIENTED_EDGE('',*,*,#933,.T.);
#1648 = ORIENTED_EDGE('',*,*,#1136,.T.);
#1649 = PLANE('',#1650);
#1650 = AXIS2_PLACEMENT_3D('',#1651,#1652,#1653);
#1651 = CARTESIAN_POINT('',(33.077597268839,5.458907363466,
    1.599999999984));
#1652 = DIRECTION('',(-1.,-1.71809488E-09,2.4849E-13));
#1653 = DIRECTION('',(1.71809488E-09,-1.,1.518E-14));
#1654 = ADVANCED_FACE('',(#1655),#1680,.F.);
#1655 = FACE_BOUND('',#1656,.T.);
#1656 = EDGE_LOOP('',(#1657,#1658,#1666,#1674));
#1657 = ORIENTED_EDGE('',*,*,#1039,.T.);
#1658 = ORIENTED_EDGE('',*,*,#1659,.T.);
#1659 = EDGE_CURVE('',#1018,#1660,#1662,.T.);
#1660 = VERTEX_POINT('',#1661);
#1661 = CARTESIAN_POINT('',(30.07759727098,4.217655129321,
    38.179679444535));
#1662 = LINE('',#1663,#1664);
#1663 = CARTESIAN_POINT('',(33.07759727098,4.217655134474,
    38.179679444534));
#1664 = VECTOR('',#1665,1.);
#1665 = DIRECTION('',(-1.,-1.71809314E-09,2.5009E-13));
#1666 = ORIENTED_EDGE('',*,*,#1667,.F.);
#1667 = EDGE_CURVE('',#1668,#1660,#1670,.T.);
#1668 = VERTEX_POINT('',#1669);
#1669 = CARTESIAN_POINT('',(30.07759727098,4.217655129321,37.23214211732
    ));
#1670 = LINE('',#1671,#1672);
#1671 = CARTESIAN_POINT('',(30.07759727098,4.217655129321,
    37.339839773779));
#1672 = VECTOR('',#1673,1.);
#1673 = DIRECTION('',(2.4849E-13,1.185E-14,1.));
#1674 = ORIENTED_EDGE('',*,*,#1675,.F.);
#1675 = EDGE_CURVE('',#1040,#1668,#1676,.T.);
#1676 = LINE('',#1677,#1678);
#1677 = CARTESIAN_POINT('',(30.07759727098,4.21765512932,37.232142117322
    ));
#1678 = VECTOR('',#1679,1.);
#1679 = DIRECTION('',(-1.,-1.71809245E-09,2.5028E-13));
#1680 = PLANE('',#1681);
#1681 = AXIS2_PLACEMENT_3D('',#1682,#1683,#1684);
#1682 = CARTESIAN_POINT('',(33.07759727098,4.217655134474,
    35.584286212609));
#1683 = DIRECTION('',(-1.71809314E-09,1.,-1.185E-14));
#1684 = DIRECTION('',(-2.4849E-13,-1.185000042693E-14,-1.));
#1685 = ADVANCED_FACE('',(#1686),#1705,.F.);
#1686 = FACE_BOUND('',#1687,.F.);
#1687 = EDGE_LOOP('',(#1688,#1696,#1703,#1704));
#1688 = ORIENTED_EDGE('',*,*,#1689,.F.);
#1689 = EDGE_CURVE('',#1690,#1082,#1692,.T.);
#1690 = VERTEX_POINT('',#1691);
#1691 = CARTESIAN_POINT('',(30.07759727098,4.217655129321,
    35.767858088728));
#1692 = LINE('',#1693,#1694);
#1693 = CARTESIAN_POINT('',(30.07759727098,4.21765512932,35.767858088726
    ));
#1694 = VECTOR('',#1695,1.);
#1695 = DIRECTION('',(1.,1.71809245E-09,-2.5028E-13));
#1696 = ORIENTED_EDGE('',*,*,#1697,.T.);
#1697 = EDGE_CURVE('',#1690,#1668,#1698,.T.);
#1698 = CIRCLE('',#1699,3.);
#1699 = AXIS2_PLACEMENT_3D('',#1700,#1701,#1702);
#1700 = CARTESIAN_POINT('',(30.077597275979,1.308365169399,
    36.500000103024));
#1701 = DIRECTION('',(1.,1.71809488E-09,-2.4849E-13));
#1702 = DIRECTION('',(1.487789567192E-09,-0.866025403784,-0.5));
#1703 = ORIENTED_EDGE('',*,*,#1675,.F.);
#1704 = ORIENTED_EDGE('',*,*,#1090,.F.);
#1705 = CYLINDRICAL_SURFACE('',#1706,3.);
#1706 = AXIS2_PLACEMENT_3D('',#1707,#1708,#1709);
#1707 = CARTESIAN_POINT('',(30.077597275979,1.308365169399,
    36.500000103024));
#1708 = DIRECTION('',(1.,1.71809245E-09,-2.5028E-13));
#1709 = DIRECTION('',(1.48778656775E-09,-0.866025403784,-0.5));
#1710 = ADVANCED_FACE('',(#1711),#1736,.F.);
#1711 = FACE_BOUND('',#1712,.T.);
#1712 = EDGE_LOOP('',(#1713,#1714,#1722,#1730));
#1713 = ORIENTED_EDGE('',*,*,#1158,.T.);
#1714 = ORIENTED_EDGE('',*,*,#1715,.T.);
#1715 = EDGE_CURVE('',#1106,#1716,#1718,.T.);
#1716 = VERTEX_POINT('',#1717);
#1717 = CARTESIAN_POINT('',(30.07759727098,4.217655129321,
    34.820320761512));
#1718 = LINE('',#1719,#1720);
#1719 = CARTESIAN_POINT('',(33.07759727098,4.217655134474,
    34.820320761511));
#1720 = VECTOR('',#1721,1.);
#1721 = DIRECTION('',(-1.,-1.71809314E-09,2.5009E-13));
#1722 = ORIENTED_EDGE('',*,*,#1723,.F.);
#1723 = EDGE_CURVE('',#1724,#1716,#1726,.T.);
#1724 = VERTEX_POINT('',#1725);
#1725 = CARTESIAN_POINT('',(30.077597272389,3.397063732917,
    34.346552097904));
#1726 = LINE('',#1727,#1728);
#1727 = CARTESIAN_POINT('',(30.077597272229,3.49033263934,
    34.400400926134));
#1728 = VECTOR('',#1729,1.);
#1729 = DIRECTION('',(-1.48778956E-09,0.866025403784,0.5));
#1730 = ORIENTED_EDGE('',*,*,#1731,.F.);
#1731 = EDGE_CURVE('',#1159,#1724,#1732,.T.);
#1732 = LINE('',#1733,#1734);
#1733 = CARTESIAN_POINT('',(30.077597272389,3.397063732917,
    34.346552097903));
#1734 = VECTOR('',#1735,1.);
#1735 = DIRECTION('',(-1.,-1.71809245E-09,2.5028E-13));
#1736 = PLANE('',#1737);
#1737 = AXIS2_PLACEMENT_3D('',#1738,#1739,#1740);
#1738 = CARTESIAN_POINT('',(33.077597274841,1.969978662816,
    33.522624145548));
#1739 = DIRECTION('',(-8.5926315E-10,0.5,-0.866025403784));
#1740 = DIRECTION('',(1.48778956E-09,-0.866025403784,-0.5));
#1741 = ADVANCED_FACE('',(#1742),#1761,.F.);
#1742 = FACE_BOUND('',#1743,.F.);
#1743 = EDGE_LOOP('',(#1744,#1752,#1759,#1760));
#1744 = ORIENTED_EDGE('',*,*,#1745,.F.);
#1745 = EDGE_CURVE('',#1746,#1201,#1748,.T.);
#1746 = VERTEX_POINT('',#1747);
#1747 = CARTESIAN_POINT('',(30.077597274568,2.1289565658,33.614410083608
    ));
#1748 = LINE('',#1749,#1750);
#1749 = CARTESIAN_POINT('',(30.077597274568,2.128956565803,
    33.614410083609));
#1750 = VECTOR('',#1751,1.);
#1751 = DIRECTION('',(1.,1.71809245E-09,-2.5028E-13));
#1752 = ORIENTED_EDGE('',*,*,#1753,.T.);
#1753 = EDGE_CURVE('',#1746,#1724,#1754,.T.);
#1754 = CIRCLE('',#1755,3.);
#1755 = AXIS2_PLACEMENT_3D('',#1756,#1757,#1758);
#1756 = CARTESIAN_POINT('',(30.077597275979,1.308365169399,
    36.500000103024));
#1757 = DIRECTION('',(1.,1.71809488E-09,-2.4849E-13));
#1758 = DIRECTION('',(1.487789567192E-09,-0.866025403784,-0.5));
#1759 = ORIENTED_EDGE('',*,*,#1731,.F.);
#1760 = ORIENTED_EDGE('',*,*,#1209,.F.);
#1761 = CYLINDRICAL_SURFACE('',#1762,3.);
#1762 = AXIS2_PLACEMENT_3D('',#1763,#1764,#1765);
#1763 = CARTESIAN_POINT('',(30.077597275979,1.308365169399,
    36.500000103024));
#1764 = DIRECTION('',(1.,1.71809245E-09,-2.5028E-13));
#1765 = DIRECTION('',(1.48778656775E-09,-0.866025403784,-0.5));
#1766 = ADVANCED_FACE('',(#1767),#1792,.F.);
#1767 = FACE_BOUND('',#1768,.T.);
#1768 = EDGE_LOOP('',(#1769,#1770,#1778,#1786));
#1769 = ORIENTED_EDGE('',*,*,#1277,.T.);
#1770 = ORIENTED_EDGE('',*,*,#1771,.T.);
#1771 = EDGE_CURVE('',#1225,#1772,#1774,.T.);
#1772 = VERTEX_POINT('',#1773);
#1773 = CARTESIAN_POINT('',(30.077597275978,1.308365169399,33.14064142)
  );
#1774 = LINE('',#1775,#1776);
#1775 = CARTESIAN_POINT('',(33.077597275978,1.308365174552,33.14064142)
  );
#1776 = VECTOR('',#1777,1.);
#1777 = DIRECTION('',(-1.,-1.71809314E-09,2.5009E-13));
#1778 = ORIENTED_EDGE('',*,*,#1779,.F.);
#1779 = EDGE_CURVE('',#1780,#1772,#1782,.T.);
#1780 = VERTEX_POINT('',#1781);
#1781 = CARTESIAN_POINT('',(30.077597277388,0.487773772993,
    33.614410083609));
#1782 = LINE('',#1783,#1784);
#1783 = CARTESIAN_POINT('',(30.077597277227,0.581042679418,
    33.560561255378));
#1784 = VECTOR('',#1785,1.);
#1785 = DIRECTION('',(-1.48803806E-09,0.866025403784,-0.5));
#1786 = ORIENTED_EDGE('',*,*,#1787,.F.);
#1787 = EDGE_CURVE('',#1278,#1780,#1788,.T.);
#1788 = LINE('',#1789,#1790);
#1789 = CARTESIAN_POINT('',(30.077597277388,0.487773772995,
    33.614410083609));
#1790 = VECTOR('',#1791,1.);
#1791 = DIRECTION('',(-1.,-1.71809245E-09,2.5028E-13));
#1792 = PLANE('',#1793);
#1793 = AXIS2_PLACEMENT_3D('',#1794,#1795,#1796);
#1794 = CARTESIAN_POINT('',(33.07759727984,-0.939311297106,
    34.438338035963));
#1795 = DIRECTION('',(8.5882999E-10,-0.5,-0.866025403784));
#1796 = DIRECTION('',(1.48803806E-09,-0.866025403784,0.5));
#1797 = ADVANCED_FACE('',(#1798),#1810,.F.);
#1798 = FACE_BOUND('',#1799,.F.);
#1799 = EDGE_LOOP('',(#1800,#1801,#1808,#1809));
#1800 = ORIENTED_EDGE('',*,*,#1356,.F.);
#1801 = ORIENTED_EDGE('',*,*,#1802,.T.);
#1802 = EDGE_CURVE('',#1357,#1780,#1803,.T.);
#1803 = CIRCLE('',#1804,3.);
#1804 = AXIS2_PLACEMENT_3D('',#1805,#1806,#1807);
#1805 = CARTESIAN_POINT('',(30.077597275979,1.308365169399,
    36.500000103024));
#1806 = DIRECTION('',(1.,1.71809488E-09,-2.4849E-13));
#1807 = DIRECTION('',(1.487789567192E-09,-0.866025403784,-0.5));
#1808 = ORIENTED_EDGE('',*,*,#1787,.F.);
#1809 = ORIENTED_EDGE('',*,*,#1318,.F.);
#1810 = CYLINDRICAL_SURFACE('',#1811,3.);
#1811 = AXIS2_PLACEMENT_3D('',#1812,#1813,#1814);
#1812 = CARTESIAN_POINT('',(30.077597275979,1.308365169399,
    36.500000103024));
#1813 = DIRECTION('',(1.,1.71809245E-09,-2.5028E-13));
#1814 = DIRECTION('',(1.48778656775E-09,-0.866025403784,-0.5));
#1815 = ADVANCED_FACE('',(#1816),#1875,.F.);
#1816 = FACE_BOUND('',#1817,.T.);
#1817 = EDGE_LOOP('',(#1818,#1828,#1837,#1845,#1853,#1861,#1869));
#1818 = ORIENTED_EDGE('',*,*,#1819,.F.);
#1819 = EDGE_CURVE('',#1820,#1822,#1824,.T.);
#1820 = VERTEX_POINT('',#1821);
#1821 = CARTESIAN_POINT('',(-34.33407755247,2.229389018831,
    13.501140073479));
#1822 = VERTEX_POINT('',#1823);
#1823 = CARTESIAN_POINT('',(-34.33407754383,-2.795613362718,
    18.436919256261));
#1824 = LINE('',#1825,#1826);
#1825 = CARTESIAN_POINT('',(-34.33407754412,-2.628810982485,
    18.273078594412));
#1826 = VECTOR('',#1827,1.);
#1827 = DIRECTION('',(1.22535142E-09,-0.71341203448,0.700744795955));
#1828 = ORIENTED_EDGE('',*,*,#1829,.T.);
#1829 = EDGE_CURVE('',#1820,#1830,#1832,.T.);
#1830 = VERTEX_POINT('',#1831);
#1831 = CARTESIAN_POINT('',(-33.93407755213,2.629389019518,
    13.526694307027));
#1832 = ELLIPSE('',#1833,0.699621723672,0.4);
#1833 = AXIS2_PLACEMENT_3D('',#1834,#1835,#1836);
#1834 = CARTESIAN_POINT('',(-33.93407755247,2.229389019518,
    13.919591965146));
#1835 = DIRECTION('',(0.598111634021,-0.561585847285,-0.571737535394));
#1836 = DIRECTION('',(-0.416805975771,0.39135225557,-0.820436585375));
#1837 = ORIENTED_EDGE('',*,*,#1838,.T.);
#1838 = EDGE_CURVE('',#1830,#1839,#1841,.T.);
#1839 = VERTEX_POINT('',#1840);
#1840 = CARTESIAN_POINT('',(-35.6486927425,2.62938902094,11.732984378015
    ));
#1841 = LINE('',#1842,#1843);
#1842 = CARTESIAN_POINT('',(-24.4741769685,2.629389011672,23.4229775662)
  );
#1843 = VECTOR('',#1844,1.);
#1844 = DIRECTION('',(-0.690989566989,5.7306122E-10,-0.722864730301));
#1845 = ORIENTED_EDGE('',*,*,#1846,.T.);
#1846 = EDGE_CURVE('',#1839,#1847,#1849,.T.);
#1847 = VERTEX_POINT('',#1848);
#1848 = CARTESIAN_POINT('',(-35.77292551927,3.041040173571,
    11.198678841755));
#1849 = LINE('',#1850,#1851);
#1850 = CARTESIAN_POINT('',(-34.89712221256,0.139024698591,
    14.965370431664));
#1851 = VECTOR('',#1852,1.);
#1852 = DIRECTION('',(-0.181140292414,0.600216883981,-0.779055766071));
#1853 = ORIENTED_EDGE('',*,*,#1854,.T.);
#1854 = EDGE_CURVE('',#1847,#1855,#1857,.T.);
#1855 = VERTEX_POINT('',#1856);
#1856 = CARTESIAN_POINT('',(-35.77292551544,0.811867649614,
    13.388270508215));
#1857 = LINE('',#1858,#1859);
#1858 = CARTESIAN_POINT('',(-35.77292550851,-3.223396695463,
    17.351885296656));
#1859 = VECTOR('',#1860,1.);
#1860 = DIRECTION('',(1.22535185E-09,-0.71341203448,0.700744795955));
#1861 = ORIENTED_EDGE('',*,*,#1862,.F.);
#1862 = EDGE_CURVE('',#1863,#1855,#1865,.T.);
#1863 = VERTEX_POINT('',#1864);
#1864 = CARTESIAN_POINT('',(-38.02501096045,-1.586694408151,
    13.388270508215));
#1865 = LINE('',#1866,#1867);
#1866 = CARTESIAN_POINT('',(-37.03750331022,-0.534958832648,
    13.388270508215));
#1867 = VECTOR('',#1868,1.);
#1868 = DIRECTION('',(0.684496349011,0.729016288014,-9.02E-15));
#1869 = ORIENTED_EDGE('',*,*,#1870,.T.);
#1870 = EDGE_CURVE('',#1863,#1822,#1871,.T.);
#1871 = LINE('',#1872,#1873);
#1872 = CARTESIAN_POINT('',(-33.16139960106,-3.179709316937,
    20.040968519509));
#1873 = VECTOR('',#1874,1.);
#1874 = DIRECTION('',(0.579449898333,-0.189791547624,0.792601402833));
#1875 = PLANE('',#1876);
#1876 = AXIS2_PLACEMENT_3D('',#1877,#1878,#1879);
#1877 = CARTESIAN_POINT('',(-35.05350152631,-2.926103838974,
    17.812481945533));
#1878 = DIRECTION('',(0.598111634021,-0.561585847285,-0.571737535394));
#1879 = DIRECTION('',(0.684496349011,0.729016288014,-9.381384558083E-15)
  );
#1880 = ADVANCED_FACE('',(#1881,#1970,#1987),#2307,.T.);
#1881 = FACE_BOUND('',#1882,.T.);
#1882 = EDGE_LOOP('',(#1883,#1891,#1892,#1900,#1908,#1916,#1925,#1933,
    #1939,#1940,#1948,#1956,#1964));
#1883 = ORIENTED_EDGE('',*,*,#1884,.F.);
#1884 = EDGE_CURVE('',#1822,#1885,#1887,.T.);
#1885 = VERTEX_POINT('',#1886);
#1886 = CARTESIAN_POINT('',(-34.33407754411,-2.635449794892,
    20.718999435181));
#1887 = LINE('',#1888,#1889);
#1888 = CARTESIAN_POINT('',(-34.33407754381,-2.80799907573,
    18.260442229994));
#1889 = VECTOR('',#1890,1.);
#1890 = DIRECTION('',(-1.2025013E-10,7.001093292138E-02,0.997546224128)
  );
#1891 = ORIENTED_EDGE('',*,*,#1870,.F.);
#1892 = ORIENTED_EDGE('',*,*,#1893,.T.);
#1893 = EDGE_CURVE('',#1863,#1894,#1896,.T.);
#1894 = VERTEX_POINT('',#1895);
#1895 = CARTESIAN_POINT('',(-39.21207621079,-1.083927663926,
    13.388270508215));
#1896 = LINE('',#1897,#1898);
#1897 = CARTESIAN_POINT('',(-30.92176227949,-4.595187169388,
    13.388270508215));
#1898 = VECTOR('',#1899,1.);
#1899 = DIRECTION('',(-0.92081496549,0.389999742729,-4.64E-15));
#1900 = ORIENTED_EDGE('',*,*,#1901,.T.);
#1901 = EDGE_CURVE('',#1894,#1902,#1904,.T.);
#1902 = VERTEX_POINT('',#1903);
#1903 = CARTESIAN_POINT('',(-39.21207621055,-1.224293957192,
    11.388270508215));
#1904 = LINE('',#1905,#1906);
#1905 = CARTESIAN_POINT('',(-39.21207621136,-0.7521099613,
    18.116153462226));
#1906 = VECTOR('',#1907,1.);
#1907 = DIRECTION('',(1.2025013E-10,-7.001093292138E-02,-0.997546224128)
  );
#1908 = ORIENTED_EDGE('',*,*,#1909,.F.);
#1909 = EDGE_CURVE('',#1910,#1902,#1912,.T.);
#1910 = VERTEX_POINT('',#1911);
#1911 = CARTESIAN_POINT('',(-35.50382295962,-3.159238201342,
    6.196715961569));
#1912 = LINE('',#1913,#1914);
#1913 = CARTESIAN_POINT('',(-33.36451513115,-4.275516160008,
    3.201685004395));
#1914 = VECTOR('',#1915,1.);
#1915 = DIRECTION('',(-0.556219556145,0.29023201918,0.778707377905));
#1916 = ORIENTED_EDGE('',*,*,#1917,.T.);
#1917 = EDGE_CURVE('',#1910,#1918,#1920,.T.);
#1918 = VERTEX_POINT('',#1919);
#1919 = CARTESIAN_POINT('',(-35.17650661682,-3.312113423763,
    5.993754835269));
#1920 = ELLIPSE('',#1921,0.568818544096,0.4);
#1921 = AXIS2_PLACEMENT_3D('',#1922,#1923,#1924);
#1922 = CARTESIAN_POINT('',(-35.25810399227,-3.239153820299,
    6.540895428828));
#1923 = DIRECTION('',(-0.38918787185,-0.918898085108,6.449115900123E-02)
  );
#1924 = DIRECTION('',(0.321545754758,-0.201126283662,-0.925287277346));
#1925 = ORIENTED_EDGE('',*,*,#1926,.F.);
#1926 = EDGE_CURVE('',#1927,#1918,#1929,.T.);
#1927 = VERTEX_POINT('',#1928);
#1928 = CARTESIAN_POINT('',(-27.71910268402,-6.470604243548,
    5.993754835269));
#1929 = LINE('',#1930,#1931);
#1930 = CARTESIAN_POINT('',(-22.11072413725,-8.845963324734,
    5.993754835269));
#1931 = VECTOR('',#1932,1.);
#1932 = DIRECTION('',(-0.92081496549,0.389999742729,-6.17E-15));
#1933 = ORIENTED_EDGE('',*,*,#1934,.T.);
#1934 = EDGE_CURVE('',#1927,#669,#1935,.T.);
#1935 = LINE('',#1936,#1937);
#1936 = CARTESIAN_POINT('',(-27.08015426849,-6.470604242451,
    9.849647316022));
#1937 = VECTOR('',#1938,1.);
#1938 = DIRECTION('',(0.163477757348,2.807972E-10,0.986547020092));
#1939 = ORIENTED_EDGE('',*,*,#668,.F.);
#1940 = ORIENTED_EDGE('',*,*,#1941,.F.);
#1941 = EDGE_CURVE('',#1942,#661,#1944,.T.);
#1942 = VERTEX_POINT('',#1943);
#1943 = CARTESIAN_POINT('',(-34.33407754518,-2.011991159023,
    29.602309257804));
#1944 = LINE('',#1945,#1946);
#1945 = CARTESIAN_POINT('',(-34.33407754381,-2.80799907573,
    18.260442229994));
#1946 = VECTOR('',#1947,1.);
#1947 = DIRECTION('',(-1.2025013E-10,7.001093292138E-02,0.997546224128)
  );
#1948 = ORIENTED_EDGE('',*,*,#1949,.T.);
#1949 = EDGE_CURVE('',#1942,#1950,#1952,.T.);
#1950 = VERTEX_POINT('',#1951);
#1951 = CARTESIAN_POINT('',(-27.64661763507,-5.058172329051,
    26.556128097832));
#1952 = LINE('',#1953,#1954);
#1953 = CARTESIAN_POINT('',(-22.39899009779,-7.448500556247,
    24.165799878529));
#1954 = VECTOR('',#1955,1.);
#1955 = DIRECTION('',(0.840670942813,-0.382931042669,-0.382931041405));
#1956 = ORIENTED_EDGE('',*,*,#1957,.T.);
#1957 = EDGE_CURVE('',#1950,#1958,#1960,.T.);
#1958 = VERTEX_POINT('',#1959);
#1959 = CARTESIAN_POINT('',(-28.21240870627,-5.058172313106,
    23.141721973482));
#1960 = LINE('',#1961,#1962);
#1961 = CARTESIAN_POINT('',(-28.62636797508,-5.05817230144,
    20.643582404622));
#1962 = VECTOR('',#1963,1.);
#1963 = DIRECTION('',(-0.16347776858,4.60716722E-09,-0.986547018231));
#1964 = ORIENTED_EDGE('',*,*,#1965,.T.);
#1965 = EDGE_CURVE('',#1958,#1885,#1966,.T.);
#1966 = LINE('',#1967,#1968);
#1967 = CARTESIAN_POINT('',(-18.32728806765,-8.970325191809,
    27.05387488462));
#1968 = VECTOR('',#1969,1.);
#1969 = DIRECTION('',(-0.872620692498,0.345349913165,-0.345349916028));
#1970 = FACE_BOUND('',#1971,.T.);
#1971 = EDGE_LOOP('',(#1972));
#1972 = ORIENTED_EDGE('',*,*,#1973,.T.);
#1973 = EDGE_CURVE('',#1974,#1974,#1976,.T.);
#1974 = VERTEX_POINT('',#1975);
#1975 = CARTESIAN_POINT('',(-33.62830934279,-1.996396633692,
    34.083639856394));
#1976 = B_SPLINE_CURVE_WITH_KNOTS('',3,(#1977,#1978,#1979,#1980,#1981,
    #1982,#1983,#1984,#1985,#1986),.UNSPECIFIED.,.T.,.F.,(1,3,1,1,1,1,1,
    1,3,1),(-4.039190554615,-3.14159265359,-2.243994752564,
    -1.346396851538,-0.448798950513,0.448798950513,1.346396851538,
    2.243994752564,3.14159265359,4.039190554615),.UNSPECIFIED.);
#1977 = CARTESIAN_POINT('',(-33.62830934279,-1.996396633692,
    34.083639856394));
#1978 = CARTESIAN_POINT('',(-33.470926162,-1.996396633817,
    35.033407639012));
#1979 = CARTESIAN_POINT('',(-32.24546257642,-2.394256802625,
    36.759886420998));
#1980 = CARTESIAN_POINT('',(-29.11120780922,-3.707911963624,
    36.956792957415));
#1981 = CARTESIAN_POINT('',(-26.99070119245,-4.77096353983,
    34.606694080784));
#1982 = CARTESIAN_POINT('',(-27.50653776428,-4.774548157643,
    31.442675334352));
#1983 = CARTESIAN_POINT('',(-30.27847780159,-3.707650061695,
    29.916344777294));
#1984 = CARTESIAN_POINT('',(-33.18261576645,-2.394595888972,
    31.099571936492));
#1985 = CARTESIAN_POINT('',(-33.78569252358,-1.996396633568,
    33.133872073776));
#1986 = CARTESIAN_POINT('',(-33.62830934279,-1.996396633692,
    34.083639856394));
#1987 = FACE_BOUND('',#1988,.T.);
#1988 = EDGE_LOOP('',(#1989));
#1989 = ORIENTED_EDGE('',*,*,#1990,.T.);
#1990 = EDGE_CURVE('',#1991,#1991,#1993,.T.);
#1991 = VERTEX_POINT('',#1992);
#1992 = CARTESIAN_POINT('',(-33.62502606572,-3.392801395419,
    14.206871167106));
#1993 = B_SPLINE_CURVE_WITH_KNOTS('',3,(#1994,#1995,#1996,#1997,#1998,
    #1999,#2000,#2001,#2002,#2003,#2004,#2005,#2006,#2007,#2008,#2009,
    #2010,#2011,#2012,#2013,#2014,#2015,#2016,#2017,#2018,#2019,#2020,
    #2021,#2022,#2023,#2024,#2025,#2026,#2027,#2028,#2029,#2030,#2031,
    #2032,#2033,#2034,#2035,#2036,#2037,#2038,#2039,#2040,#2041,#2042,
    #2043,#2044,#2045,#2046,#2047,#2048,#2049,#2050,#2051,#2052,#2053,
    #2054,#2055,#2056,#2057,#2058,#2059,#2060,#2061,#2062,#2063,#2064,
    #2065,#2066,#2067,#2068,#2069,#2070,#2071,#2072,#2073,#2074,#2075,
    #2076,#2077,#2078,#2079,#2080,#2081,#2082,#2083,#2084,#2085,#2086,
    #2087,#2088,#2089,#2090,#2091,#2092,#2093,#2094,#2095,#2096,#2097,
    #2098,#2099,#2100,#2101,#2102,#2103,#2104,#2105,#2106,#2107,#2108,
    #2109,#2110,#2111,#2112,#2113,#2114,#2115,#2116,#2117,#2118,#2119,
    #2120,#2121,#2122,#2123,#2124,#2125,#2126,#2127,#2128,#2129,#2130,
    #2131,#2132,#2133,#2134,#2135,#2136,#2137,#2138,#2139,#2140,#2141,
    #2142,#2143,#2144,#2145,#2146,#2147,#2148,#2149,#2150,#2151,#2152,
    #2153,#2154,#2155,#2156,#2157,#2158,#2159,#2160,#2161,#2162,#2163,
    #2164,#2165,#2166,#2167,#2168,#2169,#2170,#2171,#2172,#2173,#2174,
    #2175,#2176,#2177,#2178,#2179,#2180,#2181,#2182,#2183,#2184,#2185,
    #2186,#2187,#2188,#2189,#2190,#2191,#2192,#2193,#2194,#2195,#2196,
    #2197,#2198,#2199,#2200,#2201,#2202,#2203,#2204,#2205,#2206,#2207,
    #2208,#2209,#2210,#2211,#2212,#2213,#2214,#2215,#2216,#2217,#2218,
    #2219,#2220,#2221,#2222,#2223,#2224,#2225,#2226,#2227,#2228,#2229,
    #2230,#2231,#2232,#2233,#2234,#2235,#2236,#2237,#2238,#2239,#2240,
    #2241,#2242,#2243,#2244,#2245,#2246,#2247,#2248,#2249,#2250,#2251,
    #2252,#2253,#2254,#2255,#2256,#2257,#2258,#2259,#2260,#2261,#2262,
    #2263,#2264,#2265,#2266,#2267,#2268,#2269,#2270,#2271,#2272,#2273,
    #2274,#2275,#2276,#2277,#2278,#2279,#2280,#2281,#2282,#2283,#2284,
    #2285,#2286,#2287,#2288,#2289,#2290,#2291,#2292,#2293,#2294,#2295,
    #2296,#2297,#2298,#2299,#2300,#2301,#2302,#2303,#2304,#2305,#2306),
  .UNSPECIFIED.,.T.,.F.,(1,3,3,3,3,3,3,3,3,3,3,3,3,3,3,3,3,3,3,3,3,3,3,3
    ,3,3,3,3,3,3,3,3,3,3,3,3,3,3,3,3,3,3,3,3,3,3,3,3,3,3,3,3,3,3,3,3,3,3
    ,3,3,3,3,3,3,3,3,3,3,3,3,3,3,3,3,3,3,3,3,3,3,3,3,3,3,3,3,3,3,3,3,3,3
    ,3,3,3,3,3,3,3,3,3,3,3,3,3,3,1),(-3.428121426764,-3.426703422058,
    -3.386615101046,-3.345869305829,-3.316288163983,-3.304778589686,
    -3.294002103383,-3.254565411821,-3.214469582825,-3.188157229884,
    -3.176358408098,-3.168383987778,-3.16333383319,-3.135668791387,
    -3.109220171062,-3.082059013258,-3.054359165605,-3.026059976928,
    -3.017718277404,-3.001441181632,-2.963072641823,-2.925336713802,
    -2.888138125951,-2.860239185062,-2.849777082229,-2.847354796083,
    -2.821748266002,-2.795248204066,-2.776542362395,-2.750466814346,
    -2.723738613564,-2.696298268984,-2.686141587348,-2.680492765328,
    -2.677754075578,-2.675581967468,-2.63071775953,-2.586837124307,
    -2.543878954166,-2.50073032978,-2.492639962707,-2.486743595297,
    -2.484347796963,-2.459555123146,-2.43593702111,-2.412925905147,
    -2.390839474587,-2.37128445662,-2.352911030371,-2.34770432904,
    -2.345449266176,-2.343474392697,-2.31020379819,-2.278082540206,
    -2.246539374884,-2.225385657604,-2.220595891489,-2.21731129291,
    -2.147310464775,-2.143733643345,-2.117735991924,-2.092507298037,
    -2.07730963664,-2.073851329528,-2.070401351405,-2.035994699725,
    -2.001472052359,-1.978130395476,-1.966646267346,-1.958549699223,
    -1.926521442723,-1.895390273717,-1.864729327661,-1.85223169507,
    -1.847025979078,-1.843658713917,-1.84134573656,-1.819711291594,
    -1.814738797296,-1.792722520201,-1.770441253696,-1.747847902383,
    -1.72488842918,-1.711478640624,-1.709573362879,-1.708015063906,
    -1.674550541076,-1.641530381366,-1.608730739092,-1.595701108658,
    -1.589136306395,-1.549734059333,-1.530032935803,-1.52069727484,
    -1.516902717511,-1.510331812272,-1.485140956866,-1.459621340293,
    -1.449747196156,-1.442613002106,-1.368137804121,-1.328122809989,
    -1.314645096519,-1.261361462056,-1.208077827593,-1.206659822887,
    -1.166571501876),.UNSPECIFIED.);
#1994 = CARTESIAN_POINT('',(-33.62502606572,-3.392801395419,
    14.206871167106));
#1995 = CARTESIAN_POINT('',(-33.60436365964,-3.392801395435,
    14.331563573933));
#1996 = CARTESIAN_POINT('',(-33.57594789415,-3.396229136588,
    14.454205601797));
#1997 = CARTESIAN_POINT('',(-33.54050728727,-3.40282027938,
    14.57416725232));
#1998 = CARTESIAN_POINT('',(-33.50448543168,-3.409519521145,
    14.69609635094));
#1999 = CARTESIAN_POINT('',(-33.46120635724,-3.419486798507,
    14.815256541475));
#2000 = CARTESIAN_POINT('',(-33.41139467263,-3.43245921249,
    14.931020892335));
#2001 = CARTESIAN_POINT('',(-33.37523176306,-3.441877087784,
    15.015064943143));
#2002 = CARTESIAN_POINT('',(-33.33562488936,-3.452879175614,
    15.097319899153));
#2003 = CARTESIAN_POINT('',(-33.29283867413,-3.465369491788,
    15.177556454263));
#2004 = CARTESIAN_POINT('',(-33.27619120577,-3.47022928465,
    15.208775282704));
#2005 = CARTESIAN_POINT('',(-33.25906231584,-3.475314416366,
    15.23968864281));
#2006 = CARTESIAN_POINT('',(-33.24146717543,-3.480619385382,
    15.270283369448));
#2007 = CARTESIAN_POINT('',(-33.22499273557,-3.485586461007,
    15.298929403095));
#2008 = CARTESIAN_POINT('',(-33.20811326903,-3.490745151022,
    15.327289465345));
#2009 = CARTESIAN_POINT('',(-33.190846187,-3.496089291554,
    15.355346309624));
#2010 = CARTESIAN_POINT('',(-33.12765707611,-3.515646243226,
    15.458020695589));
#2011 = CARTESIAN_POINT('',(-33.05926294849,-3.537690843918,
    15.556660938834));
#2012 = CARTESIAN_POINT('',(-32.98629662017,-3.561988532844,
    15.650790278469));
#2013 = CARTESIAN_POINT('',(-32.91211074639,-3.586692328766,
    15.746492878156));
#2014 = CARTESIAN_POINT('',(-32.83319854545,-3.613725160294,
    15.837532557234));
#2015 = CARTESIAN_POINT('',(-32.75018822958,-3.642853496012,
    15.923445670689));
#2016 = CARTESIAN_POINT('',(-32.69571381707,-3.661968577784,
    15.979825005399));
#2017 = CARTESIAN_POINT('',(-32.63947380966,-3.681986347538,
    16.033997368798));
#2018 = CARTESIAN_POINT('',(-32.58163739972,-3.702843752009,
    16.085840137989));
#2019 = CARTESIAN_POINT('',(-32.55570275621,-3.712196499702,
    16.109087150369));
#2020 = CARTESIAN_POINT('',(-32.52944702932,-3.721718107548,
    16.131865826961));
#2021 = CARTESIAN_POINT('',(-32.50288505555,-3.731403038269,
    16.154165530872));
#2022 = CARTESIAN_POINT('',(-32.48493272546,-3.737948751877,
    16.169237138463));
#2023 = CARTESIAN_POINT('',(-32.46684049812,-3.744569072376,
    16.184089959252));
#2024 = CARTESIAN_POINT('',(-32.44861288813,-3.751262313521,
    16.198720775057));
#2025 = CARTESIAN_POINT('',(-32.43706944742,-3.755501104695,
    16.207986386675));
#2026 = CARTESIAN_POINT('',(-32.42547001815,-3.759769771716,
    16.217164191015));
#2027 = CARTESIAN_POINT('',(-32.41383269766,-3.764061615922,
    16.226240420718));
#2028 = CARTESIAN_POINT('',(-32.3500827763,-3.787572589165,
    16.275960537161));
#2029 = CARTESIAN_POINT('',(-32.28508797154,-3.81181823835,
    16.322725228363));
#2030 = CARTESIAN_POINT('',(-32.21894603135,-3.836754728213,
    16.366569193966));
#2031 = CARTESIAN_POINT('',(-32.15571232739,-3.86059477,16.4084853569));
#2032 = CARTESIAN_POINT('',(-32.09142948553,-3.885066504065,
    16.447732175925));
#2033 = CARTESIAN_POINT('',(-32.0261488755,-3.910147711541,
    16.48431623187));
#2034 = CARTESIAN_POINT('',(-31.95910957709,-3.935904617792,
    16.521885878393));
#2035 = CARTESIAN_POINT('',(-31.89101809419,-3.962304171984,
    16.556648465433));
#2036 = CARTESIAN_POINT('',(-31.8219746064,-3.989295259836,
    16.588727732806));
#2037 = CARTESIAN_POINT('',(-31.7515617725,-4.016821664523,
    16.621443231367));
#2038 = CARTESIAN_POINT('',(-31.68015829333,-4.044963503521,
    16.651368048402));
#2039 = CARTESIAN_POINT('',(-31.6078412829,-4.07368197974,
    16.678589618171));
#2040 = CARTESIAN_POINT('',(-31.53395955082,-4.103021837029,
    16.706400180477));
#2041 = CARTESIAN_POINT('',(-31.45912377378,-4.132963776287,
    16.731389437669));
#2042 = CARTESIAN_POINT('',(-31.38339415969,-4.163479104413,
    16.753602881829));
#2043 = CARTESIAN_POINT('',(-31.36107148137,-4.172474051265,
    16.760150697693));
#2044 = CARTESIAN_POINT('',(-31.33867102694,-4.181518888869,
    16.766457007574));
#2045 = CARTESIAN_POINT('',(-31.31619409495,-4.190613042056,
    16.772522170328));
#2046 = CARTESIAN_POINT('',(-31.27233502601,-4.208358395022,
    16.784357076959));
#2047 = CARTESIAN_POINT('',(-31.22787824315,-4.226415492399,
    16.795357166245));
#2048 = CARTESIAN_POINT('',(-31.18280358049,-4.244795482648,
    16.805485286131));
#2049 = CARTESIAN_POINT('',(-31.07655311587,-4.288120987234,
    16.829359395893));
#2050 = CARTESIAN_POINT('',(-30.96836105525,-4.332632677918,
    16.848049252078));
#2051 = CARTESIAN_POINT('',(-30.8587609204,-4.378122483779,
    16.86129987051));
#2052 = CARTESIAN_POINT('',(-30.75096784774,-4.42286226403,
    16.874332015748));
#2053 = CARTESIAN_POINT('',(-30.64181263882,-4.468548218917,
    16.88210280176));
#2054 = CARTESIAN_POINT('',(-30.53184773264,-4.514964331825,
    16.884356297375));
#2055 = CARTESIAN_POINT('',(-30.42344867006,-4.560719503205,
    16.886577704374));
#2056 = CARTESIAN_POINT('',(-30.31426268444,-4.607184237729,
    16.883437829028));
#2057 = CARTESIAN_POINT('',(-30.20486465367,-4.654133174991,
    16.874678461449));
#2058 = CARTESIAN_POINT('',(-30.12281613059,-4.689344877938,
    16.868108935765));
#2059 = CARTESIAN_POINT('',(-30.04064923957,-4.724828579025,
    16.85837818291));
#2060 = CARTESIAN_POINT('',(-29.95862444702,-4.760481953297,
    16.845372324349));
#2061 = CARTESIAN_POINT('',(-29.92786514981,-4.77385196865,
    16.840495127389));
#2062 = CARTESIAN_POINT('',(-29.89712599526,-4.787245779546,
    16.835157325293));
#2063 = CARTESIAN_POINT('',(-29.86642130469,-4.800657752894,
    16.829352755249));
#2064 = CARTESIAN_POINT('',(-29.85931226096,-4.803763021284,
    16.828008825656));
#2065 = CARTESIAN_POINT('',(-29.85220074189,-4.806871156076,
    16.826638992388));
#2066 = CARTESIAN_POINT('',(-29.84511386526,-4.809970299332,
    16.825248563533));
#2067 = CARTESIAN_POINT('',(-29.77019690301,-4.842732037727,
    16.81055002828));
#2068 = CARTESIAN_POINT('',(-29.69751689568,-4.874714474071,
    16.793455869161));
#2069 = CARTESIAN_POINT('',(-29.62717896368,-4.90584899229,
    16.774309382603));
#2070 = CARTESIAN_POINT('',(-29.55438661156,-4.93806993978,
    16.754494785387));
#2071 = CARTESIAN_POINT('',(-29.48410250717,-4.969382808786,
    16.732482243243));
#2072 = CARTESIAN_POINT('',(-29.41639270303,-4.999733845113,
    16.708639059024));
#2073 = CARTESIAN_POINT('',(-29.36859776281,-5.021158009384,
    16.691808651985));
#2074 = CARTESIAN_POINT('',(-29.32208442871,-5.042103402119,
    16.674065820556));
#2075 = CARTESIAN_POINT('',(-29.27686227692,-5.062557194678,
    16.655535562768));
#2076 = CARTESIAN_POINT('',(-29.21382355284,-5.091069349332,
    16.629704774941));
#2077 = CARTESIAN_POINT('',(-29.15329405606,-5.118625897137,
    16.60234733555));
#2078 = CARTESIAN_POINT('',(-29.09523114369,-5.145214951146,
    16.573889954023));
#2079 = CARTESIAN_POINT('',(-29.03571495723,-5.172469510585,
    16.544720304137));
#2080 = CARTESIAN_POINT('',(-28.97879018976,-5.198707622161,
    16.51439488581));
#2081 = CARTESIAN_POINT('',(-28.92438817918,-5.223929634268,
    16.483323093347));
#2082 = CARTESIAN_POINT('',(-28.86853668629,-5.249823659416,
    16.451423426817));
#2083 = CARTESIAN_POINT('',(-28.81534396216,-5.274646813267,
    16.418737001702));
#2084 = CARTESIAN_POINT('',(-28.76471508924,-5.298411787123,
    16.385655790364));
#2085 = CARTESIAN_POINT('',(-28.74597547966,-5.307208078761,
    16.373411216294));
#2086 = CARTESIAN_POINT('',(-28.7275869383,-5.315859509867,
    16.361112070029));
#2087 = CARTESIAN_POINT('',(-28.70954405459,-5.324367093988,
    16.348776561456));
#2088 = CARTESIAN_POINT('',(-28.69950917879,-5.329098740626,
    16.341915945464));
#2089 = CARTESIAN_POINT('',(-28.68958121754,-5.333785895424,
    16.33504406621));
#2090 = CARTESIAN_POINT('',(-28.67975920252,-5.338428756693,
    16.328163941615));
#2091 = CARTESIAN_POINT('',(-28.67499724477,-5.340679731591,
    16.324828285679));
#2092 = CARTESIAN_POINT('',(-28.67026018984,-5.342920295312,
    16.321490690419));
#2093 = CARTESIAN_POINT('',(-28.66554792527,-5.345150471831,
    16.318151492963));
#2094 = CARTESIAN_POINT('',(-28.66181053658,-5.346919268207,
    16.315503110511));
#2095 = CARTESIAN_POINT('',(-28.6580903965,-5.348680745009,
    16.312854929594));
#2096 = CARTESIAN_POINT('',(-28.6543702518,-5.350443066526,
    16.310194740638));
#2097 = CARTESIAN_POINT('',(-28.57753183636,-5.386843261627,
    16.255249376781));
#2098 = CARTESIAN_POINT('',(-28.50228226534,-5.422851278537,
    16.196303663285));
#2099 = CARTESIAN_POINT('',(-28.42901380077,-5.458295917728,
    16.133429722992));
#2100 = CARTESIAN_POINT('',(-28.35735162473,-5.492963492492,
    16.071934188671));
#2101 = CARTESIAN_POINT('',(-28.28758454905,-5.52709216981,
    16.006680647103));
#2102 = CARTESIAN_POINT('',(-28.22012003575,-5.560503203893,
    15.937757015486));
#2103 = CARTESIAN_POINT('',(-28.15407377125,-5.593211866368,
    15.870282306455));
#2104 = CARTESIAN_POINT('',(-28.09023418715,-5.625232788087,
    15.799290067377));
#2105 = CARTESIAN_POINT('',(-28.02902411901,-5.656379571545,
    15.724884465178));
#2106 = CARTESIAN_POINT('',(-27.96754267718,-5.687664443687,
    15.65014898713));
#2107 = CARTESIAN_POINT('',(-27.90871383903,-5.718067544245,
    15.571969580245));
#2108 = CARTESIAN_POINT('',(-27.85301043254,-5.747379456665,
    15.490476705101));
#2109 = CARTESIAN_POINT('',(-27.84256604382,-5.752875440244,
    15.475196791012));
#2110 = CARTESIAN_POINT('',(-27.8322316654,-5.758333000571,
    15.459800463745));
#2111 = CARTESIAN_POINT('',(-27.82201059927,-5.76375067123,
    15.444288690738));
#2112 = CARTESIAN_POINT('',(-27.81456134998,-5.767699141853,
    15.432983503717));
#2113 = CARTESIAN_POINT('',(-27.80717228988,-5.771626423752,
    15.421616996233));
#2114 = CARTESIAN_POINT('',(-27.7998447175,-5.775531939828,
    15.410189554756));
#2115 = CARTESIAN_POINT('',(-27.79686739528,-5.777118820064,
    15.405546383231));
#2116 = CARTESIAN_POINT('',(-27.79390034977,-5.77870203685,
    15.400893392813));
#2117 = CARTESIAN_POINT('',(-27.79093596669,-5.780285674889,
    15.396218333107));
#2118 = CARTESIAN_POINT('',(-27.76025935184,-5.79667379102,
    15.347838956303));
#2119 = CARTESIAN_POINT('',(-27.730068928,-5.812999539943,
    15.297414174522));
#2120 = CARTESIAN_POINT('',(-27.70059358573,-5.829175550719,
    15.244807590214));
#2121 = CARTESIAN_POINT('',(-27.67251466021,-5.844585210679,
    15.194693282857));
#2122 = CARTESIAN_POINT('',(-27.64508462432,-5.859859014073,
    15.142598833773));
#2123 = CARTESIAN_POINT('',(-27.61854404927,-5.874902990979,
    15.088411380734));
#2124 = CARTESIAN_POINT('',(-27.59268556796,-5.889560337136,
    15.035616547187));
#2125 = CARTESIAN_POINT('',(-27.56767122826,-5.903999610831,
    14.980834723292));
#2126 = CARTESIAN_POINT('',(-27.54376695324,-5.918114982878,
    14.923969030684));
#2127 = CARTESIAN_POINT('',(-27.52082325459,-5.931663138694,
    14.869388445672));
#2128 = CARTESIAN_POINT('',(-27.49890213808,-5.944912937552,
    14.812887955229));
#2129 = CARTESIAN_POINT('',(-27.47828088123,-5.95775229659,
    14.754391264744));
#2130 = CARTESIAN_POINT('',(-27.46002310766,-5.969120086237,
    14.702599109814));
#2131 = CARTESIAN_POINT('',(-27.44278471701,-5.980165952744,
    14.649242137106));
#2132 = CARTESIAN_POINT('',(-27.42678854039,-5.990798667081,
    14.59427548804));
#2133 = CARTESIAN_POINT('',(-27.41175891618,-6.00078891066,
    14.542630141843));
#2134 = CARTESIAN_POINT('',(-27.3978272277,-6.010413902245,
    14.489563299802));
#2135 = CARTESIAN_POINT('',(-27.38513748115,-6.019613042231,
    14.435069370436));
#2136 = CARTESIAN_POINT('',(-27.38154143328,-6.022219914448,
    14.419626762689));
#2137 = CARTESIAN_POINT('',(-27.37804518982,-6.024792552962,
    14.404069637207));
#2138 = CARTESIAN_POINT('',(-27.37465219436,-6.027329493423,
    14.388398077506));
#2139 = CARTESIAN_POINT('',(-27.37318266162,-6.028428262079,
    14.381610603046));
#2140 = CARTESIAN_POINT('',(-27.37173249732,-6.029520333924,
    14.374801664003));
#2141 = CARTESIAN_POINT('',(-27.37030198557,-6.030605587742,
    14.367971273028));
#2142 = CARTESIAN_POINT('',(-27.36904921352,-6.03155599982,
    14.361989551541));
#2143 = CARTESIAN_POINT('',(-27.36781229338,-6.032500596949,
    14.355995021719));
#2144 = CARTESIAN_POINT('',(-27.36659292037,-6.033438101138,
    14.349995662689));
#2145 = CARTESIAN_POINT('',(-27.34605020441,-6.049232187205,
    14.248924761863));
#2146 = CARTESIAN_POINT('',(-27.3303467611,-6.063120063437,
    14.145810578523));
#2147 = CARTESIAN_POINT('',(-27.31966500032,-6.074992948115,
    14.041102284344));
#2148 = CARTESIAN_POINT('',(-27.30935224219,-6.086455682622,
    13.940011150261));
#2149 = CARTESIAN_POINT('',(-27.30372026109,-6.096040215959,
    13.837434135143));
#2150 = CARTESIAN_POINT('',(-27.30293826041,-6.103643110559,
    13.733823962654));
#2151 = CARTESIAN_POINT('',(-27.30217033355,-6.111109174354,
    13.632078483025));
#2152 = CARTESIAN_POINT('',(-27.30607941976,-6.116664280198,
    13.529336569787));
#2153 = CARTESIAN_POINT('',(-27.31483011344,-6.120205202347,
    13.426075742446));
#2154 = CARTESIAN_POINT('',(-27.32069857015,-6.122579842472,
    13.356826181553));
#2155 = CARTESIAN_POINT('',(-27.32874458711,-6.124048512928,
    13.287344243915));
#2156 = CARTESIAN_POINT('',(-27.33901882539,-6.124578726858,
    13.217787089654));
#2157 = CARTESIAN_POINT('',(-27.34134518712,-6.124698781442,
    13.202037493679));
#2158 = CARTESIAN_POINT('',(-27.34378579081,-6.124770717788,
    13.186284085883));
#2159 = CARTESIAN_POINT('',(-27.34634123009,-6.12479415089,
    13.170528769605));
#2160 = CARTESIAN_POINT('',(-27.34809363136,-6.12481022022,
    13.159724507304));
#2161 = CARTESIAN_POINT('',(-27.34989941995,-6.124803463188,
    13.148923305963));
#2162 = CARTESIAN_POINT('',(-27.35175720632,-6.124773861285,
    13.138133814782));
#2163 = CARTESIAN_POINT('',(-27.3913500458,-6.124142990368,
    12.90818994199));
#2164 = CARTESIAN_POINT('',(-27.45473657564,-6.113138258116,
    12.682468440277));
#2165 = CARTESIAN_POINT('',(-27.54103035542,-6.091729703996,
    12.46674564451));
#2166 = CARTESIAN_POINT('',(-27.54543969527,-6.090635794436,
    12.455722890359));
#2167 = CARTESIAN_POINT('',(-27.54990738942,-6.089515100739,
    12.444729614743));
#2168 = CARTESIAN_POINT('',(-27.55444359058,-6.088364983356,
    12.433742158061));
#2169 = CARTESIAN_POINT('',(-27.58741436614,-6.08000550794,
    12.353881288742));
#2170 = CARTESIAN_POINT('',(-27.62390658317,-6.070115877073,
    12.274571729102));
#2171 = CARTESIAN_POINT('',(-27.66410327947,-6.058592275843,
    12.196188092296));
#2172 = CARTESIAN_POINT('',(-27.70311103943,-6.047409519247,
    12.120122883688));
#2173 = CARTESIAN_POINT('',(-27.74560743659,-6.03468800489,
    12.044929519752));
#2174 = CARTESIAN_POINT('',(-27.79176972239,-6.020325327641,
    11.970997445589));
#2175 = CARTESIAN_POINT('',(-27.81957769343,-6.01167330996,
    11.926461068297));
#2176 = CARTESIAN_POINT('',(-27.84871613406,-6.002425601442,
    11.8823833049));
#2177 = CARTESIAN_POINT('',(-27.8792254919,-5.992558468567,
    11.838858229685));
#2178 = CARTESIAN_POINT('',(-27.8861680554,-5.990313151021,
    11.828953871819));
#2179 = CARTESIAN_POINT('',(-27.89318161298,-5.988035754165,
    11.819078162518));
#2180 = CARTESIAN_POINT('',(-27.90026605384,-5.985726276634,
    11.809231789924));
#2181 = CARTESIAN_POINT('',(-27.90733343252,-5.983422361252,
    11.799409131344));
#2182 = CARTESIAN_POINT('',(-27.91446638655,-5.981088135778,
    11.789622613452));
#2183 = CARTESIAN_POINT('',(-27.9216609143,-5.9787249229,11.779877538887
    ));
#2184 = CARTESIAN_POINT('',(-27.99341198093,-5.955156587253,
    11.682689854133));
#2185 = CARTESIAN_POINT('',(-28.07139988823,-5.928668161869,
    11.589471118386));
#2186 = CARTESIAN_POINT('',(-28.1550481304,-5.899467777876,
    11.500734855791));
#2187 = CARTESIAN_POINT('',(-28.23897837721,-5.87016895017,
    11.41169943524));
#2188 = CARTESIAN_POINT('',(-28.32860717408,-5.838139852017,
    11.327176783844));
#2189 = CARTESIAN_POINT('',(-28.42330618086,-5.803608926113,
    11.247703824984));
#2190 = CARTESIAN_POINT('',(-28.48733463442,-5.780261671895,
    11.193970097164));
#2191 = CARTESIAN_POINT('',(-28.55367996265,-5.755771093591,
    11.142545194196));
#2192 = CARTESIAN_POINT('',(-28.62213617304,-5.730212466293,
    11.093599676684));
#2193 = CARTESIAN_POINT('',(-28.65581672516,-5.71763758559,
    11.069518412989));
#2194 = CARTESIAN_POINT('',(-28.69000810432,-5.70480422444,
    11.046037378871));
#2195 = CARTESIAN_POINT('',(-28.72468494211,-5.691721678972,
    11.023177210947));
#2196 = CARTESIAN_POINT('',(-28.74913289117,-5.682498190746,
    11.007060279405));
#2197 = CARTESIAN_POINT('',(-28.77382009371,-5.673151622106,
    10.991253216739));
#2198 = CARTESIAN_POINT('',(-28.79874413819,-5.663682770855,
    10.975759208506));
#2199 = CARTESIAN_POINT('',(-28.89733821876,-5.626226061786,
    10.914468293343));
#2200 = CARTESIAN_POINT('',(-28.99971484783,-5.586826797066,
    10.858029030287));
#2201 = CARTESIAN_POINT('',(-29.10535020381,-5.545672000242,
    10.806937757552));
#2202 = CARTESIAN_POINT('',(-29.20802679253,-5.505669918479,
    10.75727751313));
#2203 = CARTESIAN_POINT('',(-29.3137821817,-5.464009241016,
    10.712669877792));
#2204 = CARTESIAN_POINT('',(-29.42209973667,-5.420874608444,
    10.67360177186));
#2205 = CARTESIAN_POINT('',(-29.52878120146,-5.378391505988,
    10.635123772903));
#2206 = CARTESIAN_POINT('',(-29.63794814851,-5.334478586626,
    10.602019168807));
#2207 = CARTESIAN_POINT('',(-29.74907039583,-5.289325574235,
    10.57478420581));
#2208 = CARTESIAN_POINT('',(-29.79436466096,-5.270920866232,
    10.563683029723));
#2209 = CARTESIAN_POINT('',(-29.83998334897,-5.252310284231,
    10.553557425702));
#2210 = CARTESIAN_POINT('',(-29.88588869048,-5.233507357764,
    10.544442547765));
#2211 = CARTESIAN_POINT('',(-29.90500992553,-5.225675258822,
    10.540645871435));
#2212 = CARTESIAN_POINT('',(-29.92418088231,-5.217809792536,
    10.537024569447));
#2213 = CARTESIAN_POINT('',(-29.94339877342,-5.209911957845,
    10.533581229746));
#2214 = CARTESIAN_POINT('',(-29.95582967347,-5.204803322713,
    10.531353940007));
#2215 = CARTESIAN_POINT('',(-29.96828021024,-5.199681144833,
    10.529201110603));
#2216 = CARTESIAN_POINT('',(-29.98074962163,-5.194545697386,
    10.527123448228));
#2217 = CARTESIAN_POINT('',(-29.98931487112,-5.191018154083,
    10.525696300141));
#2218 = CARTESIAN_POINT('',(-29.99789397441,-5.187482306019,
    10.524303877717));
#2219 = CARTESIAN_POINT('',(-30.00645755602,-5.18395026432,
    10.522950889911));
#2220 = CARTESIAN_POINT('',(-30.08655705834,-5.150913295111,
    10.510295711887));
#2221 = CARTESIAN_POINT('',(-30.16570950823,-5.118040282739,
    10.501019627915));
#2222 = CARTESIAN_POINT('',(-30.24363688426,-5.085464317648,
    10.494904096748));
#2223 = CARTESIAN_POINT('',(-30.26154783292,-5.077977007438,
    10.493498493604));
#2224 = CARTESIAN_POINT('',(-30.27939424864,-5.070505317802,
    10.492259761718));
#2225 = CARTESIAN_POINT('',(-30.29717308271,-5.06305073753,
    10.491185086393));
#2226 = CARTESIAN_POINT('',(-30.37589086775,-5.030044745955,
    10.486426840665));
#2227 = CARTESIAN_POINT('',(-30.45328022807,-4.997375794119,
    10.484883014108));
#2228 = CARTESIAN_POINT('',(-30.52910373238,-4.96517398144,
    10.48613273158));
#2229 = CARTESIAN_POINT('',(-30.60583985356,-4.932584585552,
    10.487397490737));
#2230 = CARTESIAN_POINT('',(-30.68097228566,-4.900473608066,
    10.491523395292));
#2231 = CARTESIAN_POINT('',(-30.75430049025,-4.868955181565,
    10.498094433449));
#2232 = CARTESIAN_POINT('',(-30.82865577374,-4.836995289042,
    10.504757509514));
#2233 = CARTESIAN_POINT('',(-30.90115603893,-4.805644622199,
    10.513934640451));
#2234 = CARTESIAN_POINT('',(-30.97163733575,-4.775001552493,
    10.525213584289));
#2235 = CARTESIAN_POINT('',(-31.04326077147,-4.74386191641,
    10.536675301731));
#2236 = CARTESIAN_POINT('',(-31.11279940176,-4.713452946668,
    10.550307442145));
#2237 = CARTESIAN_POINT('',(-31.18012571345,-4.683857401827,
    10.565700335241));
#2238 = CARTESIAN_POINT('',(-31.21944854965,-4.666571726541,
    10.574690761104));
#2239 = CARTESIAN_POINT('',(-31.25801752024,-4.649563156054,
    10.584282265995));
#2240 = CARTESIAN_POINT('',(-31.29581376977,-4.632845149132,
    10.594396871464));
#2241 = CARTESIAN_POINT('',(-31.30118390314,-4.630469836025,
    10.595833965914));
#2242 = CARTESIAN_POINT('',(-31.30653844516,-4.628100385009,
    10.597281624641));
#2243 = CARTESIAN_POINT('',(-31.31187734921,-4.625736831211,
    10.598739628383));
#2244 = CARTESIAN_POINT('',(-31.31624396123,-4.623803714917,
    10.59993210845));
#2245 = CARTESIAN_POINT('',(-31.32059976891,-4.621874696996,
    10.601131394589));
#2246 = CARTESIAN_POINT('',(-31.32495834178,-4.619943769855,
    10.602341196885));
#2247 = CARTESIAN_POINT('',(-31.41855884073,-4.578477044587,
    10.628321741866));
#2248 = CARTESIAN_POINT('',(-31.51191201678,-4.536803715078,
    10.658738605147));
#2249 = CARTESIAN_POINT('',(-31.60455959104,-4.495112067921,
    10.693674595066));
#2250 = CARTESIAN_POINT('',(-31.69597693215,-4.453974028849,
    10.728146682795));
#2251 = CARTESIAN_POINT('',(-31.78670736538,-4.412818118953,
    10.767018717558));
#2252 = CARTESIAN_POINT('',(-31.8762652386,-4.371845140962,
    10.810360362732));
#2253 = CARTESIAN_POINT('',(-31.96522502045,-4.331145791451,
    10.853412560834));
#2254 = CARTESIAN_POINT('',(-32.05302797982,-4.290626880752,
    10.900874919987));
#2255 = CARTESIAN_POINT('',(-32.13915142722,-4.250505732571,
    10.952805216747));
#2256 = CARTESIAN_POINT('',(-32.1733638946,-4.234567640045,
    10.97343448366));
#2257 = CARTESIAN_POINT('',(-32.20731079305,-4.218692550302,
    10.994768700983));
#2258 = CARTESIAN_POINT('',(-32.24095721932,-4.202895026498,
    11.016810998877));
#2259 = CARTESIAN_POINT('',(-32.25790951405,-4.194935658768,
    11.027916711186));
#2260 = CARTESIAN_POINT('',(-32.27479005391,-4.186993841502,
    11.039205379375));
#2261 = CARTESIAN_POINT('',(-32.2915684109,-4.179083698215,
    11.050659390708));
#2262 = CARTESIAN_POINT('',(-32.39227288627,-4.131606652049,
    11.119406896932));
#2263 = CARTESIAN_POINT('',(-32.48944799322,-4.085199697893,
    11.194206114604));
#2264 = CARTESIAN_POINT('',(-32.5821905654,-4.040257602961,
    11.274882609732));
#2265 = CARTESIAN_POINT('',(-32.6285618515,-4.017786555495,
    11.315220857296));
#2266 = CARTESIAN_POINT('',(-32.67382450626,-3.995681962328,
    11.357028014955));
#2267 = CARTESIAN_POINT('',(-32.71786279001,-3.973994543226,
    11.400279865173));
#2268 = CARTESIAN_POINT('',(-32.73873096466,-3.963717647517,
    11.420775376965));
#2269 = CARTESIAN_POINT('',(-32.7593241835,-3.95353443998,
    11.441595267796));
#2270 = CARTESIAN_POINT('',(-32.77962999213,-3.943450385031,
    11.462736837513));
#2271 = CARTESIAN_POINT('',(-32.78788345756,-3.939351636719,
    11.471330005007));
#2272 = CARTESIAN_POINT('',(-32.79608443492,-3.93527175285,
    11.479971135936));
#2273 = CARTESIAN_POINT('',(-32.80422869763,-3.931212823007,
    11.488655963358));
#2274 = CARTESIAN_POINT('',(-32.81833183903,-3.92418411292,
    11.503695182183));
#2275 = CARTESIAN_POINT('',(-32.8322687578,-3.917216328772,
    11.518869413355));
#2276 = CARTESIAN_POINT('',(-32.84603846762,-3.910309896434,
    11.534178541103));
#2277 = CARTESIAN_POINT('',(-32.89882735382,-3.883832732015,
    11.59286908821));
#2278 = CARTESIAN_POINT('',(-32.94916150867,-3.858256302438,
    11.65353925782));
#2279 = CARTESIAN_POINT('',(-32.99709605307,-3.833565625885,
    11.716069876631));
#2280 = CARTESIAN_POINT('',(-33.04565618229,-3.808552715906,
    11.779416570911));
#2281 = CARTESIAN_POINT('',(-33.09175392869,-3.784448677426,
    11.844673127802));
#2282 = CARTESIAN_POINT('',(-33.13540802337,-3.761251847819,
    11.911750199576));
#2283 = CARTESIAN_POINT('',(-33.15229882664,-3.752276444978,
    11.937703907508));
#2284 = CARTESIAN_POINT('',(-33.16882336376,-3.743437018807,
    11.963930484464));
#2285 = CARTESIAN_POINT('',(-33.18498106199,-3.734734098139,
    11.99042585181));
#2286 = CARTESIAN_POINT('',(-33.19665520336,-3.728446127863,
    12.00956908989));
#2287 = CARTESIAN_POINT('',(-33.20813570923,-3.722230552614,
    12.028849353566));
#2288 = CARTESIAN_POINT('',(-33.21941611703,-3.716090993986,
    12.048254040661));
#2289 = CARTESIAN_POINT('',(-33.33717442279,-3.65199898287,
    12.250823231126));
#2290 = CARTESIAN_POINT('',(-33.43328085883,-3.596107780056,
    12.467207308354));
#2291 = CARTESIAN_POINT('',(-33.5057715393,-3.549640367423,
    12.691832249966));
#2292 = CARTESIAN_POINT('',(-33.54472026629,-3.52467375714,
    12.812521633327));
#2293 = CARTESIAN_POINT('',(-33.57685147214,-3.502427724264,
    12.935589066307));
#2294 = CARTESIAN_POINT('',(-33.60186044973,-3.483092431697,
    13.060163855691));
#2295 = CARTESIAN_POINT('',(-33.61028388802,-3.476579984583,
    13.102122710197));
#2296 = CARTESIAN_POINT('',(-33.61790006699,-3.470397039035,
    13.144258289449));
#2297 = CARTESIAN_POINT('',(-33.62469273826,-3.464555092953,
    13.18650482115));
#2298 = CARTESIAN_POINT('',(-33.65154730923,-3.441459178331,
    13.353524898967));
#2299 = CARTESIAN_POINT('',(-33.66554688273,-3.423680990419,
    13.522352359633));
#2300 = CARTESIAN_POINT('',(-33.66614096367,-3.411600405063,
    13.69089666591));
#2301 = CARTESIAN_POINT('',(-33.66673504461,-3.399519819707,
    13.859440972188));
#2302 = CARTESIAN_POINT('',(-33.65392348616,-3.393136932619,
    14.027701646315));
#2303 = CARTESIAN_POINT('',(-33.62718955383,-3.392814276055,
    14.193631533378));
#2304 = CARTESIAN_POINT('',(-33.62647810007,-3.392805689393,
    14.198047323763));
#2305 = CARTESIAN_POINT('',(-33.62575693667,-3.392801395418,
    14.202460545378));
#2306 = CARTESIAN_POINT('',(-33.62502606572,-3.392801395419,
    14.206871167106));
#2307 = PLANE('',#2308);
#2308 = AXIS2_PLACEMENT_3D('',#2309,#2310,#2311);
#2309 = CARTESIAN_POINT('',(-23.21608692423,-7.720776812135,
    15.35531617914));
#2310 = DIRECTION('',(-0.38918787185,-0.918898085108,6.449115900123E-02)
  );
#2311 = DIRECTION('',(0.92081496549,-0.389999742729,4.66987559733E-15));
#2312 = ADVANCED_FACE('',(#2313),#2340,.F.);
#2313 = FACE_BOUND('',#2314,.T.);
#2314 = EDGE_LOOP('',(#2315,#2316,#2317,#2326,#2334));
#2315 = ORIENTED_EDGE('',*,*,#1819,.T.);
#2316 = ORIENTED_EDGE('',*,*,#1884,.T.);
#2317 = ORIENTED_EDGE('',*,*,#2318,.T.);
#2318 = EDGE_CURVE('',#1885,#2319,#2321,.T.);
#2319 = VERTEX_POINT('',#2320);
#2320 = CARTESIAN_POINT('',(-34.33407754533,-1.923437575247,
    20.914435410417));
#2321 = ELLIPSE('',#2322,0.458389313605,0.4);
#2322 = AXIS2_PLACEMENT_3D('',#2323,#2324,#2325);
#2323 = CARTESIAN_POINT('',(-34.33407754485,-2.206280287546,
    20.631592697768));
#2324 = DIRECTION('',(-1.,-1.71759273E-09,1.400000000033E-16));
#2325 = DIRECTION('',(1.214521563295E-09,-0.70710677979,0.707106782583)
  );
#2326 = ORIENTED_EDGE('',*,*,#2327,.F.);
#2327 = EDGE_CURVE('',#2328,#2319,#2330,.T.);
#2328 = VERTEX_POINT('',#2329);
#2329 = CARTESIAN_POINT('',(-34.33407755247,2.229389018831,
    16.76160881634));
#2330 = LINE('',#2331,#2332);
#2331 = CARTESIAN_POINT('',(-34.33407754793,-0.410698935851,
    19.401696771022));
#2332 = VECTOR('',#2333,1.);
#2333 = DIRECTION('',(1.21452157E-09,-0.707106781187,0.707106781187));
#2334 = ORIENTED_EDGE('',*,*,#2335,.T.);
#2335 = EDGE_CURVE('',#2328,#1820,#2336,.T.);
#2336 = LINE('',#2337,#2338);
#2337 = CARTESIAN_POINT('',(-34.33407755247,2.229389018831,
    11.950003208203));
#2338 = VECTOR('',#2339,1.);
#2339 = DIRECTION('',(-1.4E-16,-5.73E-15,-1.));
#2340 = PLANE('',#2341);
#2341 = AXIS2_PLACEMENT_3D('',#2342,#2343,#2344);
#2342 = CARTESIAN_POINT('',(-34.33407754896,0.1892456493,21.300006416407
    ));
#2343 = DIRECTION('',(1.,1.71759273E-09,-1.4E-16));
#2344 = DIRECTION('',(-1.71759273E-09,1.,-1.224E-14));
#2345 = ADVANCED_FACE('',(#2346),#2365,.T.);
#2346 = FACE_BOUND('',#2347,.T.);
#2347 = EDGE_LOOP('',(#2348,#2349,#2350,#2359));
#2348 = ORIENTED_EDGE('',*,*,#1829,.F.);
#2349 = ORIENTED_EDGE('',*,*,#2335,.F.);
#2350 = ORIENTED_EDGE('',*,*,#2351,.F.);
#2351 = EDGE_CURVE('',#2352,#2328,#2354,.T.);
#2352 = VERTEX_POINT('',#2353);
#2353 = CARTESIAN_POINT('',(-33.93407755213,2.629389019518,
    16.361608816965));
#2354 = ELLIPSE('',#2355,0.565685424949,0.4);
#2355 = AXIS2_PLACEMENT_3D('',#2356,#2357,#2358);
#2356 = CARTESIAN_POINT('',(-33.93407755247,2.229389019518,
    16.761608816965));
#2357 = DIRECTION('',(-2.32014817E-09,0.707106781187,0.707106781187));
#2358 = DIRECTION('',(-2.32014829E-09,0.707106781187,-0.707106781187));
#2359 = ORIENTED_EDGE('',*,*,#2360,.F.);
#2360 = EDGE_CURVE('',#1830,#2352,#2361,.T.);
#2361 = LINE('',#2362,#2363);
#2362 = CARTESIAN_POINT('',(-33.93407755213,2.629389019518,
    11.950003208203));
#2363 = VECTOR('',#2364,1.);
#2364 = DIRECTION('',(1.4E-16,5.73E-15,1.));
#2365 = CYLINDRICAL_SURFACE('',#2366,0.4);
#2366 = AXIS2_PLACEMENT_3D('',#2367,#2368,#2369);
#2367 = CARTESIAN_POINT('',(-33.93407755247,2.229389019518,
    11.950003208203));
#2368 = DIRECTION('',(-1.4E-16,-5.73E-15,-1.));
#2369 = DIRECTION('',(-0.707106781501,0.707106780873,-3.952726904989E-15
    ));
#2370 = ADVANCED_FACE('',(#2371,#2421),#2432,.T.);
#2371 = FACE_BOUND('',#2372,.T.);
#2372 = EDGE_LOOP('',(#2373,#2381,#2382,#2383,#2391,#2399,#2407,#2415));
#2373 = ORIENTED_EDGE('',*,*,#2374,.T.);
#2374 = EDGE_CURVE('',#2375,#1839,#2377,.T.);
#2375 = VERTEX_POINT('',#2376);
#2376 = CARTESIAN_POINT('',(-32.30966163271,2.629389018171,
    7.058340841131));
#2377 = LINE('',#2378,#2379);
#2378 = CARTESIAN_POINT('',(-20.48621913029,2.629389008365,
    -9.49447860274));
#2379 = VECTOR('',#2380,1.);
#2380 = DIRECTION('',(-0.581238195103,4.820488E-10,0.813733470218));
#2381 = ORIENTED_EDGE('',*,*,#1838,.F.);
#2382 = ORIENTED_EDGE('',*,*,#2360,.T.);
#2383 = ORIENTED_EDGE('',*,*,#2384,.T.);
#2384 = EDGE_CURVE('',#2352,#2385,#2387,.T.);
#2385 = VERTEX_POINT('',#2386);
#2386 = CARTESIAN_POINT('',(-26.33408535874,2.629389013215,
    16.361608848205));
#2387 = LINE('',#2388,#2389);
#2388 = CARTESIAN_POINT('',(9.597990385887,2.629388983415,
    16.361608995905));
#2389 = VECTOR('',#2390,1.);
#2390 = DIRECTION('',(1.,-8.293401E-10,4.11052511E-09));
#2391 = ORIENTED_EDGE('',*,*,#2392,.F.);
#2392 = EDGE_CURVE('',#2393,#2385,#2395,.T.);
#2393 = VERTEX_POINT('',#2394);
#2394 = CARTESIAN_POINT('',(-26.33408535874,2.629389013215,
    8.099480226578));
#2395 = LINE('',#2396,#2397);
#2396 = CARTESIAN_POINT('',(-26.33408535874,2.629389013215,
    13.707582600181));
#2397 = VECTOR('',#2398,1.);
#2398 = DIRECTION('',(1.86E-15,5.73E-15,1.));
#2399 = ORIENTED_EDGE('',*,*,#2400,.F.);
#2400 = EDGE_CURVE('',#2401,#2393,#2403,.T.);
#2401 = VERTEX_POINT('',#2402);
#2402 = CARTESIAN_POINT('',(-21.47775134747,2.629389009187,
    8.099480226578));
#2403 = LINE('',#2404,#2405);
#2404 = CARTESIAN_POINT('',(-0.498751473969,2.629388991788,
    8.099480226578));
#2405 = VECTOR('',#2406,1.);
#2406 = DIRECTION('',(-1.,8.293401E-10,1.4E-16));
#2407 = ORIENTED_EDGE('',*,*,#2408,.F.);
#2408 = EDGE_CURVE('',#2409,#2401,#2411,.T.);
#2409 = VERTEX_POINT('',#2410);
#2410 = CARTESIAN_POINT('',(-21.47775134747,2.629388930477,
    7.058340720644));
#2411 = LINE('',#2412,#2413);
#2412 = CARTESIAN_POINT('',(-21.47775134747,2.629389009187,
    3.899783145957));
#2413 = VECTOR('',#2414,1.);
#2414 = DIRECTION('',(1.4E-16,5.73E-15,1.));
#2415 = ORIENTED_EDGE('',*,*,#2416,.T.);
#2416 = EDGE_CURVE('',#2409,#2375,#2417,.T.);
#2417 = LINE('',#2418,#2419);
#2418 = CARTESIAN_POINT('',(-3.538623842295,2.62938899431,7.058340925329
    ));
#2419 = VECTOR('',#2420,1.);
#2420 = DIRECTION('',(-1.,8.293401E-10,-2.92647762E-09));
#2421 = FACE_BOUND('',#2422,.T.);
#2422 = EDGE_LOOP('',(#2423));
#2423 = ORIENTED_EDGE('',*,*,#2424,.T.);
#2424 = EDGE_CURVE('',#2425,#2425,#2427,.T.);
#2425 = VERTEX_POINT('',#2426);
#2426 = CARTESIAN_POINT('',(-30.48407776757,2.629389014864,
    11.986394012412));
#2427 = CIRCLE('',#2428,1.7);
#2428 = AXIS2_PLACEMENT_3D('',#2429,#2430,#2431);
#2429 = CARTESIAN_POINT('',(-30.48407776757,2.629389014864,
    13.686394012412));
#2430 = DIRECTION('',(-8.293401E-10,-1.,5.73E-15));
#2431 = DIRECTION('',(1.4E-16,5.729999999884E-15,1.));
#2432 = PLANE('',#2433);
#2433 = AXIS2_PLACEMENT_3D('',#2434,#2435,#2436);
#2434 = CARTESIAN_POINT('',(20.580248397486,2.629388974307,2.6));
#2435 = DIRECTION('',(8.293401E-10,1.,-5.73E-15));
#2436 = DIRECTION('',(-1.,8.293401E-10,5.5E-16));
#2437 = ADVANCED_FACE('',(#2438),#2472,.T.);
#2438 = FACE_BOUND('',#2439,.T.);
#2439 = EDGE_LOOP('',(#2440,#2448,#2449,#2450,#2458,#2466));
#2440 = ORIENTED_EDGE('',*,*,#2441,.F.);
#2441 = EDGE_CURVE('',#1847,#2442,#2444,.T.);
#2442 = VERTEX_POINT('',#2443);
#2443 = CARTESIAN_POINT('',(-36.13706642245,3.526407548762,
    10.873418496648));
#2444 = LINE('',#2445,#2446);
#2445 = CARTESIAN_POINT('',(-27.2869171759,-8.27005275634,
    18.778607320626));
#2446 = VECTOR('',#2447,1.);
#2447 = DIRECTION('',(-0.528922488103,0.705006544135,-0.472447641867));
#2448 = ORIENTED_EDGE('',*,*,#1846,.F.);
#2449 = ORIENTED_EDGE('',*,*,#2374,.F.);
#2450 = ORIENTED_EDGE('',*,*,#2451,.F.);
#2451 = EDGE_CURVE('',#2452,#2375,#2454,.T.);
#2452 = VERTEX_POINT('',#2453);
#2453 = CARTESIAN_POINT('',(-33.23597528567,4.429391811199,5.25833804616
    ));
#2454 = LINE('',#2455,#2456);
#2455 = CARTESIAN_POINT('',(-31.40007152143,0.861883232632,
    8.825846628577));
#2456 = VECTOR('',#2457,1.);
#2457 = DIRECTION('',(0.341953402899,-0.664480198837,0.664480199554));
#2458 = ORIENTED_EDGE('',*,*,#2459,.T.);
#2459 = EDGE_CURVE('',#2452,#2460,#2462,.T.);
#2460 = VERTEX_POINT('',#2461);
#2461 = CARTESIAN_POINT('',(-35.23408216764,4.429391807009,8.05568768092
    ));
#2462 = LINE('',#2463,#2464);
#2463 = CARTESIAN_POINT('',(-29.66667747564,4.429391818685,
    0.261321112109));
#2464 = VECTOR('',#2465,1.);
#2465 = DIRECTION('',(-0.581238193719,-1.21895699E-09,0.813733471207));
#2466 = ORIENTED_EDGE('',*,*,#2467,.T.);
#2467 = EDGE_CURVE('',#2460,#2442,#2468,.T.);
#2468 = LINE('',#2469,#2470);
#2469 = CARTESIAN_POINT('',(-36.42725803523,3.236215934876,
    11.778951284673));
#2470 = VECTOR('',#2471,1.);
#2471 = DIRECTION('',(-0.291887742008,-0.291887743121,0.910825500017));
#2472 = PLANE('',#2473);
#2473 = AXIS2_PLACEMENT_3D('',#2474,#2475,#2476);
#2474 = CARTESIAN_POINT('',(-24.23718798159,-2.780829997617,
    5.064970519636));
#2475 = DIRECTION('',(0.575396454175,0.707106782284,0.410997468327));
#2476 = DIRECTION('',(-0.775645549311,0.631168742758,-7.438494264989E-15
    ));
#2477 = ADVANCED_FACE('',(#2478),#2496,.T.);
#2478 = FACE_BOUND('',#2479,.T.);
#2479 = EDGE_LOOP('',(#2480,#2481,#2482,#2490));
#2480 = ORIENTED_EDGE('',*,*,#1854,.F.);
#2481 = ORIENTED_EDGE('',*,*,#2441,.T.);
#2482 = ORIENTED_EDGE('',*,*,#2483,.F.);
#2483 = EDGE_CURVE('',#2484,#2442,#2486,.T.);
#2484 = VERTEX_POINT('',#2485);
#2485 = CARTESIAN_POINT('',(-37.93562275722,1.727851207124,
    13.388270508215));
#2486 = LINE('',#2487,#2488);
#2487 = CARTESIAN_POINT('',(-35.46098889268,4.202485081107,
    9.928085340921));
#2488 = VECTOR('',#2489,1.);
#2489 = DIRECTION('',(0.502827865457,0.502827867375,-0.703084826683));
#2490 = ORIENTED_EDGE('',*,*,#2491,.T.);
#2491 = EDGE_CURVE('',#2484,#1855,#2492,.T.);
#2492 = LINE('',#2493,#2494);
#2493 = CARTESIAN_POINT('',(-21.79725553154,-5.107353803619,
    13.388270508215));
#2494 = VECTOR('',#2495,1.);
#2495 = DIRECTION('',(0.92081496549,-0.389999742729,4.64E-15));
#2496 = PLANE('',#2497);
#2497 = AXIS2_PLACEMENT_3D('',#2498,#2499,#2500);
#2498 = CARTESIAN_POINT('',(-5.280883181643,-9.486035485172,
    10.818108166945));
#2499 = DIRECTION('',(0.284524947651,0.671782058159,0.683925741948));
#2500 = DIRECTION('',(-0.92081496549,0.389999742729,-4.63518112781E-15)
  );
#2501 = ADVANCED_FACE('',(#2502),#2553,.F.);
#2502 = FACE_BOUND('',#2503,.T.);
#2503 = EDGE_LOOP('',(#2504,#2514,#2522,#2528,#2529,#2530,#2538,#2546));
#2504 = ORIENTED_EDGE('',*,*,#2505,.T.);
#2505 = EDGE_CURVE('',#2506,#2508,#2510,.T.);
#2506 = VERTEX_POINT('',#2507);
#2507 = CARTESIAN_POINT('',(-36.09976366054,3.563710310813,
    7.031032926687));
#2508 = VERTEX_POINT('',#2509);
#2509 = CARTESIAN_POINT('',(-39.21207621343,0.451397746053,
    11.388270508215));
#2510 = LINE('',#2511,#2512);
#2511 = CARTESIAN_POINT('',(-36.8478316991,2.815642269393,8.078328182479
    ));
#2512 = VECTOR('',#2513,1.);
#2513 = DIRECTION('',(-0.502518906718,-0.502518908635,0.703526470614));
#2514 = ORIENTED_EDGE('',*,*,#2515,.T.);
#2515 = EDGE_CURVE('',#2508,#2516,#2518,.T.);
#2516 = VERTEX_POINT('',#2517);
#2517 = CARTESIAN_POINT('',(-39.21207621343,0.451397746053,
    13.388270508215));
#2518 = LINE('',#2519,#2520);
#2519 = CARTESIAN_POINT('',(-39.21207621343,0.451397746053,
    21.300007413903));
#2520 = VECTOR('',#2521,1.);
#2521 = DIRECTION('',(1.4E-16,1.224E-14,1.));
#2522 = ORIENTED_EDGE('',*,*,#2523,.T.);
#2523 = EDGE_CURVE('',#2516,#2484,#2524,.T.);
#2524 = LINE('',#2525,#2526);
#2525 = CARTESIAN_POINT('',(-36.75454641591,2.908927552949,
    13.388270508215));
#2526 = VECTOR('',#2527,1.);
#2527 = DIRECTION('',(0.707106779838,0.707106782535,-8.76E-15));
#2528 = ORIENTED_EDGE('',*,*,#2483,.T.);
#2529 = ORIENTED_EDGE('',*,*,#2467,.F.);
#2530 = ORIENTED_EDGE('',*,*,#2531,.F.);
#2531 = EDGE_CURVE('',#2532,#2460,#2534,.T.);
#2532 = VERTEX_POINT('',#2533);
#2533 = CARTESIAN_POINT('',(-35.23408216764,4.429391807009,
    7.023397609596));
#2534 = LINE('',#2535,#2536);
#2535 = CARTESIAN_POINT('',(-35.23408216764,4.429391807009,
    21.300009408895));
#2536 = VECTOR('',#2537,1.);
#2537 = DIRECTION('',(1.4E-16,1.224E-14,1.));
#2538 = ORIENTED_EDGE('',*,*,#2539,.F.);
#2539 = EDGE_CURVE('',#2540,#2532,#2542,.T.);
#2540 = VERTEX_POINT('',#2541);
#2541 = CARTESIAN_POINT('',(-35.81692094863,3.846553023801,
    6.836618148198));
#2542 = LINE('',#2543,#2544);
#2543 = CARTESIAN_POINT('',(-33.50832129474,6.155152686493,7.57644366085
    ));
#2544 = VECTOR('',#2545,1.);
#2545 = DIRECTION('',(0.689622724265,0.689622726896,0.220999983543));
#2546 = ORIENTED_EDGE('',*,*,#2547,.T.);
#2547 = EDGE_CURVE('',#2540,#2506,#2548,.T.);
#2548 = ELLIPSE('',#2549,0.973242005032,0.4);
#2549 = AXIS2_PLACEMENT_3D('',#2550,#2551,#2552);
#2550 = CARTESIAN_POINT('',(-36.09976366066,3.56371031069,7.719218948223
    ));
#2551 = DIRECTION('',(-0.707106782535,0.707106779838,-8.576472865229E-15
    ));
#2552 = DIRECTION('',(0.318788355972,0.318788357188,-0.892607398254));
#2553 = PLANE('',#2554);
#2554 = AXIS2_PLACEMENT_3D('',#2555,#2556,#2557);
#2555 = CARTESIAN_POINT('',(-35.13407823728,4.529395737752,
    21.300008411399));
#2556 = DIRECTION('',(0.707106782535,-0.707106779838,8.56E-15));
#2557 = DIRECTION('',(0.707106779838,0.707106782535,-8.76E-15));
#2558 = ADVANCED_FACE('',(#2559),#2571,.F.);
#2559 = FACE_BOUND('',#2560,.T.);
#2560 = EDGE_LOOP('',(#2561,#2562,#2563,#2569,#2570));
#2561 = ORIENTED_EDGE('',*,*,#2491,.F.);
#2562 = ORIENTED_EDGE('',*,*,#2523,.F.);
#2563 = ORIENTED_EDGE('',*,*,#2564,.F.);
#2564 = EDGE_CURVE('',#1894,#2516,#2565,.T.);
#2565 = LINE('',#2566,#2567);
#2566 = CARTESIAN_POINT('',(-39.21207621337,0.417217966064,
    13.388270508215));
#2567 = VECTOR('',#2568,1.);
#2568 = DIRECTION('',(-1.71759273E-09,1.,-1.224E-14));
#2569 = ORIENTED_EDGE('',*,*,#1893,.F.);
#2570 = ORIENTED_EDGE('',*,*,#1862,.T.);
#2571 = PLANE('',#2572);
#2572 = AXIS2_PLACEMENT_3D('',#2573,#2574,#2575);
#2573 = CARTESIAN_POINT('',(-37.73174551768,0.64519029375,
    13.388270508215));
#2574 = DIRECTION('',(-1.4E-16,-1.224E-14,-1.));
#2575 = DIRECTION('',(-1.,-1.7175975E-09,1.400000210234E-16));
#2576 = ADVANCED_FACE('',(#2577),#2619,.T.);
#2577 = FACE_BOUND('',#2578,.T.);
#2578 = EDGE_LOOP('',(#2579,#2589,#2598,#2606,#2612,#2613));
#2579 = ORIENTED_EDGE('',*,*,#2580,.T.);
#2580 = EDGE_CURVE('',#2581,#2583,#2585,.T.);
#2581 = VERTEX_POINT('',#2582);
#2582 = CARTESIAN_POINT('',(-26.33408535874,2.629389013215,
    33.284648350338));
#2583 = VERTEX_POINT('',#2584);
#2584 = CARTESIAN_POINT('',(-28.81033100679,2.629389013476,
    33.284648342239));
#2585 = LINE('',#2586,#2587);
#2586 = CARTESIAN_POINT('',(-0.880589037236,2.629388992105,
    33.284648415167));
#2587 = VECTOR('',#2588,1.);
#2588 = DIRECTION('',(-1.,8.293401E-10,-2.54696125E-09));
#2589 = ORIENTED_EDGE('',*,*,#2590,.T.);
#2590 = EDGE_CURVE('',#2583,#2591,#2593,.T.);
#2591 = VERTEX_POINT('',#2592);
#2592 = CARTESIAN_POINT('',(-32.16439108329,2.629389016257,
    33.284648333696));
#2593 = CIRCLE('',#2594,1.7);
#2594 = AXIS2_PLACEMENT_3D('',#2595,#2596,#2597);
#2595 = CARTESIAN_POINT('',(-30.48736104575,2.629389014866,33.5631627017
    ));
#2596 = DIRECTION('',(-8.293401E-10,-1.,5.73E-15));
#2597 = DIRECTION('',(1.4E-16,5.729999999884E-15,1.));
#2598 = ORIENTED_EDGE('',*,*,#2599,.T.);
#2599 = EDGE_CURVE('',#2591,#2600,#2602,.T.);
#2600 = VERTEX_POINT('',#2601);
#2601 = CARTESIAN_POINT('',(-33.93407755213,2.629389019518,
    33.284648330981));
#2602 = LINE('',#2603,#2604);
#2603 = CARTESIAN_POINT('',(-0.880589037236,2.629388992105,
    33.284648415167));
#2604 = VECTOR('',#2605,1.);
#2605 = DIRECTION('',(-1.,8.293401E-10,-2.54696125E-09));
#2606 = ORIENTED_EDGE('',*,*,#2607,.T.);
#2607 = EDGE_CURVE('',#2600,#644,#2608,.T.);
#2608 = LINE('',#2609,#2610);
#2609 = CARTESIAN_POINT('',(-33.93407755213,2.629389019518,
    11.950003208203));
#2610 = VECTOR('',#2611,1.);
#2611 = DIRECTION('',(1.4E-16,5.73E-15,1.));
#2612 = ORIENTED_EDGE('',*,*,#643,.T.);
#2613 = ORIENTED_EDGE('',*,*,#2614,.F.);
#2614 = EDGE_CURVE('',#2581,#636,#2615,.T.);
#2615 = LINE('',#2616,#2617);
#2616 = CARTESIAN_POINT('',(-26.33408535874,2.629389013215,
    13.707582600181));
#2617 = VECTOR('',#2618,1.);
#2618 = DIRECTION('',(1.86E-15,5.73E-15,1.));
#2619 = PLANE('',#2620);
#2620 = AXIS2_PLACEMENT_3D('',#2621,#2622,#2623);
#2621 = CARTESIAN_POINT('',(20.580248397486,2.629388974307,2.6));
#2622 = DIRECTION('',(8.293401E-10,1.,-5.73E-15));
#2623 = DIRECTION('',(-1.,8.293401E-10,5.5E-16));
#2624 = ADVANCED_FACE('',(#2625),#2660,.F.);
#2625 = FACE_BOUND('',#2626,.F.);
#2626 = EDGE_LOOP('',(#2627,#2628,#2637,#2645,#2652,#2653));
#2627 = ORIENTED_EDGE('',*,*,#2590,.T.);
#2628 = ORIENTED_EDGE('',*,*,#2629,.F.);
#2629 = EDGE_CURVE('',#2630,#2591,#2632,.T.);
#2630 = VERTEX_POINT('',#2631);
#2631 = CARTESIAN_POINT('',(-30.48736104693,1.207903384442,31.8631627017
    ));
#2632 = ELLIPSE('',#2633,2.404163051093,1.7);
#2633 = AXIS2_PLACEMENT_3D('',#2634,#2635,#2636);
#2634 = CARTESIAN_POINT('',(-30.48736104552,2.907903377454,33.5631627017
    ));
#2635 = DIRECTION('',(2.38740558E-09,0.70710678264,-0.707106779733));
#2636 = DIRECTION('',(5.8643411E-10,0.707106779733,0.70710678264));
#2637 = ORIENTED_EDGE('',*,*,#2638,.T.);
#2638 = EDGE_CURVE('',#2630,#2639,#2641,.T.);
#2639 = VERTEX_POINT('',#2640);
#2640 = CARTESIAN_POINT('',(-30.48736104824,-0.370610985134,
    31.8631627017));
#2641 = LINE('',#2642,#2643);
#2642 = CARTESIAN_POINT('',(-30.48736104575,2.629389014866,31.8631627017
    ));
#2643 = VECTOR('',#2644,1.);
#2644 = DIRECTION('',(-8.2934294E-10,-1.,6.32E-15));
#2645 = ORIENTED_EDGE('',*,*,#2646,.F.);
#2646 = EDGE_CURVE('',#2639,#2639,#2647,.T.);
#2647 = CIRCLE('',#2648,1.7);
#2648 = AXIS2_PLACEMENT_3D('',#2649,#2650,#2651);
#2649 = CARTESIAN_POINT('',(-30.48736104824,-0.370610985134,
    33.5631627017));
#2650 = DIRECTION('',(-8.293401E-10,-1.,5.73E-15));
#2651 = DIRECTION('',(1.4E-16,5.729999999884E-15,1.));
#2652 = ORIENTED_EDGE('',*,*,#2638,.F.);
#2653 = ORIENTED_EDGE('',*,*,#2654,.F.);
#2654 = EDGE_CURVE('',#2583,#2630,#2655,.T.);
#2655 = ELLIPSE('',#2656,2.404163051093,1.7);
#2656 = AXIS2_PLACEMENT_3D('',#2657,#2658,#2659);
#2657 = CARTESIAN_POINT('',(-30.48736104552,2.907903377454,33.5631627017
    ));
#2658 = DIRECTION('',(2.38740558E-09,0.70710678264,-0.707106779733));
#2659 = DIRECTION('',(5.8643411E-10,0.707106779733,0.70710678264));
#2660 = CYLINDRICAL_SURFACE('',#2661,1.7);
#2661 = AXIS2_PLACEMENT_3D('',#2662,#2663,#2664);
#2662 = CARTESIAN_POINT('',(-30.48736104575,2.629389014866,33.5631627017
    ));
#2663 = DIRECTION('',(8.2934294E-10,1.,-6.32E-15));
#2664 = DIRECTION('',(1.4E-16,6.319999999884E-15,1.));
#2665 = ADVANCED_FACE('',(#2666),#2693,.F.);
#2666 = FACE_BOUND('',#2667,.T.);
#2667 = EDGE_LOOP('',(#2668,#2677,#2678,#2679,#2687));
#2668 = ORIENTED_EDGE('',*,*,#2669,.T.);
#2669 = EDGE_CURVE('',#2670,#1942,#2672,.T.);
#2670 = VERTEX_POINT('',#2671);
#2671 = CARTESIAN_POINT('',(-34.33407754642,-1.290678175477,
    29.364581118522));
#2672 = ELLIPSE('',#2673,0.475810427056,0.4);
#2673 = AXIS2_PLACEMENT_3D('',#2674,#2675,#2676);
#2674 = CARTESIAN_POINT('',(-34.33407754593,-1.573520889189,
    29.647423829759));
#2675 = DIRECTION('',(-1.,-1.71759273E-09,1.400000001067E-16));
#2676 = DIRECTION('',(1.214521372E-09,-0.707106783687,-0.707106778686));
#2677 = ORIENTED_EDGE('',*,*,#1941,.T.);
#2678 = ORIENTED_EDGE('',*,*,#660,.T.);
#2679 = ORIENTED_EDGE('',*,*,#2680,.T.);
#2680 = EDGE_CURVE('',#652,#2681,#2683,.T.);
#2681 = VERTEX_POINT('',#2682);
#2682 = CARTESIAN_POINT('',(-34.33407755247,2.229389018831,32.8846483273
    ));
#2683 = LINE('',#2684,#2685);
#2684 = CARTESIAN_POINT('',(-34.33407755247,2.229389018831,
    11.950003208203));
#2685 = VECTOR('',#2686,1.);
#2686 = DIRECTION('',(-1.4E-16,-5.73E-15,-1.));
#2687 = ORIENTED_EDGE('',*,*,#2688,.F.);
#2688 = EDGE_CURVE('',#2670,#2681,#2689,.T.);
#2689 = LINE('',#2690,#2691);
#2690 = CARTESIAN_POINT('',(-34.3340775419,-3.92216370058,
    26.733095582603));
#2691 = VECTOR('',#2692,1.);
#2692 = DIRECTION('',(-1.21452136E-09,0.707106779733,0.70710678264));
#2693 = PLANE('',#2694);
#2694 = AXIS2_PLACEMENT_3D('',#2695,#2696,#2697);
#2695 = CARTESIAN_POINT('',(-34.33407754896,0.1892456493,21.300006416407
    ));
#2696 = DIRECTION('',(1.,1.71759273E-09,-1.4E-16));
#2697 = DIRECTION('',(-1.71759273E-09,1.,-1.224E-14));
#2698 = ADVANCED_FACE('',(#2699,#2710),#2713,.T.);
#2699 = FACE_BOUND('',#2700,.T.);
#2700 = EDGE_LOOP('',(#2701));
#2701 = ORIENTED_EDGE('',*,*,#2702,.T.);
#2702 = EDGE_CURVE('',#2703,#2703,#2705,.T.);
#2703 = VERTEX_POINT('',#2704);
#2704 = CARTESIAN_POINT('',(-30.48736104813,-0.370610985034,
    36.5631627017));
#2705 = CIRCLE('',#2706,3.);
#2706 = AXIS2_PLACEMENT_3D('',#2707,#2708,#2709);
#2707 = CARTESIAN_POINT('',(-30.48736104813,-0.370610985139,
    33.5631627017));
#2708 = DIRECTION('',(-8.293401E-10,-1.,5.73E-15));
#2709 = DIRECTION('',(-1.4E-16,-5.729999999884E-15,-1.));
#2710 = FACE_BOUND('',#2711,.T.);
#2711 = EDGE_LOOP('',(#2712));
#2712 = ORIENTED_EDGE('',*,*,#2646,.F.);
#2713 = PLANE('',#2714);
#2714 = AXIS2_PLACEMENT_3D('',#2715,#2716,#2717);
#2715 = CARTESIAN_POINT('',(-30.33408145843,-0.37061098526,
    23.858362815636));
#2716 = DIRECTION('',(-8.293401E-10,-1.,5.73E-15));
#2717 = DIRECTION('',(1.4E-16,5.729999999884E-15,1.));
#2718 = ADVANCED_FACE('',(#2719),#2731,.T.);
#2719 = FACE_BOUND('',#2720,.T.);
#2720 = EDGE_LOOP('',(#2721,#2728,#2729,#2730));
#2721 = ORIENTED_EDGE('',*,*,#2722,.F.);
#2722 = EDGE_CURVE('',#2681,#2600,#2723,.T.);
#2723 = ELLIPSE('',#2724,0.565685426112,0.4);
#2724 = AXIS2_PLACEMENT_3D('',#2725,#2726,#2727);
#2725 = CARTESIAN_POINT('',(-33.93407755247,2.229389019518,
    32.884648329337));
#2726 = DIRECTION('',(2.38740558E-09,0.70710678264,-0.707106779733));
#2727 = DIRECTION('',(2.38740572E-09,0.707106779733,0.70710678264));
#2728 = ORIENTED_EDGE('',*,*,#2680,.F.);
#2729 = ORIENTED_EDGE('',*,*,#651,.F.);
#2730 = ORIENTED_EDGE('',*,*,#2607,.F.);
#2731 = CYLINDRICAL_SURFACE('',#2732,0.4);
#2732 = AXIS2_PLACEMENT_3D('',#2733,#2734,#2735);
#2733 = CARTESIAN_POINT('',(-33.93407755247,2.229389019518,
    11.950003208203));
#2734 = DIRECTION('',(-1.4E-16,-5.73E-15,-1.));
#2735 = DIRECTION('',(-0.707106781501,0.707106780873,-3.952726904989E-15
    ));
#2736 = ADVANCED_FACE('',(#2737),#2881,.F.);
#2737 = FACE_BOUND('',#2738,.F.);
#2738 = EDGE_LOOP('',(#2739,#2802,#2833,#2839,#2840,#2841));
#2739 = ORIENTED_EDGE('',*,*,#2740,.T.);
#2740 = EDGE_CURVE('',#2741,#2743,#2745,.T.);
#2741 = VERTEX_POINT('',#2742);
#2742 = CARTESIAN_POINT('',(-27.81901082327,-4.191026842317,
    34.932963921947));
#2743 = VERTEX_POINT('',#2744);
#2744 = CARTESIAN_POINT('',(-33.44700210914,-1.875295634747,
    34.053595976574));
#2745 = B_SPLINE_CURVE_WITH_KNOTS('',3,(#2746,#2747,#2748,#2749,#2750,
    #2751,#2752,#2753,#2754,#2755,#2756,#2757,#2758,#2759,#2760,#2761,
    #2762,#2763,#2764,#2765,#2766,#2767,#2768,#2769,#2770,#2771,#2772,
    #2773,#2774,#2775,#2776,#2777,#2778,#2779,#2780,#2781,#2782,#2783,
    #2784,#2785,#2786,#2787,#2788,#2789,#2790,#2791,#2792,#2793,#2794,
    #2795,#2796,#2797,#2798,#2799,#2800,#2801),.UNSPECIFIED.,.F.,.F.,(4,
    2,2,2,2,2,2,2,2,2,2,2,2,2,2,2,2,2,2,2,2,2,2,2,2,2,2,4),(
    3.645658945378E-04,1.77268664914E-02,6.497197024711E-02,
    0.121825883062,0.184466654583,0.256435639753,0.305722575678,
    0.328252891425,0.383277551529,0.442742748723,0.478010335605,
    0.541032408393,0.590756548121,0.613908295545,0.661991539946,
    0.720907075706,0.754445590707,0.803807171219,0.868973750869,
    0.891354218908,0.907538085623,0.94281763618,1.029603673752,
    1.05615256988,1.088602801681,1.132906318146,1.165416491231,
    1.181961864403),.UNSPECIFIED.);
#2746 = CARTESIAN_POINT('',(-27.81857752449,-4.191821378673,
    34.933416140934));
#2747 = CARTESIAN_POINT('',(-27.79297713666,-4.206239058465,
    34.883555369631));
#2748 = CARTESIAN_POINT('',(-27.76871898244,-4.22010943414,
    34.832870232202));
#2749 = CARTESIAN_POINT('',(-27.68361550993,-4.269686929994,
    34.641354491122));
#2750 = CARTESIAN_POINT('',(-27.63192435693,-4.301712293598,
    34.496130202034));
#2751 = CARTESIAN_POINT('',(-27.54286403353,-4.363623014714,
    34.166996909039));
#2752 = CARTESIAN_POINT('',(-27.51081726335,-4.391487062932,
    33.982202412666));
#2753 = CARTESIAN_POINT('',(-27.48030762778,-4.434368758457,
    33.587892337263));
#2754 = CARTESIAN_POINT('',(-27.48572457633,-4.447542596013,
    33.379681156781));
#2755 = CARTESIAN_POINT('',(-27.544017435,-4.45382366721,32.93536372827)
  );
#2756 = CARTESIAN_POINT('',(-27.60336304501,-4.443566130899,
    32.703255761026));
#2757 = CARTESIAN_POINT('',(-27.74834037791,-4.405412439129,
    32.328478710269));
#2758 = CARTESIAN_POINT('',(-27.81935557999,-4.384257375162,
    32.18186009698));
#2759 = CARTESIAN_POINT('',(-27.93904548566,-4.346606268413,31.978368364
    ));
#2760 = CARTESIAN_POINT('',(-27.97888607334,-4.333828842713,
    31.916048836691));
#2761 = CARTESIAN_POINT('',(-28.12328547913,-4.286959848913,
    31.707485157115));
#2762 = CARTESIAN_POINT('',(-28.2380988861,-4.248657519148,
    31.570073402396));
#2763 = CARTESIAN_POINT('',(-28.49927965373,-4.157440415856,
    31.308296582676));
#2764 = CARTESIAN_POINT('',(-28.646375644,-4.103962911671,
    31.186945157225));
#2765 = CARTESIAN_POINT('',(-28.89520985487,-4.00965352147,
    31.018051766319));
#2766 = CARTESIAN_POINT('',(-28.99078045971,-3.972648084116,
    30.960756316364));
#2767 = CARTESIAN_POINT('',(-29.26392090828,-3.864873871545,
    30.816822712086));
#2768 = CARTESIAN_POINT('',(-29.44629077239,-3.790620015535,
    30.742853416967));
#2769 = CARTESIAN_POINT('',(-29.78046807669,-3.652268781271,
    30.643583914364));
#2770 = CARTESIAN_POINT('',(-29.93051231981,-3.589401879562,
    30.611340609079));
#2771 = CARTESIAN_POINT('',(-30.15233652099,-3.496431589253,
    30.58108002215));
#2772 = CARTESIAN_POINT('',(-30.22310991429,-3.466778935853,
    30.573978468824));
#2773 = CARTESIAN_POINT('',(-30.4413308399,-3.375484875033,
    30.559886425267));
#2774 = CARTESIAN_POINT('',(-30.58902628859,-3.313746996224,
    30.561264269445));
#2775 = CARTESIAN_POINT('',(-30.91592951649,-3.175573579344,
    30.588443774553));
#2776 = CARTESIAN_POINT('',(-31.09413121084,-3.099194905148,
    30.619628242142));
#2777 = CARTESIAN_POINT('',(-31.36755298901,-2.979262663632,
    30.6933516847));
#2778 = CARTESIAN_POINT('',(-31.46534851654,-2.935800845438,
    30.725185605455));
#2779 = CARTESIAN_POINT('',(-31.70267033061,-2.828866827901,
    30.816177589805));
#2780 = CARTESIAN_POINT('',(-31.84001354357,-2.765657299885,
    30.881102795814));
#2781 = CARTESIAN_POINT('',(-32.14652791729,-2.621985997296,
    31.055683725583));
#2782 = CARTESIAN_POINT('',(-32.31178393352,-2.542463611774,
    31.172999983469));
#2783 = CARTESIAN_POINT('',(-32.51733854825,-2.442568115272,
    31.35316858691));
#2784 = CARTESIAN_POINT('',(-32.56844617535,-2.417646081696,
    31.40121092439));
#2785 = CARTESIAN_POINT('',(-32.65379989161,-2.376007952515,
    31.487317920295));
#2786 = CARTESIAN_POINT('',(-32.68874430023,-2.358964915829,
    31.524405910895));
#2787 = CARTESIAN_POINT('',(-32.79723767009,-2.306046741074,
    31.645636078647));
#2788 = CARTESIAN_POINT('',(-32.86733337418,-2.271804190981,
    31.733288821584));
#2789 = CARTESIAN_POINT('',(-33.09328381102,-2.159884480906,
    32.051190682654));
#2790 = CARTESIAN_POINT('',(-33.2236566194,-2.092102354194,
    32.301145457189));
#2791 = CARTESIAN_POINT('',(-33.34618759408,-2.018927984647,
    32.649599647516));
#2792 = CARTESIAN_POINT('',(-33.37142303436,-2.002945715176,
    32.732651455052));
#2793 = CARTESIAN_POINT('',(-33.41949731246,-1.970155230932,
    32.91983148886));
#2794 = CARTESIAN_POINT('',(-33.44052681603,-1.953970723701,
    33.024428677209));
#2795 = CARTESIAN_POINT('',(-33.47701097377,-1.920513311371,
    33.274572296825));
#2796 = CARTESIAN_POINT('',(-33.48757321683,-1.90503723084,
    33.420800543655));
#2797 = CARTESIAN_POINT('',(-33.4871997578,-1.885996879048,
    33.675262669464));
#2798 = CARTESIAN_POINT('',(-33.48124067731,-1.88038170255,33.7830264108
    ));
#2799 = CARTESIAN_POINT('',(-33.46347446748,-1.876045624567,
    33.944958120822));
#2800 = CARTESIAN_POINT('',(-33.45598428216,-1.87529563474,
    33.999390828907));
#2801 = CARTESIAN_POINT('',(-33.44700210914,-1.875295634747,
    34.053595976574));
#2802 = ORIENTED_EDGE('',*,*,#2803,.F.);
#2803 = EDGE_CURVE('',#2804,#2743,#2806,.T.);
#2804 = VERTEX_POINT('',#2805);
#2805 = CARTESIAN_POINT('',(-30.48542054069,-2.937878488679,
    36.561975219814));
#2806 = B_SPLINE_CURVE_WITH_KNOTS('',3,(#2807,#2808,#2809,#2810,#2811,
    #2812,#2813,#2814,#2815,#2816,#2817,#2818,#2819,#2820,#2821,#2822,
    #2823,#2824,#2825,#2826,#2827,#2828,#2829,#2830,#2831,#2832),
  .UNSPECIFIED.,.F.,.F.,(4,2,2,2,2,2,2,2,2,2,2,2,4),(-0.438660104018,
    -0.420941094963,-0.402299975752,-0.333434190636,-0.294232377816,
    -0.275203815171,-0.215487507675,-0.159616829002,-0.131983000802,
    -9.868312683913E-02,-5.204323485482E-02,-1.72654472351E-02,
    -1.00000003189E-06),.UNSPECIFIED.);
#2807 = CARTESIAN_POINT('',(-30.48584964015,-2.938903688162,
    36.563162320973));
#2808 = CARTESIAN_POINT('',(-30.54033874211,-2.916144361609,
    36.563189772768));
#2809 = CARTESIAN_POINT('',(-30.5948409677,-2.893425852695,
    36.561732685699));
#2810 = CARTESIAN_POINT('',(-30.70658239326,-2.846942004292,
    36.555692311284));
#2811 = CARTESIAN_POINT('',(-30.76380902074,-2.823186730786,
    36.550950664697));
#2812 = CARTESIAN_POINT('',(-31.03181977633,-2.712204740161,
    36.520967264179));
#2813 = CARTESIAN_POINT('',(-31.24077745738,-2.626360082717,
    36.474920133782));
#2814 = CARTESIAN_POINT('',(-31.55966186296,-2.498435343836,
    36.367635298215));
#2815 = CARTESIAN_POINT('',(-31.67348647626,-2.453455442331,
    36.321480723869));
#2816 = CARTESIAN_POINT('',(-31.83867406456,-2.389833909072,
    36.24225531794));
#2817 = CARTESIAN_POINT('',(-31.89201533165,-2.36956785521,
    36.214687198916));
#2818 = CARTESIAN_POINT('',(-32.11012098139,-2.287979299507,
    36.093470549659));
#2819 = CARTESIAN_POINT('',(-32.26794506222,-2.231814602076,
    35.985258541647));
#2820 = CARTESIAN_POINT('',(-32.5533024748,-2.133277974431,
    35.745889947109));
#2821 = CARTESIAN_POINT('',(-32.68150407135,-2.090456690815,
    35.617176514173));
#2822 = CARTESIAN_POINT('',(-32.85531007801,-2.033860798617,
    35.407328661898));
#2823 = CARTESIAN_POINT('',(-32.90983503928,-2.016379546695,
    35.335121984718));
#2824 = CARTESIAN_POINT('',(-33.0229349129,-1.980745309427,
    35.170272382517));
#2825 = CARTESIAN_POINT('',(-33.07997467369,-1.963210173566,
    35.076580033187));
#2826 = CARTESIAN_POINT('',(-33.20454535514,-1.926244430215,
    34.84402240677));
#2827 = CARTESIAN_POINT('',(-33.26694339976,-1.908911050271,
    34.702426705626));
#2828 = CARTESIAN_POINT('',(-33.35646610605,-1.887362997717,
    34.447233338187));
#2829 = CARTESIAN_POINT('',(-33.3884374442,-1.880963255982,
    34.335933482078));
#2830 = CARTESIAN_POINT('',(-33.4265600051,-1.876120356038,
    34.166831803743));
#2831 = CARTESIAN_POINT('',(-33.43759424392,-1.875295634755,
    34.110370069236));
#2832 = CARTESIAN_POINT('',(-33.44700210914,-1.875295634747,
    34.053595976574));
#2833 = ORIENTED_EDGE('',*,*,#2834,.T.);
#2834 = EDGE_CURVE('',#2804,#2703,#2835,.T.);
#2835 = LINE('',#2836,#2837);
#2836 = CARTESIAN_POINT('',(-30.48736101621,39.829197764032,
    36.563162701699));
#2837 = VECTOR('',#2838,1.);
#2838 = DIRECTION('',(7.9422275E-10,1.,-1.224E-14));
#2839 = ORIENTED_EDGE('',*,*,#2702,.T.);
#2840 = ORIENTED_EDGE('',*,*,#2834,.F.);
#2841 = ORIENTED_EDGE('',*,*,#2842,.F.);
#2842 = EDGE_CURVE('',#2741,#2804,#2843,.T.);
#2843 = B_SPLINE_CURVE_WITH_KNOTS('',3,(#2844,#2845,#2846,#2847,#2848,
    #2849,#2850,#2851,#2852,#2853,#2854,#2855,#2856,#2857,#2858,#2859,
    #2860,#2861,#2862,#2863,#2864,#2865,#2866,#2867,#2868,#2869,#2870,
    #2871,#2872,#2873,#2874,#2875,#2876,#2877,#2878,#2879,#2880),
  .UNSPECIFIED.,.F.,.F.,(4,3,3,3,3,3,3,3,3,3,3,3,4),(0.655130532983,
    0.754372869434,0.853491549294,0.95250655669,1.051428022671,
    1.150290261209,1.24912561309,1.346396851538,1.443141110893,
    1.539497293606,1.635627244258,1.731481586624,1.76091126503),
  .UNSPECIFIED.);
#2844 = CARTESIAN_POINT('',(-27.81901082327,-4.191026842317,
    34.932963921947));
#2845 = CARTESIAN_POINT('',(-27.86371828558,-4.165587018301,
    35.019442052498));
#2846 = CARTESIAN_POINT('',(-27.91263629398,-4.138452721477,
    35.103855690968));
#2847 = CARTESIAN_POINT('',(-27.96550609181,-4.109741956699,
    35.185807844142));
#2848 = CARTESIAN_POINT('',(-28.01831001353,-4.081066965718,
    35.267657884405));
#2849 = CARTESIAN_POINT('',(-28.07505572679,-4.050819316103,
    35.347053059545));
#2850 = CARTESIAN_POINT('',(-28.13547871889,-4.019140267446,
    35.423616943265));
#2851 = CARTESIAN_POINT('',(-28.19583851201,-3.98749435326,
    35.500100745546));
#2852 = CARTESIAN_POINT('',(-28.25986795144,-3.954419960873,
    35.573759678995));
#2853 = CARTESIAN_POINT('',(-28.32729749565,-3.920082950425,
    35.644230079717));
#2854 = CARTESIAN_POINT('',(-28.39466333784,-3.885778378823,
    35.714633905673));
#2855 = CARTESIAN_POINT('',(-28.46542324818,-3.850213520121,
    35.781855649926));
#2856 = CARTESIAN_POINT('',(-28.53929940882,-3.813579696123,
    35.845537131271));
#2857 = CARTESIAN_POINT('',(-28.61313133744,-3.776967805966,
    35.909180484478));
#2858 = CARTESIAN_POINT('',(-28.69007658779,-3.73928819207,
    35.969287988703));
#2859 = CARTESIAN_POINT('',(-28.76983996021,-3.700758453576,
    36.025501808273));
#2860 = CARTESIAN_POINT('',(-28.84958164012,-3.662239193661,
    36.081700339886));
#2861 = CARTESIAN_POINT('',(-28.93214110551,-3.622870305614,
    36.134006988984));
#2862 = CARTESIAN_POINT('',(-29.01719043619,-3.582895952447,
    36.18206472789));
#2863 = CARTESIAN_POINT('',(-29.10089382336,-3.54355421121,
    36.22936193169));
#2864 = CARTESIAN_POINT('',(-29.18701006583,-3.503626318192,
    36.272542726835));
#2865 = CARTESIAN_POINT('',(-29.27517692455,-3.463368474125,
    36.311276400503));
#2866 = CARTESIAN_POINT('',(-29.3628661283,-3.423328731961,
    36.349800229652));
#2867 = CARTESIAN_POINT('',(-29.45278967144,-3.382922010277,
    36.384072979417));
#2868 = CARTESIAN_POINT('',(-29.54443022047,-3.342261761318,
    36.413933714064));
#2869 = CARTESIAN_POINT('',(-29.6357031657,-3.301764615503,
    36.443674666372));
#2870 = CARTESIAN_POINT('',(-29.72867904755,-3.261015345525,
    36.469039994648));
#2871 = CARTESIAN_POINT('',(-29.82286094012,-3.220133213188,
    36.48991965864));
#2872 = CARTESIAN_POINT('',(-29.91682170558,-3.179347066898,
    36.510750299836));
#2873 = CARTESIAN_POINT('',(-30.01198284247,-3.138428198814,
    36.52711702783));
#2874 = CARTESIAN_POINT('',(-30.1078670869,-3.097510462161,
    36.538946261399));
#2875 = CARTESIAN_POINT('',(-30.20347642749,-3.056710038242,
    36.550741580097));
#2876 = CARTESIAN_POINT('',(-30.29980491326,-3.015910375144,
    36.558025887319));
#2877 = CARTESIAN_POINT('',(-30.39639392063,-2.975265824479,
    36.560752792434));
#2878 = CARTESIAN_POINT('',(-30.42604915955,-2.96278693176,
    36.561590020447));
#2879 = CARTESIAN_POINT('',(-30.45572904859,-2.950322835321,
    36.561997809588));
#2880 = CARTESIAN_POINT('',(-30.48542054069,-2.937878488679,
    36.561975219814));
#2881 = CYLINDRICAL_SURFACE('',#2882,3.);
#2882 = AXIS2_PLACEMENT_3D('',#2883,#2884,#2885);
#2883 = CARTESIAN_POINT('',(-30.48736101621,39.829197764032,
    33.563162701699));
#2884 = DIRECTION('',(-7.9422275E-10,-1.,1.224E-14));
#2885 = DIRECTION('',(-1.4E-16,-1.223999999989E-14,-1.));
#2886 = ADVANCED_FACE('',(#2887),#2901,.F.);
#2887 = FACE_BOUND('',#2888,.F.);
#2888 = EDGE_LOOP('',(#2889,#2896,#2897,#2898,#2899,#2900));
#2889 = ORIENTED_EDGE('',*,*,#2890,.T.);
#2890 = EDGE_CURVE('',#1974,#2743,#2891,.T.);
#2891 = B_SPLINE_CURVE_WITH_KNOTS('',3,(#2892,#2893,#2894,#2895),
  .UNSPECIFIED.,.F.,.F.,(4,4),(0.,0.999999999997),
  .PIECEWISE_BEZIER_KNOTS.);
#2892 = CARTESIAN_POINT('',(-33.62830934279,-1.996396633692,
    34.083639856394));
#2893 = CARTESIAN_POINT('',(-33.56787359824,-1.956029634045,
    34.073625229787));
#2894 = CARTESIAN_POINT('',(-33.50743785369,-1.915662634396,
    34.06361060318));
#2895 = CARTESIAN_POINT('',(-33.44700210914,-1.875295634747,
    34.053595976574));
#2896 = ORIENTED_EDGE('',*,*,#2740,.F.);
#2897 = ORIENTED_EDGE('',*,*,#2842,.T.);
#2898 = ORIENTED_EDGE('',*,*,#2803,.T.);
#2899 = ORIENTED_EDGE('',*,*,#2890,.F.);
#2900 = ORIENTED_EDGE('',*,*,#1973,.T.);
#2901 = B_SPLINE_SURFACE_WITH_KNOTS('',3,3,(
    (#2902,#2903,#2904,#2905,#2906,#2907,#2908,#2909,#2910,#2911)
    ,(#2912,#2913,#2914,#2915,#2916,#2917,#2918,#2919,#2920,#2921)
    ,(#2922,#2923,#2924,#2925,#2926,#2927,#2928,#2929,#2930,#2931)
    ,(#2932,#2933,#2934,#2935,#2936,#2937,#2938,#2939,#2940,#2941
  )),.UNSPECIFIED.,.F.,.T.,.F.,(4,4),(1,3,1,1,1,1,1,1,3,1),(0.,
    1.023672441791),(-4.039190554615,-3.14159265359,-2.243994752564,
    -1.346396851538,-0.448798950513,0.448798950513,1.346396851538,
    2.243994752564,3.14159265359,4.039190554615),.UNSPECIFIED.);
#2902 = CARTESIAN_POINT('',(-33.62830934279,-1.996396633692,
    34.083639856394));
#2903 = CARTESIAN_POINT('',(-33.78569252358,-1.996396633568,
    33.133872073776));
#2904 = CARTESIAN_POINT('',(-33.18261576645,-2.394595888972,
    31.099571936492));
#2905 = CARTESIAN_POINT('',(-30.27847780159,-3.707650061696,
    29.916344777294));
#2906 = CARTESIAN_POINT('',(-27.50653776428,-4.774548157643,
    31.442675334353));
#2907 = CARTESIAN_POINT('',(-26.99070119245,-4.77096353983,
    34.606694080784));
#2908 = CARTESIAN_POINT('',(-29.11120780922,-3.707911963624,
    36.956792957415));
#2909 = CARTESIAN_POINT('',(-32.24546257642,-2.394256802625,
    36.759886420998));
#2910 = CARTESIAN_POINT('',(-33.470926162,-1.996396633818,
    35.033407639012));
#2911 = CARTESIAN_POINT('',(-33.62830934279,-1.996396633692,
    34.083639856394));
#2912 = CARTESIAN_POINT('',(-33.56644293659,-1.955074048595,
    34.073388159122));
#2913 = CARTESIAN_POINT('',(-33.7216265393,-1.955074048472,
    33.136894275211));
#2914 = CARTESIAN_POINT('',(-33.11745404861,-2.347340016058,
    31.130030359974));
#2915 = CARTESIAN_POINT('',(-30.24410313521,-3.640776045052,
    29.996657075274));
#2916 = CARTESIAN_POINT('',(-27.56131000849,-4.678510447812,
    31.511219723244));
#2917 = CARTESIAN_POINT('',(-27.06416620997,-4.675059906366,
    34.560127249087));
#2918 = CARTESIAN_POINT('',(-29.1033434479,-3.6413594415,36.869515310488
    ));
#2919 = CARTESIAN_POINT('',(-32.19317719592,-2.347293957979,
    36.709493791758));
#2920 = CARTESIAN_POINT('',(-33.41125933388,-1.955074048719,
    35.009882043032));
#2921 = CARTESIAN_POINT('',(-33.56644293659,-1.955074048595,
    34.073388159122));
#2922 = CARTESIAN_POINT('',(-33.5045765304,-1.913751463497,
    34.063136461849));
#2923 = CARTESIAN_POINT('',(-33.65756055502,-1.913751463375,
    33.139916476647));
#2924 = CARTESIAN_POINT('',(-33.05229233078,-2.300084143146,
    31.160488783455));
#2925 = CARTESIAN_POINT('',(-30.20972846882,-3.573902028408,
    30.076969373255));
#2926 = CARTESIAN_POINT('',(-27.6160822527,-4.58247273798,
    31.579764112135));
#2927 = CARTESIAN_POINT('',(-27.13763122749,-4.579156272903,
    34.51356041739));
#2928 = CARTESIAN_POINT('',(-29.09547908658,-3.574806919376,
    36.782237663559));
#2929 = CARTESIAN_POINT('',(-32.14089181542,-2.300331113336,
    36.659101162518));
#2930 = CARTESIAN_POINT('',(-33.35159250577,-1.913751463618,
    34.986356447052));
#2931 = CARTESIAN_POINT('',(-33.5045765304,-1.913751463497,
    34.063136461849));
#2932 = CARTESIAN_POINT('',(-33.4427101242,-1.872428878399,
    34.052884764578));
#2933 = CARTESIAN_POINT('',(-33.59349457074,-1.872428878279,
    33.142938678082));
#2934 = CARTESIAN_POINT('',(-32.98713061295,-2.252828270232,
    31.190947206936));
#2935 = CARTESIAN_POINT('',(-30.17535380244,-3.507028011764,
    30.157281671236));
#2936 = CARTESIAN_POINT('',(-27.6708544969,-4.486435028149,
    31.648308501026));
#2937 = CARTESIAN_POINT('',(-27.21109624501,-4.483252639439,
    34.466993585694));
#2938 = CARTESIAN_POINT('',(-29.08761472526,-3.508254397253,
    36.694960016631));
#2939 = CARTESIAN_POINT('',(-32.08860643492,-2.253368268691,
    36.608708533278));
#2940 = CARTESIAN_POINT('',(-33.29192567766,-1.872428878519,
    34.962830851072));
#2941 = CARTESIAN_POINT('',(-33.4427101242,-1.872428878399,
    34.052884764578));
#2942 = ADVANCED_FACE('',(#2943),#2995,.T.);
#2943 = FACE_BOUND('',#2944,.T.);
#2944 = EDGE_LOOP('',(#2945,#2956,#2964,#2972,#2980,#2989));
#2945 = ORIENTED_EDGE('',*,*,#2946,.T.);
#2946 = EDGE_CURVE('',#2947,#2949,#2951,.T.);
#2947 = VERTEX_POINT('',#2948);
#2948 = CARTESIAN_POINT('',(32.211579632364,5.759770477469,
    22.626895146524));
#2949 = VERTEX_POINT('',#2950);
#2950 = CARTESIAN_POINT('',(26.241451290071,-4.270604299864,
    15.603551123552));
#2951 = ELLIPSE('',#2952,14.090645726223,11.542381251988);
#2952 = AXIS2_PLACEMENT_3D('',#2953,#2954,#2955);
#2953 = CARTESIAN_POINT('',(20.669462020742,5.837783333618,
    22.681520350365));
#2954 = DIRECTION('',(-9.8565639E-10,0.573576436351,-0.819152044289));
#2955 = DIRECTION('',(1.40724107E-09,-0.819152044289,-0.573576436351));
#2956 = ORIENTED_EDGE('',*,*,#2957,.T.);
#2957 = EDGE_CURVE('',#2949,#2958,#2960,.T.);
#2958 = VERTEX_POINT('',#2959);
#2959 = CARTESIAN_POINT('',(25.080248409834,-4.270604301858,
    15.603551123552));
#2960 = LINE('',#2961,#2962);
#2961 = CARTESIAN_POINT('',(20.580248409834,-4.27060430959,
    15.603551123553));
#2962 = VECTOR('',#2963,1.);
#2963 = DIRECTION('',(-1.,-1.71814215E-09,2.0819E-13));
#2964 = ORIENTED_EDGE('',*,*,#2965,.T.);
#2965 = EDGE_CURVE('',#2958,#2966,#2968,.T.);
#2966 = VERTEX_POINT('',#2967);
#2967 = CARTESIAN_POINT('',(25.080248396091,3.729395847154,
    21.205211533569));
#2968 = LINE('',#2969,#2970);
#2969 = CARTESIAN_POINT('',(25.080248406287,-2.205729130994,
    17.049392283653));
#2970 = VECTOR('',#2971,1.);
#2971 = DIRECTION('',(-1.40724134E-09,0.819152044289,0.573576436351));
#2972 = ORIENTED_EDGE('',*,*,#2973,.T.);
#2973 = EDGE_CURVE('',#2966,#2974,#2976,.T.);
#2974 = VERTEX_POINT('',#2975);
#2975 = CARTESIAN_POINT('',(25.340395333647,3.729395847601,
    21.205211533569));
#2976 = LINE('',#2977,#2978);
#2977 = CARTESIAN_POINT('',(21.080248396091,3.729395840282,
    21.20521153357));
#2978 = VECTOR('',#2979,1.);
#2979 = DIRECTION('',(1.,1.71809463E-09,-2.4146E-13));
#2980 = ORIENTED_EDGE('',*,*,#2981,.F.);
#2981 = EDGE_CURVE('',#2982,#2974,#2984,.T.);
#2982 = VERTEX_POINT('',#2983);
#2983 = CARTESIAN_POINT('',(29.854226534891,6.578738318116,
    23.200342604933));
#2984 = ELLIPSE('',#2985,6.103872943807,5.);
#2985 = AXIS2_PLACEMENT_3D('',#2986,#2987,#2988);
#2986 = CARTESIAN_POINT('',(25.340395325057,8.729395847601,
    24.706249224617));
#2987 = DIRECTION('',(-9.8565639E-10,0.573576436351,-0.819152044289));
#2988 = DIRECTION('',(1.40724103E-09,-0.819152044289,-0.573576436351));
#2989 = ORIENTED_EDGE('',*,*,#2990,.F.);
#2990 = EDGE_CURVE('',#2947,#2982,#2991,.T.);
#2991 = LINE('',#2992,#2993);
#2992 = CARTESIAN_POINT('',(31.834367464077,5.890817725019,
    22.718655417575));
#2993 = VECTOR('',#2994,1.);
#2994 = DIRECTION('',(-0.920625873437,0.319834556996,0.223950568896));
#2995 = PLANE('',#2996);
#2996 = AXIS2_PLACEMENT_3D('',#2997,#2998,#2999);
#2997 = CARTESIAN_POINT('',(20.580248406878,-2.549875000536,
    16.80841875697));
#2998 = DIRECTION('',(-9.8565639E-10,0.573576436351,-0.819152044289));
#2999 = DIRECTION('',(-1.40724134E-09,0.819152044289,0.573576436351));
#3000 = ADVANCED_FACE('',(#3001),#3036,.F.);
#3001 = FACE_BOUND('',#3002,.F.);
#3002 = EDGE_LOOP('',(#3003,#3014,#3020,#3021,#3029));
#3003 = ORIENTED_EDGE('',*,*,#3004,.T.);
#3004 = EDGE_CURVE('',#3005,#3007,#3009,.T.);
#3005 = VERTEX_POINT('',#3006);
#3006 = CARTESIAN_POINT('',(27.352236609154,-3.573225579707,
    7.600000053109));
#3007 = VERTEX_POINT('',#3008);
#3008 = CARTESIAN_POINT('',(32.211579632362,5.759770477469,
    14.135034240578));
#3009 = ELLIPSE('',#3010,14.090645726223,11.542381251988);
#3010 = AXIS2_PLACEMENT_3D('',#3011,#3012,#3013);
#3011 = CARTESIAN_POINT('',(20.66946202074,5.837783333618,
    14.189659444419));
#3012 = DIRECTION('',(9.8565639E-10,-0.573576436351,0.819152044289));
#3013 = DIRECTION('',(1.40724138E-09,-0.819152044289,-0.573576436351));
#3014 = ORIENTED_EDGE('',*,*,#3015,.F.);
#3015 = EDGE_CURVE('',#2947,#3007,#3016,.T.);
#3016 = LINE('',#3017,#3018);
#3017 = CARTESIAN_POINT('',(32.211579632367,5.759770477469,
    35.599996010845));
#3018 = VECTOR('',#3019,1.);
#3019 = DIRECTION('',(-2.4208E-13,-1.582E-14,-1.));
#3020 = ORIENTED_EDGE('',*,*,#2946,.T.);
#3021 = ORIENTED_EDGE('',*,*,#3022,.F.);
#3022 = EDGE_CURVE('',#3023,#2949,#3025,.T.);
#3023 = VERTEX_POINT('',#3024);
#3024 = CARTESIAN_POINT('',(26.241451290069,-4.270604299864,
    7.60000005311));
#3025 = LINE('',#3026,#3027);
#3026 = CARTESIAN_POINT('',(26.241451290076,-4.270604299863,
    35.599996010846));
#3027 = VECTOR('',#3028,1.);
#3028 = DIRECTION('',(2.4208E-13,1.664E-14,1.));
#3029 = ORIENTED_EDGE('',*,*,#3030,.F.);
#3030 = EDGE_CURVE('',#3005,#3023,#3031,.T.);
#3031 = CIRCLE('',#3032,11.542381251988);
#3032 = AXIS2_PLACEMENT_3D('',#3033,#3034,#3035);
#3033 = CARTESIAN_POINT('',(20.669462020739,5.837783333618,
    7.600000053111));
#3034 = DIRECTION('',(-2.4237E-13,-1.641E-14,-1.));
#3035 = DIRECTION('',(0.803585479636,-0.595189362235,-1.849979552652E-13
    ));
#3036 = CYLINDRICAL_SURFACE('',#3037,11.542381251988);
#3037 = AXIS2_PLACEMENT_3D('',#3038,#3039,#3040);
#3038 = CARTESIAN_POINT('',(20.669462020745,5.837783333618,
    35.599996010847));
#3039 = DIRECTION('',(2.4208E-13,1.615E-14,1.));
#3040 = DIRECTION('',(0.803585479636,-0.595189362235,-1.849196647103E-13
    ));
#3041 = ADVANCED_FACE('',(#3042),#3125,.T.);
#3042 = FACE_BOUND('',#3043,.T.);
#3043 = EDGE_LOOP('',(#3044,#3054,#3060,#3061,#3069,#3077,#3085,#3094,
    #3102,#3110,#3119));
#3044 = ORIENTED_EDGE('',*,*,#3045,.F.);
#3045 = EDGE_CURVE('',#3046,#3048,#3050,.T.);
#3046 = VERTEX_POINT('',#3047);
#3047 = CARTESIAN_POINT('',(20.580248409832,-4.270604309589,
    7.600000053111));
#3048 = VERTEX_POINT('',#3049);
#3049 = CARTESIAN_POINT('',(20.580248396087,3.729395839422,
    7.600000053111));
#3050 = LINE('',#3051,#3052);
#3051 = CARTESIAN_POINT('',(20.580248410519,-4.670604160578,
    7.600000053111));
#3052 = VECTOR('',#3053,1.);
#3053 = DIRECTION('',(-1.71809463E-09,1.,-1.642E-14));
#3054 = ORIENTED_EDGE('',*,*,#3055,.F.);
#3055 = EDGE_CURVE('',#3023,#3046,#3056,.T.);
#3056 = LINE('',#3057,#3058);
#3057 = CARTESIAN_POINT('',(20.580248409832,-4.270604309589,
    7.600000053111));
#3058 = VECTOR('',#3059,1.);
#3059 = DIRECTION('',(-1.,-1.71814215E-09,2.42E-13));
#3060 = ORIENTED_EDGE('',*,*,#3030,.F.);
#3061 = ORIENTED_EDGE('',*,*,#3062,.F.);
#3062 = EDGE_CURVE('',#3063,#3005,#3065,.T.);
#3063 = VERTEX_POINT('',#3064);
#3064 = CARTESIAN_POINT('',(25.080248408634,-3.57322558361,7.60000005311
    ));
#3065 = LINE('',#3066,#3067);
#3066 = CARTESIAN_POINT('',(22.580248408634,-3.573225587905,
    7.600000053111));
#3067 = VECTOR('',#3068,1.);
#3068 = DIRECTION('',(1.,1.71809334E-09,-2.4237E-13));
#3069 = ORIENTED_EDGE('',*,*,#3070,.F.);
#3070 = EDGE_CURVE('',#3071,#3063,#3073,.T.);
#3071 = VERTEX_POINT('',#3072);
#3072 = CARTESIAN_POINT('',(25.080248406837,-2.527157506237,
    7.60000005311));
#3073 = LINE('',#3074,#3075);
#3074 = CARTESIAN_POINT('',(25.080248399129,1.959320799258,7.60000005311
    ));
#3075 = VECTOR('',#3076,1.);
#3076 = DIRECTION('',(1.71809463E-09,-1.,1.608E-14));
#3077 = ORIENTED_EDGE('',*,*,#3078,.T.);
#3078 = EDGE_CURVE('',#3071,#3079,#3081,.T.);
#3079 = VERTEX_POINT('',#3080);
#3080 = CARTESIAN_POINT('',(28.622721089434,-2.527157500151,
    7.600000053109));
#3081 = LINE('',#3082,#3083);
#3082 = CARTESIAN_POINT('',(20.580248406837,-2.527157513968,
    7.600000053111));
#3083 = VECTOR('',#3084,1.);
#3084 = DIRECTION('',(1.,1.71809386E-09,-2.42E-13));
#3085 = ORIENTED_EDGE('',*,*,#3086,.F.);
#3086 = EDGE_CURVE('',#3087,#3079,#3089,.T.);
#3087 = VERTEX_POINT('',#3088);
#3088 = CARTESIAN_POINT('',(32.017645398758,3.729395564474,
    7.600000053108));
#3089 = CIRCLE('',#3090,11.542381251988);
#3090 = AXIS2_PLACEMENT_3D('',#3091,#3092,#3093);
#3091 = CARTESIAN_POINT('',(20.669462020739,5.837783333618,
    7.600000053111));
#3092 = DIRECTION('',(-2.42E-13,-1.608E-14,-1.));
#3093 = DIRECTION('',(0.803585479636,-0.595189362235,-1.848970411273E-13
    ));
#3094 = ORIENTED_EDGE('',*,*,#3095,.F.);
#3095 = EDGE_CURVE('',#3096,#3087,#3098,.T.);
#3096 = VERTEX_POINT('',#3097);
#3097 = CARTESIAN_POINT('',(25.340395333643,3.72939577395,7.600000120416
    ));
#3098 = LINE('',#3099,#3100);
#3099 = CARTESIAN_POINT('',(26.146045836218,3.729395554384,7.60000005311
    ));
#3100 = VECTOR('',#3101,1.);
#3101 = DIRECTION('',(1.,1.71810685E-09,-2.42E-13));
#3102 = ORIENTED_EDGE('',*,*,#3103,.F.);
#3103 = EDGE_CURVE('',#3104,#3096,#3106,.T.);
#3104 = VERTEX_POINT('',#3105);
#3105 = CARTESIAN_POINT('',(23.774471697908,3.72939584491,7.60000005311)
  );
#3106 = LINE('',#3107,#3108);
#3107 = CARTESIAN_POINT('',(21.080248396087,3.729395840281,
    7.600000053111));
#3108 = VECTOR('',#3109,1.);
#3109 = DIRECTION('',(1.,1.71809463E-09,-2.42E-13));
#3110 = ORIENTED_EDGE('',*,*,#3111,.F.);
#3111 = EDGE_CURVE('',#3112,#3104,#3114,.T.);
#3112 = VERTEX_POINT('',#3113);
#3113 = CARTESIAN_POINT('',(22.330722845715,3.729395842429,
    7.600000053111));
#3114 = CIRCLE('',#3115,2.5);
#3115 = AXIS2_PLACEMENT_3D('',#3116,#3117,#3118);
#3116 = CARTESIAN_POINT('',(23.052597267699,6.122907346242,7.60000005311
    ));
#3117 = DIRECTION('',(2.42E-13,1.608E-14,1.));
#3118 = DIRECTION('',(-1.71809463E-09,1.,-1.607999958422E-14));
#3119 = ORIENTED_EDGE('',*,*,#3120,.F.);
#3120 = EDGE_CURVE('',#3048,#3112,#3121,.T.);
#3121 = LINE('',#3122,#3123);
#3122 = CARTESIAN_POINT('',(21.080248396087,3.729395840281,
    7.600000053111));
#3123 = VECTOR('',#3124,1.);
#3124 = DIRECTION('',(1.,1.71809463E-09,-2.42E-13));
#3125 = PLANE('',#3126);
#3126 = AXIS2_PLACEMENT_3D('',#3127,#3128,#3129);
#3127 = CARTESIAN_POINT('',(20.580248396087,3.729395839422,
    7.600000053111));
#3128 = DIRECTION('',(2.42E-13,1.641E-14,1.));
#3129 = DIRECTION('',(1.71809463E-09,-1.,1.640999958422E-14));
#3130 = ADVANCED_FACE('',(#3131),#3165,.F.);
#3131 = FACE_BOUND('',#3132,.T.);
#3132 = EDGE_LOOP('',(#3133,#3143,#3151,#3159));
#3133 = ORIENTED_EDGE('',*,*,#3134,.T.);
#3134 = EDGE_CURVE('',#3135,#3137,#3139,.T.);
#3135 = VERTEX_POINT('',#3136);
#3136 = CARTESIAN_POINT('',(18.080248609068,0.629392113955,
    6.199999999995));
#3137 = VERTEX_POINT('',#3138);
#3138 = CARTESIAN_POINT('',(18.080248619202,-5.270604164882,
    6.199999999995));
#3139 = LINE('',#3140,#3141);
#3140 = CARTESIAN_POINT('',(18.080248539333,41.229392113955,
    6.199999999994));
#3141 = VECTOR('',#3142,1.);
#3142 = DIRECTION('',(1.7175975E-09,-1.,1.224E-14));
#3143 = ORIENTED_EDGE('',*,*,#3144,.T.);
#3144 = EDGE_CURVE('',#3137,#3145,#3147,.T.);
#3145 = VERTEX_POINT('',#3146);
#3146 = CARTESIAN_POINT('',(20.580248378938,-5.270604160589,
    6.199999999994));
#3147 = LINE('',#3148,#3149);
#3148 = CARTESIAN_POINT('',(0.33024849886,-5.270604195371,6.2));
#3149 = VECTOR('',#3150,1.);
#3150 = DIRECTION('',(1.,1.71761994E-09,-2.5594E-13));
#3151 = ORIENTED_EDGE('',*,*,#3152,.T.);
#3152 = EDGE_CURVE('',#3145,#3153,#3155,.T.);
#3153 = VERTEX_POINT('',#3154);
#3154 = CARTESIAN_POINT('',(20.580248368804,0.629392118249,
    6.199999999994));
#3155 = LINE('',#3156,#3157);
#3156 = CARTESIAN_POINT('',(20.580248338448,18.07939397883,
    6.199999999994));
#3157 = VECTOR('',#3158,1.);
#3158 = DIRECTION('',(-1.71759725E-09,1.,-1.224E-14));
#3159 = ORIENTED_EDGE('',*,*,#3160,.F.);
#3160 = EDGE_CURVE('',#3135,#3153,#3161,.T.);
#3161 = LINE('',#3162,#3163);
#3162 = CARTESIAN_POINT('',(9.187831866158,0.629392098681,6.199999999997
    ));
#3163 = VECTOR('',#3164,1.);
#3164 = DIRECTION('',(1.,1.7175975E-09,-2.5594E-13));
#3165 = PLANE('',#3166);
#3166 = AXIS2_PLACEMENT_3D('',#3167,#3168,#3169);
#3167 = CARTESIAN_POINT('',(18.080248539333,41.229392113955,
    6.199999999994));
#3168 = DIRECTION('',(-2.5594E-13,-1.224E-14,-1.));
#3169 = DIRECTION('',(1.,1.71759848E-09,-2.55940000021E-13));
#3170 = ADVANCED_FACE('',(#3171),#3198,.T.);
#3171 = FACE_BOUND('',#3172,.T.);
#3172 = EDGE_LOOP('',(#3173,#3183,#3190,#3191));
#3173 = ORIENTED_EDGE('',*,*,#3174,.T.);
#3174 = EDGE_CURVE('',#3175,#3177,#3179,.T.);
#3175 = VERTEX_POINT('',#3176);
#3176 = CARTESIAN_POINT('',(15.980248609067,0.629392110348,
    4.099999999995));
#3177 = VERTEX_POINT('',#3178);
#3178 = CARTESIAN_POINT('',(15.980248619201,-5.27060416849,
    4.099999999995));
#3179 = LINE('',#3180,#3181);
#3180 = CARTESIAN_POINT('',(15.980248539333,41.229392110348,
    4.099999999994));
#3181 = VECTOR('',#3182,1.);
#3182 = DIRECTION('',(1.7175975E-09,-1.,1.224E-14));
#3183 = ORIENTED_EDGE('',*,*,#3184,.T.);
#3184 = EDGE_CURVE('',#3177,#3137,#3185,.T.);
#3185 = CIRCLE('',#3186,2.1);
#3186 = AXIS2_PLACEMENT_3D('',#3187,#3188,#3189);
#3187 = CARTESIAN_POINT('',(18.080248619201,-5.270604164883,
    4.099999999995));
#3188 = DIRECTION('',(-1.71761994E-09,1.,-1.212E-14));
#3189 = DIRECTION('',(-1.,-1.71761994E-09,2.4545E-13));
#3190 = ORIENTED_EDGE('',*,*,#3134,.F.);
#3191 = ORIENTED_EDGE('',*,*,#3192,.F.);
#3192 = EDGE_CURVE('',#3175,#3135,#3193,.T.);
#3193 = CIRCLE('',#3194,2.1);
#3194 = AXIS2_PLACEMENT_3D('',#3195,#3196,#3197);
#3195 = CARTESIAN_POINT('',(18.080248609067,0.629392113955,
    4.099999999995));
#3196 = DIRECTION('',(-1.7175975E-09,1.,-1.212E-14));
#3197 = DIRECTION('',(-1.,-1.7175975E-09,2.4545E-13));
#3198 = CYLINDRICAL_SURFACE('',#3199,2.1);
#3199 = AXIS2_PLACEMENT_3D('',#3200,#3201,#3202);
#3200 = CARTESIAN_POINT('',(18.080248539333,41.229392113955,
    4.099999999994));
#3201 = DIRECTION('',(-1.7175975E-09,1.,-1.224E-14));
#3202 = DIRECTION('',(-1.,-1.7175975E-09,2.4545E-13));
#3203 = ADVANCED_FACE('',(#3204),#3229,.F.);
#3204 = FACE_BOUND('',#3205,.T.);
#3205 = EDGE_LOOP('',(#3206,#3216,#3222,#3223));
#3206 = ORIENTED_EDGE('',*,*,#3207,.T.);
#3207 = EDGE_CURVE('',#3208,#3210,#3212,.T.);
#3208 = VERTEX_POINT('',#3209);
#3209 = CARTESIAN_POINT('',(15.980248609067,0.629392110348,
    1.599999999996));
#3210 = VERTEX_POINT('',#3211);
#3211 = CARTESIAN_POINT('',(15.980248619201,-5.270604169071,
    1.599999999996));
#3212 = LINE('',#3213,#3214);
#3213 = CARTESIAN_POINT('',(15.980248574577,20.709318923034,
    1.599999999996));
#3214 = VECTOR('',#3215,1.);
#3215 = DIRECTION('',(1.7175975E-09,-1.,1.23E-14));
#3216 = ORIENTED_EDGE('',*,*,#3217,.T.);
#3217 = EDGE_CURVE('',#3210,#3177,#3218,.T.);
#3218 = LINE('',#3219,#3220);
#3219 = CARTESIAN_POINT('',(15.980248619205,-5.270604168489,
    19.11516911291));
#3220 = VECTOR('',#3221,1.);
#3221 = DIRECTION('',(2.5238E-13,1.212E-14,1.));
#3222 = ORIENTED_EDGE('',*,*,#3174,.F.);
#3223 = ORIENTED_EDGE('',*,*,#3224,.F.);
#3224 = EDGE_CURVE('',#3208,#3175,#3225,.T.);
#3225 = LINE('',#3226,#3227);
#3226 = CARTESIAN_POINT('',(15.980248609069,0.629392110348,
    11.599996407345));
#3227 = VECTOR('',#3228,1.);
#3228 = DIRECTION('',(2.5238E-13,1.212E-14,1.));
#3229 = PLANE('',#3230);
#3230 = AXIS2_PLACEMENT_3D('',#3231,#3232,#3233);
#3231 = CARTESIAN_POINT('',(15.980248539332,41.229392110348,
    1.599999999994));
#3232 = DIRECTION('',(1.,1.7175975E-09,-2.5238E-13));
#3233 = DIRECTION('',(2.523799999794E-13,1.201E-14,1.));
#3234 = ADVANCED_FACE('',(#3235),#3299,.T.);
#3235 = FACE_BOUND('',#3236,.T.);
#3236 = EDGE_LOOP('',(#3237,#3247,#3253,#3254,#3262,#3270,#3276,#3277,
    #3285,#3293));
#3237 = ORIENTED_EDGE('',*,*,#3238,.T.);
#3238 = EDGE_CURVE('',#3239,#3241,#3243,.T.);
#3239 = VERTEX_POINT('',#3240);
#3240 = CARTESIAN_POINT('',(12.628596072387,1.781966309076,
    1.599999999996));
#3241 = VERTEX_POINT('',#3242);
#3242 = CARTESIAN_POINT('',(-12.66809873196,1.781966201198,
    1.600000000003));
#3243 = LINE('',#3244,#3245);
#3244 = CARTESIAN_POINT('',(-1.543495410149,1.781966248639,
    1.599999999999));
#3245 = VECTOR('',#3246,1.);
#3246 = DIRECTION('',(-1.,-4.26450118E-09,2.5205E-13));
#3247 = ORIENTED_EDGE('',*,*,#3248,.T.);
#3248 = EDGE_CURVE('',#3241,#744,#3249,.T.);
#3249 = LINE('',#3250,#3251);
#3250 = CARTESIAN_POINT('',(-7.627692742034,0.863578348194,
    1.600000000002));
#3251 = VECTOR('',#3252,1.);
#3252 = DIRECTION('',(-0.983802840446,0.179253929192,2.4576E-13));
#3253 = ORIENTED_EDGE('',*,*,#743,.T.);
#3254 = ORIENTED_EDGE('',*,*,#3255,.F.);
#3255 = EDGE_CURVE('',#3256,#736,#3258,.T.);
#3256 = VERTEX_POINT('',#3257);
#3257 = CARTESIAN_POINT('',(-14.81975139093,0.629393967029,
    1.600000000003));
#3258 = LINE('',#3259,#3260);
#3259 = CARTESIAN_POINT('',(-1.385912180777,0.629393990103,1.6));
#3260 = VECTOR('',#3261,1.);
#3261 = DIRECTION('',(-1.,-1.7175975E-09,2.5205E-13));
#3262 = ORIENTED_EDGE('',*,*,#3263,.F.);
#3263 = EDGE_CURVE('',#3264,#3256,#3266,.T.);
#3264 = VERTEX_POINT('',#3265);
#3265 = CARTESIAN_POINT('',(-14.81975138079,-5.270604221974,
    1.600000000003));
#3266 = LINE('',#3267,#3268);
#3267 = CARTESIAN_POINT('',(-14.81975142542,20.709318870132,
    1.600000000003));
#3268 = VECTOR('',#3269,1.);
#3269 = DIRECTION('',(-1.7175975E-09,1.,-1.23E-14));
#3270 = ORIENTED_EDGE('',*,*,#3271,.T.);
#3271 = EDGE_CURVE('',#3264,#3210,#3272,.T.);
#3272 = LINE('',#3273,#3274);
#3273 = CARTESIAN_POINT('',(-9.028905175662,-5.270604211446,
    1.600000000002));
#3274 = VECTOR('',#3275,1.);
#3275 = DIRECTION('',(1.,1.71761994E-09,-2.5205E-13));
#3276 = ORIENTED_EDGE('',*,*,#3207,.F.);
#3277 = ORIENTED_EDGE('',*,*,#3278,.F.);
#3278 = EDGE_CURVE('',#3279,#3208,#3281,.T.);
#3279 = VERTEX_POINT('',#3280);
#3280 = CARTESIAN_POINT('',(20.580248368804,0.629392118249,
    1.599999999994));
#3281 = LINE('',#3282,#3283);
#3282 = CARTESIAN_POINT('',(-1.385912180777,0.62939208052,1.6));
#3283 = VECTOR('',#3284,1.);
#3284 = DIRECTION('',(-1.,-1.7175975E-09,2.5205E-13));
#3285 = ORIENTED_EDGE('',*,*,#3286,.T.);
#3286 = EDGE_CURVE('',#3279,#3287,#3289,.T.);
#3287 = VERTEX_POINT('',#3288);
#3288 = CARTESIAN_POINT('',(20.580248312975,3.230798243444,
    1.599999999994));
#3289 = LINE('',#3290,#3291);
#3290 = CARTESIAN_POINT('',(20.580248373583,-2.375988962217,
    1.599999999994));
#3291 = VECTOR('',#3292,1.);
#3292 = DIRECTION('',(-1.71759725E-09,1.,-1.23E-14));
#3293 = ORIENTED_EDGE('',*,*,#3294,.T.);
#3294 = EDGE_CURVE('',#3287,#3239,#3295,.T.);
#3295 = LINE('',#3296,#3297);
#3296 = CARTESIAN_POINT('',(-1.736326765273,-0.835396520003,1.6));
#3297 = VECTOR('',#3298,1.);
#3298 = DIRECTION('',(-0.983802838917,-0.179253937583,2.5017E-13));
#3299 = PLANE('',#3300);
#3300 = AXIS2_PLACEMENT_3D('',#3301,#3302,#3303);
#3301 = CARTESIAN_POINT('',(-3.067239484267,0.318626195537,1.6));
#3302 = DIRECTION('',(2.5205E-13,1.23E-14,1.));
#3303 = DIRECTION('',(1.,1.7175975E-09,-2.520500000211E-13));
#3304 = ADVANCED_FACE('',(#3305),#3330,.F.);
#3305 = FACE_BOUND('',#3306,.T.);
#3306 = EDGE_LOOP('',(#3307,#3317,#3323,#3324));
#3307 = ORIENTED_EDGE('',*,*,#3308,.T.);
#3308 = EDGE_CURVE('',#3309,#3311,#3313,.T.);
#3309 = VERTEX_POINT('',#3310);
#3310 = CARTESIAN_POINT('',(-14.81975139093,0.629393967029,
    4.100000000003));
#3311 = VERTEX_POINT('',#3312);
#3312 = CARTESIAN_POINT('',(-14.81975138079,-5.270604221392,
    4.100000000003));
#3313 = LINE('',#3314,#3315);
#3314 = CARTESIAN_POINT('',(-14.81975146066,41.229392057446,
    4.100000000002));
#3315 = VECTOR('',#3316,1.);
#3316 = DIRECTION('',(1.7175975E-09,-1.,1.224E-14));
#3317 = ORIENTED_EDGE('',*,*,#3318,.T.);
#3318 = EDGE_CURVE('',#3311,#3264,#3319,.T.);
#3319 = LINE('',#3320,#3321);
#3320 = CARTESIAN_POINT('',(-14.81975138079,-5.270604221392,
    20.365169112918));
#3321 = VECTOR('',#3322,1.);
#3322 = DIRECTION('',(-2.7015E-13,-1.212E-14,-1.));
#3323 = ORIENTED_EDGE('',*,*,#3263,.T.);
#3324 = ORIENTED_EDGE('',*,*,#3325,.F.);
#3325 = EDGE_CURVE('',#3309,#3256,#3326,.T.);
#3326 = LINE('',#3327,#3328);
#3327 = CARTESIAN_POINT('',(-14.81975139093,0.629393967029,
    12.849996407352));
#3328 = VECTOR('',#3329,1.);
#3329 = DIRECTION('',(-2.7015E-13,-1.212E-14,-1.));
#3330 = PLANE('',#3331);
#3331 = AXIS2_PLACEMENT_3D('',#3332,#3333,#3334);
#3332 = CARTESIAN_POINT('',(-14.81975146066,41.229392057446,
    4.100000000002));
#3333 = DIRECTION('',(-1.,-1.7175975E-09,2.7015E-13));
#3334 = DIRECTION('',(-2.701499999792E-13,-1.212E-14,-1.));
#3335 = ADVANCED_FACE('',(#3336),#3476,.F.);
#3336 = FACE_BOUND('',#3337,.F.);
#3337 = EDGE_LOOP('',(#3338,#3347,#3348,#3349,#3414,#3447));
#3338 = ORIENTED_EDGE('',*,*,#3339,.F.);
#3339 = EDGE_CURVE('',#1991,#3340,#3342,.T.);
#3340 = VERTEX_POINT('',#3341);
#3341 = CARTESIAN_POINT('',(-33.44371883207,-3.271700396474,
    14.176827287286));
#3342 = B_SPLINE_CURVE_WITH_KNOTS('',3,(#3343,#3344,#3345,#3346),
  .UNSPECIFIED.,.F.,.F.,(4,4),(0.,0.999999999952),
  .PIECEWISE_BEZIER_KNOTS.);
#3343 = CARTESIAN_POINT('',(-33.62502606572,-3.392801395419,
    14.206871167106));
#3344 = CARTESIAN_POINT('',(-33.56459032117,-3.352434395772,
    14.196856540499));
#3345 = CARTESIAN_POINT('',(-33.50415457663,-3.312067396127,
    14.186841913894));
#3346 = CARTESIAN_POINT('',(-33.44371883208,-3.27170039648,
    14.176827287287));
#3347 = ORIENTED_EDGE('',*,*,#1990,.T.);
#3348 = ORIENTED_EDGE('',*,*,#3339,.T.);
#3349 = ORIENTED_EDGE('',*,*,#3350,.F.);
#3350 = EDGE_CURVE('',#3351,#3340,#3353,.T.);
#3351 = VERTEX_POINT('',#3352);
#3352 = CARTESIAN_POINT('',(-28.23918960586,-5.359358306281,
    15.676488762139));
#3353 = B_SPLINE_CURVE_WITH_KNOTS('',3,(#3354,#3355,#3356,#3357,#3358,
    #3359,#3360,#3361,#3362,#3363,#3364,#3365,#3366,#3367,#3368,#3369,
    #3370,#3371,#3372,#3373,#3374,#3375,#3376,#3377,#3378,#3379,#3380,
    #3381,#3382,#3383,#3384,#3385,#3386,#3387,#3388,#3389,#3390,#3391,
    #3392,#3393,#3394,#3395,#3396,#3397,#3398,#3399,#3400,#3401,#3402,
    #3403,#3404,#3405,#3406,#3407,#3408,#3409,#3410,#3411,#3412,#3413),
  .UNSPECIFIED.,.F.,.F.,(4,2,2,2,2,2,2,2,2,2,2,2,2,2,2,2,2,2,2,2,2,2,2,2
    ,2,2,2,2,2,4),(4.898679017213E-04,1.964082246696E-02,
    3.878554758259E-02,9.608527324926E-02,0.143310388019,0.201335040439,
    0.263572567497,0.334056484873,0.384123551521,0.406761425539,
    0.462900301746,0.521853241992,0.557112088895,0.630205462734,
    0.672392671398,0.695550250339,0.749990740697,0.803421115548,
    0.836845836936,0.897034644623,0.960942995183,0.978114727411,
    0.998524596921,1.026136481743,1.103423291555,1.13068389474,
    1.160528011306,1.19606997973,1.243227425103,1.260572636358),
  .UNSPECIFIED.);
#3354 = CARTESIAN_POINT('',(-28.23948386579,-5.360646343911,
    15.676820646977));
#3355 = CARTESIAN_POINT('',(-28.19943826953,-5.381431041599,
    15.631661433426));
#3356 = CARTESIAN_POINT('',(-28.16064971024,-5.401707758112,
    15.585174672052));
#3357 = CARTESIAN_POINT('',(-28.08574304605,-5.44115508135,
    15.48963390104));
#3358 = CARTESIAN_POINT('',(-28.04964482403,-5.460315107306,
    15.440607200574));
#3359 = CARTESIAN_POINT('',(-27.91117472541,-5.534454415969,
    15.239958394596));
#3360 = CARTESIAN_POINT('',(-27.82052730492,-5.584432642826,
    15.079243128613));
#3361 = CARTESIAN_POINT('',(-27.68232004777,-5.664847107539,
    14.769726184282));
#3362 = CARTESIAN_POINT('',(-27.63038771283,-5.696957742497,
    14.624680400794));
#3363 = CARTESIAN_POINT('',(-27.53971332886,-5.759781779422,
    14.292068530252));
#3364 = CARTESIAN_POINT('',(-27.50700185482,-5.788235573297,
    14.103427681084));
#3365 = CARTESIAN_POINT('',(-27.47707774779,-5.831064642229,
    13.706429652404));
#3366 = CARTESIAN_POINT('',(-27.48274070563,-5.844025136259,
    13.499531289475));
#3367 = CARTESIAN_POINT('',(-27.54052829956,-5.850077402363,
    13.061420625581));
#3368 = CARTESIAN_POINT('',(-27.59825609234,-5.840233590647,
    12.833968242083));
#3369 = CARTESIAN_POINT('',(-27.74088520756,-5.803008472364,
    12.460652415411));
#3370 = CARTESIAN_POINT('',(-27.81262515509,-5.781696238404,
    12.311460668174));
#3371 = CARTESIAN_POINT('',(-27.93350548578,-5.743707265374,
    12.105216760294));
#3372 = CARTESIAN_POINT('',(-27.97345677487,-5.730902303103,
    12.04253610461));
#3373 = CARTESIAN_POINT('',(-28.11993364159,-5.683381503994,
    11.830440408219));
#3374 = CARTESIAN_POINT('',(-28.23720127463,-5.644262783028,
    11.690290567156));
#3375 = CARTESIAN_POINT('',(-28.5004288732,-5.552235746941,
    11.427766272075));
#3376 = CARTESIAN_POINT('',(-28.64647374467,-5.499101702773,
    11.307686035104));
#3377 = CARTESIAN_POINT('',(-28.89413653454,-5.405210186233,
    11.139902127289));
#3378 = CARTESIAN_POINT('',(-28.98975304856,-5.368177463083,
    11.082691810415));
#3379 = CARTESIAN_POINT('',(-29.29105724531,-5.249264177122,
    10.924250018265));
#3380 = CARTESIAN_POINT('',(-29.50399739505,-5.162109184189,
    10.842039687524));
#3381 = CARTESIAN_POINT('',(-29.84818875338,-5.018973454488,
    10.751670145646));
#3382 = CARTESIAN_POINT('',(-29.97586346869,-4.965445789462,
    10.726914874535));
#3383 = CARTESIAN_POINT('',(-30.17500430954,-4.881986602535,
    10.701509543222));
#3384 = CARTESIAN_POINT('',(-30.24586483159,-4.85231511199,
    10.695021332499));
#3385 = CARTESIAN_POINT('',(-30.48375800352,-4.752803117218,
    10.681740637389));
#3386 = CARTESIAN_POINT('',(-30.65100840263,-4.682829305755,
    10.686395302902));
#3387 = CARTESIAN_POINT('',(-30.97968505388,-4.543293281126,
    10.723083815896));
#3388 = CARTESIAN_POINT('',(-31.14067751614,-4.473953468999,
    10.754555223364));
#3389 = CARTESIAN_POINT('',(-31.39681725483,-4.361277166492,
    10.826779455252));
#3390 = CARTESIAN_POINT('',(-31.49395677396,-4.317975797174,
    10.859619035325));
#3391 = CARTESIAN_POINT('',(-31.76091839179,-4.197325337233,
    10.965407861395));
#3392 = CARTESIAN_POINT('',(-31.92650129327,-4.120498665508,
    11.049359965977));
#3393 = CARTESIAN_POINT('',(-32.25064055372,-3.966988312858,
    11.253660923777));
#3394 = CARTESIAN_POINT('',(-32.40813722823,-3.890612545235,
    11.375951555323));
#3395 = CARTESIAN_POINT('',(-32.59220668507,-3.800891979404,
    11.551284859509));
#3396 = CARTESIAN_POINT('',(-32.63029487722,-3.782302441125,
    11.589566944557));
#3397 = CARTESIAN_POINT('',(-32.71156230477,-3.742662684474,
    11.675808483326));
#3398 = CARTESIAN_POINT('',(-32.75432568951,-3.721820069699,
    11.72420869743));
#3399 = CARTESIAN_POINT('',(-32.85148523265,-3.674315398612,
    11.841654692194));
#3400 = CARTESIAN_POINT('',(-32.90459726705,-3.648224917615,
    11.911882520569));
#3401 = CARTESIAN_POINT('',(-33.09499145691,-3.553528801197,
    12.18830049159));
#3402 = CARTESIAN_POINT('',(-33.2109681975,-3.493092192398,
    12.410686718168));
#3403 = CARTESIAN_POINT('',(-33.32896153143,-3.42391968628,
    12.730089058677));
#3404 = CARTESIAN_POINT('',(-33.35610213787,-3.407093930285,
    12.814934273268));
#3405 = CARTESIAN_POINT('',(-33.40504424481,-3.374526189232,
    12.995378568266));
#3406 = CARTESIAN_POINT('',(-33.42607093698,-3.359053728695,
    13.091143859475));
#3407 = CARTESIAN_POINT('',(-33.46182022239,-3.328849099064,
    13.303338551816));
#3408 = CARTESIAN_POINT('',(-33.47454381323,-3.314843797702,
    13.420056650805));
#3409 = CARTESIAN_POINT('',(-33.48812278385,-3.288609456513,
    13.69328277258));
#3410 = CARTESIAN_POINT('',(-33.48371427226,-3.278498577156,
    13.849849945416));
#3411 = CARTESIAN_POINT('',(-33.46091650081,-3.272525219447,
    14.062892003822));
#3412 = CARTESIAN_POINT('',(-33.45313805788,-3.271700396467,
    14.119984636317));
#3413 = CARTESIAN_POINT('',(-33.44371883207,-3.271700396475,
    14.176827287286));
#3414 = ORIENTED_EDGE('',*,*,#3415,.T.);
#3415 = EDGE_CURVE('',#3351,#3416,#3418,.T.);
#3416 = VERTEX_POINT('',#3417);
#3417 = CARTESIAN_POINT('',(-30.48157312643,-4.333140931819,
    16.686392966869));
#3418 = B_SPLINE_CURVE_WITH_KNOTS('',3,(#3419,#3420,#3421,#3422,#3423,
    #3424,#3425,#3426,#3427,#3428,#3429,#3430,#3431,#3432,#3433,#3434,
    #3435,#3436,#3437,#3438,#3439,#3440,#3441,#3442,#3443,#3444,#3445,
    #3446),.UNSPECIFIED.,.F.,.F.,(4,3,3,3,3,3,3,3,3,4),(0.909977487112,
    1.022694374548,1.135446436387,1.247874024098,1.346396851538,
    1.443151568111,1.539517615428,1.635657067928,1.731520374009,
    1.760900246048),.UNSPECIFIED.);
#3419 = CARTESIAN_POINT('',(-28.23918960586,-5.359358306281,
    15.676488762139));
#3420 = CARTESIAN_POINT('',(-28.31296475344,-5.321736642755,
    15.759709400759));
#3421 = CARTESIAN_POINT('',(-28.39131809939,-5.282493530613,
    15.838765359541));
#3422 = CARTESIAN_POINT('',(-28.47379243174,-5.241858225207,
    15.913219745019));
#3423 = CARTESIAN_POINT('',(-28.55629250101,-5.201210239159,
    15.987697364714));
#3424 = CARTESIAN_POINT('',(-28.64291602975,-5.159169190817,
    16.05757047321));
#3425 = CARTESIAN_POINT('',(-28.73317179063,-5.115964550226,
    16.12244167992));
#3426 = CARTESIAN_POINT('',(-28.82316781649,-5.072884242512,
    16.187126202433));
#3427 = CARTESIAN_POINT('',(-28.91677510378,-5.028647030007,
    16.246837501715));
#3428 = CARTESIAN_POINT('',(-29.01347474117,-4.983480407369,
    16.301222251695));
#3429 = CARTESIAN_POINT('',(-29.09821481149,-4.943899878614,
    16.34888083307));
#3430 = CARTESIAN_POINT('',(-29.18532912442,-4.903605617557,
    16.392449488428));
#3431 = CARTESIAN_POINT('',(-29.27444902026,-4.862750719946,
    16.431716995099));
#3432 = CARTESIAN_POINT('',(-29.36196955217,-4.822629012706,
    16.470279799042));
#3433 = CARTESIAN_POINT('',(-29.45158706828,-4.781966610946,
    16.50476423207));
#3434 = CARTESIAN_POINT('',(-29.54289723037,-4.740964624508,
    16.534933846321));
#3435 = CARTESIAN_POINT('',(-29.63384059429,-4.700127345405,
    16.564982267499));
#3436 = CARTESIAN_POINT('',(-29.72646269377,-4.658953204407,
    16.590750226802));
#3437 = CARTESIAN_POINT('',(-29.82033533201,-4.617640897468,
    16.612047097039));
#3438 = CARTESIAN_POINT('',(-29.91398723843,-4.576425732156,
    16.633293889883));
#3439 = CARTESIAN_POINT('',(-30.00888344939,-4.535073049906,
    16.650090389178));
#3440 = CARTESIAN_POINT('',(-30.10457536398,-4.493780148327,
    16.662293527075));
#3441 = CARTESIAN_POINT('',(-30.19999241764,-4.452605854527,
    16.674461613255));
#3442 = CARTESIAN_POINT('',(-30.2962002257,-4.411490998469,
    16.682062533724));
#3443 = CARTESIAN_POINT('',(-30.39273630815,-4.370631182516,
    16.685003146123));
#3444 = CARTESIAN_POINT('',(-30.42232237049,-4.358108599963,
    16.685904375379));
#3445 = CARTESIAN_POINT('',(-30.45193916342,-4.345609972813,
    16.686368225992));
#3446 = CARTESIAN_POINT('',(-30.48157312643,-4.333140931819,
    16.686392966869));
#3447 = ORIENTED_EDGE('',*,*,#3448,.F.);
#3448 = EDGE_CURVE('',#3340,#3416,#3449,.T.);
#3449 = B_SPLINE_CURVE_WITH_KNOTS('',3,(#3450,#3451,#3452,#3453,#3454,
    #3455,#3456,#3457,#3458,#3459,#3460,#3461,#3462,#3463,#3464,#3465,
    #3466,#3467,#3468,#3469,#3470,#3471,#3472,#3473,#3474,#3475),
  .UNSPECIFIED.,.F.,.F.,(4,2,2,2,2,2,2,2,2,2,2,2,4),(9.9999999712E-07,
    1.80708962855E-02,6.780984271038E-02,0.104662139561,0.135664743516,
    0.163986723106,0.219175496135,0.27408311302,0.293129939176,
    0.330521562782,0.402117801475,0.421018038219,0.438638826942),
  .UNSPECIFIED.);
#3450 = CARTESIAN_POINT('',(-33.44371883207,-3.271700396475,
    14.176827287286));
#3451 = CARTESIAN_POINT('',(-33.43387205583,-3.271700396482,
    14.236250097193));
#3452 = CARTESIAN_POINT('',(-33.42224355658,-3.272603981042,
    14.295330918352));
#3453 = CARTESIAN_POINT('',(-33.37198284582,-3.279200793881,
    14.51551988725));
#3454 = CARTESIAN_POINT('',(-33.32186059943,-3.290478953081,
    14.673400006346));
#3455 = CARTESIAN_POINT('',(-33.21281437861,-3.319522413288,
    14.938960898389));
#3456 = CARTESIAN_POINT('',(-33.15965500791,-3.334821089097,
    15.048762570011));
#3457 = CARTESIAN_POINT('',(-33.05016286832,-3.367757264282,
    15.243845302067));
#3458 = CARTESIAN_POINT('',(-32.99573963379,-3.384619954145,
    15.330135447156));
#3459 = CARTESIAN_POINT('',(-32.8837837037,-3.4200698289,15.489178892884
    ));
#3460 = CARTESIAN_POINT('',(-32.82697860544,-3.438366253426,
    15.562384527519));
#3461 = CARTESIAN_POINT('',(-32.65035972924,-3.496147142685,
    15.769562725722));
#3462 = CARTESIAN_POINT('',(-32.52221073305,-3.539123354029,
    15.894918233512));
#3463 = CARTESIAN_POINT('',(-32.24799234505,-3.63421192464,
    16.119468155542));
#3464 = CARTESIAN_POINT('',(-32.10260264069,-3.686089564113,
    16.218323650994));
#3465 = CARTESIAN_POINT('',(-31.89811359463,-3.762446459816,
    16.332929029118));
#3466 = CARTESIAN_POINT('',(-31.84480933321,-3.782659893282,
    16.360717226337));
#3467 = CARTESIAN_POINT('',(-31.6848840237,-3.844157975692,
    16.438106086314));
#3468 = CARTESIAN_POINT('',(-31.57652846609,-3.886877431133,
    16.482843023624));
#3469 = CARTESIAN_POINT('',(-31.25564007895,-4.015308195814,
    16.594050151682));
#3470 = CARTESIAN_POINT('',(-31.0384422079,-4.104508352504,
    16.642978932527));
#3471 = CARTESIAN_POINT('',(-30.76120947013,-4.219297235475,
    16.674134428689));
#3472 = CARTESIAN_POINT('',(-30.70317102345,-4.24338793033,
    16.678948706834));
#3473 = CARTESIAN_POINT('',(-30.59090256366,-4.290089332984,
    16.684982192657));
#3474 = CARTESIAN_POINT('',(-30.536687448,-4.312687103469,
    16.686422359283));
#3475 = CARTESIAN_POINT('',(-30.48248542685,-4.33532523509,
    16.686393589817));
#3476 = B_SPLINE_SURFACE_WITH_KNOTS('',3,3,(
    (#3477,#3478,#3479,#3480,#3481,#3482,#3483,#3484,#3485,#3486)
    ,(#3487,#3488,#3489,#3490,#3491,#3492,#3493,#3494,#3495,#3496)
    ,(#3497,#3498,#3499,#3500,#3501,#3502,#3503,#3504,#3505,#3506)
    ,(#3507,#3508,#3509,#3510,#3511,#3512,#3513,#3514,#3515,#3516
  )),.UNSPECIFIED.,.F.,.T.,.F.,(4,4),(1,3,1,1,1,1,1,1,3,1),(0.,
    1.023654199591),(-4.039190554615,-3.14159265359,-2.243994752564,
    -1.346396851538,-0.448798950513,0.448798950513,1.346396851538,
    2.243994752564,3.14159265359,4.039190554615),.UNSPECIFIED.);
#3477 = CARTESIAN_POINT('',(-33.62502606572,-3.392801395419,
    14.206871167106));
#3478 = CARTESIAN_POINT('',(-33.78240924652,-3.392801395294,
    13.257103384488));
#3479 = CARTESIAN_POINT('',(-33.17927931445,-3.791023076029,
    11.222804618599));
#3480 = CARTESIAN_POINT('',(-30.27513933534,-5.104076519561,
    10.039600004787));
#3481 = CARTESIAN_POINT('',(-27.50320184044,-6.170975270908,
    11.56590588061));
#3482 = CARTESIAN_POINT('',(-26.98740625432,-6.16737320821,
    14.72992585088));
#3483 = CARTESIAN_POINT('',(-29.10790438458,-5.104323898736,
    17.080043644108));
#3484 = CARTESIAN_POINT('',(-32.24214986887,-3.790674364913,
    16.883112949294));
#3485 = CARTESIAN_POINT('',(-33.46764288493,-3.392801395544,
    15.156638949724));
#3486 = CARTESIAN_POINT('',(-33.62502606572,-3.392801395419,
    14.206871167106));
#3487 = CARTESIAN_POINT('',(-33.56316076201,-3.351479546704,
    14.196619652522));
#3488 = CARTESIAN_POINT('',(-33.71834440391,-3.35147954658,
    13.260125532067));
#3489 = CARTESIAN_POINT('',(-33.11412403316,-3.743765031297,
    11.253263852814));
#3490 = CARTESIAN_POINT('',(-30.24077423748,-5.037199724489,
    10.119914941906));
#3491 = CARTESIAN_POINT('',(-27.55797643294,-6.074936912266,
    11.634455142702));
#3492 = CARTESIAN_POINT('',(-27.06086584801,-6.071471144453,
    14.683367981164));
#3493 = CARTESIAN_POINT('',(-29.10003532911,-5.037773041952,
    16.992770819023));
#3494 = CARTESIAN_POINT('',(-32.18985729005,-3.743714381879,
    16.832720669541));
#3495 = CARTESIAN_POINT('',(-33.4079771201,-3.351479546827,
    15.133113772978));
#3496 = CARTESIAN_POINT('',(-33.56316076201,-3.351479546704,
    14.196619652522));
#3497 = CARTESIAN_POINT('',(-33.50129545829,-3.31015769799,
    14.18636813794));
#3498 = CARTESIAN_POINT('',(-33.65427956131,-3.310157697867,
    13.263147679646));
#3499 = CARTESIAN_POINT('',(-33.04896875187,-3.696506986564,
    11.283723087029));
#3500 = CARTESIAN_POINT('',(-30.20640913962,-4.970322929417,
    10.200229879023));
#3501 = CARTESIAN_POINT('',(-27.61275102543,-5.978898553624,
    11.703004404793));
#3502 = CARTESIAN_POINT('',(-27.1343254417,-5.975569080695,
    14.636810111446));
#3503 = CARTESIAN_POINT('',(-29.09216627363,-4.971222185168,
    16.905497993939));
#3504 = CARTESIAN_POINT('',(-32.13756471122,-3.696754398845,
    16.782328389789));
#3505 = CARTESIAN_POINT('',(-33.34831135527,-3.31015769811,
    15.109588596233));
#3506 = CARTESIAN_POINT('',(-33.50129545829,-3.31015769799,
    14.18636813794));
#3507 = CARTESIAN_POINT('',(-33.43943015458,-3.268835849274,
    14.176116623356));
#3508 = CARTESIAN_POINT('',(-33.59021471871,-3.268835849154,
    13.266169827224));
#3509 = CARTESIAN_POINT('',(-32.98381347058,-3.649248941832,
    11.314182321244));
#3510 = CARTESIAN_POINT('',(-30.17204404177,-4.903446134345,
    10.280544816142));
#3511 = CARTESIAN_POINT('',(-27.66752561793,-5.882860194983,
    11.771553666885));
#3512 = CARTESIAN_POINT('',(-27.20778503539,-5.879667016936,
    14.590252241729));
#3513 = CARTESIAN_POINT('',(-29.08429721816,-4.904671328385,
    16.818225168854));
#3514 = CARTESIAN_POINT('',(-32.0852721324,-3.649794415811,
    16.731936110036));
#3515 = CARTESIAN_POINT('',(-33.28864559045,-3.268835849393,
    15.086063419487));
#3516 = CARTESIAN_POINT('',(-33.43943015458,-3.268835849274,
    14.176116623356));
#3517 = ADVANCED_FACE('',(#3518),#3545,.T.);
#3518 = FACE_BOUND('',#3519,.T.);
#3519 = EDGE_LOOP('',(#3520,#3530,#3537,#3538));
#3520 = ORIENTED_EDGE('',*,*,#3521,.T.);
#3521 = EDGE_CURVE('',#3522,#3524,#3526,.T.);
#3522 = VERTEX_POINT('',#3523);
#3523 = CARTESIAN_POINT('',(-16.91975139093,0.629393963422,
    6.200000000004));
#3524 = VERTEX_POINT('',#3525);
#3525 = CARTESIAN_POINT('',(-16.91975138079,-5.270604224999,
    6.200000000004));
#3526 = LINE('',#3527,#3528);
#3527 = CARTESIAN_POINT('',(-16.91975146066,41.229392053839,
    6.200000000003));
#3528 = VECTOR('',#3529,1.);
#3529 = DIRECTION('',(1.7175975E-09,-1.,1.224E-14));
#3530 = ORIENTED_EDGE('',*,*,#3531,.T.);
#3531 = EDGE_CURVE('',#3524,#3311,#3532,.T.);
#3532 = CIRCLE('',#3533,2.1);
#3533 = AXIS2_PLACEMENT_3D('',#3534,#3535,#3536);
#3534 = CARTESIAN_POINT('',(-16.91975138079,-5.270604224999,
    4.100000000004));
#3535 = DIRECTION('',(-1.71761994E-09,1.,-1.212E-14));
#3536 = DIRECTION('',(2.4545E-13,1.212000042159E-14,1.));
#3537 = ORIENTED_EDGE('',*,*,#3308,.F.);
#3538 = ORIENTED_EDGE('',*,*,#3539,.F.);
#3539 = EDGE_CURVE('',#3522,#3309,#3540,.T.);
#3540 = CIRCLE('',#3541,2.1);
#3541 = AXIS2_PLACEMENT_3D('',#3542,#3543,#3544);
#3542 = CARTESIAN_POINT('',(-16.91975139093,0.629393963422,
    4.100000000004));
#3543 = DIRECTION('',(-1.7175975E-09,1.,-1.212E-14));
#3544 = DIRECTION('',(2.4545E-13,1.212000042158E-14,1.));
#3545 = CYLINDRICAL_SURFACE('',#3546,2.1);
#3546 = AXIS2_PLACEMENT_3D('',#3547,#3548,#3549);
#3547 = CARTESIAN_POINT('',(-16.91975146066,41.229392053839,
    4.100000000003));
#3548 = DIRECTION('',(-1.7175975E-09,1.,-1.224E-14));
#3549 = DIRECTION('',(2.4545E-13,1.224000042158E-14,1.));
#3550 = ADVANCED_FACE('',(#3551),#3567,.F.);
#3551 = FACE_BOUND('',#3552,.T.);
#3552 = EDGE_LOOP('',(#3553,#3554,#3560,#3561));
#3553 = ORIENTED_EDGE('',*,*,#727,.T.);
#3554 = ORIENTED_EDGE('',*,*,#3555,.T.);
#3555 = EDGE_CURVE('',#720,#3524,#3556,.T.);
#3556 = LINE('',#3557,#3558);
#3557 = CARTESIAN_POINT('',(-18.41975150114,-5.270604227576,
    6.200000000004));
#3558 = VECTOR('',#3559,1.);
#3559 = DIRECTION('',(1.,1.71761994E-09,-2.4883E-13));
#3560 = ORIENTED_EDGE('',*,*,#3521,.F.);
#3561 = ORIENTED_EDGE('',*,*,#3562,.F.);
#3562 = EDGE_CURVE('',#728,#3522,#3563,.T.);
#3563 = LINE('',#3564,#3565);
#3564 = CARTESIAN_POINT('',(-9.562168133842,0.629393976059,
    6.200000000002));
#3565 = VECTOR('',#3566,1.);
#3566 = DIRECTION('',(1.,1.7175975E-09,-2.4883E-13));
#3567 = PLANE('',#3568);
#3568 = AXIS2_PLACEMENT_3D('',#3569,#3570,#3571);
#3569 = CARTESIAN_POINT('',(-19.41975146066,41.229392049545,
    6.200000000003));
#3570 = DIRECTION('',(-2.4883E-13,-1.224E-14,-1.));
#3571 = DIRECTION('',(1.,1.71759674E-09,-2.48830000021E-13));
#3572 = ADVANCED_FACE('',(#3573),#3600,.F.);
#3573 = FACE_BOUND('',#3574,.F.);
#3574 = EDGE_LOOP('',(#3575,#3585,#3592,#3593));
#3575 = ORIENTED_EDGE('',*,*,#3576,.T.);
#3576 = EDGE_CURVE('',#3577,#3579,#3581,.T.);
#3577 = VERTEX_POINT('',#3578);
#3578 = CARTESIAN_POINT('',(-16.91975139093,0.629393963422,
    5.000000000004));
#3579 = VERTEX_POINT('',#3580);
#3580 = CARTESIAN_POINT('',(-16.91975138079,-5.270604224999,
    5.000000000004));
#3581 = LINE('',#3582,#3583);
#3582 = CARTESIAN_POINT('',(-16.91975146066,41.229392053839,
    5.000000000003));
#3583 = VECTOR('',#3584,1.);
#3584 = DIRECTION('',(1.7175975E-09,-1.,1.224E-14));
#3585 = ORIENTED_EDGE('',*,*,#3586,.F.);
#3586 = EDGE_CURVE('',#3579,#3579,#3587,.T.);
#3587 = CIRCLE('',#3588,0.9);
#3588 = AXIS2_PLACEMENT_3D('',#3589,#3590,#3591);
#3589 = CARTESIAN_POINT('',(-16.91975138079,-5.270604224999,
    4.100000000004));
#3590 = DIRECTION('',(1.71761994E-09,-1.,1.212E-14));
#3591 = DIRECTION('',(-1.4E-16,-1.212000000024E-14,-1.));
#3592 = ORIENTED_EDGE('',*,*,#3576,.F.);
#3593 = ORIENTED_EDGE('',*,*,#3594,.T.);
#3594 = EDGE_CURVE('',#3577,#3577,#3595,.T.);
#3595 = CIRCLE('',#3596,0.9);
#3596 = AXIS2_PLACEMENT_3D('',#3597,#3598,#3599);
#3597 = CARTESIAN_POINT('',(-16.91975139093,0.629393963422,
    4.100000000004));
#3598 = DIRECTION('',(1.7175975E-09,-1.,1.212E-14));
#3599 = DIRECTION('',(-1.4E-16,-1.212000000024E-14,-1.));
#3600 = CYLINDRICAL_SURFACE('',#3601,0.9);
#3601 = AXIS2_PLACEMENT_3D('',#3602,#3603,#3604);
#3602 = CARTESIAN_POINT('',(-16.91975146066,41.229392053839,
    4.100000000003));
#3603 = DIRECTION('',(-1.7175975E-09,1.,-1.224E-14));
#3604 = DIRECTION('',(-1.4E-16,-1.224000000024E-14,-1.));
#3605 = ADVANCED_FACE('',(#3606),#3633,.F.);
#3606 = FACE_BOUND('',#3607,.F.);
#3607 = EDGE_LOOP('',(#3608,#3618,#3625,#3626));
#3608 = ORIENTED_EDGE('',*,*,#3609,.T.);
#3609 = EDGE_CURVE('',#3610,#3612,#3614,.T.);
#3610 = VERTEX_POINT('',#3611);
#3611 = CARTESIAN_POINT('',(18.080248609067,0.629392113955,
    4.999999999995));
#3612 = VERTEX_POINT('',#3613);
#3613 = CARTESIAN_POINT('',(18.080248619201,-5.270604164883,
    4.999999999995));
#3614 = LINE('',#3615,#3616);
#3615 = CARTESIAN_POINT('',(18.080248539333,41.229392113955,
    4.999999999994));
#3616 = VECTOR('',#3617,1.);
#3617 = DIRECTION('',(1.7175975E-09,-1.,1.224E-14));
#3618 = ORIENTED_EDGE('',*,*,#3619,.F.);
#3619 = EDGE_CURVE('',#3612,#3612,#3620,.T.);
#3620 = CIRCLE('',#3621,0.9);
#3621 = AXIS2_PLACEMENT_3D('',#3622,#3623,#3624);
#3622 = CARTESIAN_POINT('',(18.080248619201,-5.270604164883,
    4.099999999995));
#3623 = DIRECTION('',(1.71761994E-09,-1.,1.212E-14));
#3624 = DIRECTION('',(-1.4E-16,-1.212000000024E-14,-1.));
#3625 = ORIENTED_EDGE('',*,*,#3609,.F.);
#3626 = ORIENTED_EDGE('',*,*,#3627,.T.);
#3627 = EDGE_CURVE('',#3610,#3610,#3628,.T.);
#3628 = CIRCLE('',#3629,0.9);
#3629 = AXIS2_PLACEMENT_3D('',#3630,#3631,#3632);
#3630 = CARTESIAN_POINT('',(18.080248609067,0.629392113955,
    4.099999999995));
#3631 = DIRECTION('',(1.7175975E-09,-1.,1.212E-14));
#3632 = DIRECTION('',(-1.4E-16,-1.212000000024E-14,-1.));
#3633 = CYLINDRICAL_SURFACE('',#3634,0.9);
#3634 = AXIS2_PLACEMENT_3D('',#3635,#3636,#3637);
#3635 = CARTESIAN_POINT('',(18.080248539333,41.229392113955,
    4.099999999994));
#3636 = DIRECTION('',(-1.7175975E-09,1.,-1.224E-14));
#3637 = DIRECTION('',(-1.4E-16,-1.224000000024E-14,-1.));
#3638 = ADVANCED_FACE('',(#3639),#3673,.T.);
#3639 = FACE_BOUND('',#3640,.T.);
#3640 = EDGE_LOOP('',(#3641,#3651,#3659,#3667));
#3641 = ORIENTED_EDGE('',*,*,#3642,.T.);
#3642 = EDGE_CURVE('',#3643,#3645,#3647,.T.);
#3643 = VERTEX_POINT('',#3644);
#3644 = CARTESIAN_POINT('',(18.975234856546,6.629395836654,
    34.018193437022));
#3645 = VERTEX_POINT('',#3646);
#3646 = CARTESIAN_POINT('',(18.975234856549,6.629395836654,
    8.094095882017));
#3647 = LINE('',#3648,#3649);
#3648 = CARTESIAN_POINT('',(18.975234856548,6.629395836654,
    21.370086185429));
#3649 = VECTOR('',#3650,1.);
#3650 = DIRECTION('',(9.555E-14,-1.59E-14,-1.));
#3651 = ORIENTED_EDGE('',*,*,#3652,.T.);
#3652 = EDGE_CURVE('',#3645,#3653,#3655,.T.);
#3653 = VERTEX_POINT('',#3654);
#3654 = CARTESIAN_POINT('',(19.580248358115,6.629395837693,
    7.238477582683));
#3655 = LINE('',#3656,#3657);
#3656 = CARTESIAN_POINT('',(13.454597508547,6.629395827172,
    15.901456092508));
#3657 = VECTOR('',#3658,1.);
#3658 = DIRECTION('',(0.577350269189,9.916424E-10,-0.816496580928));
#3659 = ORIENTED_EDGE('',*,*,#3660,.F.);
#3660 = EDGE_CURVE('',#3661,#3653,#3663,.T.);
#3661 = VERTEX_POINT('',#3662);
#3662 = CARTESIAN_POINT('',(19.580248358115,6.629395837693,
    34.623206938591));
#3663 = LINE('',#3664,#3665);
#3664 = CARTESIAN_POINT('',(19.580248358115,6.629395837693,
    28.922748714145));
#3665 = VECTOR('',#3666,1.);
#3666 = DIRECTION('',(6.43E-15,-1.59E-14,-1.));
#3667 = ORIENTED_EDGE('',*,*,#3668,.T.);
#3668 = EDGE_CURVE('',#3661,#3643,#3669,.T.);
#3669 = LINE('',#3670,#3671);
#3670 = CARTESIAN_POINT('',(11.48219068415,6.629395823784,
    26.525149264629));
#3671 = VECTOR('',#3672,1.);
#3672 = DIRECTION('',(-0.707106781187,-1.21453608E-09,-0.707106781186));
#3673 = PLANE('',#3674);
#3674 = AXIS2_PLACEMENT_3D('',#3675,#3676,#3677);
#3675 = CARTESIAN_POINT('',(2.813685261878,6.629395808895,20.81516580943
    ));
#3676 = DIRECTION('',(1.7175975E-09,-1.,1.59E-14));
#3677 = DIRECTION('',(1.,1.7175975E-09,-1.4E-16));
#3678 = ADVANCED_FACE('',(#3679),#3715,.F.);
#3679 = FACE_BOUND('',#3680,.F.);
#3680 = EDGE_LOOP('',(#3681,#3690,#3691,#3700,#3708));
#3681 = ORIENTED_EDGE('',*,*,#3682,.F.);
#3682 = EDGE_CURVE('',#3653,#3683,#3685,.T.);
#3683 = VERTEX_POINT('',#3684);
#3684 = CARTESIAN_POINT('',(20.08024333225,6.495424144134,6.39740621505)
  );
#3685 = ELLIPSE('',#3686,2.000000000001,1.);
#3686 = AXIS2_PLACEMENT_3D('',#3687,#3688,#3689);
#3687 = CARTESIAN_POINT('',(19.580248359833,5.629395837693,
    6.238477582683));
#3688 = DIRECTION('',(-0.707106782045,0.499999998785,-0.5));
#3689 = DIRECTION('',(0.40824829096,-0.288675133893,-0.866025403785));
#3690 = ORIENTED_EDGE('',*,*,#3660,.F.);
#3691 = ORIENTED_EDGE('',*,*,#3692,.F.);
#3692 = EDGE_CURVE('',#3693,#3661,#3695,.T.);
#3693 = VERTEX_POINT('',#3694);
#3694 = CARTESIAN_POINT('',(20.580248359831,5.629398483793,
    35.62320693909));
#3695 = ELLIPSE('',#3696,1.414213562373,1.);
#3696 = AXIS2_PLACEMENT_3D('',#3697,#3698,#3699);
#3697 = CARTESIAN_POINT('',(19.580248359832,5.629395837693,
    34.623206938591));
#3698 = DIRECTION('',(-0.707106781186,-1.2144421E-09,0.707106781187));
#3699 = DIRECTION('',(0.707106781187,1.21446475E-09,0.707106781186));
#3700 = ORIENTED_EDGE('',*,*,#3701,.F.);
#3701 = EDGE_CURVE('',#3702,#3693,#3704,.T.);
#3702 = VERTEX_POINT('',#3703);
#3703 = CARTESIAN_POINT('',(20.580248376122,5.62939848379,5.531380553847
    ));
#3704 = LINE('',#3705,#3706);
#3705 = CARTESIAN_POINT('',(20.580248359832,5.629398483791,
    19.315165835992));
#3706 = VECTOR('',#3707,1.);
#3707 = DIRECTION('',(-6.43E-15,1.1159E-13,1.));
#3708 = ORIENTED_EDGE('',*,*,#3709,.F.);
#3709 = EDGE_CURVE('',#3683,#3702,#3710,.T.);
#3710 = ELLIPSE('',#3711,1.414213562373,1.);
#3711 = AXIS2_PLACEMENT_3D('',#3712,#3713,#3714);
#3712 = CARTESIAN_POINT('',(19.580248359833,5.629395837693,
    5.531377909468));
#3713 = DIRECTION('',(-1.21452494E-09,0.707106781187,-0.707106781187));
#3714 = DIRECTION('',(-1.21453382E-09,0.707106781187,0.707106781187));
#3715 = CYLINDRICAL_SURFACE('',#3716,1.);
#3716 = AXIS2_PLACEMENT_3D('',#3717,#3718,#3719);
#3717 = CARTESIAN_POINT('',(19.580248359832,5.629395837693,
    28.922748714145));
#3718 = DIRECTION('',(-6.43E-15,1.59E-14,1.));
#3719 = DIRECTION('',(0.707106779972,0.707106782401,-6.696301244957E-15)
  );
#3720 = ADVANCED_FACE('',(#3721),#3755,.T.);
#3721 = FACE_BOUND('',#3722,.T.);
#3722 = EDGE_LOOP('',(#3723,#3731,#3732,#3733,#3741,#3749));
#3723 = ORIENTED_EDGE('',*,*,#3724,.T.);
#3724 = EDGE_CURVE('',#3725,#3643,#3727,.T.);
#3725 = VERTEX_POINT('',#3726);
#3726 = CARTESIAN_POINT('',(18.858077568954,6.912238548509,
    33.901036149916));
#3727 = LINE('',#3728,#3729);
#3728 = CARTESIAN_POINT('',(18.087628200543,8.772267857708,33.1305867847
    ));
#3729 = VECTOR('',#3730,1.);
#3730 = DIRECTION('',(0.357406745261,-0.862856209309,0.357406743779));
#3731 = ORIENTED_EDGE('',*,*,#3668,.F.);
#3732 = ORIENTED_EDGE('',*,*,#3692,.F.);
#3733 = ORIENTED_EDGE('',*,*,#3734,.T.);
#3734 = EDGE_CURVE('',#3693,#3735,#3737,.T.);
#3735 = VERTEX_POINT('',#3736);
#3736 = CARTESIAN_POINT('',(20.580248205557,7.32939583957,35.62320692799
    ));
#3737 = LINE('',#3738,#3739);
#3738 = CARTESIAN_POINT('',(20.580248368077,0.829395829883,
    35.623206938591));
#3739 = VECTOR('',#3740,1.);
#3740 = DIRECTION('',(-1.71759725E-09,1.,-1.1677E-13));
#3741 = ORIENTED_EDGE('',*,*,#3742,.T.);
#3742 = EDGE_CURVE('',#3735,#3743,#3745,.T.);
#3743 = VERTEX_POINT('',#3744);
#3744 = CARTESIAN_POINT('',(19.275333760615,7.329494740368,
    34.318292342294));
#3745 = LINE('',#3746,#3747);
#3746 = CARTESIAN_POINT('',(10.008169784466,7.329494738173,
    25.051128366148));
#3747 = VECTOR('',#3748,1.);
#3748 = DIRECTION('',(-0.707106781187,-1.6746326E-10,-0.707106781186));
#3749 = ORIENTED_EDGE('',*,*,#3750,.F.);
#3750 = EDGE_CURVE('',#3725,#3743,#3751,.T.);
#3751 = LINE('',#3752,#3753);
#3752 = CARTESIAN_POINT('',(16.625103789314,4.679264767812,
    31.668062366442));
#3753 = VECTOR('',#3754,1.);
#3754 = DIRECTION('',(0.577350268768,0.577350269041,0.577350269759));
#3755 = PLANE('',#3756);
#3756 = AXIS2_PLACEMENT_3D('',#3757,#3758,#3759);
#3757 = CARTESIAN_POINT('',(18.671435122716,6.729395817073,
    33.714393703364));
#3758 = DIRECTION('',(-0.707106781186,-1.2144421E-09,0.707106781187));
#3759 = DIRECTION('',(0.707106781187,1.21460183E-09,0.707106781186));
#3760 = ADVANCED_FACE('',(#3761),#3772,.F.);
#3761 = FACE_BOUND('',#3762,.T.);
#3762 = EDGE_LOOP('',(#3763,#3764,#3765,#3771));
#3763 = ORIENTED_EDGE('',*,*,#1017,.T.);
#3764 = ORIENTED_EDGE('',*,*,#1556,.F.);
#3765 = ORIENTED_EDGE('',*,*,#3766,.F.);
#3766 = EDGE_CURVE('',#1660,#1557,#3767,.T.);
#3767 = LINE('',#3768,#3769);
#3768 = CARTESIAN_POINT('',(30.077597272798,3.159525895208,
    38.790590642687));
#3769 = VECTOR('',#3770,1.);
#3770 = DIRECTION('',(1.48803806E-09,-0.866025403784,0.5));
#3771 = ORIENTED_EDGE('',*,*,#1659,.F.);
#3772 = PLANE('',#3773);
#3773 = AXIS2_PLACEMENT_3D('',#3774,#3775,#3776);
#3774 = CARTESIAN_POINT('',(33.077597272117,3.55604164621,
    38.561662170083));
#3775 = DIRECTION('',(-8.5882999E-10,0.5,0.866025403784));
#3776 = DIRECTION('',(-1.48803806E-09,0.866025403784,-0.5));
#3777 = ADVANCED_FACE('',(#3778),#3789,.F.);
#3778 = FACE_BOUND('',#3779,.T.);
#3779 = EDGE_LOOP('',(#3780,#3781,#3782,#3788));
#3780 = ORIENTED_EDGE('',*,*,#1105,.T.);
#3781 = ORIENTED_EDGE('',*,*,#1689,.F.);
#3782 = ORIENTED_EDGE('',*,*,#3783,.F.);
#3783 = EDGE_CURVE('',#1716,#1690,#3784,.T.);
#3784 = LINE('',#3785,#3786);
#3785 = CARTESIAN_POINT('',(30.07759727098,4.217655129321,
    36.042143157817));
#3786 = VECTOR('',#3787,1.);
#3787 = DIRECTION('',(2.4849E-13,1.185E-14,1.));
#3788 = ORIENTED_EDGE('',*,*,#1715,.F.);
#3789 = PLANE('',#3790);
#3790 = AXIS2_PLACEMENT_3D('',#3791,#3792,#3793);
#3791 = CARTESIAN_POINT('',(33.07759727098,4.217655134474,
    35.584286212609));
#3792 = DIRECTION('',(-1.71809314E-09,1.,-1.185E-14));
#3793 = DIRECTION('',(-2.4849E-13,-1.185000042693E-14,-1.));
#3794 = ADVANCED_FACE('',(#3795),#3806,.F.);
#3795 = FACE_BOUND('',#3796,.T.);
#3796 = EDGE_LOOP('',(#3797,#3798,#3799,#3805));
#3797 = ORIENTED_EDGE('',*,*,#1224,.T.);
#3798 = ORIENTED_EDGE('',*,*,#1745,.F.);
#3799 = ORIENTED_EDGE('',*,*,#3800,.F.);
#3800 = EDGE_CURVE('',#1772,#1746,#3801,.T.);
#3801 = LINE('',#3802,#3803);
#3802 = CARTESIAN_POINT('',(30.07759727416,2.366494403511,
    33.751552618153));
#3803 = VECTOR('',#3804,1.);
#3804 = DIRECTION('',(-1.48778956E-09,0.866025403784,0.5));
#3805 = ORIENTED_EDGE('',*,*,#1771,.F.);
#3806 = PLANE('',#3807);
#3807 = AXIS2_PLACEMENT_3D('',#3808,#3809,#3810);
#3808 = CARTESIAN_POINT('',(33.077597274841,1.969978662816,
    33.522624145548));
#3809 = DIRECTION('',(-8.5926315E-10,0.5,-0.866025403784));
#3810 = DIRECTION('',(1.48778956E-09,-0.866025403784,-0.5));
#3811 = ADVANCED_FACE('',(#3812),#3832,.F.);
#3812 = FACE_BOUND('',#3813,.T.);
#3813 = EDGE_LOOP('',(#3814,#3815,#3816,#3817,#3818,#3819,#3820,#3821,
    #3822,#3823,#3824,#3825,#3826,#3827,#3828,#3829,#3830,#3831));
#3814 = ORIENTED_EDGE('',*,*,#1779,.T.);
#3815 = ORIENTED_EDGE('',*,*,#3800,.T.);
#3816 = ORIENTED_EDGE('',*,*,#1753,.T.);
#3817 = ORIENTED_EDGE('',*,*,#1723,.T.);
#3818 = ORIENTED_EDGE('',*,*,#3783,.T.);
#3819 = ORIENTED_EDGE('',*,*,#1697,.T.);
#3820 = ORIENTED_EDGE('',*,*,#1667,.T.);
#3821 = ORIENTED_EDGE('',*,*,#3766,.T.);
#3822 = ORIENTED_EDGE('',*,*,#1564,.T.);
#3823 = ORIENTED_EDGE('',*,*,#1534,.T.);
#3824 = ORIENTED_EDGE('',*,*,#1510,.T.);
#3825 = ORIENTED_EDGE('',*,*,#1491,.T.);
#3826 = ORIENTED_EDGE('',*,*,#1461,.T.);
#3827 = ORIENTED_EDGE('',*,*,#1437,.T.);
#3828 = ORIENTED_EDGE('',*,*,#1418,.T.);
#3829 = ORIENTED_EDGE('',*,*,#1388,.T.);
#3830 = ORIENTED_EDGE('',*,*,#1364,.T.);
#3831 = ORIENTED_EDGE('',*,*,#1802,.T.);
#3832 = PLANE('',#3833);
#3833 = AXIS2_PLACEMENT_3D('',#3834,#3835,#3836);
#3834 = CARTESIAN_POINT('',(30.077597275979,1.308365169399,
    36.500000103024));
#3835 = DIRECTION('',(-1.,-1.71809488E-09,2.4849E-13));
#3836 = DIRECTION('',(-1.487789567192E-09,0.866025403784,0.5));
#3837 = ADVANCED_FACE('',(#3838,#3888,#3925,#3943),#3977,.T.);
#3838 = FACE_BOUND('',#3839,.T.);
#3839 = EDGE_LOOP('',(#3840,#3850,#3858,#3866,#3874,#3882));
#3840 = ORIENTED_EDGE('',*,*,#3841,.T.);
#3841 = EDGE_CURVE('',#3842,#3844,#3846,.T.);
#3842 = VERTEX_POINT('',#3843);
#3843 = CARTESIAN_POINT('',(28.906877842489,6.907856647113,
    6.809838702468));
#3844 = VERTEX_POINT('',#3845);
#3845 = CARTESIAN_POINT('',(28.906877842969,6.907856647228,
    41.600000053123));
#3846 = LINE('',#3847,#3848);
#3847 = CARTESIAN_POINT('',(28.90687784296,6.907856647227,6.375002628151
    ));
#3848 = VECTOR('',#3849,1.);
#3849 = DIRECTION('',(2.3806E-13,1.263E-14,1.));
#3850 = ORIENTED_EDGE('',*,*,#3851,.F.);
#3851 = EDGE_CURVE('',#3852,#3844,#3854,.T.);
#3852 = VERTEX_POINT('',#3853);
#3853 = CARTESIAN_POINT('',(32.699749783847,5.590175326343,
    41.600000053122));
#3854 = LINE('',#3855,#3856);
#3855 = CARTESIAN_POINT('',(29.721663206079,6.624792132992,
    41.600000053123));
#3856 = VECTOR('',#3857,1.);
#3857 = DIRECTION('',(-0.944618712505,0.328169907191,2.2451E-13));
#3858 = ORIENTED_EDGE('',*,*,#3859,.F.);
#3859 = EDGE_CURVE('',#3860,#3852,#3862,.T.);
#3860 = VERTEX_POINT('',#3861);
#3861 = CARTESIAN_POINT('',(32.699749783837,5.590175326343,
    1.999999999984));
#3862 = LINE('',#3863,#3864);
#3863 = CARTESIAN_POINT('',(32.699749783837,5.590175326343,
    1.600000026552));
#3864 = VECTOR('',#3865,1.);
#3865 = DIRECTION('',(2.4849E-13,8.52E-15,1.));
#3866 = ORIENTED_EDGE('',*,*,#3867,.T.);
#3867 = EDGE_CURVE('',#3860,#3868,#3870,.T.);
#3868 = VERTEX_POINT('',#3869);
#3869 = CARTESIAN_POINT('',(30.493213503032,6.356747909439,
    1.999999999984));
#3870 = LINE('',#3871,#3872);
#3871 = CARTESIAN_POINT('',(13.968941047959,12.097444008507,
    1.999999999988));
#3872 = VECTOR('',#3873,1.);
#3873 = DIRECTION('',(-0.944618712505,0.328169907191,2.2988E-13));
#3874 = ORIENTED_EDGE('',*,*,#3875,.F.);
#3875 = EDGE_CURVE('',#3876,#3868,#3878,.T.);
#3876 = VERTEX_POINT('',#3877);
#3877 = CARTESIAN_POINT('',(30.493213503679,6.356747909386,
    6.258729962346));
#3878 = LINE('',#3879,#3880);
#3879 = CARTESIAN_POINT('',(30.493213503035,6.356747909438,
    11.449993981324));
#3880 = VECTOR('',#3881,1.);
#3881 = DIRECTION('',(-2.6043E-13,-4.38E-15,-1.));
#3882 = ORIENTED_EDGE('',*,*,#3883,.F.);
#3883 = EDGE_CURVE('',#3842,#3876,#3884,.T.);
#3884 = LINE('',#3885,#3886);
#3885 = CARTESIAN_POINT('',(21.377717463111,9.523561619375,
    9.425543688063));
#3886 = VECTOR('',#3887,1.);
#3887 = DIRECTION('',(0.897524579534,-0.31180893843,-0.311808939972));
#3888 = FACE_BOUND('',#3889,.T.);
#3889 = EDGE_LOOP('',(#3890,#3903,#3911,#3919));
#3890 = ORIENTED_EDGE('',*,*,#3891,.T.);
#3891 = EDGE_CURVE('',#3892,#3894,#3896,.T.);
#3892 = VERTEX_POINT('',#3893);
#3893 = CARTESIAN_POINT('',(32.211233298679,5.759900649696,
    31.101882317022));
#3894 = VERTEX_POINT('',#3895);
#3895 = CARTESIAN_POINT('',(29.854227087777,6.578738323993,
    33.645254330381));
#3896 = B_SPLINE_CURVE_WITH_KNOTS('',3,(#3897,#3898,#3899,#3900,#3901,
    #3902),.UNSPECIFIED.,.F.,.F.,(4,2,4),(0.,0.177911922907,
    0.354582720453),.UNSPECIFIED.);
#3897 = CARTESIAN_POINT('',(32.210886832135,5.760011163139,
    31.102261306975));
#3898 = CARTESIAN_POINT('',(31.821346456722,5.895341352086,
    31.528453954365));
#3899 = CARTESIAN_POINT('',(31.426584601618,6.032485534853,
    31.958055787943));
#3900 = CARTESIAN_POINT('',(30.644616735574,6.304148925202,
    32.802616394443));
#3901 = CARTESIAN_POINT('',(30.248024781093,6.441928902637,
    33.227758421581));
#3902 = CARTESIAN_POINT('',(29.854227950777,6.578737826224,
    33.64525373168));
#3903 = ORIENTED_EDGE('',*,*,#3904,.T.);
#3904 = EDGE_CURVE('',#3894,#3905,#3907,.T.);
#3905 = VERTEX_POINT('',#3906);
#3906 = CARTESIAN_POINT('',(29.854226534891,6.578738318116,
    23.93280735819));
#3907 = LINE('',#3908,#3909);
#3908 = CARTESIAN_POINT('',(29.854226534889,6.578738318116,
    17.570189580737));
#3909 = VECTOR('',#3910,1.);
#3910 = DIRECTION('',(-2.4228E-13,-1.623E-14,-1.));
#3911 = ORIENTED_EDGE('',*,*,#3912,.T.);
#3912 = EDGE_CURVE('',#3905,#3913,#3915,.T.);
#3913 = VERTEX_POINT('',#3914);
#3914 = CARTESIAN_POINT('',(32.211579632364,5.759770477469,
    23.359359899781));
#3915 = LINE('',#3916,#3917);
#3916 = CARTESIAN_POINT('',(30.154623114849,6.474377567625,
    23.859733173641));
#3917 = VECTOR('',#3918,1.);
#3918 = DIRECTION('',(0.920625873437,-0.319834556996,-0.223950568896));
#3919 = ORIENTED_EDGE('',*,*,#3920,.F.);
#3920 = EDGE_CURVE('',#3892,#3913,#3921,.T.);
#3921 = LINE('',#3922,#3923);
#3922 = CARTESIAN_POINT('',(32.211579632367,5.759770477469,
    35.599996010845));
#3923 = VECTOR('',#3924,1.);
#3924 = DIRECTION('',(-2.4208E-13,-1.582E-14,-1.));
#3925 = FACE_BOUND('',#3926,.T.);
#3926 = EDGE_LOOP('',(#3927,#3935,#3941,#3942));
#3927 = ORIENTED_EDGE('',*,*,#3928,.T.);
#3928 = EDGE_CURVE('',#2982,#3929,#3931,.T.);
#3929 = VERTEX_POINT('',#3930);
#3930 = CARTESIAN_POINT('',(29.854226534889,6.578738318116,
    14.708481698987));
#3931 = LINE('',#3932,#3933);
#3932 = CARTESIAN_POINT('',(29.854226534889,6.578738318116,
    17.570189580737));
#3933 = VECTOR('',#3934,1.);
#3934 = DIRECTION('',(-2.4228E-13,-1.623E-14,-1.));
#3935 = ORIENTED_EDGE('',*,*,#3936,.T.);
#3936 = EDGE_CURVE('',#3929,#3007,#3937,.T.);
#3937 = LINE('',#3938,#3939);
#3938 = CARTESIAN_POINT('',(29.455404702077,6.717292977395,
    14.805498716348));
#3939 = VECTOR('',#3940,1.);
#3940 = DIRECTION('',(0.920625873437,-0.319834556996,-0.223950568896));
#3941 = ORIENTED_EDGE('',*,*,#3015,.F.);
#3942 = ORIENTED_EDGE('',*,*,#2990,.T.);
#3943 = FACE_BOUND('',#3944,.T.);
#3944 = EDGE_LOOP('',(#3945,#3955,#3963,#3971));
#3945 = ORIENTED_EDGE('',*,*,#3946,.T.);
#3946 = EDGE_CURVE('',#3947,#3949,#3951,.T.);
#3947 = VERTEX_POINT('',#3948);
#3948 = CARTESIAN_POINT('',(29.854226534889,6.578738318116,
    13.97601694573));
#3949 = VERTEX_POINT('',#3950);
#3950 = CARTESIAN_POINT('',(29.854226534887,6.578738318116,
    9.551244237029));
#3951 = LINE('',#3952,#3953);
#3952 = CARTESIAN_POINT('',(29.854226534889,6.578738318116,
    17.570189580737));
#3953 = VECTOR('',#3954,1.);
#3954 = DIRECTION('',(-2.4228E-13,-1.623E-14,-1.));
#3955 = ORIENTED_EDGE('',*,*,#3956,.T.);
#3956 = EDGE_CURVE('',#3949,#3957,#3959,.T.);
#3957 = VERTEX_POINT('',#3958);
#3958 = CARTESIAN_POINT('',(32.211579632361,5.759770477469,
    8.990410957264));
#3959 = LINE('',#3960,#3961);
#3960 = CARTESIAN_POINT('',(33.520605058766,5.305002064555,
    8.678983270011));
#3961 = VECTOR('',#3962,1.);
#3962 = DIRECTION('',(0.921632020107,-0.320184102325,-0.219263677184));
#3963 = ORIENTED_EDGE('',*,*,#3964,.F.);
#3964 = EDGE_CURVE('',#3965,#3957,#3967,.T.);
#3965 = VERTEX_POINT('',#3966);
#3966 = CARTESIAN_POINT('',(32.211579632362,5.759770477469,
    13.402569487321));
#3967 = LINE('',#3968,#3969);
#3968 = CARTESIAN_POINT('',(32.211579632367,5.759770477469,
    35.599996010845));
#3969 = VECTOR('',#3970,1.);
#3970 = DIRECTION('',(-2.4208E-13,-1.582E-14,-1.));
#3971 = ORIENTED_EDGE('',*,*,#3972,.T.);
#3972 = EDGE_CURVE('',#3965,#3947,#3973,.T.);
#3973 = LINE('',#3974,#3975);
#3974 = CARTESIAN_POINT('',(31.135149051305,6.13373313479,
    13.664420960281));
#3975 = VECTOR('',#3976,1.);
#3976 = DIRECTION('',(-0.920625873437,0.319834556996,0.223950568896));
#3977 = PLANE('',#3978);
#3978 = AXIS2_PLACEMENT_3D('',#3979,#3980,#3981);
#3979 = CARTESIAN_POINT('',(33.392970302886,5.349343644323,
    1.600000053121));
#3980 = DIRECTION('',(0.328169907191,0.944618712505,-8.991E-14));
#3981 = DIRECTION('',(-0.944618712505,0.328169907191,2.2498E-13));
#3982 = ADVANCED_FACE('',(#3983),#3994,.F.);
#3983 = FACE_BOUND('',#3984,.T.);
#3984 = EDGE_LOOP('',(#3985));
#3985 = ORIENTED_EDGE('',*,*,#3986,.T.);
#3986 = EDGE_CURVE('',#3987,#3987,#3989,.T.);
#3987 = VERTEX_POINT('',#3988);
#3988 = CARTESIAN_POINT('',(25.584827007137,2.640950654213,
    36.600000053124));
#3989 = CIRCLE('',#3990,2.35);
#3990 = AXIS2_PLACEMENT_3D('',#3991,#3992,#3993);
#3991 = CARTESIAN_POINT('',(25.584827011174,0.290950654213,
    36.600000053124));
#3992 = DIRECTION('',(2.4214E-13,1.184E-14,1.));
#3993 = DIRECTION('',(1.7175975E-09,-1.,1.18399995841E-14));
#3994 = PLANE('',#3995);
#3995 = AXIS2_PLACEMENT_3D('',#3996,#3997,#3998);
#3996 = CARTESIAN_POINT('',(25.584827011174,0.290950654213,
    36.600000053124));
#3997 = DIRECTION('',(-2.4214E-13,-1.184E-14,-1.));
#3998 = DIRECTION('',(1.7175975E-09,-1.,1.18399995841E-14));
#3999 = ADVANCED_FACE('',(#4000),#4016,.T.);
#4000 = FACE_BOUND('',#4001,.T.);
#4001 = EDGE_LOOP('',(#4002,#4003,#4009,#4010));
#4002 = ORIENTED_EDGE('',*,*,#229,.F.);
#4003 = ORIENTED_EDGE('',*,*,#4004,.F.);
#4004 = EDGE_CURVE('',#3241,#230,#4005,.T.);
#4005 = LINE('',#4006,#4007);
#4006 = CARTESIAN_POINT('',(-12.66809873195,1.781966201198,
    6.074996977385));
#4007 = VECTOR('',#4008,1.);
#4008 = DIRECTION('',(-1.4E-16,-9.01E-15,-1.));
#4009 = ORIENTED_EDGE('',*,*,#3238,.F.);
#4010 = ORIENTED_EDGE('',*,*,#4011,.F.);
#4011 = EDGE_CURVE('',#232,#3239,#4012,.T.);
#4012 = LINE('',#4013,#4014);
#4013 = CARTESIAN_POINT('',(12.628596072386,1.781966309076,
    16.224990932157));
#4014 = VECTOR('',#4015,1.);
#4015 = DIRECTION('',(1.4E-16,9.01E-15,1.));
#4016 = PLANE('',#4017);
#4017 = AXIS2_PLACEMENT_3D('',#4018,#4019,#4020);
#4018 = CARTESIAN_POINT('',(-1.975132978732E-02,1.781966255137,
    11.149993954771));
#4019 = DIRECTION('',(-4.26450118E-09,1.,-9.01E-15));
#4020 = DIRECTION('',(-1.,-4.26450118E-09,1.4E-16));
#4021 = ADVANCED_FACE('',(#4022,#4029),#4032,.T.);
#4022 = FACE_BOUND('',#4023,.T.);
#4023 = EDGE_LOOP('',(#4024,#4025,#4026,#4027,#4028));
#4024 = ORIENTED_EDGE('',*,*,#735,.T.);
#4025 = ORIENTED_EDGE('',*,*,#3562,.T.);
#4026 = ORIENTED_EDGE('',*,*,#3539,.T.);
#4027 = ORIENTED_EDGE('',*,*,#3325,.T.);
#4028 = ORIENTED_EDGE('',*,*,#3255,.T.);
#4029 = FACE_BOUND('',#4030,.T.);
#4030 = EDGE_LOOP('',(#4031));
#4031 = ORIENTED_EDGE('',*,*,#3594,.T.);
#4032 = PLANE('',#4033);
#4033 = AXIS2_PLACEMENT_3D('',#4034,#4035,#4036);
#4034 = CARTESIAN_POINT('',(0.295415123252,0.629393992991,
    21.599992814698));
#4035 = DIRECTION('',(-1.7175975E-09,1.,-1.212E-14));
#4036 = DIRECTION('',(-1.4E-16,-1.212000000024E-14,-1.));
#4037 = ADVANCED_FACE('',(#4038),#4064,.T.);
#4038 = FACE_BOUND('',#4039,.T.);
#4039 = EDGE_LOOP('',(#4040,#4048,#4057,#4063));
#4040 = ORIENTED_EDGE('',*,*,#4041,.T.);
#4041 = EDGE_CURVE('',#3104,#4042,#4044,.T.);
#4042 = VERTEX_POINT('',#4043);
#4043 = CARTESIAN_POINT('',(23.774471697916,3.72939584491,
    35.320541824218));
#4044 = LINE('',#4045,#4046);
#4045 = CARTESIAN_POINT('',(23.774471697917,3.72939584491,
    41.600000053124));
#4046 = VECTOR('',#4047,1.);
#4047 = DIRECTION('',(2.425E-13,1.164E-14,1.));
#4048 = ORIENTED_EDGE('',*,*,#4049,.T.);
#4049 = EDGE_CURVE('',#4042,#4050,#4052,.T.);
#4050 = VERTEX_POINT('',#4051);
#4051 = CARTESIAN_POINT('',(22.330722845721,3.72939584243,
    35.446853481764));
#4052 = ELLIPSE('',#4053,2.509549593858,2.5);
#4053 = AXIS2_PLACEMENT_3D('',#4054,#4055,#4056);
#4054 = CARTESIAN_POINT('',(23.052597267706,6.122907346243,
    35.38369765217));
#4055 = DIRECTION('',(-8.715574274791E-02,-4.912856E-10,-0.996194698092)
  );
#4056 = DIRECTION('',(0.996194698092,1.71155576E-09,-8.715574274791E-02)
  );
#4057 = ORIENTED_EDGE('',*,*,#4058,.T.);
#4058 = EDGE_CURVE('',#4050,#3112,#4059,.T.);
#4059 = LINE('',#4060,#4061);
#4060 = CARTESIAN_POINT('',(22.330722845722,3.72939584243,
    41.600000053124));
#4061 = VECTOR('',#4062,1.);
#4062 = DIRECTION('',(-2.425E-13,-1.164E-14,-1.));
#4063 = ORIENTED_EDGE('',*,*,#3111,.T.);
#4064 = CYLINDRICAL_SURFACE('',#4065,2.5);
#4065 = AXIS2_PLACEMENT_3D('',#4066,#4067,#4068);
#4066 = CARTESIAN_POINT('',(23.052597267707,6.122907346243,
    41.600000053124));
#4067 = DIRECTION('',(-2.425E-13,-1.149E-14,-1.));
#4068 = DIRECTION('',(1.71810808E-09,-1.,1.148999958336E-14));
#4069 = ADVANCED_FACE('',(#4070),#4089,.F.);
#4070 = FACE_BOUND('',#4071,.F.);
#4071 = EDGE_LOOP('',(#4072,#4080,#4081,#4082));
#4072 = ORIENTED_EDGE('',*,*,#4073,.T.);
#4073 = EDGE_CURVE('',#4074,#3987,#4076,.T.);
#4074 = VERTEX_POINT('',#4075);
#4075 = CARTESIAN_POINT('',(25.584827007138,2.640950654213,
    41.200000053137));
#4076 = LINE('',#4077,#4078);
#4077 = CARTESIAN_POINT('',(25.584827007139,2.640950654213,
    41.600000053124));
#4078 = VECTOR('',#4079,1.);
#4079 = DIRECTION('',(-2.4173E-13,-1.224E-14,-1.));
#4080 = ORIENTED_EDGE('',*,*,#3986,.T.);
#4081 = ORIENTED_EDGE('',*,*,#4073,.F.);
#4082 = ORIENTED_EDGE('',*,*,#4083,.F.);
#4083 = EDGE_CURVE('',#4074,#4074,#4084,.T.);
#4084 = CIRCLE('',#4085,2.35);
#4085 = AXIS2_PLACEMENT_3D('',#4086,#4087,#4088);
#4086 = CARTESIAN_POINT('',(25.584827011175,0.290950654213,
    41.200000053137));
#4087 = DIRECTION('',(-6.43E-15,1.212E-14,1.));
#4088 = DIRECTION('',(1.7175975E-09,-1.,1.212000001104E-14));
#4089 = CYLINDRICAL_SURFACE('',#4090,2.35);
#4090 = AXIS2_PLACEMENT_3D('',#4091,#4092,#4093);
#4091 = CARTESIAN_POINT('',(25.584827011175,0.290950654213,
    41.600000053124));
#4092 = DIRECTION('',(2.4173E-13,1.224E-14,1.));
#4093 = DIRECTION('',(1.7175975E-09,-1.,1.223999958481E-14));
#4094 = ADVANCED_FACE('',(#4095),#4128,.F.);
#4095 = FACE_BOUND('',#4096,.T.);
#4096 = EDGE_LOOP('',(#4097,#4105,#4113,#4121,#4127));
#4097 = ORIENTED_EDGE('',*,*,#4098,.T.);
#4098 = EDGE_CURVE('',#1584,#4099,#4101,.T.);
#4099 = VERTEX_POINT('',#4100);
#4100 = CARTESIAN_POINT('',(23.727426195223,-5.951913322887,
    1.451318537683));
#4101 = LINE('',#4102,#4103);
#4102 = CARTESIAN_POINT('',(24.986851783357,-5.496880216305,
    3.726484059776));
#4103 = VECTOR('',#4104,1.);
#4104 = DIRECTION('',(-0.477055622973,-0.172361197183,-0.861805981817));
#4105 = ORIENTED_EDGE('',*,*,#4106,.F.);
#4106 = EDGE_CURVE('',#4107,#4099,#4109,.T.);
#4107 = VERTEX_POINT('',#4108);
#4108 = CARTESIAN_POINT('',(24.665626140592,-4.500594783577,-1.4051E-11)
  );
#4109 = LINE('',#4110,#4111);
#4110 = CARTESIAN_POINT('',(20.48177074012,-10.97267670861,
    6.472081917835));
#4111 = VECTOR('',#4112,1.);
#4112 = DIRECTION('',(-0.415732619885,-0.64310434211,0.643104341396));
#4113 = ORIENTED_EDGE('',*,*,#4114,.T.);
#4114 = EDGE_CURVE('',#4107,#4115,#4117,.T.);
#4115 = VERTEX_POINT('',#4116);
#4116 = CARTESIAN_POINT('',(30.88332383656,1.717102933755,-1.6094E-11));
#4117 = LINE('',#4118,#4119);
#4118 = CARTESIAN_POINT('',(24.034915082776,-5.131305843562,
    -1.403322E-11));
#4119 = VECTOR('',#4120,1.);
#4120 = DIRECTION('',(0.707106779972,0.707106782401,-1.8638E-13));
#4121 = ORIENTED_EDGE('',*,*,#4122,.F.);
#4122 = EDGE_CURVE('',#1592,#4115,#4123,.T.);
#4123 = LINE('',#4124,#4125);
#4124 = CARTESIAN_POINT('',(32.256801031696,2.604982612994,
    1.373477196645));
#4125 = VECTOR('',#4126,1.);
#4126 = DIRECTION('',(-0.643104340682,-0.415732622095,-0.643104341396));
#4127 = ORIENTED_EDGE('',*,*,#1591,.F.);
#4128 = PLANE('',#4129);
#4129 = AXIS2_PLACEMENT_3D('',#4130,#4131,#4132);
#4130 = CARTESIAN_POINT('',(26.069362540998,-4.864625334353,
    4.999999999986));
#4131 = DIRECTION('',(-0.685994341749,0.685994339391,0.242535625036));
#4132 = DIRECTION('',(-0.707106779972,-0.707106782401,1.842415109365E-13
    ));
#4133 = ADVANCED_FACE('',(#4134),#4153,.T.);
#4134 = FACE_BOUND('',#4135,.T.);
#4135 = EDGE_LOOP('',(#4136,#4137,#4138,#4147));
#4136 = ORIENTED_EDGE('',*,*,#1599,.T.);
#4137 = ORIENTED_EDGE('',*,*,#4122,.T.);
#4138 = ORIENTED_EDGE('',*,*,#4139,.T.);
#4139 = EDGE_CURVE('',#4115,#4140,#4142,.T.);
#4140 = VERTEX_POINT('',#4141);
#4141 = CARTESIAN_POINT('',(31.077597274589,2.111628849806,-1.6112E-11)
  );
#4142 = ELLIPSE('',#4143,0.62198305042,0.4);
#4143 = AXIS2_PLACEMENT_3D('',#4144,#4145,#4146);
#4144 = CARTESIAN_POINT('',(30.511911849954,1.928786136359,-1.611156E-11
    ));
#4145 = DIRECTION('',(2.4857E-13,1.518E-14,1.));
#4146 = DIRECTION('',(0.839804576103,0.542888822832,-2.169912758126E-13)
  );
#4147 = ORIENTED_EDGE('',*,*,#4148,.T.);
#4148 = EDGE_CURVE('',#4140,#1600,#4149,.T.);
#4149 = LINE('',#4150,#4151);
#4150 = CARTESIAN_POINT('',(32.265246007471,2.879380349237,
    1.187648734185));
#4151 = VECTOR('',#4152,1.);
#4152 = DIRECTION('',(0.643104340682,0.415732622095,0.643104341396));
#4153 = CYLINDRICAL_SURFACE('',#4154,0.4);
#4154 = AXIS2_PLACEMENT_3D('',#4155,#4156,#4157);
#4155 = CARTESIAN_POINT('',(31.982403294997,2.879380348751,
    1.470491446659));
#4156 = DIRECTION('',(0.643104340682,0.415732622095,0.643104341396));
#4157 = DIRECTION('',(0.765354729021,-0.376877889309,-0.52172329382));
#4158 = ADVANCED_FACE('',(#4159),#4178,.F.);
#4159 = FACE_BOUND('',#4160,.T.);
#4160 = EDGE_LOOP('',(#4161,#4169,#4175,#4176,#4177));
#4161 = ORIENTED_EDGE('',*,*,#4162,.F.);
#4162 = EDGE_CURVE('',#4163,#3287,#4165,.T.);
#4163 = VERTEX_POINT('',#4164);
#4164 = CARTESIAN_POINT('',(20.580248262536,3.230798239018,
    0.599995903688));
#4165 = LINE('',#4166,#4167);
#4166 = CARTESIAN_POINT('',(20.580248261905,3.230798238479,
    21.049997435712));
#4167 = VECTOR('',#4168,1.);
#4168 = DIRECTION('',(2.4214E-13,5.311E-14,1.));
#4169 = ORIENTED_EDGE('',*,*,#4170,.T.);
#4170 = EDGE_CURVE('',#4163,#240,#4171,.T.);
#4171 = LINE('',#4172,#4173);
#4172 = CARTESIAN_POINT('',(1.036394398104,-0.330192462144,
    0.599995904599));
#4173 = VECTOR('',#4174,1.);
#4174 = DIRECTION('',(-0.983802838917,-0.179253937583,2.5017E-13));
#4175 = ORIENTED_EDGE('',*,*,#239,.T.);
#4176 = ORIENTED_EDGE('',*,*,#4011,.T.);
#4177 = ORIENTED_EDGE('',*,*,#3294,.F.);
#4178 = PLANE('',#4179);
#4179 = AXIS2_PLACEMENT_3D('',#4180,#4181,#4182);
#4180 = CARTESIAN_POINT('',(-0.651691419954,-0.637770381107,
    21.299987909543));
#4181 = DIRECTION('',(0.179253937583,-0.983802838917,8.84E-15));
#4182 = DIRECTION('',(0.983802838917,0.179253937583,-2.33E-15));
#4183 = ADVANCED_FACE('',(#4184,#4196),#4199,.T.);
#4184 = FACE_BOUND('',#4185,.T.);
#4185 = EDGE_LOOP('',(#4186,#4187,#4188,#4189,#4195));
#4186 = ORIENTED_EDGE('',*,*,#3224,.T.);
#4187 = ORIENTED_EDGE('',*,*,#3192,.T.);
#4188 = ORIENTED_EDGE('',*,*,#3160,.T.);
#4189 = ORIENTED_EDGE('',*,*,#4190,.F.);
#4190 = EDGE_CURVE('',#3279,#3153,#4191,.T.);
#4191 = LINE('',#4192,#4193);
#4192 = CARTESIAN_POINT('',(20.580248368421,0.629392118249,
    11.599996433918));
#4193 = VECTOR('',#4194,1.);
#4194 = DIRECTION('',(-6.43E-15,1.212E-14,1.));
#4195 = ORIENTED_EDGE('',*,*,#3278,.T.);
#4196 = FACE_BOUND('',#4197,.T.);
#4197 = EDGE_LOOP('',(#4198));
#4198 = ORIENTED_EDGE('',*,*,#3627,.T.);
#4199 = PLANE('',#4200);
#4200 = AXIS2_PLACEMENT_3D('',#4201,#4202,#4203);
#4201 = CARTESIAN_POINT('',(0.295415123252,0.629392083408,
    21.599992814698));
#4202 = DIRECTION('',(-1.7175975E-09,1.,-1.212E-14));
#4203 = DIRECTION('',(-1.4E-16,-1.212000000024E-14,-1.));
#4204 = ADVANCED_FACE('',(#4205),#4223,.F.);
#4205 = FACE_BOUND('',#4206,.T.);
#4206 = EDGE_LOOP('',(#4207,#4208,#4216,#4222));
#4207 = ORIENTED_EDGE('',*,*,#4058,.F.);
#4208 = ORIENTED_EDGE('',*,*,#4209,.F.);
#4209 = EDGE_CURVE('',#4210,#4050,#4212,.T.);
#4210 = VERTEX_POINT('',#4211);
#4211 = CARTESIAN_POINT('',(20.580248396094,3.729395839422,
    35.600000151933));
#4212 = LINE('',#4213,#4214);
#4213 = CARTESIAN_POINT('',(24.816195750124,3.7293958467,35.229402779127
    ));
#4214 = VECTOR('',#4215,1.);
#4215 = DIRECTION('',(0.996194698092,1.71155532E-09,-8.715574274791E-02)
  );
#4216 = ORIENTED_EDGE('',*,*,#4217,.F.);
#4217 = EDGE_CURVE('',#3048,#4210,#4218,.T.);
#4218 = LINE('',#4219,#4220);
#4219 = CARTESIAN_POINT('',(20.580248396086,3.729395839422,
    4.600000053118));
#4220 = VECTOR('',#4221,1.);
#4221 = DIRECTION('',(2.4214E-13,1.656E-14,1.));
#4222 = ORIENTED_EDGE('',*,*,#3120,.T.);
#4223 = PLANE('',#4224);
#4224 = AXIS2_PLACEMENT_3D('',#4225,#4226,#4227);
#4225 = CARTESIAN_POINT('',(21.080248396087,3.72939584028,7.600000053111
    ));
#4226 = DIRECTION('',(-1.71809463E-09,1.,-1.656E-14));
#4227 = DIRECTION('',(2.4214E-13,1.656000041602E-14,1.));
#4228 = ADVANCED_FACE('',(#4229),#4255,.F.);
#4229 = FACE_BOUND('',#4230,.T.);
#4230 = EDGE_LOOP('',(#4231,#4232,#4240,#4248,#4254));
#4231 = ORIENTED_EDGE('',*,*,#4148,.F.);
#4232 = ORIENTED_EDGE('',*,*,#4233,.T.);
#4233 = EDGE_CURVE('',#4140,#4234,#4236,.T.);
#4234 = VERTEX_POINT('',#4235);
#4235 = CARTESIAN_POINT('',(31.077597271628,3.83530790313,-1.6112E-11));
#4236 = LINE('',#4237,#4238);
#4237 = CARTESIAN_POINT('',(31.077597248517,17.286773716022,
    -1.632472E-11));
#4238 = VECTOR('',#4239,1.);
#4239 = DIRECTION('',(-1.71809488E-09,1.,-1.5E-14));
#4240 = ORIENTED_EDGE('',*,*,#4241,.F.);
#4241 = EDGE_CURVE('',#4242,#4234,#4244,.T.);
#4242 = VERTEX_POINT('',#4243);
#4243 = CARTESIAN_POINT('',(32.983684649568,5.190952085698,
    1.906087380252));
#4244 = LINE('',#4245,#4246);
#4245 = CARTESIAN_POINT('',(30.983893725423,3.76866422836,
    -9.370354633516E-02));
#4246 = VECTOR('',#4247,1.);
#4247 = DIRECTION('',(-0.631719194489,-0.449290237655,-0.631719195261));
#4248 = ORIENTED_EDGE('',*,*,#4249,.F.);
#4249 = EDGE_CURVE('',#1609,#4242,#4250,.T.);
#4250 = LINE('',#4251,#4252);
#4251 = CARTESIAN_POINT('',(31.366259713589,7.465113178171,
    0.288662448181));
#4252 = VECTOR('',#4253,1.);
#4253 = DIRECTION('',(-0.501447313182,0.705054030142,-0.501447311971));
#4254 = ORIENTED_EDGE('',*,*,#1608,.F.);
#4255 = PLANE('',#4256);
#4256 = AXIS2_PLACEMENT_3D('',#4257,#4258,#4259);
#4257 = CARTESIAN_POINT('',(32.577597255291,13.344151599935,
    1.499999999984));
#4258 = DIRECTION('',(-0.707106781186,-1.21486593E-09,0.707106781187));
#4259 = DIRECTION('',(1.718091422336E-09,-1.,1.15476642852E-14));
#4260 = ADVANCED_FACE('',(#4261),#4288,.T.);
#4261 = FACE_BOUND('',#4262,.T.);
#4262 = EDGE_LOOP('',(#4263,#4272,#4273,#4282));
#4263 = ORIENTED_EDGE('',*,*,#4264,.T.);
#4264 = EDGE_CURVE('',#4265,#4242,#4267,.T.);
#4265 = VERTEX_POINT('',#4266);
#4266 = CARTESIAN_POINT('',(32.793662403795,5.458130604111,
    1.906087380252));
#4267 = ELLIPSE('',#4268,0.515997667345,0.4);
#4268 = AXIS2_PLACEMENT_3D('',#4269,#4270,#4271);
#4269 = CARTESIAN_POINT('',(32.888673526681,5.324541344905,
    2.376761682544));
#4270 = DIRECTION('',(-0.814914076933,-0.579581786477,2.0763E-13));
#4271 = DIRECTION('',(-2.176114731523E-13,-5.227104773283E-14,-1.));
#4272 = ORIENTED_EDGE('',*,*,#4241,.T.);
#4273 = ORIENTED_EDGE('',*,*,#4274,.T.);
#4274 = EDGE_CURVE('',#4234,#4275,#4277,.T.);
#4275 = VERTEX_POINT('',#4276);
#4276 = CARTESIAN_POINT('',(30.887575025856,4.102486421543,-1.6129E-11)
  );
#4277 = ELLIPSE('',#4278,0.633192727086,0.4);
#4278 = AXIS2_PLACEMENT_3D('',#4279,#4280,#4281);
#4279 = CARTESIAN_POINT('',(30.511911847024,3.634144995992,-1.612932E-11
    ));
#4280 = DIRECTION('',(2.4857E-13,1.518E-14,1.));
#4281 = DIRECTION('',(0.814914076933,0.579581786477,-2.11361243622E-13)
  );
#4282 = ORIENTED_EDGE('',*,*,#4283,.T.);
#4283 = EDGE_CURVE('',#4275,#4265,#4284,.T.);
#4284 = LINE('',#4285,#4286);
#4285 = CARTESIAN_POINT('',(30.793871479651,4.035842746773,
    -9.370354633518E-02));
#4286 = VECTOR('',#4287,1.);
#4287 = DIRECTION('',(0.631719194489,0.449290237655,0.631719195261));
#4288 = CYLINDRICAL_SURFACE('',#4289,0.4);
#4289 = AXIS2_PLACEMENT_3D('',#4290,#4291,#4292);
#4290 = CARTESIAN_POINT('',(30.701051012949,3.768664227874,0.18913916614
    ));
#4291 = DIRECTION('',(0.631719194489,0.449290237655,0.631719195261));
#4292 = DIRECTION('',(0.514796864887,0.366132939741,-0.775197302845));
#4293 = ADVANCED_FACE('',(#4294),#4330,.T.);
#4294 = FACE_BOUND('',#4295,.T.);
#4295 = EDGE_LOOP('',(#4296,#4306,#4315,#4323));
#4296 = ORIENTED_EDGE('',*,*,#4297,.F.);
#4297 = EDGE_CURVE('',#4298,#4300,#4302,.T.);
#4298 = VERTEX_POINT('',#4299);
#4299 = CARTESIAN_POINT('',(29.220676726806,6.12488516718,1.399999999985
    ));
#4300 = VERTEX_POINT('',#4301);
#4301 = CARTESIAN_POINT('',(29.10921820702,4.68152749296,-1.5117E-11));
#4302 = LINE('',#4303,#4304);
#4303 = CARTESIAN_POINT('',(29.107077780637,4.65380984666,
    -2.688519226437E-02));
#4304 = VECTOR('',#4305,1.);
#4305 = DIRECTION('',(-5.53452209271E-02,-0.716705636408,-0.695176191524
    ));
#4306 = ORIENTED_EDGE('',*,*,#4307,.T.);
#4307 = EDGE_CURVE('',#4298,#4308,#4310,.T.);
#4308 = VERTEX_POINT('',#4309);
#4309 = CARTESIAN_POINT('',(29.367114107983,6.15156681081,1.436630160806
    ));
#4310 = ELLIPSE('',#4311,0.575393698572,0.4);
#4311 = AXIS2_PLACEMENT_3D('',#4312,#4313,#4314);
#4312 = CARTESIAN_POINT('',(29.293895417395,6.138225988995,
    1.965685424934));
#4313 = DIRECTION('',(0.179253934704,-0.983802839441,-4.237582507116E-14
    ));
#4314 = DIRECTION('',(-0.250345615582,-4.561425809096E-02,
    -0.967081388621));
#4315 = ORIENTED_EDGE('',*,*,#4316,.T.);
#4316 = EDGE_CURVE('',#4308,#4317,#4319,.T.);
#4317 = VERTEX_POINT('',#4318);
#4318 = CARTESIAN_POINT('',(29.252739342836,4.67044454821,-1.6129E-11));
#4319 = LINE('',#4320,#4321);
#4320 = CARTESIAN_POINT('',(29.250598932761,4.642726816868,
    -2.688510588612E-02));
#4321 = VECTOR('',#4322,1.);
#4322 = DIRECTION('',(-5.53452209271E-02,-0.716705636408,-0.695176191524
    ));
#4323 = ORIENTED_EDGE('',*,*,#4324,.T.);
#4324 = EDGE_CURVE('',#4317,#4300,#4325,.T.);
#4325 = ELLIPSE('',#4326,0.575393698572,0.4);
#4326 = AXIS2_PLACEMENT_3D('',#4327,#4328,#4329);
#4327 = CARTESIAN_POINT('',(29.137400854659,4.111663743849,-1.51168E-11)
  );
#4328 = DIRECTION('',(2.4857E-13,1.518E-14,1.));
#4329 = DIRECTION('',(7.699247149162E-02,0.997031674188,
    -3.427295945284E-14));
#4330 = CYLINDRICAL_SURFACE('',#4331,0.4);
#4331 = AXIS2_PLACEMENT_3D('',#4332,#4333,#4334);
#4332 = CARTESIAN_POINT('',(29.157778466059,4.375548297969,
    0.255957606589));
#4333 = DIRECTION('',(5.53452209271E-02,0.716705636408,0.695176191524));
#4334 = DIRECTION('',(5.352333310734E-02,0.69311268209,-0.718839385912)
  );
#4335 = ADVANCED_FACE('',(#4336),#4432,.F.);
#4336 = FACE_BOUND('',#4337,.T.);
#4337 = EDGE_LOOP('',(#4338,#4409,#4415,#4416,#4417,#4425));
#4338 = ORIENTED_EDGE('',*,*,#4339,.F.);
#4339 = EDGE_CURVE('',#4340,#4342,#4344,.T.);
#4340 = VERTEX_POINT('',#4341);
#4341 = CARTESIAN_POINT('',(20.580248442453,-2.291016120967,
    35.60000014766));
#4342 = VERTEX_POINT('',#4343);
#4343 = CARTESIAN_POINT('',(28.70371179086,5.02970469368,34.889237541862
    ));
#4344 = B_SPLINE_CURVE_WITH_KNOTS('',3,(#4345,#4346,#4347,#4348,#4349,
    #4350,#4351,#4352,#4353,#4354,#4355,#4356,#4357,#4358,#4359,#4360,
    #4361,#4362,#4363,#4364,#4365,#4366,#4367,#4368,#4369,#4370,#4371,
    #4372,#4373,#4374,#4375,#4376,#4377,#4378,#4379,#4380,#4381,#4382,
    #4383,#4384,#4385,#4386,#4387,#4388,#4389,#4390,#4391,#4392,#4393,
    #4394,#4395,#4396,#4397,#4398,#4399,#4400,#4401,#4402,#4403,#4404,
    #4405,#4406,#4407,#4408),.UNSPECIFIED.,.F.,.F.,(4,3,3,3,3,3,3,3,3,3,
    3,3,3,3,3,3,3,3,3,3,3,4),(-0.695728414215,-0.609984188546,
    -0.532902803533,-0.501667369381,-0.48594066662,-0.454761053854,
    -0.423589663004,-0.392718484859,-0.380850199457,-0.369850586831,
    -0.294888649021,-0.2222298309,-0.199431959917,-0.176215824182,
    -0.17177356928,-0.148224585117,-0.124323649727,-0.100030363659,
    -7.506359283193E-02,-4.97449005381E-02,-2.39711492098E-02,
    -1.632803516896E-04),.UNSPECIFIED.);
#4345 = CARTESIAN_POINT('',(20.580248478468,-2.291016120967,
    35.60000014766));
#4346 = CARTESIAN_POINT('',(21.106636867791,-2.292807084087,
    35.553947130983));
#4347 = CARTESIAN_POINT('',(21.63298723414,-2.242334777297,
    35.507897592771));
#4348 = CARTESIAN_POINT('',(22.149831886439,-2.14213793308,
    35.462679535794));
#4349 = CARTESIAN_POINT('',(22.614459111475,-2.052064094687,
    35.42202991266));
#4350 = CARTESIAN_POINT('',(23.07140392141,-1.921806538092,
    35.382052287139));
#4351 = CARTESIAN_POINT('',(23.513755221026,-1.753223529868,
    35.343351563043));
#4352 = CARTESIAN_POINT('',(23.693007771935,-1.684909196236,
    35.327668996897));
#4353 = CARTESIAN_POINT('',(23.869390027073,-1.610486336455,
    35.312237856256));
#4354 = CARTESIAN_POINT('',(24.042648664831,-1.530086845062,
    35.297080016736));
#4355 = CARTESIAN_POINT('',(24.129882512246,-1.489606572015,
    35.289448208723));
#4356 = CARTESIAN_POINT('',(24.21632437698,-1.447610399338,35.2818856955
    ));
#4357 = CARTESIAN_POINT('',(24.301940683256,-1.40411032502,
    35.27439538084));
#4358 = CARTESIAN_POINT('',(24.471682765674,-1.317867487395,
    35.259545153545));
#4359 = CARTESIAN_POINT('',(24.63818133496,-1.225716257377,
    35.24497857998));
#4360 = CARTESIAN_POINT('',(24.8012049541,-1.127854669815,
    35.230715869162));
#4361 = CARTESIAN_POINT('',(24.964185584677,-1.030018887894,
    35.216456919354));
#4362 = CARTESIAN_POINT('',(25.123693620588,-0.926475413859,
    35.202501623599));
#4363 = CARTESIAN_POINT('',(25.279471087026,-0.817377581911,
    35.188872610018));
#4364 = CARTESIAN_POINT('',(25.433748255496,-0.709330474817,
    35.175374857922));
#4365 = CARTESIAN_POINT('',(25.584366831459,-0.595835100561,
    35.162197090309));
#4366 = CARTESIAN_POINT('',(25.731042732518,-0.477002228285,
    35.149364351232));
#4367 = CARTESIAN_POINT('',(25.787431622086,-0.431317465735,
    35.144430862489));
#4368 = CARTESIAN_POINT('',(25.843237400118,-0.384843456192,
    35.139548404181));
#4369 = CARTESIAN_POINT('',(25.898442364194,-0.337585150349,
    35.134718542372));
#4370 = CARTESIAN_POINT('',(25.949606723606,-0.293785811181,
    35.130242191565));
#4371 = CARTESIAN_POINT('',(26.000254989269,-0.249312770689,
    35.12581102072));
#4372 = CARTESIAN_POINT('',(26.050378274353,-0.204174203805,
    35.121425801474));
#4373 = CARTESIAN_POINT('',(26.391966538136,0.103443396793,
    35.091540700648));
#4374 = CARTESIAN_POINT('',(26.707314714505,0.440300641909,
    35.063951485134));
#4375 = CARTESIAN_POINT('',(26.992453183217,0.801205495942,
    35.039005127274));
#4376 = CARTESIAN_POINT('',(27.26883109903,1.151021961659,35.01482521769
    ));
#4377 = CARTESIAN_POINT('',(27.516827502736,1.523430758119,
    34.993128237015));
#4378 = CARTESIAN_POINT('',(27.732790713757,1.913672134917,
    34.974233827093));
#4379 = CARTESIAN_POINT('',(27.800552639277,2.03611663361,
    34.968305402563));
#4380 = CARTESIAN_POINT('',(27.865160620694,2.160316510533,
    34.962652918236));
#4381 = CARTESIAN_POINT('',(27.926500972969,2.286124125638,
    34.957286332733));
#4382 = CARTESIAN_POINT('',(27.988966715738,2.41423989009,
    34.951821288319));
#4383 = CARTESIAN_POINT('',(28.046570145413,2.541000705446,
    34.946781208928));
#4384 = CARTESIAN_POINT('',(28.099638589474,2.665943823305,
    34.942137974277));
#4385 = CARTESIAN_POINT('',(28.109792887263,2.689850867271,
    34.941249521861));
#4386 = CARTESIAN_POINT('',(28.119781231575,2.713691490054,
    34.94037559107));
#4387 = CARTESIAN_POINT('',(28.129606029685,2.737462631506,
    34.939515974181));
#4388 = CARTESIAN_POINT('',(28.181688591407,2.863476614489,
    34.934959030701));
#4389 = CARTESIAN_POINT('',(28.229175099419,2.987533681794,
    34.930804345899));
#4390 = CARTESIAN_POINT('',(28.272503347254,3.109177722766,
    34.927013586696));
#4391 = CARTESIAN_POINT('',(28.316479157207,3.23263979416,
    34.923166172719));
#4392 = CARTESIAN_POINT('',(28.356171732687,3.353616277992,
    34.919693620721));
#4393 = CARTESIAN_POINT('',(28.392038550306,3.471684886997,
    34.916555846664));
#4394 = CARTESIAN_POINT('',(28.428494146981,3.591691675324,
    34.913366563837));
#4395 = CARTESIAN_POINT('',(28.460997644174,3.708694480181,
    34.910523113206));
#4396 = CARTESIAN_POINT('',(28.49002502422,3.822303959852,
    34.907983780753));
#4397 = CARTESIAN_POINT('',(28.519857132699,3.939063044429,
    34.905374050179));
#4398 = CARTESIAN_POINT('',(28.546018092494,4.052238159835,
    34.903085498889));
#4399 = CARTESIAN_POINT('',(28.569014795668,4.161461525774,
    34.901073719097));
#4400 = CARTESIAN_POINT('',(28.592335651035,4.272224459943,
    34.899033582074));
#4401 = CARTESIAN_POINT('',(28.612402834274,4.378923751502,
    34.897278035485));
#4402 = CARTESIAN_POINT('',(28.629728990796,4.48122818866,
    34.895762211884));
#4403 = CARTESIAN_POINT('',(28.647366554557,4.58537136843,
    34.894219144015));
#4404 = CARTESIAN_POINT('',(28.66216417411,4.684960624794,
    34.892924447749));
#4405 = CARTESIAN_POINT('',(28.674639174759,4.779695679948,
    34.891832927304));
#4406 = CARTESIAN_POINT('',(28.686162649774,4.867204857042,
    34.89082466214));
#4407 = CARTESIAN_POINT('',(28.695704337492,4.95057291697,
    34.889989757316));
#4408 = CARTESIAN_POINT('',(28.703649089477,5.029595296743,
    34.889294681305));
#4409 = ORIENTED_EDGE('',*,*,#4410,.T.);
#4410 = EDGE_CURVE('',#4340,#4210,#4411,.T.);
#4411 = LINE('',#4412,#4413);
#4412 = CARTESIAN_POINT('',(20.580248405802,-1.920785451823,
    35.60000015387));
#4413 = VECTOR('',#4414,1.);
#4414 = DIRECTION('',(-1.71809463E-09,1.,-3.4284843E-10));
#4415 = ORIENTED_EDGE('',*,*,#4209,.T.);
#4416 = ORIENTED_EDGE('',*,*,#4049,.F.);
#4417 = ORIENTED_EDGE('',*,*,#4418,.T.);
#4418 = EDGE_CURVE('',#4042,#4419,#4421,.T.);
#4419 = VERTEX_POINT('',#4420);
#4420 = CARTESIAN_POINT('',(25.34039533365,3.7293958476,35.183541258143)
  );
#4421 = LINE('',#4422,#4423);
#4422 = CARTESIAN_POINT('',(24.816195750124,3.7293958467,35.229402779127
    ));
#4423 = VECTOR('',#4424,1.);
#4424 = DIRECTION('',(0.996194698092,1.71155532E-09,-8.715574274791E-02)
  );
#4425 = ORIENTED_EDGE('',*,*,#4426,.F.);
#4426 = EDGE_CURVE('',#4342,#4419,#4427,.T.);
#4427 = ELLIPSE('',#4428,5.019099187717,5.);
#4428 = AXIS2_PLACEMENT_3D('',#4429,#4430,#4431);
#4429 = CARTESIAN_POINT('',(25.34039532506,8.729395847601,
    35.183541256429));
#4430 = DIRECTION('',(-8.715574274791E-02,-4.9128527E-10,-0.996194698092
    ));
#4431 = DIRECTION('',(0.996194698092,5.61522753E-09,-8.715574274791E-02)
  );
#4432 = PLANE('',#4433);
#4433 = AXIS2_PLACEMENT_3D('',#4434,#4435,#4436);
#4434 = CARTESIAN_POINT('',(26.124866674356,1.229033254634,
    35.114908910203));
#4435 = DIRECTION('',(8.715574274791E-02,4.912856E-10,0.996194698092));
#4436 = DIRECTION('',(9.540470880389E-09,-1.,-3.415208155562E-10));
#4437 = ADVANCED_FACE('',(#4438),#4463,.T.);
#4438 = FACE_BOUND('',#4439,.T.);
#4439 = EDGE_LOOP('',(#4440,#4441,#4449,#4457));
#4440 = ORIENTED_EDGE('',*,*,#3070,.T.);
#4441 = ORIENTED_EDGE('',*,*,#4442,.T.);
#4442 = EDGE_CURVE('',#3063,#4443,#4445,.T.);
#4443 = VERTEX_POINT('',#4444);
#4444 = CARTESIAN_POINT('',(25.080248396089,3.729395847154,
    12.713350627622));
#4445 = LINE('',#4446,#4447);
#4446 = CARTESIAN_POINT('',(25.080248409438,-4.041173727318,
    7.272339235394));
#4447 = VECTOR('',#4448,1.);
#4448 = DIRECTION('',(-1.40724094E-09,0.819152044289,0.573576436351));
#4449 = ORIENTED_EDGE('',*,*,#4450,.T.);
#4450 = EDGE_CURVE('',#4443,#4451,#4453,.T.);
#4451 = VERTEX_POINT('',#4452);
#4452 = CARTESIAN_POINT('',(25.080248396088,3.729395847154,
    11.980885874365));
#4453 = LINE('',#4454,#4455);
#4454 = CARTESIAN_POINT('',(25.080248396089,3.729395847154,
    14.450003234751));
#4455 = VECTOR('',#4456,1.);
#4456 = DIRECTION('',(-2.4214E-13,-1.623E-14,-1.));
#4457 = ORIENTED_EDGE('',*,*,#4458,.F.);
#4458 = EDGE_CURVE('',#3071,#4451,#4459,.T.);
#4459 = LINE('',#4460,#4461);
#4460 = CARTESIAN_POINT('',(25.080248408846,-3.697027865507,
    6.780848008821));
#4461 = VECTOR('',#4462,1.);
#4462 = DIRECTION('',(-1.40724094E-09,0.819152044289,0.573576436351));
#4463 = PLANE('',#4464);
#4464 = AXIS2_PLACEMENT_3D('',#4465,#4466,#4467);
#4465 = CARTESIAN_POINT('',(25.080248366024,21.229395824384,
    21.300010406377));
#4466 = DIRECTION('',(-1.,-1.71809463E-09,2.4214E-13));
#4467 = DIRECTION('',(1.71809463E-09,-1.,1.173E-14));
#4468 = ADVANCED_FACE('',(#4469),#4494,.T.);
#4469 = FACE_BOUND('',#4470,.T.);
#4470 = EDGE_LOOP('',(#4471,#4472,#4480,#4488));
#4471 = ORIENTED_EDGE('',*,*,#2965,.F.);
#4472 = ORIENTED_EDGE('',*,*,#4473,.T.);
#4473 = EDGE_CURVE('',#2958,#4474,#4476,.T.);
#4474 = VERTEX_POINT('',#4475);
#4475 = CARTESIAN_POINT('',(25.080248409834,-4.270604301858,
    16.336015876809));
#4476 = LINE('',#4477,#4478);
#4477 = CARTESIAN_POINT('',(25.080248409837,-4.270604301858,
    28.450001213619));
#4478 = VECTOR('',#4479,1.);
#4479 = DIRECTION('',(2.4214E-13,1.615E-14,1.));
#4480 = ORIENTED_EDGE('',*,*,#4481,.T.);
#4481 = EDGE_CURVE('',#4474,#4482,#4484,.T.);
#4482 = VERTEX_POINT('',#4483);
#4483 = CARTESIAN_POINT('',(25.080248396091,3.729395847154,
    21.937676286825));
#4484 = LINE('',#4485,#4486);
#4485 = CARTESIAN_POINT('',(25.080248406878,-2.549874992805,
    17.540883510226));
#4486 = VECTOR('',#4487,1.);
#4487 = DIRECTION('',(-1.40724134E-09,0.819152044289,0.573576436351));
#4488 = ORIENTED_EDGE('',*,*,#4489,.T.);
#4489 = EDGE_CURVE('',#4482,#2966,#4490,.T.);
#4490 = LINE('',#4491,#4492);
#4491 = CARTESIAN_POINT('',(25.080248396089,3.729395847154,
    14.450003234751));
#4492 = VECTOR('',#4493,1.);
#4493 = DIRECTION('',(-2.4214E-13,-1.623E-14,-1.));
#4494 = PLANE('',#4495);
#4495 = AXIS2_PLACEMENT_3D('',#4496,#4497,#4498);
#4496 = CARTESIAN_POINT('',(25.080248366024,21.229395824384,
    21.300010406377));
#4497 = DIRECTION('',(-1.,-1.71809463E-09,2.4214E-13));
#4498 = DIRECTION('',(1.71809463E-09,-1.,1.173E-14));
#4499 = ADVANCED_FACE('',(#4500),#4550,.F.);
#4500 = FACE_BOUND('',#4501,.T.);
#4501 = EDGE_LOOP('',(#4502,#4510,#4511,#4512,#4513,#4521,#4527,#4528,
    #4536,#4542,#4543,#4544));
#4502 = ORIENTED_EDGE('',*,*,#4503,.F.);
#4503 = EDGE_CURVE('',#4419,#4504,#4506,.T.);
#4504 = VERTEX_POINT('',#4505);
#4505 = CARTESIAN_POINT('',(25.340395333647,3.729395847601,
    21.937676286825));
#4506 = LINE('',#4507,#4508);
#4507 = CARTESIAN_POINT('',(25.34039533365,3.729395847601,35.60000005311
    ));
#4508 = VECTOR('',#4509,1.);
#4509 = DIRECTION('',(-2.4205E-13,-1.623E-14,-1.));
#4510 = ORIENTED_EDGE('',*,*,#4418,.F.);
#4511 = ORIENTED_EDGE('',*,*,#4041,.F.);
#4512 = ORIENTED_EDGE('',*,*,#3103,.T.);
#4513 = ORIENTED_EDGE('',*,*,#4514,.F.);
#4514 = EDGE_CURVE('',#4515,#3096,#4517,.T.);
#4515 = VERTEX_POINT('',#4516);
#4516 = CARTESIAN_POINT('',(25.340395333645,3.729395847601,
    11.980885874365));
#4517 = LINE('',#4518,#4519);
#4518 = CARTESIAN_POINT('',(25.34039533365,3.729395847601,35.60000005311
    ));
#4519 = VECTOR('',#4520,1.);
#4520 = DIRECTION('',(-2.4205E-13,-1.671E-14,-1.));
#4521 = ORIENTED_EDGE('',*,*,#4522,.F.);
#4522 = EDGE_CURVE('',#4451,#4515,#4523,.T.);
#4523 = LINE('',#4524,#4525);
#4524 = CARTESIAN_POINT('',(21.080248396088,3.729395840282,
    11.980885874366));
#4525 = VECTOR('',#4526,1.);
#4526 = DIRECTION('',(1.,1.71809463E-09,-2.4146E-13));
#4527 = ORIENTED_EDGE('',*,*,#4450,.F.);
#4528 = ORIENTED_EDGE('',*,*,#4529,.F.);
#4529 = EDGE_CURVE('',#4530,#4443,#4532,.T.);
#4530 = VERTEX_POINT('',#4531);
#4531 = CARTESIAN_POINT('',(25.340395333645,3.729395847601,
    12.713350627622));
#4532 = LINE('',#4533,#4534);
#4533 = CARTESIAN_POINT('',(21.080248396089,3.729395840282,
    12.713350627623));
#4534 = VECTOR('',#4535,1.);
#4535 = DIRECTION('',(-1.,-1.71809463E-09,2.4146E-13));
#4536 = ORIENTED_EDGE('',*,*,#4537,.F.);
#4537 = EDGE_CURVE('',#2974,#4530,#4538,.T.);
#4538 = LINE('',#4539,#4540);
#4539 = CARTESIAN_POINT('',(25.34039533365,3.729395847601,35.60000005311
    ));
#4540 = VECTOR('',#4541,1.);
#4541 = DIRECTION('',(-2.4205E-13,-1.623E-14,-1.));
#4542 = ORIENTED_EDGE('',*,*,#2973,.F.);
#4543 = ORIENTED_EDGE('',*,*,#4489,.F.);
#4544 = ORIENTED_EDGE('',*,*,#4545,.F.);
#4545 = EDGE_CURVE('',#4504,#4482,#4546,.T.);
#4546 = LINE('',#4547,#4548);
#4547 = CARTESIAN_POINT('',(21.080248396091,3.729395840282,
    21.937676286826));
#4548 = VECTOR('',#4549,1.);
#4549 = DIRECTION('',(-1.,-1.71809463E-09,2.4146E-13));
#4550 = PLANE('',#4551);
#4551 = AXIS2_PLACEMENT_3D('',#4552,#4553,#4554);
#4552 = CARTESIAN_POINT('',(21.080248396087,3.72939584028,7.600000053111
    ));
#4553 = DIRECTION('',(-1.71809463E-09,1.,-1.656E-14));
#4554 = DIRECTION('',(2.4214E-13,1.656000041602E-14,1.));
#4555 = ADVANCED_FACE('',(#4556),#4590,.F.);
#4556 = FACE_BOUND('',#4557,.T.);
#4557 = EDGE_LOOP('',(#4558,#4568,#4576,#4584));
#4558 = ORIENTED_EDGE('',*,*,#4559,.F.);
#4559 = EDGE_CURVE('',#4560,#4562,#4564,.T.);
#4560 = VERTEX_POINT('',#4561);
#4561 = CARTESIAN_POINT('',(22.40373472859,4.88280329148,4.784785357987)
  );
#4562 = VERTEX_POINT('',#4563);
#4563 = CARTESIAN_POINT('',(21.83424021653,3.459479884242,3.361461951727
    ));
#4564 = LINE('',#4565,#4566);
#4565 = CARTESIAN_POINT('',(22.857697118532,6.017380151294,5.91936221744
    ));
#4566 = VECTOR('',#4567,1.);
#4567 = DIRECTION('',(-0.272238625511,-0.680399195846,-0.680399195379));
#4568 = ORIENTED_EDGE('',*,*,#4569,.F.);
#4569 = EDGE_CURVE('',#4570,#4560,#4572,.T.);
#4570 = VERTEX_POINT('',#4571);
#4571 = CARTESIAN_POINT('',(22.40373514818,4.882802778616,1.399997952195
    ));
#4572 = LINE('',#4573,#4574);
#4573 = CARTESIAN_POINT('',(22.403734729054,4.882803291872,
    10.34999190706));
#4574 = VECTOR('',#4575,1.);
#4575 = DIRECTION('',(2.4849E-13,1.87E-15,1.));
#4576 = ORIENTED_EDGE('',*,*,#4577,.T.);
#4577 = EDGE_CURVE('',#4570,#4578,#4580,.T.);
#4578 = VERTEX_POINT('',#4579);
#4579 = CARTESIAN_POINT('',(21.834240216992,3.459479884633,
    1.399995904593));
#4580 = LINE('',#4581,#4582);
#4581 = CARTESIAN_POINT('',(27.072688995274,16.551804052573,
    1.399995904591));
#4582 = VECTOR('',#4583,1.);
#4583 = DIRECTION('',(-0.371483542995,-0.928439538841,1.0359E-13));
#4584 = ORIENTED_EDGE('',*,*,#4585,.T.);
#4585 = EDGE_CURVE('',#4578,#4562,#4586,.T.);
#4586 = LINE('',#4587,#4588);
#4587 = CARTESIAN_POINT('',(21.834240216995,3.459479884635,
    10.349991907064));
#4588 = VECTOR('',#4589,1.);
#4589 = DIRECTION('',(2.7048E-13,5.681E-14,1.));
#4590 = PLANE('',#4591);
#4591 = AXIS2_PLACEMENT_3D('',#4592,#4593,#4594);
#4592 = CARTESIAN_POINT('',(28.904336008318,21.129593675225,
    -0.600004095409));
#4593 = DIRECTION('',(0.928439538841,-0.371483542995,-2.3002E-13));
#4594 = DIRECTION('',(-0.371483542995,-0.928439538841,1.0363E-13));
#4595 = ADVANCED_FACE('',(#4596),#4629,.F.);
#4596 = FACE_BOUND('',#4597,.T.);
#4597 = EDGE_LOOP('',(#4598,#4608,#4614,#4615,#4623));
#4598 = ORIENTED_EDGE('',*,*,#4599,.F.);
#4599 = EDGE_CURVE('',#4600,#4602,#4604,.T.);
#4600 = VERTEX_POINT('',#4601);
#4601 = CARTESIAN_POINT('',(20.580248396943,3.230996128769,
    3.132978198826));
#4602 = VERTEX_POINT('',#4603);
#4603 = CARTESIAN_POINT('',(20.580248396942,3.230996128769,
    0.599995904593));
#4604 = LINE('',#4605,#4606);
#4605 = CARTESIAN_POINT('',(20.580248396947,3.230996128769,
    21.049999157957));
#4606 = VECTOR('',#4607,1.);
#4607 = DIRECTION('',(-2.4214E-13,-5.265E-14,-1.));
#4608 = ORIENTED_EDGE('',*,*,#4609,.F.);
#4609 = EDGE_CURVE('',#4562,#4600,#4610,.T.);
#4610 = LINE('',#4611,#4612);
#4611 = CARTESIAN_POINT('',(3.318870576961,8.588435638446E-02,
    -1.213354391012E-02));
#4612 = VECTOR('',#4613,1.);
#4613 = DIRECTION('',(-0.968368058721,-0.176441638277,-0.176441636614));
#4614 = ORIENTED_EDGE('',*,*,#4585,.F.);
#4615 = ORIENTED_EDGE('',*,*,#4616,.F.);
#4616 = EDGE_CURVE('',#4617,#4578,#4619,.T.);
#4617 = VERTEX_POINT('',#4618);
#4618 = CARTESIAN_POINT('',(20.904821794445,3.290135070291,
    0.599995904593));
#4619 = LINE('',#4620,#4621);
#4620 = CARTESIAN_POINT('',(21.77758586954,3.449157171291,1.351230486497
    ));
#4621 = VECTOR('',#4622,1.);
#4622 = DIRECTION('',(0.750778044055,0.136795619065,0.646234699757));
#4623 = ORIENTED_EDGE('',*,*,#4624,.F.);
#4624 = EDGE_CURVE('',#4602,#4617,#4625,.T.);
#4625 = LINE('',#4626,#4627);
#4626 = CARTESIAN_POINT('',(1.036394415239,-0.329994533544,
    0.599995904598));
#4627 = VECTOR('',#4628,1.);
#4628 = DIRECTION('',(0.983802839448,0.17925393467,-2.5004E-13));
#4629 = PLANE('',#4630);
#4630 = AXIS2_PLACEMENT_3D('',#4631,#4632,#4633);
#4631 = CARTESIAN_POINT('',(-0.65169140373,-0.637572447509,
    21.299987909542));
#4632 = DIRECTION('',(0.17925393467,-0.983802839448,8.39E-15));
#4633 = DIRECTION('',(0.983802839448,0.17925393467,-2.25E-15));
#4634 = ADVANCED_FACE('',(#4635),#4668,.F.);
#4635 = FACE_BOUND('',#4636,.T.);
#4636 = EDGE_LOOP('',(#4637,#4645,#4653,#4661,#4667));
#4637 = ORIENTED_EDGE('',*,*,#4638,.F.);
#4638 = EDGE_CURVE('',#4639,#3735,#4641,.T.);
#4639 = VERTEX_POINT('',#4640);
#4640 = CARTESIAN_POINT('',(20.58024825416,7.329399461002,7.231459298499
    ));
#4641 = LINE('',#4642,#4643);
#4642 = CARTESIAN_POINT('',(20.580248267004,7.329395839422,
    21.925004839176));
#4643 = VECTOR('',#4644,1.);
#4644 = DIRECTION('',(2.4214E-13,1.173E-14,1.));
#4645 = ORIENTED_EDGE('',*,*,#4646,.F.);
#4646 = EDGE_CURVE('',#4647,#4639,#4649,.T.);
#4647 = VERTEX_POINT('',#4648);
#4648 = CARTESIAN_POINT('',(20.080243331483,7.329494740297,7.23147681079
    ));
#4649 = LINE('',#4650,#4651);
#4650 = CARTESIAN_POINT('',(-0.607796767822,7.329494735658,
    7.231476842108));
#4651 = VECTOR('',#4652,1.);
#4652 = DIRECTION('',(1.,2.3676671E-10,-1.48083093E-09));
#4653 = ORIENTED_EDGE('',*,*,#4654,.F.);
#4654 = EDGE_CURVE('',#4655,#4647,#4657,.T.);
#4655 = VERTEX_POINT('',#4656);
#4656 = CARTESIAN_POINT('',(19.275333760617,7.329494740366,
    8.369790843327));
#4657 = LINE('',#4658,#4659);
#4658 = CARTESIAN_POINT('',(12.808046151327,7.329494738835,
    17.515916701734));
#4659 = VECTOR('',#4660,1.);
#4660 = DIRECTION('',(0.577350268786,1.3664661E-10,-0.816496581213));
#4661 = ORIENTED_EDGE('',*,*,#4662,.F.);
#4662 = EDGE_CURVE('',#3743,#4655,#4663,.T.);
#4663 = LINE('',#4664,#4665);
#4664 = CARTESIAN_POINT('',(19.275333760616,7.329494740368,
    21.36250676166));
#4665 = VECTOR('',#4666,1.);
#4666 = DIRECTION('',(4.934E-14,-6.211E-14,-1.));
#4667 = ORIENTED_EDGE('',*,*,#3742,.F.);
#4668 = PLANE('',#4669);
#4669 = AXIS2_PLACEMENT_3D('',#4670,#4671,#4672);
#4670 = CARTESIAN_POINT('',(-3.067239486599,7.329494735077,
    20.800006961891));
#4671 = DIRECTION('',(2.3676671E-10,-1.,6.211E-14));
#4672 = DIRECTION('',(1.,2.3676671E-10,-1.4E-16));
#4673 = ADVANCED_FACE('',(#4674),#4693,.F.);
#4674 = FACE_BOUND('',#4675,.F.);
#4675 = EDGE_LOOP('',(#4676,#4684,#4691,#4692));
#4676 = ORIENTED_EDGE('',*,*,#4677,.T.);
#4677 = EDGE_CURVE('',#4074,#4678,#4680,.T.);
#4678 = VERTEX_POINT('',#4679);
#4679 = CARTESIAN_POINT('',(25.584827006451,3.040950654213,
    41.600000053138));
#4680 = LINE('',#4681,#4682);
#4681 = CARTESIAN_POINT('',(25.584827006795,2.840950654213,
    41.400000053137));
#4682 = VECTOR('',#4683,1.);
#4683 = DIRECTION('',(-1.21452465E-09,0.707106781186,0.707106781187));
#4684 = ORIENTED_EDGE('',*,*,#4685,.T.);
#4685 = EDGE_CURVE('',#4678,#4678,#4686,.T.);
#4686 = CIRCLE('',#4687,2.75);
#4687 = AXIS2_PLACEMENT_3D('',#4688,#4689,#4690);
#4688 = CARTESIAN_POINT('',(25.584827011175,0.290950654213,
    41.600000053138));
#4689 = DIRECTION('',(6.43E-15,-1.212E-14,-1.));
#4690 = DIRECTION('',(1.7175975E-09,-1.,1.212000001104E-14));
#4691 = ORIENTED_EDGE('',*,*,#4677,.F.);
#4692 = ORIENTED_EDGE('',*,*,#4083,.T.);
#4693 = CONICAL_SURFACE('',#4694,2.55,0.785398163397);
#4694 = AXIS2_PLACEMENT_3D('',#4695,#4696,#4697);
#4695 = CARTESIAN_POINT('',(25.584827011175,0.290950654213,
    41.400000053137));
#4696 = DIRECTION('',(1.4E-16,1.224E-14,1.));
#4697 = DIRECTION('',(1.7175975E-09,-1.,1.223999999976E-14));
#4698 = ADVANCED_FACE('',(#4699),#4734,.F.);
#4699 = FACE_BOUND('',#4700,.T.);
#4700 = EDGE_LOOP('',(#4701,#4709,#4717,#4725,#4732,#4733));
#4701 = ORIENTED_EDGE('',*,*,#4702,.F.);
#4702 = EDGE_CURVE('',#4703,#1582,#4705,.T.);
#4703 = VERTEX_POINT('',#4704);
#4704 = CARTESIAN_POINT('',(22.291810851684,-6.47060415765,
    41.600000053125));
#4705 = LINE('',#4706,#4707);
#4706 = CARTESIAN_POINT('',(25.322967314275,-5.375440969999,
    41.600000053124));
#4707 = VECTOR('',#4708,1.);
#4708 = DIRECTION('',(0.940496505319,0.339803360022,-2.321E-13));
#4709 = ORIENTED_EDGE('',*,*,#4710,.F.);
#4710 = EDGE_CURVE('',#4711,#4703,#4713,.T.);
#4711 = VERTEX_POINT('',#4712);
#4712 = CARTESIAN_POINT('',(22.291810851674,-6.470604157651,
    1.775735931275));
#4713 = LINE('',#4714,#4715);
#4714 = CARTESIAN_POINT('',(22.291810851675,-6.470604157651,
    2.474999999987));
#4715 = VECTOR('',#4716,1.);
#4716 = DIRECTION('',(2.4991E-13,1.224E-14,1.));
#4717 = ORIENTED_EDGE('',*,*,#4718,.F.);
#4718 = EDGE_CURVE('',#4719,#4711,#4721,.T.);
#4719 = VERTEX_POINT('',#4720);
#4720 = CARTESIAN_POINT('',(23.376531941056,-6.078692152903,
    1.38382392839));
#4721 = LINE('',#4722,#4723);
#4722 = CARTESIAN_POINT('',(9.759094206396,-10.99870096841,
    6.303832720513));
#4723 = VECTOR('',#4724,1.);
#4724 = DIRECTION('',(-0.890489811241,-0.321735836565,0.321735835035));
#4725 = ORIENTED_EDGE('',*,*,#4726,.F.);
#4726 = EDGE_CURVE('',#4099,#4719,#4727,.T.);
#4727 = ELLIPSE('',#4728,0.862868522545,0.4);
#4728 = AXIS2_PLACEMENT_3D('',#4729,#4730,#4731);
#4729 = CARTESIAN_POINT('',(23.137970132887,-6.164885034566,
    2.035702234593));
#4730 = DIRECTION('',(-0.339803360022,0.940496505319,7.341349750334E-14)
  );
#4731 = DIRECTION('',(0.646970972743,0.233751969445,-0.725802023425));
#4732 = ORIENTED_EDGE('',*,*,#4098,.F.);
#4733 = ORIENTED_EDGE('',*,*,#1581,.F.);
#4734 = PLANE('',#4735);
#4735 = AXIS2_PLACEMENT_3D('',#4736,#4737,#4738);
#4736 = CARTESIAN_POINT('',(23.991810850652,-5.856390592345,
    2.349999999986));
#4737 = DIRECTION('',(-0.339803360022,0.940496505319,7.341E-14));
#4738 = DIRECTION('',(-0.940496505319,-0.339803360022,2.379E-13));
#4739 = ADVANCED_FACE('',(#4740),#4774,.F.);
#4740 = FACE_BOUND('',#4741,.T.);
#4741 = EDGE_LOOP('',(#4742,#4752,#4760,#4768));
#4742 = ORIENTED_EDGE('',*,*,#4743,.T.);
#4743 = EDGE_CURVE('',#4744,#4746,#4748,.T.);
#4744 = VERTEX_POINT('',#4745);
#4745 = CARTESIAN_POINT('',(25.080248391716,6.27849931588,
    41.600000053124));
#4746 = VERTEX_POINT('',#4747);
#4747 = CARTESIAN_POINT('',(25.080248392446,6.278499315678,6.18048137769
    ));
#4748 = LINE('',#4749,#4750);
#4749 = CARTESIAN_POINT('',(25.080248391709,6.27849931588,
    11.150005203181));
#4750 = VECTOR('',#4751,1.);
#4751 = DIRECTION('',(-2.4214E-13,-1.426E-14,-1.));
#4752 = ORIENTED_EDGE('',*,*,#4753,.F.);
#4753 = EDGE_CURVE('',#4754,#4746,#4756,.T.);
#4754 = VERTEX_POINT('',#4755);
#4755 = CARTESIAN_POINT('',(22.861892017381,5.898314431122,
    5.800296496902));
#4756 = LINE('',#4757,#4758);
#4757 = CARTESIAN_POINT('',(11.88021691939,4.016260255455,3.918242340456
    ));
#4758 = VECTOR('',#4759,1.);
#4759 = DIRECTION('',(0.971862216579,0.166559047401,0.166559045732));
#4760 = ORIENTED_EDGE('',*,*,#4761,.T.);
#4761 = EDGE_CURVE('',#4754,#4762,#4764,.T.);
#4762 = VERTEX_POINT('',#4763);
#4763 = CARTESIAN_POINT('',(22.861892016838,5.898314431343,
    41.600000053124));
#4764 = LINE('',#4765,#4766);
#4765 = CARTESIAN_POINT('',(22.861892016829,5.898314431343,
    2.749999999986));
#4766 = VECTOR('',#4767,1.);
#4767 = DIRECTION('',(2.4896E-13,1.495E-14,1.));
#4768 = ORIENTED_EDGE('',*,*,#4769,.F.);
#4769 = EDGE_CURVE('',#4744,#4762,#4770,.T.);
#4770 = LINE('',#4771,#4772);
#4771 = CARTESIAN_POINT('',(22.655451837993,5.862934437196,
    41.600000053125));
#4772 = VECTOR('',#4773,1.);
#4773 = DIRECTION('',(-0.985630006674,-0.168918589694,2.4083E-13));
#4774 = PLANE('',#4775);
#4775 = AXIS2_PLACEMENT_3D('',#4776,#4777,#4778);
#4776 = CARTESIAN_POINT('',(21.876262010155,5.729395841649,
    0.999999999987));
#4777 = DIRECTION('',(0.168918589694,-0.985630006674,-2.699E-14));
#4778 = DIRECTION('',(0.985630006674,0.168918589694,-2.5008E-13));
#4779 = ADVANCED_FACE('',(#4780),#4805,.F.);
#4780 = FACE_BOUND('',#4781,.T.);
#4781 = EDGE_LOOP('',(#4782,#4792,#4798,#4799));
#4782 = ORIENTED_EDGE('',*,*,#4783,.F.);
#4783 = EDGE_CURVE('',#4784,#4786,#4788,.T.);
#4784 = VERTEX_POINT('',#4785);
#4785 = CARTESIAN_POINT('',(21.164685505234,7.329395840427,
    41.600000053125));
#4786 = VERTEX_POINT('',#4787);
#4787 = CARTESIAN_POINT('',(21.164685506057,7.329395840106,
    7.231377908778));
#4788 = LINE('',#4789,#4790);
#4789 = CARTESIAN_POINT('',(21.164685505227,7.329395840427,
    12.900001358227));
#4790 = VECTOR('',#4791,1.);
#4791 = DIRECTION('',(-2.5356E-13,-1.14E-14,-1.));
#4792 = ORIENTED_EDGE('',*,*,#4793,.F.);
#4793 = EDGE_CURVE('',#4762,#4784,#4794,.T.);
#4794 = LINE('',#4795,#4796);
#4795 = CARTESIAN_POINT('',(23.875573437346,5.043580121934,
    41.600000053124));
#4796 = VECTOR('',#4797,1.);
#4797 = DIRECTION('',(-0.764499375862,0.64462446766,1.7683E-13));
#4798 = ORIENTED_EDGE('',*,*,#4761,.F.);
#4799 = ORIENTED_EDGE('',*,*,#4800,.F.);
#4800 = EDGE_CURVE('',#4786,#4754,#4801,.T.);
#4801 = LINE('',#4802,#4803);
#4802 = CARTESIAN_POINT('',(19.293774219351,8.906944795697,
    8.808926867964));
#4803 = VECTOR('',#4804,1.);
#4804 = DIRECTION('',(0.642563354238,-0.541808238491,-0.541808239595));
#4805 = PLANE('',#4806);
#4806 = AXIS2_PLACEMENT_3D('',#4807,#4808,#4809);
#4807 = CARTESIAN_POINT('',(22.369077012633,6.313855136496,
    2.749999999986));
#4808 = DIRECTION('',(-0.64462446766,-0.764499375862,1.7216E-13));
#4809 = DIRECTION('',(0.764499375862,-0.64462446766,-1.8258E-13));
#4810 = ADVANCED_FACE('',(#4811),#4835,.F.);
#4811 = FACE_BOUND('',#4812,.T.);
#4812 = EDGE_LOOP('',(#4813,#4821,#4827,#4828,#4834));
#4813 = ORIENTED_EDGE('',*,*,#4814,.F.);
#4814 = EDGE_CURVE('',#4815,#3735,#4817,.T.);
#4815 = VERTEX_POINT('',#4816);
#4816 = CARTESIAN_POINT('',(20.580248389911,7.329395839422,
    41.600000053125));
#4817 = LINE('',#4818,#4819);
#4818 = CARTESIAN_POINT('',(20.580248389906,7.329395839422,
    21.925006561422));
#4819 = VECTOR('',#4820,1.);
#4820 = DIRECTION('',(-2.4214E-13,-1.173E-14,-1.));
#4821 = ORIENTED_EDGE('',*,*,#4822,.F.);
#4822 = EDGE_CURVE('',#4784,#4815,#4823,.T.);
#4823 = LINE('',#4824,#4825);
#4824 = CARTESIAN_POINT('',(22.654251794286,7.329395842985,
    41.600000053125));
#4825 = VECTOR('',#4826,1.);
#4826 = DIRECTION('',(-1.,-1.71809488E-09,2.4214E-13));
#4827 = ORIENTED_EDGE('',*,*,#4783,.T.);
#4828 = ORIENTED_EDGE('',*,*,#4829,.T.);
#4829 = EDGE_CURVE('',#4786,#4639,#4830,.T.);
#4830 = LINE('',#4831,#4832);
#4831 = CARTESIAN_POINT('',(11.539950580982,7.32939582389,7.231377909475
    ));
#4832 = VECTOR('',#4833,1.);
#4833 = DIRECTION('',(-1.,-1.71809488E-09,-4.9724E-13));
#4834 = ORIENTED_EDGE('',*,*,#4638,.T.);
#4835 = PLANE('',#4836);
#4836 = AXIS2_PLACEMENT_3D('',#4837,#4838,#4839);
#4837 = CARTESIAN_POINT('',(21.228255198658,7.329395840536,
    23.050002716467));
#4838 = DIRECTION('',(1.71809488E-09,-1.,1.173E-14));
#4839 = DIRECTION('',(1.,1.71809488E-09,-2.4871E-13));
#4840 = ADVANCED_FACE('',(#4841),#4859,.T.);
#4841 = FACE_BOUND('',#4842,.T.);
#4842 = EDGE_LOOP('',(#4843,#4849,#4850,#4851,#4852,#4858));
#4843 = ORIENTED_EDGE('',*,*,#4844,.T.);
#4844 = EDGE_CURVE('',#3852,#1617,#4845,.T.);
#4845 = LINE('',#4846,#4847);
#4846 = CARTESIAN_POINT('',(32.140165348636,6.376972365389,
    41.600000053122));
#4847 = VECTOR('',#4848,1.);
#4848 = DIRECTION('',(0.579581786477,-0.814914076933,-1.2987E-13));
#4849 = ORIENTED_EDGE('',*,*,#1616,.T.);
#4850 = ORIENTED_EDGE('',*,*,#4249,.T.);
#4851 = ORIENTED_EDGE('',*,*,#4264,.F.);
#4852 = ORIENTED_EDGE('',*,*,#4853,.T.);
#4853 = EDGE_CURVE('',#4265,#3860,#4854,.T.);
#4854 = LINE('',#4855,#4856);
#4855 = CARTESIAN_POINT('',(29.441234350985,10.17177219169,
    5.258515424965));
#4856 = VECTOR('',#4857,1.);
#4857 = DIRECTION('',(-0.501447313182,0.705054030142,0.501447311971));
#4858 = ORIENTED_EDGE('',*,*,#3859,.T.);
#4859 = PLANE('',#4860);
#4860 = AXIS2_PLACEMENT_3D('',#4861,#4862,#4863);
#4861 = CARTESIAN_POINT('',(32.888673526681,5.324541344905,
    1.600000026553));
#4862 = DIRECTION('',(0.814914076933,0.579581786477,-2.0763E-13));
#4863 = DIRECTION('',(-0.579581786477,0.814914076933,1.3459E-13));
#4864 = ADVANCED_FACE('',(#4865),#4883,.F.);
#4865 = FACE_BOUND('',#4866,.T.);
#4866 = EDGE_LOOP('',(#4867,#4868,#4874,#4875,#4881,#4882));
#4867 = ORIENTED_EDGE('',*,*,#4283,.F.);
#4868 = ORIENTED_EDGE('',*,*,#4869,.T.);
#4869 = EDGE_CURVE('',#4275,#4317,#4870,.T.);
#4870 = LINE('',#4871,#4872);
#4871 = CARTESIAN_POINT('',(3.600586606112,13.582256765589,-9.25482E-12)
  );
#4872 = VECTOR('',#4873,1.);
#4873 = DIRECTION('',(-0.944618712505,0.328169907191,2.2988E-13));
#4874 = ORIENTED_EDGE('',*,*,#4316,.F.);
#4875 = ORIENTED_EDGE('',*,*,#4876,.F.);
#4876 = EDGE_CURVE('',#3868,#4308,#4877,.T.);
#4877 = LINE('',#4878,#4879);
#4878 = CARTESIAN_POINT('',(15.407618059267,3.60807487025,
    -5.547086444091));
#4879 = VECTOR('',#4880,1.);
#4880 = DIRECTION('',(-0.88268333046,-0.160829440351,-0.441592605513));
#4881 = ORIENTED_EDGE('',*,*,#3867,.F.);
#4882 = ORIENTED_EDGE('',*,*,#4853,.F.);
#4883 = PLANE('',#4884);
#4884 = AXIS2_PLACEMENT_3D('',#4885,#4886,#4887);
#4885 = CARTESIAN_POINT('',(13.804856094363,11.625134652255,
    1.499999999988));
#4886 = DIRECTION('',(-0.232051166756,-0.667946297248,0.707106781187));
#4887 = DIRECTION('',(0.944618712505,-0.328169907191,-2.309819002733E-13
    ));
#4888 = ADVANCED_FACE('',(#4889),#4910,.T.);
#4889 = FACE_BOUND('',#4890,.T.);
#4890 = EDGE_LOOP('',(#4891,#4900,#4901,#4902,#4909));
#4891 = ORIENTED_EDGE('',*,*,#4892,.F.);
#4892 = EDGE_CURVE('',#4342,#3894,#4893,.T.);
#4893 = B_SPLINE_CURVE_WITH_KNOTS('',3,(#4894,#4895,#4896,#4897,#4898,
    #4899),.UNSPECIFIED.,.F.,.F.,(4,2,4),(-0.119355712795,
    -6.89633888191E-02,-9.3304079267E-07),.UNSPECIFIED.);
#4894 = CARTESIAN_POINT('',(28.703762897518,5.029698755602,
    34.889181416826));
#4895 = CARTESIAN_POINT('',(28.933162994746,5.238244706514,
    34.660875998565));
#4896 = CARTESIAN_POINT('',(29.147720774585,5.472251519735,
    34.441551793363));
#4897 = CARTESIAN_POINT('',(29.607309837868,6.085619097376,
    33.948068938949));
#4898 = CARTESIAN_POINT('',(29.767244255006,6.396178594562,
    33.754566754334));
#4899 = CARTESIAN_POINT('',(29.854226778189,6.578738828749,
    33.645254927019));
#4900 = ORIENTED_EDGE('',*,*,#4426,.T.);
#4901 = ORIENTED_EDGE('',*,*,#4503,.T.);
#4902 = ORIENTED_EDGE('',*,*,#4903,.T.);
#4903 = EDGE_CURVE('',#4504,#3905,#4904,.T.);
#4904 = ELLIPSE('',#4905,6.103872943807,5.);
#4905 = AXIS2_PLACEMENT_3D('',#4906,#4907,#4908);
#4906 = CARTESIAN_POINT('',(25.340395325057,8.729395847601,
    25.438713977874));
#4907 = DIRECTION('',(9.8565639E-10,-0.573576436351,0.819152044289));
#4908 = DIRECTION('',(1.40724103E-09,-0.819152044289,-0.573576436351));
#4909 = ORIENTED_EDGE('',*,*,#3904,.F.);
#4910 = CYLINDRICAL_SURFACE('',#4911,5.);
#4911 = AXIS2_PLACEMENT_3D('',#4912,#4913,#4914);
#4912 = CARTESIAN_POINT('',(25.340395325055,8.7293958476,17.570189580738
    ));
#4913 = DIRECTION('',(-2.4228E-13,-1.656E-14,-1.));
#4914 = DIRECTION('',(0.916451831771,-0.400145023764,-2.154115482081E-13
    ));
#4915 = ADVANCED_FACE('',(#4916),#4937,.T.);
#4916 = FACE_BOUND('',#4917,.T.);
#4917 = EDGE_LOOP('',(#4918,#4919,#4927,#4934,#4935,#4936));
#4918 = ORIENTED_EDGE('',*,*,#4481,.F.);
#4919 = ORIENTED_EDGE('',*,*,#4920,.T.);
#4920 = EDGE_CURVE('',#4474,#4921,#4923,.T.);
#4921 = VERTEX_POINT('',#4922);
#4922 = CARTESIAN_POINT('',(26.241451290071,-4.270604299864,
    16.336015876809));
#4923 = LINE('',#4924,#4925);
#4924 = CARTESIAN_POINT('',(20.580248409835,-4.270604309589,
    16.33601587681));
#4925 = VECTOR('',#4926,1.);
#4926 = DIRECTION('',(1.,1.71814215E-09,-2.0819E-13));
#4927 = ORIENTED_EDGE('',*,*,#4928,.T.);
#4928 = EDGE_CURVE('',#4921,#3913,#4929,.T.);
#4929 = ELLIPSE('',#4930,14.090645726223,11.542381251988);
#4930 = AXIS2_PLACEMENT_3D('',#4931,#4932,#4933);
#4931 = CARTESIAN_POINT('',(20.669462020742,5.837783333618,
    23.413985103622));
#4932 = DIRECTION('',(9.8565639E-10,-0.573576436351,0.819152044289));
#4933 = DIRECTION('',(1.40724107E-09,-0.819152044289,-0.573576436351));
#4934 = ORIENTED_EDGE('',*,*,#3912,.F.);
#4935 = ORIENTED_EDGE('',*,*,#4903,.F.);
#4936 = ORIENTED_EDGE('',*,*,#4545,.T.);
#4937 = PLANE('',#4938);
#4938 = AXIS2_PLACEMENT_3D('',#4939,#4940,#4941);
#4939 = CARTESIAN_POINT('',(20.580248393135,5.450125148475,
    23.142543920244));
#4940 = DIRECTION('',(9.8565639E-10,-0.573576436351,0.819152044289));
#4941 = DIRECTION('',(1.40724134E-09,-0.819152044289,-0.573576436351));
#4942 = ADVANCED_FACE('',(#4943),#4983,.F.);
#4943 = FACE_BOUND('',#4944,.F.);
#4944 = EDGE_LOOP('',(#4945,#4946,#4965,#4976,#4982));
#4945 = ORIENTED_EDGE('',*,*,#3920,.F.);
#4946 = ORIENTED_EDGE('',*,*,#4947,.F.);
#4947 = EDGE_CURVE('',#4948,#3892,#4950,.T.);
#4948 = VERTEX_POINT('',#4949);
#4949 = CARTESIAN_POINT('',(26.383456414432,-4.191016845623,
    31.636123432054));
#4950 = B_SPLINE_CURVE_WITH_KNOTS('',3,(#4951,#4952,#4953,#4954,#4955,
    #4956,#4957,#4958,#4959,#4960,#4961,#4962,#4963,#4964),
  .UNSPECIFIED.,.F.,.F.,(4,2,2,2,2,2,4),(-1.210155263328,-1.059473535286
    ,-0.90847396001,-0.605363989666,-0.454324910739,-0.227316566533,
    -8.965415159471E-05),.UNSPECIFIED.);
#4951 = CARTESIAN_POINT('',(26.383456414436,-4.19101684562,
    31.636123432053));
#4952 = CARTESIAN_POINT('',(26.818437814226,-3.943182485045,
    31.596274038602));
#4953 = CARTESIAN_POINT('',(27.236913229963,-3.667268515614,
    31.557921784345));
#4954 = CARTESIAN_POINT('',(28.036427513337,-3.062009075155,
    31.484142278096));
#4955 = CARTESIAN_POINT('',(28.416623886991,-2.733114321967,
    31.448539891295));
#4956 = CARTESIAN_POINT('',(29.492034322412,-1.672554439599,
    31.347988781768));
#4957 = CARTESIAN_POINT('',(30.114273526086,-0.873475630625,
    31.291031363451));
#4958 = CARTESIAN_POINT('',(30.87956516624,0.430995790139,
    31.222851955664));
#4959 = CARTESIAN_POINT('',(31.105496546355,0.881083594549,
    31.202935885303));
#4960 = CARTESIAN_POINT('',(31.595716417651,2.041031823185,
    31.158126207959));
#4961 = CARTESIAN_POINT('',(31.820972831808,2.764869814608,
    31.136211757907));
#4962 = CARTESIAN_POINT('',(32.126829643183,4.247556668723,
    31.107674497583));
#4963 = CARTESIAN_POINT('',(32.206461782247,5.002386104691,
    31.101153762129));
#4964 = CARTESIAN_POINT('',(32.211579765223,5.759790136253,
    31.101503327069));
#4965 = ORIENTED_EDGE('',*,*,#4966,.F.);
#4966 = EDGE_CURVE('',#4967,#4948,#4969,.T.);
#4967 = VERTEX_POINT('',#4968);
#4968 = CARTESIAN_POINT('',(26.241451290075,-4.270604299863,
    31.649130248483));
#4969 = B_SPLINE_CURVE_WITH_KNOTS('',3,(#4970,#4971,#4972,#4973,#4974,
    #4975),.UNSPECIFIED.,.F.,.F.,(4,2,4),(-1.638506641708E-02,
    -8.223476804761E-03,-5.432789652612E-05),.UNSPECIFIED.);
#4970 = CARTESIAN_POINT('',(26.241451290075,-4.270604299863,
    31.649130248483));
#4971 = CARTESIAN_POINT('',(26.265200421784,-4.257513200487,
    31.646955413298));
#4972 = CARTESIAN_POINT('',(26.288903617238,-4.244338295395,
    31.644784550507));
#4973 = CARTESIAN_POINT('',(26.33623918199,-4.21780905899,
    31.640448885006));
#4974 = CARTESIAN_POINT('',(26.359871320147,-4.204454654145,
    31.638284103067));
#4975 = CARTESIAN_POINT('',(26.383456414428,-4.191016845625,
    31.636123432054));
#4976 = ORIENTED_EDGE('',*,*,#4977,.T.);
#4977 = EDGE_CURVE('',#4967,#4921,#4978,.T.);
#4978 = LINE('',#4979,#4980);
#4979 = CARTESIAN_POINT('',(26.241451290076,-4.270604299863,
    35.60000005311));
#4980 = VECTOR('',#4981,1.);
#4981 = DIRECTION('',(-2.4205E-13,-1.656E-14,-1.));
#4982 = ORIENTED_EDGE('',*,*,#4928,.T.);
#4983 = CYLINDRICAL_SURFACE('',#4984,11.542381251988);
#4984 = AXIS2_PLACEMENT_3D('',#4985,#4986,#4987);
#4985 = CARTESIAN_POINT('',(20.669462020745,5.837783333618,
    35.599996010847));
#4986 = DIRECTION('',(2.4208E-13,1.615E-14,1.));
#4987 = DIRECTION('',(0.803585479636,-0.595189362235,-1.849196647103E-13
    ));
#4988 = ADVANCED_FACE('',(#4989),#5020,.T.);
#4989 = FACE_BOUND('',#4990,.T.);
#4990 = EDGE_LOOP('',(#4991,#4992,#4993,#5008,#5017,#5018,#5019));
#4991 = ORIENTED_EDGE('',*,*,#4947,.F.);
#4992 = ORIENTED_EDGE('',*,*,#4966,.F.);
#4993 = ORIENTED_EDGE('',*,*,#4994,.F.);
#4994 = EDGE_CURVE('',#4995,#4967,#4997,.T.);
#4995 = VERTEX_POINT('',#4996);
#4996 = CARTESIAN_POINT('',(20.580248409838,-4.270604309186,
    33.611866012167));
#4997 = B_SPLINE_CURVE_WITH_KNOTS('',3,(#4998,#4999,#5000,#5001,#5002,
    #5003,#5004,#5005,#5006,#5007),.UNSPECIFIED.,.F.,.F.,(4,2,2,2,4),(
    -0.60409464636,-0.540389221075,-0.465381800002,-0.302090287278,
    -3.914317968513E-05),.UNSPECIFIED.);
#4998 = CARTESIAN_POINT('',(20.58024840977,-4.270604309589,
    33.611866011364));
#4999 = CARTESIAN_POINT('',(20.791692173232,-4.270604309226,
    33.593860094993));
#5000 = CARTESIAN_POINT('',(21.002259228162,-4.270604308864,
    33.56914609838));
#5001 = CARTESIAN_POINT('',(21.459303620102,-4.270604308079,
    33.501263647151));
#5002 = CARTESIAN_POINT('',(21.7047673436,-4.270604307657,
    33.455710475253));
#5003 = CARTESIAN_POINT('',(22.479895482496,-4.270604306325,
    33.284759163554));
#5004 = CARTESIAN_POINT('',(23.000995198724,-4.270604305435,
    33.129136001941));
#5005 = CARTESIAN_POINT('',(24.456983078083,-4.270604302934,
    32.599147093505));
#5006 = CARTESIAN_POINT('',(25.368574634453,-4.270604301362,
    32.150941286036));
#5007 = CARTESIAN_POINT('',(26.241451290075,-4.270604299862,
    31.649130248483));
#5008 = ORIENTED_EDGE('',*,*,#5009,.F.);
#5009 = EDGE_CURVE('',#4340,#4995,#5010,.T.);
#5010 = B_SPLINE_CURVE_WITH_KNOTS('',3,(#5011,#5012,#5013,#5014,#5015,
    #5016),.UNSPECIFIED.,.F.,.F.,(4,2,4),(-0.279931758737,
    -0.139971868408,-9.9999996095E-07),.UNSPECIFIED.);
#5011 = CARTESIAN_POINT('',(20.580248406438,-2.291016138861,
    35.60000013573));
#5012 = CARTESIAN_POINT('',(20.580248407003,-2.62022212511,
    35.269113001255));
#5013 = CARTESIAN_POINT('',(20.580248407573,-2.951721821686,
    34.936076893808));
#5014 = CARTESIAN_POINT('',(20.580248408704,-3.610242491549,
    34.274735789498));
#5015 = CARTESIAN_POINT('',(20.580248409273,-3.941292540625,
    33.942384498746));
#5016 = CARTESIAN_POINT('',(20.580248409838,-4.270604308984,
    33.611866011966));
#5017 = ORIENTED_EDGE('',*,*,#4339,.T.);
#5018 = ORIENTED_EDGE('',*,*,#4892,.T.);
#5019 = ORIENTED_EDGE('',*,*,#3891,.F.);
#5020 = B_SPLINE_SURFACE_WITH_KNOTS('',3,3,(
    (#5021,#5022,#5023,#5024,#5025,#5026,#5027,#5028,#5029,#5030)
    ,(#5031,#5032,#5033,#5034,#5035,#5036,#5037,#5038,#5039,#5040)
    ,(#5041,#5042,#5043,#5044,#5045,#5046,#5047,#5048,#5049,#5050)
    ,(#5051,#5052,#5053,#5054,#5055,#5056,#5057,#5058,#5059,#5060)
    ,(#5061,#5062,#5063,#5064,#5065,#5066,#5067,#5068,#5069,#5070)
    ,(#5071,#5072,#5073,#5074,#5075,#5076,#5077,#5078,#5079,#5080)
    ,(#5081,#5082,#5083,#5084,#5085,#5086,#5087,#5088,#5089,#5090
  )),.UNSPECIFIED.,.F.,.F.,.F.,(4,3,4),(4,1,1,1,3,4),(-0.387454125862,
    -0.370054020643,1.369956501251),(-1.581138381596,-1.106581993134,
    -0.869303798903,-0.394747410442,7.980897802036E-02,
    9.641845161652E-02),.UNSPECIFIED.);
#5021 = CARTESIAN_POINT('',(20.259797067812,-5.767110500606,
    32.133345106277));
#5022 = CARTESIAN_POINT('',(22.094681555026,-5.827034151203,
    31.967859389398));
#5023 = CARTESIAN_POINT('',(24.881050514425,-5.247418621012,
    31.717979943024));
#5024 = CARTESIAN_POINT('',(28.839597634456,-2.746458253349,
    31.365460295032));
#5025 = CARTESIAN_POINT('',(31.738806436193,1.09348680614,31.1090091781)
  );
#5026 = CARTESIAN_POINT('',(32.360891143515,4.912729933239,
    31.054242682924));
#5027 = CARTESIAN_POINT('',(32.207910732508,6.784073915098,
    31.067737481243));
#5028 = CARTESIAN_POINT('',(32.202556418123,6.849570954462,
    31.068209799185));
#5029 = CARTESIAN_POINT('',(32.197202103738,6.915067993827,
    31.068682117126));
#5030 = CARTESIAN_POINT('',(32.191847789353,6.980565033192,
    31.069154435067));
#5031 = CARTESIAN_POINT('',(20.260881954994,-5.755528232255,
    32.144894118949));
#5032 = CARTESIAN_POINT('',(22.093949642444,-5.81528036739,
    31.979567594286));
#5033 = CARTESIAN_POINT('',(24.877473100462,-5.236071445118,
    31.72993212964));
#5034 = CARTESIAN_POINT('',(28.831815734859,-2.737480530885,
    31.377763899171));
#5035 = CARTESIAN_POINT('',(31.727827309965,1.098538464754,
    31.121573926549));
#5036 = CARTESIAN_POINT('',(32.349207121137,4.913711778551,
    31.06686413443));
#5037 = CARTESIAN_POINT('',(32.196398069977,6.783068619274,
    31.080345062172));
#5038 = CARTESIAN_POINT('',(32.191049753186,6.8484961087,31.080816894643
    ));
#5039 = CARTESIAN_POINT('',(32.185701436396,6.913923598124,
    31.081288727114));
#5040 = CARTESIAN_POINT('',(32.180353119605,6.97935108755,
    31.081760559585));
#5041 = CARTESIAN_POINT('',(20.261966842176,-5.743945963903,
    32.156443131621));
#5042 = CARTESIAN_POINT('',(22.093217729862,-5.803526583578,
    31.991275799174));
#5043 = CARTESIAN_POINT('',(24.8738956865,-5.224724269223,
    31.741884316255));
#5044 = CARTESIAN_POINT('',(28.824033835263,-2.728502808422,
    31.39006750331));
#5045 = CARTESIAN_POINT('',(31.716848183738,1.103590123367,
    31.134138674997));
#5046 = CARTESIAN_POINT('',(32.33752309876,4.914693623862,
    31.079485585937));
#5047 = CARTESIAN_POINT('',(32.184885407446,6.782063323451,31.0929526431
    ));
#5048 = CARTESIAN_POINT('',(32.17954308825,6.847421262937,
    31.093423990101));
#5049 = CARTESIAN_POINT('',(32.174200769053,6.912779202423,
    31.093895337101));
#5050 = CARTESIAN_POINT('',(32.168858449858,6.978137141908,
    31.094366684102));
#5051 = CARTESIAN_POINT('',(20.263051729359,-5.73236369555,
    32.167992144293));
#5052 = CARTESIAN_POINT('',(22.09248581728,-5.791772799767,
    32.002984004063));
#5053 = CARTESIAN_POINT('',(24.870318272537,-5.213377093329,
    31.75383650287));
#5054 = CARTESIAN_POINT('',(28.816251935666,-2.719525085957,
    31.402371107449));
#5055 = CARTESIAN_POINT('',(31.705869057511,1.108641781981,
    31.146703423445));
#5056 = CARTESIAN_POINT('',(32.325839076382,4.915675469173,
    31.092107037443));
#5057 = CARTESIAN_POINT('',(32.173372744914,6.781058027628,
    31.105560224028));
#5058 = CARTESIAN_POINT('',(32.168036423313,6.846346417174,
    31.106031085559));
#5059 = CARTESIAN_POINT('',(32.162700101711,6.91163480672,
    31.106501947089));
#5060 = CARTESIAN_POINT('',(32.15736378011,6.976923196266,31.10697280862
    ));
#5061 = CARTESIAN_POINT('',(20.371540447598,-4.574136860337,
    33.322893411509));
#5062 = CARTESIAN_POINT('',(22.019294559086,-4.616394418561,
    33.173804492899));
#5063 = CARTESIAN_POINT('',(24.512576876296,-4.07865950393,
    32.949055164398));
#5064 = CARTESIAN_POINT('',(28.038061976018,-1.821752839556,
    32.632731521363));
#5065 = CARTESIAN_POINT('',(30.607956434786,1.61380764338,32.40317826828
    ));
#5066 = CARTESIAN_POINT('',(31.157436838634,5.013860000283,
    32.354252188088));
#5067 = CARTESIAN_POINT('',(31.022106491781,6.680528445316,
    32.36631831686));
#5068 = CARTESIAN_POINT('',(31.017369929641,6.738861840892,
    32.366740631367));
#5069 = CARTESIAN_POINT('',(31.012633367501,6.797195236469,
    32.367162945874));
#5070 = CARTESIAN_POINT('',(31.007896805361,6.855528632044,
    32.367585260381));
#5071 = CARTESIAN_POINT('',(20.478956892148,-3.415897649737,
    34.477887201042));
#5072 = CARTESIAN_POINT('',(21.94501915424,-3.441167960681,
    34.344717973703));
#5073 = CARTESIAN_POINT('',(24.153868695526,-2.944347613842,
    34.14435552564));
#5074 = CARTESIAN_POINT('',(27.259297402817,-0.924570386266,
    33.863139858446));
#5075 = CARTESIAN_POINT('',(29.509930973804,2.118517596609,
    33.659662604269));
#5076 = CARTESIAN_POINT('',(29.989055086068,5.111963610565,
    33.61639569484));
#5077 = CARTESIAN_POINT('',(29.870832991539,6.580089023641,
    33.627077007546));
#5078 = CARTESIAN_POINT('',(29.86669521823,6.631473413099,
    33.627450853491));
#5079 = CARTESIAN_POINT('',(29.862557444922,6.682857802556,
    33.627824699436));
#5080 = CARTESIAN_POINT('',(29.858419671613,6.734242192014,
    33.62819854538));
#5081 = CARTESIAN_POINT('',(20.583249102999,-2.257702864344,
    35.633231301229));
#5082 = CARTESIAN_POINT('',(21.867547386833,-2.266470977505,
    35.515990242402));
#5083 = CARTESIAN_POINT('',(23.792237260775,-1.811340900409,
    35.339984149606));
#5084 = CARTESIAN_POINT('',(26.478733500449,-2.930662767476E-02,
    35.093751109159));
#5085 = CARTESIAN_POINT('',(28.411539404442,2.621704778353,
    34.916188873483));
#5086 = CARTESIAN_POINT('',(28.820739820873,5.209794695088,
    34.878531780635));
#5087 = CARTESIAN_POINT('',(28.719536216105,6.479948057579,
    34.887838329865));
#5088 = CARTESIAN_POINT('',(28.715994089938,6.524403425266,
    34.888164059088));
#5089 = CARTESIAN_POINT('',(28.712451963771,6.568858792954,
    34.888489788311));
#5090 = CARTESIAN_POINT('',(28.708909837604,6.613314160641,
    34.888815517534));
#5091 = ADVANCED_FACE('',(#5092),#5110,.F.);
#5092 = FACE_BOUND('',#5093,.T.);
#5093 = EDGE_LOOP('',(#5094,#5101,#5102,#5109));
#5094 = ORIENTED_EDGE('',*,*,#5095,.T.);
#5095 = EDGE_CURVE('',#3949,#3096,#5096,.T.);
#5096 = ELLIPSE('',#5097,6.060028663671,5.);
#5097 = AXIS2_PLACEMENT_3D('',#5098,#5099,#5100);
#5098 = CARTESIAN_POINT('',(25.340395325054,8.7293958476,11.024025284626
    ));
#5099 = DIRECTION('',(-9.709609E-10,0.565017959453,-0.825078605647));
#5100 = DIRECTION('',(1.41743579E-09,-0.825078605647,-0.565017959453));
#5101 = ORIENTED_EDGE('',*,*,#3095,.T.);
#5102 = ORIENTED_EDGE('',*,*,#5103,.F.);
#5103 = EDGE_CURVE('',#3957,#3087,#5104,.T.);
#5104 = ELLIPSE('',#5105,13.989432246813,11.542381251988);
#5105 = AXIS2_PLACEMENT_3D('',#5106,#5107,#5108);
#5106 = CARTESIAN_POINT('',(20.669462020739,5.837783333618,
    9.043834565267));
#5107 = DIRECTION('',(-9.709609E-10,0.565017959453,-0.825078605647));
#5108 = DIRECTION('',(1.41743625E-09,-0.825078605647,-0.565017959453));
#5109 = ORIENTED_EDGE('',*,*,#3956,.F.);
#5110 = PLANE('',#5111);
#5111 = AXIS2_PLACEMENT_3D('',#5112,#5113,#5114);
#5112 = CARTESIAN_POINT('',(31.711843272918,5.726387689063,8.96755025724
    ));
#5113 = DIRECTION('',(-9.709609E-10,0.565017959453,-0.825078605647));
#5114 = DIRECTION('',(1.41742502E-09,-0.825078605647,-0.565017959453));
#5115 = ADVANCED_FACE('',(#5116),#5128,.F.);
#5116 = FACE_BOUND('',#5117,.F.);
#5117 = EDGE_LOOP('',(#5118,#5119,#5120,#5127));
#5118 = ORIENTED_EDGE('',*,*,#5103,.F.);
#5119 = ORIENTED_EDGE('',*,*,#3964,.F.);
#5120 = ORIENTED_EDGE('',*,*,#5121,.T.);
#5121 = EDGE_CURVE('',#3965,#3079,#5122,.T.);
#5122 = ELLIPSE('',#5123,14.090645726223,11.542381251988);
#5123 = AXIS2_PLACEMENT_3D('',#5124,#5125,#5126);
#5124 = CARTESIAN_POINT('',(20.66946202074,5.837783333618,
    13.457194691162));
#5125 = DIRECTION('',(-9.8565639E-10,0.573576436351,-0.819152044289));
#5126 = DIRECTION('',(1.40724138E-09,-0.819152044289,-0.573576436351));
#5127 = ORIENTED_EDGE('',*,*,#3086,.F.);
#5128 = CYLINDRICAL_SURFACE('',#5129,11.542381251988);
#5129 = AXIS2_PLACEMENT_3D('',#5130,#5131,#5132);
#5130 = CARTESIAN_POINT('',(20.669462020745,5.837783333618,
    35.599996010847));
#5131 = DIRECTION('',(2.4208E-13,1.582E-14,1.));
#5132 = DIRECTION('',(0.803585479636,-0.595189362235,-1.851160771998E-13
    ));
#5133 = ADVANCED_FACE('',(#5134),#5148,.T.);
#5134 = FACE_BOUND('',#5135,.T.);
#5135 = EDGE_LOOP('',(#5136,#5137,#5138,#5139,#5146,#5147));
#5136 = ORIENTED_EDGE('',*,*,#3078,.F.);
#5137 = ORIENTED_EDGE('',*,*,#4458,.T.);
#5138 = ORIENTED_EDGE('',*,*,#4522,.T.);
#5139 = ORIENTED_EDGE('',*,*,#5140,.F.);
#5140 = EDGE_CURVE('',#3947,#4515,#5141,.T.);
#5141 = ELLIPSE('',#5142,6.103872943807,5.);
#5142 = AXIS2_PLACEMENT_3D('',#5143,#5144,#5145);
#5143 = CARTESIAN_POINT('',(25.340395325055,8.729395847601,
    15.481923565414));
#5144 = DIRECTION('',(-9.8565639E-10,0.573576436351,-0.819152044289));
#5145 = DIRECTION('',(1.40724085E-09,-0.819152044289,-0.573576436351));
#5146 = ORIENTED_EDGE('',*,*,#3972,.F.);
#5147 = ORIENTED_EDGE('',*,*,#5121,.T.);
#5148 = PLANE('',#5149);
#5149 = AXIS2_PLACEMENT_3D('',#5150,#5151,#5152);
#5150 = CARTESIAN_POINT('',(20.580248408846,-3.697027873238,
    6.780848008822));
#5151 = DIRECTION('',(-9.8565639E-10,0.573576436351,-0.819152044289));
#5152 = DIRECTION('',(-1.40724094E-09,0.819152044289,0.573576436351));
#5153 = ADVANCED_FACE('',(#5154),#5160,.T.);
#5154 = FACE_BOUND('',#5155,.T.);
#5155 = EDGE_LOOP('',(#5156,#5157,#5158,#5159));
#5156 = ORIENTED_EDGE('',*,*,#5140,.T.);
#5157 = ORIENTED_EDGE('',*,*,#4514,.T.);
#5158 = ORIENTED_EDGE('',*,*,#5095,.F.);
#5159 = ORIENTED_EDGE('',*,*,#3946,.F.);
#5160 = CYLINDRICAL_SURFACE('',#5161,5.);
#5161 = AXIS2_PLACEMENT_3D('',#5162,#5163,#5164);
#5162 = CARTESIAN_POINT('',(25.340395325055,8.729395847601,
    17.570189580738));
#5163 = DIRECTION('',(-2.4228E-13,-1.623E-14,-1.));
#5164 = DIRECTION('',(0.916451831771,-0.400145023764,-2.155435960659E-13
    ));
#5165 = ADVANCED_FACE('',(#5166),#5180,.T.);
#5166 = FACE_BOUND('',#5167,.T.);
#5167 = EDGE_LOOP('',(#5168,#5175,#5176,#5177,#5178,#5179));
#5168 = ORIENTED_EDGE('',*,*,#5169,.F.);
#5169 = EDGE_CURVE('',#4530,#3929,#5170,.T.);
#5170 = ELLIPSE('',#5171,6.103872943807,5.);
#5171 = AXIS2_PLACEMENT_3D('',#5172,#5173,#5174);
#5172 = CARTESIAN_POINT('',(25.340395325055,8.729395847601,
    16.214388318671));
#5173 = DIRECTION('',(9.8565639E-10,-0.573576436351,0.819152044289));
#5174 = DIRECTION('',(1.40724085E-09,-0.819152044289,-0.573576436351));
#5175 = ORIENTED_EDGE('',*,*,#4529,.T.);
#5176 = ORIENTED_EDGE('',*,*,#4442,.F.);
#5177 = ORIENTED_EDGE('',*,*,#3062,.T.);
#5178 = ORIENTED_EDGE('',*,*,#3004,.T.);
#5179 = ORIENTED_EDGE('',*,*,#3936,.F.);
#5180 = PLANE('',#5181);
#5181 = AXIS2_PLACEMENT_3D('',#5182,#5183,#5184);
#5182 = CARTESIAN_POINT('',(20.580248395103,4.302972275773,
    13.114973172096));
#5183 = DIRECTION('',(9.8565639E-10,-0.573576436351,0.819152044289));
#5184 = DIRECTION('',(1.40724094E-09,-0.819152044289,-0.573576436351));
#5185 = ADVANCED_FACE('',(#5186),#5192,.T.);
#5186 = FACE_BOUND('',#5187,.T.);
#5187 = EDGE_LOOP('',(#5188,#5189,#5190,#5191));
#5188 = ORIENTED_EDGE('',*,*,#3928,.F.);
#5189 = ORIENTED_EDGE('',*,*,#2981,.T.);
#5190 = ORIENTED_EDGE('',*,*,#4537,.T.);
#5191 = ORIENTED_EDGE('',*,*,#5169,.T.);
#5192 = CYLINDRICAL_SURFACE('',#5193,5.);
#5193 = AXIS2_PLACEMENT_3D('',#5194,#5195,#5196);
#5194 = CARTESIAN_POINT('',(25.340395325055,8.729395847601,
    17.570189580738));
#5195 = DIRECTION('',(-2.4228E-13,-1.623E-14,-1.));
#5196 = DIRECTION('',(0.916451831771,-0.400145023764,-2.155435960659E-13
    ));
#5197 = ADVANCED_FACE('',(#5198),#5240,.F.);
#5198 = FACE_BOUND('',#5199,.T.);
#5199 = EDGE_LOOP('',(#5200,#5201,#5207,#5208,#5209,#5210,#5211,#5219,
    #5225,#5226,#5232,#5233,#5234));
#5200 = ORIENTED_EDGE('',*,*,#3709,.F.);
#5201 = ORIENTED_EDGE('',*,*,#5202,.T.);
#5202 = EDGE_CURVE('',#3683,#4647,#5203,.T.);
#5203 = LINE('',#5204,#5205);
#5204 = CARTESIAN_POINT('',(20.080243332519,6.33870670021,6.240688771126
    ));
#5205 = VECTOR('',#5206,1.);
#5206 = DIRECTION('',(-1.2144467E-09,0.707106781187,0.707106781187));
#5207 = ORIENTED_EDGE('',*,*,#4646,.T.);
#5208 = ORIENTED_EDGE('',*,*,#4829,.F.);
#5209 = ORIENTED_EDGE('',*,*,#4800,.T.);
#5210 = ORIENTED_EDGE('',*,*,#4753,.T.);
#5211 = ORIENTED_EDGE('',*,*,#5212,.T.);
#5212 = EDGE_CURVE('',#4746,#5213,#5215,.T.);
#5213 = VERTEX_POINT('',#5214);
#5214 = CARTESIAN_POINT('',(25.915974863922,5.712507199546,
    5.614489260107));
#5215 = LINE('',#5216,#5217);
#5216 = CARTESIAN_POINT('',(17.933884964752,11.11834284615,
    11.020324920753));
#5217 = VECTOR('',#5218,1.);
#5218 = DIRECTION('',(0.722191413715,-0.489100991996,-0.489100993236));
#5219 = ORIENTED_EDGE('',*,*,#5220,.T.);
#5220 = EDGE_CURVE('',#5213,#3842,#5221,.T.);
#5221 = LINE('',#5222,#5223);
#5222 = CARTESIAN_POINT('',(17.831810065175,2.481575941522,2.3835580163)
  );
#5223 = VECTOR('',#5224,1.);
#5224 = DIRECTION('',(0.870566701785,0.347932190796,0.347932189301));
#5225 = ORIENTED_EDGE('',*,*,#3883,.T.);
#5226 = ORIENTED_EDGE('',*,*,#5227,.F.);
#5227 = EDGE_CURVE('',#4560,#3876,#5228,.T.);
#5228 = LINE('',#5229,#5230);
#5229 = CARTESIAN_POINT('',(2.876475948344,1.324836359781,1.226818460246
    ));
#5230 = VECTOR('',#5231,1.);
#5231 = DIRECTION('',(0.968368058709,0.17644163831,0.176441636647));
#5232 = ORIENTED_EDGE('',*,*,#4559,.T.);
#5233 = ORIENTED_EDGE('',*,*,#4609,.T.);
#5234 = ORIENTED_EDGE('',*,*,#5235,.T.);
#5235 = EDGE_CURVE('',#4600,#3702,#5236,.T.);
#5236 = LINE('',#5237,#5238);
#5237 = CARTESIAN_POINT('',(20.580248399935,1.488706897962,
    1.390688968019));
#5238 = VECTOR('',#5239,1.);
#5239 = DIRECTION('',(-1.21470515E-09,0.707106781187,0.707106781187));
#5240 = PLANE('',#5241);
#5241 = AXIS2_PLACEMENT_3D('',#5242,#5243,#5244);
#5242 = CARTESIAN_POINT('',(1.851645967794,4.713706852508,4.615688954734
    ));
#5243 = DIRECTION('',(1.21452494E-09,-0.707106781187,0.707106781187));
#5244 = DIRECTION('',(1.,1.717597500994E-09,-1.409941949989E-16));
#5245 = ADVANCED_FACE('',(#5246),#5264,.F.);
#5246 = FACE_BOUND('',#5247,.T.);
#5247 = EDGE_LOOP('',(#5248,#5256,#5257,#5258));
#5248 = ORIENTED_EDGE('',*,*,#5249,.F.);
#5249 = EDGE_CURVE('',#5213,#5250,#5252,.T.);
#5250 = VERTEX_POINT('',#5251);
#5251 = CARTESIAN_POINT('',(25.915974863789,5.712507199711,
    41.600000053124));
#5252 = LINE('',#5253,#5254);
#5253 = CARTESIAN_POINT('',(25.915974863783,5.71250719971,
    16.375002628152));
#5254 = VECTOR('',#5255,1.);
#5255 = DIRECTION('',(2.4214E-13,1.46E-14,1.));
#5256 = ORIENTED_EDGE('',*,*,#5212,.F.);
#5257 = ORIENTED_EDGE('',*,*,#4743,.F.);
#5258 = ORIENTED_EDGE('',*,*,#5259,.F.);
#5259 = EDGE_CURVE('',#5250,#4744,#5260,.T.);
#5260 = LINE('',#5261,#5262);
#5261 = CARTESIAN_POINT('',(25.886384200372,5.732547347733,
    41.600000053124));
#5262 = VECTOR('',#5263,1.);
#5263 = DIRECTION('',(-0.827985468628,0.560749555275,1.9328E-13));
#5264 = PLANE('',#5265);
#5265 = AXIS2_PLACEMENT_3D('',#5266,#5267,#5268);
#5266 = CARTESIAN_POINT('',(25.498111627746,5.995503257796,
    16.375002628152));
#5267 = DIRECTION('',(-0.560749555275,-0.827985468628,1.4746E-13));
#5268 = DIRECTION('',(0.827985468628,-0.560749555275,-1.9935E-13));
#5269 = ADVANCED_FACE('',(#5270,#5316),#5319,.F.);
#5270 = FACE_BOUND('',#5271,.T.);
#5271 = EDGE_LOOP('',(#5272,#5282,#5290,#5296,#5297,#5298,#5299,#5300,
    #5306,#5307,#5308,#5309,#5310));
#5272 = ORIENTED_EDGE('',*,*,#5273,.F.);
#5273 = EDGE_CURVE('',#5274,#5276,#5278,.T.);
#5274 = VERTEX_POINT('',#5275);
#5275 = CARTESIAN_POINT('',(-15.41974991873,-5.270604222423,
    41.6000000529));
#5276 = VERTEX_POINT('',#5277);
#5277 = CARTESIAN_POINT('',(20.58024839526,-5.270604160588,
    41.600000053132));
#5278 = LINE('',#5279,#5280);
#5279 = CARTESIAN_POINT('',(3.33024837854,-5.270604190217,
    41.600000053138));
#5280 = VECTOR('',#5281,1.);
#5281 = DIRECTION('',(1.,1.71761994E-09,6.43E-15));
#5282 = ORIENTED_EDGE('',*,*,#5283,.T.);
#5283 = EDGE_CURVE('',#5274,#5284,#5286,.T.);
#5284 = VERTEX_POINT('',#5285);
#5285 = CARTESIAN_POINT('',(-15.4197499161,-6.470604222422,
    41.600000053137));
#5286 = LINE('',#5287,#5288);
#5287 = CARTESIAN_POINT('',(-15.41974995895,18.479395639864,
    41.600000053137));
#5288 = VECTOR('',#5289,1.);
#5289 = DIRECTION('',(1.71759273E-09,-1.,1.212E-14));
#5290 = ORIENTED_EDGE('',*,*,#5291,.T.);
#5291 = EDGE_CURVE('',#5284,#4703,#5292,.T.);
#5292 = LINE('',#5293,#5294);
#5293 = CARTESIAN_POINT('',(1.830248363421,-6.470604192795,
    41.600000053137));
#5294 = VECTOR('',#5295,1.);
#5295 = DIRECTION('',(1.,1.71757385E-09,6.43E-15));
#5296 = ORIENTED_EDGE('',*,*,#4702,.T.);
#5297 = ORIENTED_EDGE('',*,*,#1624,.F.);
#5298 = ORIENTED_EDGE('',*,*,#4844,.F.);
#5299 = ORIENTED_EDGE('',*,*,#3851,.T.);
#5300 = ORIENTED_EDGE('',*,*,#5301,.T.);
#5301 = EDGE_CURVE('',#3844,#5250,#5302,.T.);
#5302 = LINE('',#5303,#5304);
#5303 = CARTESIAN_POINT('',(25.09212713306,5.383246793533,
    41.600000053124));
#5304 = VECTOR('',#5305,1.);
#5305 = DIRECTION('',(-0.928584967252,-0.371119870923,2.2962E-13));
#5306 = ORIENTED_EDGE('',*,*,#5259,.T.);
#5307 = ORIENTED_EDGE('',*,*,#4769,.T.);
#5308 = ORIENTED_EDGE('',*,*,#4793,.T.);
#5309 = ORIENTED_EDGE('',*,*,#4822,.T.);
#5310 = ORIENTED_EDGE('',*,*,#5311,.F.);
#5311 = EDGE_CURVE('',#5276,#4815,#5312,.T.);
#5312 = LINE('',#5313,#5314);
#5313 = CARTESIAN_POINT('',(20.580248400047,1.429399676507,
    41.600000053125));
#5314 = VECTOR('',#5315,1.);
#5315 = DIRECTION('',(-1.71809463E-09,1.,-1.285E-14));
#5316 = FACE_BOUND('',#5317,.T.);
#5317 = EDGE_LOOP('',(#5318));
#5318 = ORIENTED_EDGE('',*,*,#4685,.T.);
#5319 = PLANE('',#5320);
#5320 = AXIS2_PLACEMENT_3D('',#5321,#5322,#5323);
#5321 = CARTESIAN_POINT('',(24.080248365672,2.229395875225,
    41.600000053138));
#5322 = DIRECTION('',(6.43E-15,-1.212E-14,-1.));
#5323 = DIRECTION('',(1.,1.71759725E-09,6.429999979183E-15));
#5324 = ADVANCED_FACE('',(#5325),#5331,.F.);
#5325 = FACE_BOUND('',#5326,.T.);
#5326 = EDGE_LOOP('',(#5327,#5328,#5329,#5330));
#5327 = ORIENTED_EDGE('',*,*,#3841,.F.);
#5328 = ORIENTED_EDGE('',*,*,#5220,.F.);
#5329 = ORIENTED_EDGE('',*,*,#5249,.T.);
#5330 = ORIENTED_EDGE('',*,*,#5301,.F.);
#5331 = PLANE('',#5332);
#5332 = AXIS2_PLACEMENT_3D('',#5333,#5334,#5335);
#5333 = CARTESIAN_POINT('',(27.051508405829,6.166336495269,
    11.150005203181));
#5334 = DIRECTION('',(0.371119870923,-0.928584967252,-7.676E-14));
#5335 = DIRECTION('',(0.928584967252,0.371119870923,-2.353E-13));
#5336 = ADVANCED_FACE('',(#5337),#5363,.T.);
#5337 = FACE_BOUND('',#5338,.T.);
#5338 = EDGE_LOOP('',(#5339,#5347,#5356,#5362));
#5339 = ORIENTED_EDGE('',*,*,#5340,.F.);
#5340 = EDGE_CURVE('',#5341,#2540,#5343,.T.);
#5341 = VERTEX_POINT('',#5342);
#5342 = CARTESIAN_POINT('',(-30.93362227134,3.846553034042,-1.6E-13));
#5343 = LINE('',#5344,#5345);
#5344 = CARTESIAN_POINT('',(-30.62510585938,3.846553034689,
    -0.431922976745));
#5345 = VECTOR('',#5346,1.);
#5346 = DIRECTION('',(-0.581238193719,-1.21892444E-09,0.813733471207));
#5347 = ORIENTED_EDGE('',*,*,#5348,.F.);
#5348 = EDGE_CURVE('',#5349,#5341,#5351,.T.);
#5349 = VERTEX_POINT('',#5350);
#5350 = CARTESIAN_POINT('',(-31.07759728433,3.563710321345,-1.24E-13));
#5351 = ELLIPSE('',#5352,0.491561443831,0.4);
#5352 = AXIS2_PLACEMENT_3D('',#5353,#5354,#5355);
#5353 = CARTESIAN_POINT('',(-30.5860358405,3.563710322252,-1.2434E-13));
#5354 = DIRECTION('',(0.,-1.57E-14,-1.));
#5355 = DIRECTION('',(-1.,-2.09713885E-09,3.2925079945E-23));
#5356 = ORIENTED_EDGE('',*,*,#5357,.F.);
#5357 = EDGE_CURVE('',#2506,#5349,#5358,.T.);
#5358 = LINE('',#5359,#5360);
#5359 = CARTESIAN_POINT('',(-30.72044066508,3.563710322095,
    -0.500019266953));
#5360 = VECTOR('',#5361,1.);
#5361 = DIRECTION('',(0.581238193719,1.21892444E-09,-0.813733471207));
#5362 = ORIENTED_EDGE('',*,*,#2547,.F.);
#5363 = CYLINDRICAL_SURFACE('',#5364,0.4);
#5364 = AXIS2_PLACEMENT_3D('',#5365,#5366,#5367);
#5365 = CARTESIAN_POINT('',(-30.3949472766,3.563710322654,
    -0.267523989465));
#5366 = DIRECTION('',(-0.581238193719,-1.21892444E-09,0.813733471207));
#5367 = DIRECTION('',(-0.751791699698,0.382683431002,-0.536994070639));
#5368 = ADVANCED_FACE('',(#5369),#5394,.F.);
#5369 = FACE_BOUND('',#5370,.T.);
#5370 = EDGE_LOOP('',(#5371,#5372,#5373,#5381,#5387,#5388));
#5371 = ORIENTED_EDGE('',*,*,#2505,.F.);
#5372 = ORIENTED_EDGE('',*,*,#5357,.T.);
#5373 = ORIENTED_EDGE('',*,*,#5374,.F.);
#5374 = EDGE_CURVE('',#5375,#5349,#5377,.T.);
#5375 = VERTEX_POINT('',#5376);
#5376 = CARTESIAN_POINT('',(-31.0775972804,1.274821767673,-1.07E-13));
#5377 = LINE('',#5378,#5379);
#5378 = CARTESIAN_POINT('',(-31.07759729661,10.709320691402,-2.1316E-13)
  );
#5379 = VECTOR('',#5380,1.);
#5380 = DIRECTION('',(-1.71759273E-09,1.,-1.57E-14));
#5381 = ORIENTED_EDGE('',*,*,#5382,.T.);
#5382 = EDGE_CURVE('',#5375,#1910,#5383,.T.);
#5383 = LINE('',#5384,#5385);
#5384 = CARTESIAN_POINT('',(-31.08402566624,1.268382003783,
    8.999740185907E-03));
#5385 = VECTOR('',#5386,1.);
#5386 = DIRECTION('',(-0.502294252162,-0.503183298275,0.703211954237));
#5387 = ORIENTED_EDGE('',*,*,#1909,.T.);
#5388 = ORIENTED_EDGE('',*,*,#5389,.T.);
#5389 = EDGE_CURVE('',#1902,#2508,#5390,.T.);
#5390 = LINE('',#5391,#5392);
#5391 = CARTESIAN_POINT('',(-39.21207621298,0.189245640922,
    11.388270508215));
#5392 = VECTOR('',#5393,1.);
#5393 = DIRECTION('',(-1.71759273E-09,1.,-1.57E-14));
#5394 = PLANE('',#5395);
#5395 = AXIS2_PLACEMENT_3D('',#5396,#5397,#5398);
#5396 = CARTESIAN_POINT('',(-30.86497966248,0.189245655258,
    -0.297664662485));
#5397 = DIRECTION('',(0.813733471207,1.39767182E-09,0.581238193719));
#5398 = DIRECTION('',(-1.717595201156E-09,1.,-1.224082563909E-14));
#5399 = ADVANCED_FACE('',(#5400),#5419,.T.);
#5400 = FACE_BOUND('',#5401,.T.);
#5401 = EDGE_LOOP('',(#5402,#5403,#5404,#5413));
#5402 = ORIENTED_EDGE('',*,*,#1917,.F.);
#5403 = ORIENTED_EDGE('',*,*,#5382,.F.);
#5404 = ORIENTED_EDGE('',*,*,#5405,.F.);
#5405 = EDGE_CURVE('',#5406,#5375,#5408,.T.);
#5406 = VERTEX_POINT('',#5407);
#5407 = CARTESIAN_POINT('',(-30.89525317042,0.976717715824,-1.07E-13));
#5408 = ELLIPSE('',#5409,0.568818544096,0.4);
#5409 = AXIS2_PLACEMENT_3D('',#5410,#5411,#5412);
#5410 = CARTESIAN_POINT('',(-30.58603583686,1.441183758888,-1.0658E-13)
  );
#5411 = DIRECTION('',(0.,-1.57E-14,-1.));
#5412 = DIRECTION('',(-0.706481279189,-0.707731730358,1.111138816662E-14
    ));
#5413 = ORIENTED_EDGE('',*,*,#5414,.F.);
#5414 = EDGE_CURVE('',#1918,#5406,#5415,.T.);
#5415 = LINE('',#5416,#5417);
#5416 = CARTESIAN_POINT('',(-30.87234225682,0.999669181078,
    -3.207527910611E-02));
#5417 = VECTOR('',#5418,1.);
#5418 = DIRECTION('',(0.502294252162,0.503183298275,-0.703211954237));
#5419 = CYLINDRICAL_SURFACE('',#5420,0.4);
#5420 = AXIS2_PLACEMENT_3D('',#5421,#5422,#5423);
#5421 = CARTESIAN_POINT('',(-30.75853227775,1.268382004342,
    0.241495017674));
#5422 = DIRECTION('',(0.502294252162,0.503183298275,-0.703211954237));
#5423 = DIRECTION('',(-0.608446183416,-0.372174001315,-0.700913514374));
#5424 = ADVANCED_FACE('',(#5425),#5431,.F.);
#5425 = FACE_BOUND('',#5426,.T.);
#5426 = EDGE_LOOP('',(#5427,#5428,#5429,#5430));
#5427 = ORIENTED_EDGE('',*,*,#1901,.F.);
#5428 = ORIENTED_EDGE('',*,*,#2564,.T.);
#5429 = ORIENTED_EDGE('',*,*,#2515,.F.);
#5430 = ORIENTED_EDGE('',*,*,#5389,.F.);
#5431 = PLANE('',#5432);
#5432 = AXIS2_PLACEMENT_3D('',#5433,#5434,#5435);
#5433 = CARTESIAN_POINT('',(-39.21207621298,0.189245640922,
    21.300006416407));
#5434 = DIRECTION('',(1.,1.71759273E-09,-1.4E-16));
#5435 = DIRECTION('',(-1.71759273E-09,1.,-1.224E-14));
#5436 = ADVANCED_FACE('',(#5437),#5462,.T.);
#5437 = FACE_BOUND('',#5438,.T.);
#5438 = EDGE_LOOP('',(#5439,#5447,#5448,#5456));
#5439 = ORIENTED_EDGE('',*,*,#5440,.T.);
#5440 = EDGE_CURVE('',#5441,#604,#5443,.T.);
#5441 = VERTEX_POINT('',#5442);
#5442 = CARTESIAN_POINT('',(-24.0487673643,3.146738775519,
    19.935123824995));
#5443 = LINE('',#5444,#5445);
#5444 = CARTESIAN_POINT('',(-24.0487673643,3.146738775519,
    37.030331618859));
#5445 = VECTOR('',#5446,1.);
#5446 = DIRECTION('',(1.08E-15,1.037E-14,1.));
#5447 = ORIENTED_EDGE('',*,*,#603,.T.);
#5448 = ORIENTED_EDGE('',*,*,#5449,.F.);
#5449 = EDGE_CURVE('',#5450,#596,#5452,.T.);
#5450 = VERTEX_POINT('',#5451);
#5451 = CARTESIAN_POINT('',(-23.43161007886,2.529581485909,
    19.679488906385));
#5452 = LINE('',#5453,#5454);
#5453 = CARTESIAN_POINT('',(-23.43161007886,2.529581485909,
    37.030331618859));
#5454 = VECTOR('',#5455,1.);
#5455 = DIRECTION('',(1.08E-15,1.037E-14,1.));
#5456 = ORIENTED_EDGE('',*,*,#5457,.F.);
#5457 = EDGE_CURVE('',#5441,#5450,#5458,.T.);
#5458 = LINE('',#5459,#5460);
#5459 = CARTESIAN_POINT('',(-24.80283898215,3.900810398462,
    20.247470517164));
#5460 = VECTOR('',#5461,1.);
#5461 = DIRECTION('',(0.678598342255,-0.678598346837,-0.281084637715));
#5462 = PLANE('',#5463);
#5463 = AXIS2_PLACEMENT_3D('',#5464,#5465,#5466);
#5464 = CARTESIAN_POINT('',(-23.74018872158,2.838160130714,
    37.030331618859));
#5465 = DIRECTION('',(0.707106783574,0.707106778799,-8.1E-15));
#5466 = DIRECTION('',(-0.707106778799,0.707106783574,-8.56E-15));
#5467 = ADVANCED_FACE('',(#5468),#5486,.F.);
#5468 = FACE_BOUND('',#5469,.T.);
#5469 = EDGE_LOOP('',(#5470,#5471,#5472,#5480));
#5470 = ORIENTED_EDGE('',*,*,#5449,.T.);
#5471 = ORIENTED_EDGE('',*,*,#595,.T.);
#5472 = ORIENTED_EDGE('',*,*,#5473,.T.);
#5473 = EDGE_CURVE('',#588,#5474,#5476,.T.);
#5474 = VERTEX_POINT('',#5475);
#5475 = CARTESIAN_POINT('',(-20.83690901765,2.529581477149,
    19.679488906385));
#5476 = LINE('',#5477,#5478);
#5477 = CARTESIAN_POINT('',(-20.83690901765,2.529581477149,
    37.030331618859));
#5478 = VECTOR('',#5479,1.);
#5479 = DIRECTION('',(-1.08E-15,-1.037E-14,-1.));
#5480 = ORIENTED_EDGE('',*,*,#5481,.T.);
#5481 = EDGE_CURVE('',#5474,#5450,#5482,.T.);
#5482 = LINE('',#5483,#5484);
#5483 = CARTESIAN_POINT('',(-19.97337868466,2.529581474234,
    19.679488906385));
#5484 = VECTOR('',#5485,1.);
#5485 = DIRECTION('',(-1.,3.37630281E-09,1.08E-15));
#5486 = PLANE('',#5487);
#5487 = AXIS2_PLACEMENT_3D('',#5488,#5489,#5490);
#5488 = CARTESIAN_POINT('',(-19.41975173013,2.529581472364,
    37.030331618859));
#5489 = DIRECTION('',(-3.37630281E-09,-1.,1.037E-14));
#5490 = DIRECTION('',(-1.,3.37630281E-09,2.29E-15));
#5491 = ADVANCED_FACE('',(#5492),#5510,.T.);
#5492 = FACE_BOUND('',#5493,.T.);
#5493 = EDGE_LOOP('',(#5494,#5495,#5496,#5504));
#5494 = ORIENTED_EDGE('',*,*,#5473,.F.);
#5495 = ORIENTED_EDGE('',*,*,#587,.T.);
#5496 = ORIENTED_EDGE('',*,*,#5497,.T.);
#5497 = EDGE_CURVE('',#580,#5498,#5500,.T.);
#5498 = VERTEX_POINT('',#5499);
#5499 = CARTESIAN_POINT('',(-20.21975172804,3.146738762591,
    19.935123824995));
#5500 = LINE('',#5501,#5502);
#5501 = CARTESIAN_POINT('',(-20.21975172804,3.146738762591,
    37.030331618859));
#5502 = VECTOR('',#5503,1.);
#5503 = DIRECTION('',(-1.08E-15,-1.037E-14,-1.));
#5504 = ORIENTED_EDGE('',*,*,#5505,.F.);
#5505 = EDGE_CURVE('',#5474,#5498,#5506,.T.);
#5506 = LINE('',#5507,#5508);
#5507 = CARTESIAN_POINT('',(-19.37235212636,3.99413835855,
    20.286128231576));
#5508 = VECTOR('',#5509,1.);
#5509 = DIRECTION('',(0.678598346837,0.678598342255,0.281084637715));
#5510 = PLANE('',#5511);
#5511 = AXIS2_PLACEMENT_3D('',#5512,#5513,#5514);
#5512 = CARTESIAN_POINT('',(-20.52833037285,2.83816011987,
    37.030331618859));
#5513 = DIRECTION('',(-0.707106778799,0.707106783574,-6.57E-15));
#5514 = DIRECTION('',(-0.707106783574,-0.707106778799,8.76E-15));
#5515 = ADVANCED_FACE('',(#5516),#5534,.F.);
#5516 = FACE_BOUND('',#5517,.T.);
#5517 = EDGE_LOOP('',(#5518,#5519,#5520,#5528));
#5518 = ORIENTED_EDGE('',*,*,#5497,.F.);
#5519 = ORIENTED_EDGE('',*,*,#579,.T.);
#5520 = ORIENTED_EDGE('',*,*,#5521,.T.);
#5521 = EDGE_CURVE('',#572,#5522,#5524,.T.);
#5522 = VERTEX_POINT('',#5523);
#5523 = CARTESIAN_POINT('',(-20.21975172371,4.429391838497,
    18.652470749089));
#5524 = LINE('',#5525,#5526);
#5525 = CARTESIAN_POINT('',(-20.21975172371,4.429391838497,
    29.165171012625));
#5526 = VECTOR('',#5527,1.);
#5527 = DIRECTION('',(-1.08E-15,-1.224E-14,-1.));
#5528 = ORIENTED_EDGE('',*,*,#5529,.F.);
#5529 = EDGE_CURVE('',#5498,#5522,#5530,.T.);
#5530 = LINE('',#5531,#5532);
#5531 = CARTESIAN_POINT('',(-20.21975174738,-2.580513433037,
    25.662376020623));
#5532 = VECTOR('',#5533,1.);
#5533 = DIRECTION('',(2.38740585E-09,0.707106781187,-0.707106781187));
#5534 = PLANE('',#5535);
#5535 = AXIS2_PLACEMENT_3D('',#5536,#5537,#5538);
#5536 = CARTESIAN_POINT('',(-20.2197517227,4.729395728577,
    37.030331618859));
#5537 = DIRECTION('',(1.,-3.37630281E-09,-1.08E-15));
#5538 = DIRECTION('',(-3.37630281E-09,-1.,1.035E-14));
#5539 = ADVANCED_FACE('',(#5540),#5567,.F.);
#5540 = FACE_BOUND('',#5541,.T.);
#5541 = EDGE_LOOP('',(#5542,#5550,#5551,#5552,#5553,#5561));
#5542 = ORIENTED_EDGE('',*,*,#5543,.T.);
#5543 = EDGE_CURVE('',#5544,#744,#5546,.T.);
#5544 = VERTEX_POINT('',#5545);
#5545 = CARTESIAN_POINT('',(-27.19801648152,4.429391823862,
    1.600000000007));
#5546 = LINE('',#5547,#5548);
#5547 = CARTESIAN_POINT('',(-7.627692742035,0.863578348194,
    1.600000000001));
#5548 = VECTOR('',#5549,1.);
#5549 = DIRECTION('',(0.983802840446,-0.179253929192,-2.8275E-13));
#5550 = ORIENTED_EDGE('',*,*,#3248,.F.);
#5551 = ORIENTED_EDGE('',*,*,#4004,.T.);
#5552 = ORIENTED_EDGE('',*,*,#289,.T.);
#5553 = ORIENTED_EDGE('',*,*,#5554,.T.);
#5554 = EDGE_CURVE('',#282,#5555,#5557,.T.);
#5555 = VERTEX_POINT('',#5556);
#5556 = CARTESIAN_POINT('',(-27.19801648152,4.429391823862,
    0.599995904606));
#5557 = LINE('',#5558,#5559);
#5558 = CARTESIAN_POINT('',(-9.487294108587,1.202407265921,
    0.599995904601));
#5559 = VECTOR('',#5560,1.);
#5560 = DIRECTION('',(-0.983802840446,0.179253929192,2.4575E-13));
#5561 = ORIENTED_EDGE('',*,*,#5562,.T.);
#5562 = EDGE_CURVE('',#5555,#5544,#5563,.T.);
#5563 = LINE('',#5564,#5565);
#5564 = CARTESIAN_POINT('',(-27.19801648152,4.429391823862,
    11.150005203195));
#5565 = VECTOR('',#5566,1.);
#5566 = DIRECTION('',(-1.758E-14,1.224E-14,1.));
#5567 = PLANE('',#5568);
#5568 = AXIS2_PLACEMENT_3D('',#5569,#5570,#5571);
#5569 = CARTESIAN_POINT('',(-12.13771224543,1.685327059908,1.));
#5570 = DIRECTION('',(-0.179253929192,-0.983802840446,8.89E-15));
#5571 = DIRECTION('',(0.983802840446,-0.179253929192,2.05E-15));
#5572 = ADVANCED_FACE('',(#5573),#5583,.F.);
#5573 = FACE_BOUND('',#5574,.T.);
#5574 = EDGE_LOOP('',(#5575,#5581,#5582));
#5575 = ORIENTED_EDGE('',*,*,#5576,.F.);
#5576 = EDGE_CURVE('',#752,#5544,#5577,.T.);
#5577 = LINE('',#5578,#5579);
#5578 = CARTESIAN_POINT('',(1.492012694976,4.429391884031,
    16.152779752899));
#5579 = VECTOR('',#5580,1.);
#5580 = DIRECTION('',(-0.891828917827,-1.87034026E-09,-0.452372834428));
#5581 = ORIENTED_EDGE('',*,*,#751,.F.);
#5582 = ORIENTED_EDGE('',*,*,#5543,.F.);
#5583 = PLANE('',#5584);
#5584 = AXIS2_PLACEMENT_3D('',#5585,#5586,#5587);
#5585 = CARTESIAN_POINT('',(-2.030849346113,6.006666431638,
    18.756819052168));
#5586 = DIRECTION('',(-0.169010924946,-0.927585960194,0.333196028937));
#5587 = DIRECTION('',(0.983802840446,-0.179253929192,2.137179322403E-15)
  );
#5588 = ADVANCED_FACE('',(#5589),#5610,.F.);
#5589 = FACE_BOUND('',#5590,.F.);
#5590 = EDGE_LOOP('',(#5591,#5592,#5593,#5601,#5608,#5609));
#5591 = ORIENTED_EDGE('',*,*,#3350,.T.);
#5592 = ORIENTED_EDGE('',*,*,#3448,.T.);
#5593 = ORIENTED_EDGE('',*,*,#5594,.T.);
#5594 = EDGE_CURVE('',#3416,#5595,#5597,.T.);
#5595 = VERTEX_POINT('',#5596);
#5596 = CARTESIAN_POINT('',(-30.48407776996,-0.370610985036,
    16.686394012412));
#5597 = LINE('',#5598,#5599);
#5598 = CARTESIAN_POINT('',(-30.48407773803,39.82919776403,
    16.686394012411));
#5599 = VECTOR('',#5600,1.);
#5600 = DIRECTION('',(7.9422275E-10,1.,-1.224E-14));
#5601 = ORIENTED_EDGE('',*,*,#5602,.T.);
#5602 = EDGE_CURVE('',#5595,#5595,#5603,.T.);
#5603 = CIRCLE('',#5604,3.);
#5604 = AXIS2_PLACEMENT_3D('',#5605,#5606,#5607);
#5605 = CARTESIAN_POINT('',(-30.48407776996,-0.370610985142,
    13.686394012412));
#5606 = DIRECTION('',(-8.293401E-10,-1.,5.73E-15));
#5607 = DIRECTION('',(-1.4E-16,-5.729999999884E-15,-1.));
#5608 = ORIENTED_EDGE('',*,*,#5594,.F.);
#5609 = ORIENTED_EDGE('',*,*,#3415,.F.);
#5610 = CYLINDRICAL_SURFACE('',#5611,3.);
#5611 = AXIS2_PLACEMENT_3D('',#5612,#5613,#5614);
#5612 = CARTESIAN_POINT('',(-30.48407773803,39.82919776403,
    13.686394012411));
#5613 = DIRECTION('',(-7.9422275E-10,-1.,1.224E-14));
#5614 = DIRECTION('',(-1.4E-16,-1.223999999989E-14,-1.));
#5615 = ADVANCED_FACE('',(#5616),#5649,.T.);
#5616 = FACE_BOUND('',#5617,.T.);
#5617 = EDGE_LOOP('',(#5618,#5628,#5636,#5642,#5643));
#5618 = ORIENTED_EDGE('',*,*,#5619,.T.);
#5619 = EDGE_CURVE('',#5620,#5622,#5624,.T.);
#5620 = VERTEX_POINT('',#5621);
#5621 = CARTESIAN_POINT('',(-26.33408535807,3.429391825674,
    8.099480226578));
#5622 = VERTEX_POINT('',#5623);
#5623 = CARTESIAN_POINT('',(-25.33408535724,4.429391827771,
    8.099480226578));
#5624 = LINE('',#5625,#5626);
#5625 = CARTESIAN_POINT('',(-25.27000087123,4.493476313867,
    8.099480226578));
#5626 = VECTOR('',#5627,1.);
#5627 = DIRECTION('',(0.707106780738,0.707106781635,-8.76E-15));
#5628 = ORIENTED_EDGE('',*,*,#5629,.T.);
#5629 = EDGE_CURVE('',#5622,#5630,#5632,.T.);
#5630 = VERTEX_POINT('',#5631);
#5631 = CARTESIAN_POINT('',(-21.47775135124,4.429391835859,
    8.099480226578));
#5632 = LINE('',#5633,#5634);
#5633 = CARTESIAN_POINT('',(-10.24732206164,4.429391859411,
    8.099480226578));
#5634 = VECTOR('',#5635,1.);
#5635 = DIRECTION('',(1.,2.09719003E-09,-1.4E-16));
#5636 = ORIENTED_EDGE('',*,*,#5637,.T.);
#5637 = EDGE_CURVE('',#5630,#2401,#5638,.T.);
#5638 = LINE('',#5639,#5640);
#5639 = CARTESIAN_POINT('',(-21.477751346,1.929395766382,8.099480226578)
  );
#5640 = VECTOR('',#5641,1.);
#5641 = DIRECTION('',(2.09713393E-09,-1.,1.224E-14));
#5642 = ORIENTED_EDGE('',*,*,#2400,.T.);
#5643 = ORIENTED_EDGE('',*,*,#5644,.T.);
#5644 = EDGE_CURVE('',#2393,#5620,#5645,.T.);
#5645 = LINE('',#5646,#5647);
#5646 = CARTESIAN_POINT('',(-26.3340853513,11.599534126035,
    8.099480226578));
#5647 = VECTOR('',#5648,1.);
#5648 = DIRECTION('',(8.2934442E-10,1.,-1.224E-14));
#5649 = PLANE('',#5650);
#5650 = AXIS2_PLACEMENT_3D('',#5651,#5652,#5653);
#5651 = CARTESIAN_POINT('',(-21.577751346,1.929395766181,8.099480226578)
  );
#5652 = DIRECTION('',(-1.4E-16,-1.224E-14,-1.));
#5653 = DIRECTION('',(-1.,-2.1041942E-09,1.400000257553E-16));
#5654 = ADVANCED_FACE('',(#5655),#5673,.T.);
#5655 = FACE_BOUND('',#5656,.T.);
#5656 = EDGE_LOOP('',(#5657,#5665,#5671,#5672));
#5657 = ORIENTED_EDGE('',*,*,#5658,.T.);
#5658 = EDGE_CURVE('',#5522,#5659,#5661,.T.);
#5659 = VERTEX_POINT('',#5660);
#5660 = CARTESIAN_POINT('',(-20.83690901124,4.429391837203,
    17.779678546331));
#5661 = LINE('',#5662,#5663);
#5662 = CARTESIAN_POINT('',(-14.9740985237,4.429391849498,
    26.070944619343));
#5663 = VECTOR('',#5664,1.);
#5664 = DIRECTION('',(-0.577350270679,-1.21082323E-09,-0.816496579874));
#5665 = ORIENTED_EDGE('',*,*,#5666,.F.);
#5666 = EDGE_CURVE('',#5474,#5659,#5667,.T.);
#5667 = LINE('',#5668,#5669);
#5668 = CARTESIAN_POINT('',(-20.83690902268,1.041136902601,
    21.167933480933));
#5669 = VECTOR('',#5670,1.);
#5670 = DIRECTION('',(2.38740596E-09,0.707106781187,-0.707106781187));
#5671 = ORIENTED_EDGE('',*,*,#5505,.T.);
#5672 = ORIENTED_EDGE('',*,*,#5529,.T.);
#5673 = PLANE('',#5674);
#5674 = AXIS2_PLACEMENT_3D('',#5675,#5676,#5677);
#5675 = CARTESIAN_POINT('',(-20.52833038503,-0.769688265218,
    23.415154750778));
#5676 = DIRECTION('',(-0.707106779498,0.500000002387,0.5));
#5677 = DIRECTION('',(-0.577350271946,-0.816496578978,1.021405182655E-14
    ));
#5678 = ADVANCED_FACE('',(#5679),#5697,.F.);
#5679 = FACE_BOUND('',#5680,.T.);
#5680 = EDGE_LOOP('',(#5681,#5689,#5695,#5696));
#5681 = ORIENTED_EDGE('',*,*,#5682,.T.);
#5682 = EDGE_CURVE('',#5659,#5683,#5685,.T.);
#5683 = VERTEX_POINT('',#5684);
#5684 = CARTESIAN_POINT('',(-23.43161007245,4.429391831761,
    17.779678560533));
#5685 = LINE('',#5686,#5687);
#5686 = CARTESIAN_POINT('',(-9.721949219483,4.429391860513,
    17.779678485494));
#5687 = VECTOR('',#5688,1.);
#5688 = DIRECTION('',(-1.,-2.09719003E-09,5.47349392E-09));
#5689 = ORIENTED_EDGE('',*,*,#5690,.T.);
#5690 = EDGE_CURVE('',#5683,#5450,#5691,.T.);
#5691 = LINE('',#5692,#5693);
#5692 = CARTESIAN_POINT('',(-23.43161008505,0.695160129672,
    21.513910262622));
#5693 = VECTOR('',#5694,1.);
#5694 = DIRECTION('',(-2.38740588E-09,-0.707106781187,0.707106781187));
#5695 = ORIENTED_EDGE('',*,*,#5481,.F.);
#5696 = ORIENTED_EDGE('',*,*,#5666,.T.);
#5697 = PLANE('',#5698);
#5698 = AXIS2_PLACEMENT_3D('',#5699,#5700,#5701);
#5699 = CARTESIAN_POINT('',(-20.52700563737,3.070160119865,
    19.138910262622));
#5700 = DIRECTION('',(-2.38740737E-09,-0.707106781187,-0.707106781187));
#5701 = DIRECTION('',(1.,-3.376303745782E-09,-1.357817209184E-16));
#5702 = ADVANCED_FACE('',(#5703),#5721,.T.);
#5703 = FACE_BOUND('',#5704,.T.);
#5704 = EDGE_LOOP('',(#5705,#5713,#5719,#5720));
#5705 = ORIENTED_EDGE('',*,*,#5706,.T.);
#5706 = EDGE_CURVE('',#5683,#5707,#5709,.T.);
#5707 = VERTEX_POINT('',#5708);
#5708 = CARTESIAN_POINT('',(-24.04876735997,4.429391830467,
    18.652470770047));
#5709 = LINE('',#5710,#5711);
#5710 = CARTESIAN_POINT('',(-21.7183933217,4.429391835354,15.35682418697
    ));
#5711 = VECTOR('',#5712,1.);
#5712 = DIRECTION('',(-0.5773502677,-1.21080323E-09,0.816496581981));
#5713 = ORIENTED_EDGE('',*,*,#5714,.T.);
#5714 = EDGE_CURVE('',#5707,#5441,#5715,.T.);
#5715 = LINE('',#5716,#5717);
#5716 = CARTESIAN_POINT('',(-24.04876738714,-3.618443765176,
    26.70030636569));
#5717 = VECTOR('',#5718,1.);
#5718 = DIRECTION('',(-2.38740585E-09,-0.707106781187,0.707106781187));
#5719 = ORIENTED_EDGE('',*,*,#5457,.T.);
#5720 = ORIENTED_EDGE('',*,*,#5690,.F.);
#5721 = PLANE('',#5722);
#5722 = AXIS2_PLACEMENT_3D('',#5723,#5724,#5725);
#5723 = CARTESIAN_POINT('',(-23.7401887361,-1.461641817752,
    24.107108314156));
#5724 = DIRECTION('',(0.707106782875,0.499999997613,0.5));
#5725 = DIRECTION('',(-0.577350266433,0.816496582877,-9.936496070395E-15
    ));
#5726 = ADVANCED_FACE('',(#5727),#5745,.T.);
#5727 = FACE_BOUND('',#5728,.T.);
#5728 = EDGE_LOOP('',(#5729,#5737,#5738,#5739));
#5729 = ORIENTED_EDGE('',*,*,#5730,.F.);
#5730 = EDGE_CURVE('',#2409,#5731,#5733,.T.);
#5731 = VERTEX_POINT('',#5732);
#5732 = CARTESIAN_POINT('',(-21.47775135124,4.429391757166,
    5.258337893931));
#5733 = LINE('',#5734,#5735);
#5734 = CARTESIAN_POINT('',(-21.4777513491,3.408826566228,6.278902773119
    ));
#5735 = VECTOR('',#5736,1.);
#5736 = DIRECTION('',(-1.48289773E-09,0.707106781187,-0.707106781187));
#5737 = ORIENTED_EDGE('',*,*,#2408,.T.);
#5738 = ORIENTED_EDGE('',*,*,#5637,.F.);
#5739 = ORIENTED_EDGE('',*,*,#5740,.T.);
#5740 = EDGE_CURVE('',#5630,#5731,#5741,.T.);
#5741 = LINE('',#5742,#5743);
#5742 = CARTESIAN_POINT('',(-21.47775135124,4.429391835859,
    13.249788349152));
#5743 = VECTOR('',#5744,1.);
#5744 = DIRECTION('',(-1.4E-16,-1.224E-14,-1.));
#5745 = PLANE('',#5746);
#5746 = AXIS2_PLACEMENT_3D('',#5747,#5748,#5749);
#5747 = CARTESIAN_POINT('',(-21.477751346,1.929395766373,5.199566291913)
  );
#5748 = DIRECTION('',(-1.,-2.09713393E-09,1.4E-16));
#5749 = DIRECTION('',(1.39985579436E-16,6.87632E-12,1.));
#5750 = ADVANCED_FACE('',(#5751),#5762,.T.);
#5751 = FACE_BOUND('',#5752,.T.);
#5752 = EDGE_LOOP('',(#5753,#5754,#5755,#5761));
#5753 = ORIENTED_EDGE('',*,*,#2416,.F.);
#5754 = ORIENTED_EDGE('',*,*,#5730,.T.);
#5755 = ORIENTED_EDGE('',*,*,#5756,.T.);
#5756 = EDGE_CURVE('',#5731,#2452,#5757,.T.);
#5757 = LINE('',#5758,#5759);
#5758 = CARTESIAN_POINT('',(-13.28719441955,4.429391853036,
    5.258338046159));
#5759 = VECTOR('',#5760,1.);
#5760 = DIRECTION('',(-1.,-2.09719003E-09,5.251E-14));
#5761 = ORIENTED_EDGE('',*,*,#2451,.T.);
#5762 = PLANE('',#5763);
#5763 = AXIS2_PLACEMENT_3D('',#5764,#5765,#5766);
#5764 = CARTESIAN_POINT('',(-27.65749606535,3.608873983928,6.07885588513
    ));
#5765 = DIRECTION('',(-1.48290016E-09,0.707106781187,0.707106781187));
#5766 = DIRECTION('',(-1.,-2.097137658959E-09,1.410414021965E-16));
#5767 = ADVANCED_FACE('',(#5768),#5787,.F.);
#5768 = FACE_BOUND('',#5769,.F.);
#5769 = EDGE_LOOP('',(#5770,#5778,#5785,#5786));
#5770 = ORIENTED_EDGE('',*,*,#5771,.T.);
#5771 = EDGE_CURVE('',#2425,#5772,#5774,.T.);
#5772 = VERTEX_POINT('',#5773);
#5773 = CARTESIAN_POINT('',(-30.48407777006,-0.370610985136,
    11.986394012412));
#5774 = LINE('',#5775,#5776);
#5775 = CARTESIAN_POINT('',(-30.48407776757,2.629389014864,
    11.986394012412));
#5776 = VECTOR('',#5777,1.);
#5777 = DIRECTION('',(-8.2934294E-10,-1.,6.32E-15));
#5778 = ORIENTED_EDGE('',*,*,#5779,.F.);
#5779 = EDGE_CURVE('',#5772,#5772,#5780,.T.);
#5780 = CIRCLE('',#5781,1.7);
#5781 = AXIS2_PLACEMENT_3D('',#5782,#5783,#5784);
#5782 = CARTESIAN_POINT('',(-30.48407777006,-0.370610985136,
    13.686394012412));
#5783 = DIRECTION('',(-8.293401E-10,-1.,5.73E-15));
#5784 = DIRECTION('',(1.4E-16,5.729999999884E-15,1.));
#5785 = ORIENTED_EDGE('',*,*,#5771,.F.);
#5786 = ORIENTED_EDGE('',*,*,#2424,.T.);
#5787 = CYLINDRICAL_SURFACE('',#5788,1.7);
#5788 = AXIS2_PLACEMENT_3D('',#5789,#5790,#5791);
#5789 = CARTESIAN_POINT('',(-30.48407776757,2.629389014864,
    13.686394012412));
#5790 = DIRECTION('',(8.2934294E-10,1.,-6.32E-15));
#5791 = DIRECTION('',(1.4E-16,6.319999999884E-15,1.));
#5792 = ADVANCED_FACE('',(#5793,#5796),#5799,.T.);
#5793 = FACE_BOUND('',#5794,.T.);
#5794 = EDGE_LOOP('',(#5795));
#5795 = ORIENTED_EDGE('',*,*,#5602,.T.);
#5796 = FACE_BOUND('',#5797,.T.);
#5797 = EDGE_LOOP('',(#5798));
#5798 = ORIENTED_EDGE('',*,*,#5779,.F.);
#5799 = PLANE('',#5800);
#5800 = AXIS2_PLACEMENT_3D('',#5801,#5802,#5803);
#5801 = CARTESIAN_POINT('',(-30.33408145843,-0.37061098526,
    23.858362815636));
#5802 = DIRECTION('',(-8.293401E-10,-1.,5.73E-15));
#5803 = DIRECTION('',(1.4E-16,5.729999999884E-15,1.));
#5804 = ADVANCED_FACE('',(#5805),#5831,.F.);
#5805 = FACE_BOUND('',#5806,.T.);
#5806 = EDGE_LOOP('',(#5807,#5815,#5823,#5829,#5830));
#5807 = ORIENTED_EDGE('',*,*,#5808,.T.);
#5808 = EDGE_CURVE('',#5406,#5809,#5811,.T.);
#5809 = VERTEX_POINT('',#5810);
#5810 = CARTESIAN_POINT('',(-17.55952108123,-4.671465989708,0.));
#5811 = LINE('',#5812,#5813);
#5812 = CARTESIAN_POINT('',(-17.23672838614,-4.808180826844,0.));
#5813 = VECTOR('',#5814,1.);
#5814 = DIRECTION('',(0.92081496549,-0.389999742729,6.12E-15));
#5815 = ORIENTED_EDGE('',*,*,#5816,.T.);
#5816 = EDGE_CURVE('',#5809,#5817,#5819,.T.);
#5817 = VERTEX_POINT('',#5818);
#5818 = CARTESIAN_POINT('',(-17.6363093064,-6.47060422623,1.79913823639)
  );
#5819 = LINE('',#5820,#5821);
#5820 = CARTESIAN_POINT('',(-17.64147307183,-6.591590586058,
    1.920124596209));
#5821 = VECTOR('',#5822,1.);
#5822 = DIRECTION('',(-3.016597781817E-02,-0.706784979274,0.706784979222
    ));
#5823 = ORIENTED_EDGE('',*,*,#5824,.T.);
#5824 = EDGE_CURVE('',#5817,#1927,#5825,.T.);
#5825 = LINE('',#5826,#5827);
#5826 = CARTESIAN_POINT('',(-19.87892772461,-6.470604230082,
    2.732106322683));
#5827 = VECTOR('',#5828,1.);
#5828 = DIRECTION('',(-0.923289637005,-1.58581343E-09,0.384104473027));
#5829 = ORIENTED_EDGE('',*,*,#1926,.T.);
#5830 = ORIENTED_EDGE('',*,*,#5414,.T.);
#5831 = PLANE('',#5832);
#5832 = AXIS2_PLACEMENT_3D('',#5833,#5834,#5835);
#5833 = CARTESIAN_POINT('',(-19.49092160965,-6.395458305521,
    2.496877417635));
#5834 = DIRECTION('',(0.284524947651,0.671782058159,0.683925741948));
#5835 = DIRECTION('',(-0.92081496549,0.389999742729,-4.662936703426E-15)
  );
#5836 = ADVANCED_FACE('',(#5837),#5852,.T.);
#5837 = FACE_BOUND('',#5838,.T.);
#5838 = EDGE_LOOP('',(#5839,#5840,#5846,#5847,#5848,#5849,#5850,#5851));
#5839 = ORIENTED_EDGE('',*,*,#3055,.T.);
#5840 = ORIENTED_EDGE('',*,*,#5841,.T.);
#5841 = EDGE_CURVE('',#3046,#4995,#5842,.T.);
#5842 = LINE('',#5843,#5844);
#5843 = CARTESIAN_POINT('',(20.580248409834,-4.270604309589,
    15.600000053124));
#5844 = VECTOR('',#5845,1.);
#5845 = DIRECTION('',(2.4214E-13,1.161E-14,1.));
#5846 = ORIENTED_EDGE('',*,*,#4994,.T.);
#5847 = ORIENTED_EDGE('',*,*,#4977,.T.);
#5848 = ORIENTED_EDGE('',*,*,#4920,.F.);
#5849 = ORIENTED_EDGE('',*,*,#4473,.F.);
#5850 = ORIENTED_EDGE('',*,*,#2957,.F.);
#5851 = ORIENTED_EDGE('',*,*,#3022,.F.);
#5852 = PLANE('',#5853);
#5853 = AXIS2_PLACEMENT_3D('',#5854,#5855,#5856);
#5854 = CARTESIAN_POINT('',(20.580248409839,-4.270604309589,
    35.599996010847));
#5855 = DIRECTION('',(-1.71814215E-09,1.,-1.615E-14));
#5856 = DIRECTION('',(1.,1.71814215E-09,-2.4257E-13));
#5857 = ADVANCED_FACE('',(#5858),#5891,.F.);
#5858 = FACE_BOUND('',#5859,.T.);
#5859 = EDGE_LOOP('',(#5860,#5870,#5876,#5877,#5885));
#5860 = ORIENTED_EDGE('',*,*,#5861,.F.);
#5861 = EDGE_CURVE('',#5862,#5864,#5866,.T.);
#5862 = VERTEX_POINT('',#5863);
#5863 = CARTESIAN_POINT('',(24.271100225209,-4.694868222962,-1.3998E-11)
  );
#5864 = VERTEX_POINT('',#5865);
#5865 = CARTESIAN_POINT('',(-17.44610685356,-4.694868294615,0.));
#5866 = LINE('',#5867,#5868);
#5867 = CARTESIAN_POINT('',(-8.575123850335,-4.694868279379,-5.329E-14)
  );
#5868 = VECTOR('',#5869,1.);
#5869 = DIRECTION('',(-1.,-1.71757385E-09,0.));
#5870 = ORIENTED_EDGE('',*,*,#5871,.F.);
#5871 = EDGE_CURVE('',#4719,#5862,#5872,.T.);
#5872 = LINE('',#5873,#5874);
#5873 = CARTESIAN_POINT('',(20.207373003907,-10.98112168533,
    6.286253455375));
#5874 = VECTOR('',#5875,1.);
#5875 = DIRECTION('',(0.415732619885,0.64310434211,-0.643104341396));
#5876 = ORIENTED_EDGE('',*,*,#4718,.T.);
#5877 = ORIENTED_EDGE('',*,*,#5878,.T.);
#5878 = EDGE_CURVE('',#4711,#5879,#5881,.T.);
#5879 = VERTEX_POINT('',#5880);
#5880 = CARTESIAN_POINT('',(-17.52189625527,-6.470604226034,
    1.775735931288));
#5881 = LINE('',#5882,#5883);
#5882 = CARTESIAN_POINT('',(-16.47154238494,-6.470604224229,
    1.775735931288));
#5883 = VECTOR('',#5884,1.);
#5884 = DIRECTION('',(-1.,-1.71757385E-09,0.));
#5885 = ORIENTED_EDGE('',*,*,#5886,.T.);
#5886 = EDGE_CURVE('',#5879,#5864,#5887,.T.);
#5887 = LINE('',#5888,#5889);
#5888 = CARTESIAN_POINT('',(-17.52766309229,-6.605720475268,
    1.910852180514));
#5889 = VECTOR('',#5890,1.);
#5890 = DIRECTION('',(3.016597781817E-02,0.706784979274,-0.706784979222)
  );
#5891 = PLANE('',#5892);
#5892 = AXIS2_PLACEMENT_3D('',#5893,#5894,#5895);
#5893 = CARTESIAN_POINT('',(-12.52333311609,-6.482736251804,
    1.787867965644));
#5894 = DIRECTION('',(-1.21450812E-09,0.707106781187,0.707106781187));
#5895 = DIRECTION('',(-1.,-1.717573992458E-09,1.375418898142E-16));
#5896 = ADVANCED_FACE('',(#5897),#5915,.T.);
#5897 = FACE_BOUND('',#5898,.T.);
#5898 = EDGE_LOOP('',(#5899,#5906,#5907,#5914));
#5899 = ORIENTED_EDGE('',*,*,#5900,.F.);
#5900 = EDGE_CURVE('',#5864,#5809,#5901,.T.);
#5901 = ELLIPSE('',#5902,0.565942983735,0.4);
#5902 = AXIS2_PLACEMENT_3D('',#5903,#5904,#5905);
#5903 = CARTESIAN_POINT('',(-17.43403496905,-4.129182869646,-1.776E-14)
  );
#5904 = DIRECTION('',(0.,-1.57E-14,-1.));
#5905 = DIRECTION('',(-4.264173766617E-02,-0.999090427443,
    1.568571971086E-14));
#5906 = ORIENTED_EDGE('',*,*,#5886,.F.);
#5907 = ORIENTED_EDGE('',*,*,#5908,.T.);
#5908 = EDGE_CURVE('',#5879,#5817,#5909,.T.);
#5909 = ELLIPSE('',#5910,0.565942983735,0.4);
#5910 = AXIS2_PLACEMENT_3D('',#5911,#5912,#5913);
#5911 = CARTESIAN_POINT('',(-17.53396814076,-6.470604226054,
    2.341421356237));
#5912 = DIRECTION('',(-1.71757385E-09,1.,-1.224000000001E-14));
#5913 = DIRECTION('',(4.264173938218E-02,7.322810761452E-11,
    -0.99909042737));
#5914 = ORIENTED_EDGE('',*,*,#5816,.F.);
#5915 = CYLINDRICAL_SURFACE('',#5916,0.4);
#5916 = AXIS2_PLACEMENT_3D('',#5917,#5918,#5919);
#5917 = CARTESIAN_POINT('',(-17.52766309277,-6.322877762794,
    2.193694892988));
#5918 = DIRECTION('',(-3.016597781817E-02,-0.706784979274,0.706784979222
    ));
#5919 = DIRECTION('',(-0.143757043172,-0.696687530885,-0.702823161861));
#5920 = ADVANCED_FACE('',(#5921),#5933,.T.);
#5921 = FACE_BOUND('',#5922,.T.);
#5922 = EDGE_LOOP('',(#5923,#5930,#5931,#5932));
#5923 = ORIENTED_EDGE('',*,*,#5924,.T.);
#5924 = EDGE_CURVE('',#5862,#4107,#5925,.T.);
#5925 = ELLIPSE('',#5926,0.62198305042,0.4);
#5926 = AXIS2_PLACEMENT_3D('',#5927,#5928,#5929);
#5927 = CARTESIAN_POINT('',(24.453942936712,-4.129182797699,
    -1.403322E-11));
#5928 = DIRECTION('',(2.4857E-13,1.518E-14,1.));
#5929 = DIRECTION('',(-0.542888819946,-0.839804577969,1.476941074676E-13
    ));
#5930 = ORIENTED_EDGE('',*,*,#4106,.T.);
#5931 = ORIENTED_EDGE('',*,*,#4726,.T.);
#5932 = ORIENTED_EDGE('',*,*,#5871,.T.);
#5933 = CYLINDRICAL_SURFACE('',#5934,0.4);
#5934 = AXIS2_PLACEMENT_3D('',#5935,#5936,#5937);
#5935 = CARTESIAN_POINT('',(20.207373003421,-10.69827897285,
    6.569096167849));
#5936 = DIRECTION('',(0.415732619885,0.64310434211,-0.643104341396));
#5937 = DIRECTION('',(0.376877891938,-0.765354727727,-0.52172329382));
#5938 = ADVANCED_FACE('',(#5939),#5942,.F.);
#5939 = FACE_BOUND('',#5940,.T.);
#5940 = EDGE_LOOP('',(#5941));
#5941 = ORIENTED_EDGE('',*,*,#3619,.F.);
#5942 = PLANE('',#5943);
#5943 = AXIS2_PLACEMENT_3D('',#5944,#5945,#5946);
#5944 = CARTESIAN_POINT('',(-17.41975162147,-5.270604225858,
    36.630338225833));
#5945 = DIRECTION('',(1.71761994E-09,-1.,1.212E-14));
#5946 = DIRECTION('',(-1.4E-16,-1.212000000024E-14,-1.));
#5947 = ADVANCED_FACE('',(#5948),#5951,.F.);
#5948 = FACE_BOUND('',#5949,.T.);
#5949 = EDGE_LOOP('',(#5950));
#5950 = ORIENTED_EDGE('',*,*,#3586,.F.);
#5951 = PLANE('',#5952);
#5952 = AXIS2_PLACEMENT_3D('',#5953,#5954,#5955);
#5953 = CARTESIAN_POINT('',(-17.41975162147,-5.270604225858,
    36.630338225833));
#5954 = DIRECTION('',(1.71761994E-09,-1.,1.212E-14));
#5955 = DIRECTION('',(-1.4E-16,-1.212000000024E-14,-1.));
#5956 = ADVANCED_FACE('',(#5957),#5993,.T.);
#5957 = FACE_BOUND('',#5958,.T.);
#5958 = EDGE_LOOP('',(#5959,#5960,#5961,#5962,#5970,#5979,#5987));
#5959 = ORIENTED_EDGE('',*,*,#2384,.F.);
#5960 = ORIENTED_EDGE('',*,*,#2351,.T.);
#5961 = ORIENTED_EDGE('',*,*,#2327,.T.);
#5962 = ORIENTED_EDGE('',*,*,#5963,.T.);
#5963 = EDGE_CURVE('',#2319,#5964,#5966,.T.);
#5964 = VERTEX_POINT('',#5965);
#5965 = CARTESIAN_POINT('',(-28.22088409407,-4.342805859436,
    23.333803714665));
#5966 = LINE('',#5967,#5968);
#5967 = CARTESIAN_POINT('',(-18.17161291984,-8.319923245291,
    27.310921133494));
#5968 = VECTOR('',#5969,1.);
#5969 = DIRECTION('',(0.872620692498,-0.345349913165,0.345349916028));
#5970 = ORIENTED_EDGE('',*,*,#5971,.T.);
#5971 = EDGE_CURVE('',#5964,#5972,#5974,.T.);
#5972 = VERTEX_POINT('',#5973);
#5973 = CARTESIAN_POINT('',(-28.02927831793,-4.290613079837,
    23.281610935695));
#5974 = ELLIPSE('',#5975,0.573399359022,0.4);
#5975 = AXIS2_PLACEMENT_3D('',#5976,#5977,#5978);
#5976 = CARTESIAN_POINT('',(-27.96299550981,-4.690613081705,
    23.68161093778));
#5977 = DIRECTION('',(2.320148129176E-09,-0.707106781187,-0.707106781187
    ));
#5978 = DIRECTION('',(-0.228163745052,0.688455265218,-0.688455265967));
#5979 = ORIENTED_EDGE('',*,*,#5980,.F.);
#5980 = EDGE_CURVE('',#5981,#5972,#5983,.T.);
#5981 = VERTEX_POINT('',#5982);
#5982 = CARTESIAN_POINT('',(-26.33408536448,-4.29061308556,
    23.28161094698));
#5983 = LINE('',#5984,#5985);
#5984 = CARTESIAN_POINT('',(-2.225753563404,-4.290613166958,
    23.281611107481));
#5985 = VECTOR('',#5986,1.);
#5986 = DIRECTION('',(-1.,3.37630151E-09,-6.65748652E-09));
#5987 = ORIENTED_EDGE('',*,*,#5988,.F.);
#5988 = EDGE_CURVE('',#2385,#5981,#5989,.T.);
#5989 = LINE('',#5990,#5991);
#5990 = CARTESIAN_POINT('',(-26.33408535762,3.980618108767,
    15.010379752653));
#5991 = VECTOR('',#5992,1.);
#5992 = DIRECTION('',(-5.8643375E-10,-0.707106781187,0.707106781187));
#5993 = PLANE('',#5994);
#5994 = AXIS2_PLACEMENT_3D('',#5995,#5996,#5997);
#5995 = CARTESIAN_POINT('',(-1.384267580956,0.238483676621,
    18.752514266665));
#5996 = DIRECTION('',(-2.32014817E-09,0.707106781187,0.707106781187));
#5997 = DIRECTION('',(-1.,-3.281185149365E-09,1.406354473877E-16));
#5998 = ADVANCED_FACE('',(#5999),#6024,.T.);
#5999 = FACE_BOUND('',#6000,.T.);
#6000 = EDGE_LOOP('',(#6001,#6009,#6017,#6023));
#6001 = ORIENTED_EDGE('',*,*,#6002,.T.);
#6002 = EDGE_CURVE('',#5972,#6003,#6005,.T.);
#6003 = VERTEX_POINT('',#6004);
#6004 = CARTESIAN_POINT('',(-27.51839772343,-4.290613094234,
    26.364646210445));
#6005 = LINE('',#6006,#6007);
#6006 = CARTESIAN_POINT('',(-28.47069282499,-4.290613067397,
    20.617785942666));
#6007 = VECTOR('',#6008,1.);
#6008 = DIRECTION('',(0.16347776858,-4.60716722E-09,0.986547018231));
#6009 = ORIENTED_EDGE('',*,*,#6010,.T.);
#6010 = EDGE_CURVE('',#6003,#6011,#6013,.T.);
#6011 = VERTEX_POINT('',#6012);
#6012 = CARTESIAN_POINT('',(-26.33408536448,-4.290613098233,
    26.364646210445));
#6013 = LINE('',#6014,#6015);
#6014 = CARTESIAN_POINT('',(-12.70433293552,-4.290613144252,
    26.364646210445));
#6015 = VECTOR('',#6016,1.);
#6016 = DIRECTION('',(1.,-3.37630148E-09,-1.4E-16));
#6017 = ORIENTED_EDGE('',*,*,#6018,.F.);
#6018 = EDGE_CURVE('',#5981,#6011,#6019,.T.);
#6019 = LINE('',#6020,#6021);
#6020 = CARTESIAN_POINT('',(-26.33408536448,-4.290613083612,
    22.807582542142));
#6021 = VECTOR('',#6022,1.);
#6022 = DIRECTION('',(1.85E-15,-4.11051568E-09,1.));
#6023 = ORIENTED_EDGE('',*,*,#5980,.T.);
#6024 = PLANE('',#6025);
#6025 = AXIS2_PLACEMENT_3D('',#6026,#6027,#6028);
#6026 = CARTESIAN_POINT('',(-3.067239483888,-4.290613153915,
    20.799999988986));
#6027 = DIRECTION('',(3.37630148E-09,1.,4.11051568E-09));
#6028 = DIRECTION('',(-1.,3.37630148E-09,1.4E-16));
#6029 = ADVANCED_FACE('',(#6030),#6042,.T.);
#6030 = FACE_BOUND('',#6031,.T.);
#6031 = EDGE_LOOP('',(#6032,#6033,#6034,#6035));
#6032 = ORIENTED_EDGE('',*,*,#5963,.F.);
#6033 = ORIENTED_EDGE('',*,*,#2318,.F.);
#6034 = ORIENTED_EDGE('',*,*,#1965,.F.);
#6035 = ORIENTED_EDGE('',*,*,#6036,.T.);
#6036 = EDGE_CURVE('',#1958,#5964,#6037,.T.);
#6037 = ELLIPSE('',#6038,0.464463935643,0.4);
#6038 = AXIS2_PLACEMENT_3D('',#6039,#6040,#6041);
#6039 = CARTESIAN_POINT('',(-28.05673355753,-4.690613079063,
    23.115925509882));
#6040 = DIRECTION('',(-0.601537961183,0.200503227478,-0.773272614947));
#6041 = DIRECTION('',(0.697628039618,-0.339742203671,-0.630785505052));
#6042 = CYLINDRICAL_SURFACE('',#6043,0.4);
#6043 = AXIS2_PLACEMENT_3D('',#6044,#6045,#6046);
#6044 = CARTESIAN_POINT('',(-18.17161291891,-8.602765957765,
    27.028078421019));
#6045 = DIRECTION('',(-0.872620692498,0.345349913165,-0.345349916028));
#6046 = DIRECTION('',(-0.437404029852,-0.238029948956,0.867190554647));
#6047 = ADVANCED_FACE('',(#6048),#6070,.T.);
#6048 = FACE_BOUND('',#6049,.T.);
#6049 = EDGE_LOOP('',(#6050,#6051,#6052,#6053,#6054,#6063));
#6050 = ORIENTED_EDGE('',*,*,#6002,.F.);
#6051 = ORIENTED_EDGE('',*,*,#5971,.F.);
#6052 = ORIENTED_EDGE('',*,*,#6036,.F.);
#6053 = ORIENTED_EDGE('',*,*,#1957,.F.);
#6054 = ORIENTED_EDGE('',*,*,#6055,.T.);
#6055 = EDGE_CURVE('',#1950,#6056,#6058,.T.);
#6056 = VERTEX_POINT('',#6057);
#6057 = CARTESIAN_POINT('',(-27.68006581513,-4.321623484075,
    26.333635819932));
#6058 = ELLIPSE('',#6059,0.507929143751,0.4);
#6059 = AXIS2_PLACEMENT_3D('',#6060,#6061,#6062);
#6060 = CARTESIAN_POINT('',(-27.49094248633,-4.690613095008,
    26.530331634232));
#6061 = DIRECTION('',(0.429957686427,-0.243127292848,-0.86949727277));
#6062 = DIRECTION('',(0.814658939856,-0.310669323649,0.489709488428));
#6063 = ORIENTED_EDGE('',*,*,#6064,.F.);
#6064 = EDGE_CURVE('',#6003,#6056,#6065,.T.);
#6065 = ELLIPSE('',#6066,0.573399354854,0.4);
#6066 = AXIS2_PLACEMENT_3D('',#6067,#6068,#6069);
#6067 = CARTESIAN_POINT('',(-27.58468053336,-4.690613092366,
    25.964646210445));
#6068 = DIRECTION('',(-2.387405564908E-09,-0.70710678264,0.707106779733)
  );
#6069 = DIRECTION('',(0.22816374669,0.688455263521,0.688455267121));
#6070 = CYLINDRICAL_SURFACE('',#6071,0.4);
#6071 = AXIS2_PLACEMENT_3D('',#6072,#6073,#6074);
#6072 = CARTESIAN_POINT('',(-28.47069282634,-4.690613067397,
    20.617785941022));
#6073 = DIRECTION('',(-0.16347776858,4.60716722E-09,-0.986547018231));
#6074 = DIRECTION('',(-0.966337303684,0.20137268427,0.160128877905));
#6075 = ADVANCED_FACE('',(#6076),#6103,.T.);
#6076 = FACE_BOUND('',#6077,.T.);
#6077 = EDGE_LOOP('',(#6078,#6079,#6080,#6088,#6096));
#6078 = ORIENTED_EDGE('',*,*,#247,.F.);
#6079 = ORIENTED_EDGE('',*,*,#4170,.F.);
#6080 = ORIENTED_EDGE('',*,*,#6081,.F.);
#6081 = EDGE_CURVE('',#6082,#4163,#6084,.T.);
#6082 = VERTEX_POINT('',#6083);
#6083 = CARTESIAN_POINT('',(20.580248317387,3.484088906427,
    0.350807833874));
#6084 = LINE('',#6085,#6086);
#6085 = CARTESIAN_POINT('',(20.580248254141,-3.006983266937,
    6.736743056775));
#6086 = VECTOR('',#6087,1.);
#6087 = DIRECTION('',(-8.8667037E-10,-0.712856338204,0.701310089106));
#6088 = ORIENTED_EDGE('',*,*,#6089,.T.);
#6089 = EDGE_CURVE('',#6082,#6090,#6092,.T.);
#6090 = VERTEX_POINT('',#6091);
#6091 = CARTESIAN_POINT('',(12.801519501901,2.066764532655,0.35080780936
    ));
#6092 = LINE('',#6093,#6094);
#6093 = CARTESIAN_POINT('',(0.998333954622,-8.383658544927E-02,
    0.350807809362));
#6094 = VECTOR('',#6095,1.);
#6095 = DIRECTION('',(-0.983802838917,-0.179253937583,1.265E-13));
#6096 = ORIENTED_EDGE('',*,*,#6097,.T.);
#6097 = EDGE_CURVE('',#6090,#248,#6098,.T.);
#6098 = ELLIPSE('',#6099,0.400815638683,0.4);
#6099 = AXIS2_PLACEMENT_3D('',#6100,#6101,#6102);
#6100 = CARTESIAN_POINT('',(12.750818831973,2.345025996155,
    6.796509688588E-02));
#6101 = DIRECTION('',(0.126751674819,-0.695653658749,-0.707106781187));
#6102 = DIRECTION('',(-0.983802838917,-0.179253937583,4.362482597386E-13
    ));
#6103 = PLANE('',#6104);
#6104 = AXIS2_PLACEMENT_3D('',#6105,#6106,#6107);
#6105 = CARTESIAN_POINT('',(2.599002459859,0.666047444063,
    -0.100004095402));
#6106 = DIRECTION('',(-0.126751674819,0.695653658749,0.707106781187));
#6107 = DIRECTION('',(-0.983802838917,-0.179253937583,2.511879593214E-15
    ));
#6108 = ADVANCED_FACE('',(#6109),#6129,.F.);
#6109 = FACE_BOUND('',#6110,.T.);
#6110 = EDGE_LOOP('',(#6111,#6119,#6125,#6126,#6127,#6128));
#6111 = ORIENTED_EDGE('',*,*,#6112,.T.);
#6112 = EDGE_CURVE('',#3645,#6113,#6115,.T.);
#6113 = VERTEX_POINT('',#6114);
#6114 = CARTESIAN_POINT('',(18.858077568956,6.912238548509,
    8.542624018429));
#6115 = LINE('',#6116,#6117);
#6116 = CARTESIAN_POINT('',(17.744903905267,9.599677497234,
    12.804328255006));
#6117 = VECTOR('',#6118,1.);
#6118 = DIRECTION('',(-0.21573940585,0.520840998102,0.825942590898));
#6119 = ORIENTED_EDGE('',*,*,#6120,.F.);
#6120 = EDGE_CURVE('',#4655,#6113,#6121,.T.);
#6121 = LINE('',#6122,#6123);
#6122 = CARTESIAN_POINT('',(17.878416610894,5.932577589983,
    8.948412877385));
#6123 = VECTOR('',#6124,1.);
#6124 = DIRECTION('',(-0.678598343922,-0.678598344244,0.281084639949));
#6125 = ORIENTED_EDGE('',*,*,#4654,.T.);
#6126 = ORIENTED_EDGE('',*,*,#5202,.F.);
#6127 = ORIENTED_EDGE('',*,*,#3682,.F.);
#6128 = ORIENTED_EDGE('',*,*,#3652,.F.);
#6129 = PLANE('',#6130);
#6130 = AXIS2_PLACEMENT_3D('',#6131,#6132,#6133);
#6131 = CARTESIAN_POINT('',(19.88024830837,7.822288680281,8.007106423497
    ));
#6132 = DIRECTION('',(0.707106782045,-0.499999998785,0.5));
#6133 = DIRECTION('',(0.577350267787,0.816496581919,-2.351452366156E-13)
  );
#6134 = ADVANCED_FACE('',(#6135),#6146,.T.);
#6135 = FACE_BOUND('',#6136,.T.);
#6136 = EDGE_LOOP('',(#6137,#6143,#6144,#6145));
#6137 = ORIENTED_EDGE('',*,*,#6138,.T.);
#6138 = EDGE_CURVE('',#6113,#3725,#6139,.T.);
#6139 = LINE('',#6140,#6141);
#6140 = CARTESIAN_POINT('',(18.858077568955,6.912238548509,
    21.370086185429));
#6141 = VECTOR('',#6142,1.);
#6142 = DIRECTION('',(-9.555E-14,1.59E-14,1.));
#6143 = ORIENTED_EDGE('',*,*,#3750,.T.);
#6144 = ORIENTED_EDGE('',*,*,#4662,.T.);
#6145 = ORIENTED_EDGE('',*,*,#6120,.T.);
#6146 = PLANE('',#6147);
#6147 = AXIS2_PLACEMENT_3D('',#6148,#6149,#6150);
#6148 = CARTESIAN_POINT('',(18.4252348373,6.479395816648,21.925006561427
    ));
#6149 = DIRECTION('',(-0.707106781354,0.707106781019,-7.88E-14));
#6150 = DIRECTION('',(3.300143706138E-16,-1.111100143706E-13,-1.));
#6151 = ADVANCED_FACE('',(#6152),#6158,.F.);
#6152 = FACE_BOUND('',#6153,.T.);
#6153 = EDGE_LOOP('',(#6154,#6155,#6156,#6157));
#6154 = ORIENTED_EDGE('',*,*,#6112,.F.);
#6155 = ORIENTED_EDGE('',*,*,#3642,.F.);
#6156 = ORIENTED_EDGE('',*,*,#3724,.F.);
#6157 = ORIENTED_EDGE('',*,*,#6138,.F.);
#6158 = PLANE('',#6159);
#6159 = AXIS2_PLACEMENT_3D('',#6160,#6161,#6162);
#6160 = CARTESIAN_POINT('',(18.916656212751,6.770817192581,
    21.370086185429));
#6161 = DIRECTION('',(0.923879532137,0.382683433268,8.219E-14));
#6162 = DIRECTION('',(-0.382683433268,0.923879532137,-1.126E-14));
#6163 = ADVANCED_FACE('',(#6164,#6197),#6204,.F.);
#6164 = FACE_BOUND('',#6165,.F.);
#6165 = EDGE_LOOP('',(#6166,#6174,#6175,#6176,#6177,#6178,#6179,#6180,
    #6186,#6187,#6188,#6189,#6190,#6191));
#6166 = ORIENTED_EDGE('',*,*,#6167,.F.);
#6167 = EDGE_CURVE('',#4602,#6168,#6170,.T.);
#6168 = VERTEX_POINT('',#6169);
#6169 = CARTESIAN_POINT('',(20.580248396507,3.48418780592,0.350905213609
    ));
#6170 = LINE('',#6171,#6172);
#6171 = CARTESIAN_POINT('',(20.580248407661,-3.006849252169,
    6.736805904317));
#6172 = VECTOR('',#6173,1.);
#6173 = DIRECTION('',(-1.22492446E-09,0.712856337826,-0.701310089491));
#6174 = ORIENTED_EDGE('',*,*,#4599,.F.);
#6175 = ORIENTED_EDGE('',*,*,#5235,.T.);
#6176 = ORIENTED_EDGE('',*,*,#3701,.T.);
#6177 = ORIENTED_EDGE('',*,*,#3734,.T.);
#6178 = ORIENTED_EDGE('',*,*,#4814,.F.);
#6179 = ORIENTED_EDGE('',*,*,#5311,.F.);
#6180 = ORIENTED_EDGE('',*,*,#6181,.T.);
#6181 = EDGE_CURVE('',#5276,#3145,#6182,.T.);
#6182 = LINE('',#6183,#6184);
#6183 = CARTESIAN_POINT('',(20.580248378554,-5.270604160588,
    11.449996109299));
#6184 = VECTOR('',#6185,1.);
#6185 = DIRECTION('',(6.43E-15,-1.212E-14,-1.));
#6186 = ORIENTED_EDGE('',*,*,#3152,.T.);
#6187 = ORIENTED_EDGE('',*,*,#4190,.F.);
#6188 = ORIENTED_EDGE('',*,*,#3286,.T.);
#6189 = ORIENTED_EDGE('',*,*,#4162,.F.);
#6190 = ORIENTED_EDGE('',*,*,#6081,.F.);
#6191 = ORIENTED_EDGE('',*,*,#6192,.T.);
#6192 = EDGE_CURVE('',#6082,#6168,#6193,.T.);
#6193 = LINE('',#6194,#6195);
#6194 = CARTESIAN_POINT('',(20.580248401569,0.537559030166,
    -2.547996689931));
#6195 = VECTOR('',#6196,1.);
#6196 = DIRECTION('',(-1.22458483E-09,0.712856338015,0.701310089299));
#6197 = FACE_BOUND('',#6198,.T.);
#6198 = EDGE_LOOP('',(#6199,#6200,#6201,#6202,#6203));
#6199 = ORIENTED_EDGE('',*,*,#5009,.T.);
#6200 = ORIENTED_EDGE('',*,*,#5841,.F.);
#6201 = ORIENTED_EDGE('',*,*,#3045,.T.);
#6202 = ORIENTED_EDGE('',*,*,#4217,.T.);
#6203 = ORIENTED_EDGE('',*,*,#4410,.F.);
#6204 = PLANE('',#6205);
#6205 = AXIS2_PLACEMENT_3D('',#6206,#6207,#6208);
#6206 = CARTESIAN_POINT('',(20.580248411377,-5.170604160578,
    1.600000053124));
#6207 = DIRECTION('',(1.,1.71809463E-09,-2.4214E-13));
#6208 = DIRECTION('',(-1.71809463E-09,1.,-1.161E-14));
#6209 = ADVANCED_FACE('',(#6210),#6223,.T.);
#6210 = FACE_BOUND('',#6211,.T.);
#6211 = EDGE_LOOP('',(#6212,#6218,#6219,#6220,#6221,#6222));
#6212 = ORIENTED_EDGE('',*,*,#6213,.T.);
#6213 = EDGE_CURVE('',#4298,#4570,#6214,.T.);
#6214 = LINE('',#6215,#6216);
#6215 = CARTESIAN_POINT('',(-0.869006176364,0.642390262553,1.39999991541
    ));
#6216 = VECTOR('',#6217,1.);
#6217 = DIRECTION('',(-0.983802839441,-0.179253934704,2.92598892E-09));
#6218 = ORIENTED_EDGE('',*,*,#4569,.T.);
#6219 = ORIENTED_EDGE('',*,*,#5227,.T.);
#6220 = ORIENTED_EDGE('',*,*,#3875,.T.);
#6221 = ORIENTED_EDGE('',*,*,#4876,.T.);
#6222 = ORIENTED_EDGE('',*,*,#4307,.F.);
#6223 = PLANE('',#6224);
#6224 = AXIS2_PLACEMENT_3D('',#6225,#6226,#6227);
#6225 = CARTESIAN_POINT('',(-0.866796126407,0.642792945015,
    21.299987909534));
#6226 = DIRECTION('',(-0.179253934704,0.983802839441,4.238E-14));
#6227 = DIRECTION('',(-0.983802839441,-0.179253934704,2.13E-15));
#6228 = ADVANCED_FACE('',(#6229),#6263,.F.);
#6229 = FACE_BOUND('',#6230,.T.);
#6230 = EDGE_LOOP('',(#6231,#6239,#6240,#6241,#6249,#6255,#6256,#6257));
#6231 = ORIENTED_EDGE('',*,*,#6232,.T.);
#6232 = EDGE_CURVE('',#6233,#6090,#6235,.T.);
#6233 = VERTEX_POINT('',#6234);
#6234 = CARTESIAN_POINT('',(12.833218056516,1.71595672343,-8.9E-14));
#6235 = LINE('',#6236,#6237);
#6236 = CARTESIAN_POINT('',(12.814569977353,1.922334959812,
    0.206378236462));
#6237 = VECTOR('',#6238,1.);
#6238 = DIRECTION('',(-6.376326433538E-02,0.705667855913,0.705667856185)
  );
#6239 = ORIENTED_EDGE('',*,*,#6089,.F.);
#6240 = ORIENTED_EDGE('',*,*,#6192,.T.);
#6241 = ORIENTED_EDGE('',*,*,#6242,.F.);
#6242 = EDGE_CURVE('',#6243,#6168,#6245,.T.);
#6243 = VERTEX_POINT('',#6244);
#6244 = CARTESIAN_POINT('',(20.72470730091,3.510508960908,0.350905213606
    ));
#6245 = LINE('',#6246,#6247);
#6246 = CARTESIAN_POINT('',(0.99833396443,-8.373762093324E-02,
    0.350905169175));
#6247 = VECTOR('',#6248,1.);
#6248 = DIRECTION('',(-0.983802839182,-0.179253936126,1.48068615E-09));
#6249 = ORIENTED_EDGE('',*,*,#6250,.F.);
#6250 = EDGE_CURVE('',#4570,#6243,#6251,.T.);
#6251 = LINE('',#6252,#6253);
#6252 = CARTESIAN_POINT('',(18.69113456495,1.848443189956,
    -0.919714038282));
#6253 = VECTOR('',#6254,1.);
#6254 = DIRECTION('',(-0.697003351522,-0.569670053377,-0.43550242049));
#6255 = ORIENTED_EDGE('',*,*,#6213,.F.);
#6256 = ORIENTED_EDGE('',*,*,#4297,.T.);
#6257 = ORIENTED_EDGE('',*,*,#6258,.F.);
#6258 = EDGE_CURVE('',#6233,#4300,#6259,.T.);
#6259 = LINE('',#6260,#6261);
#6260 = CARTESIAN_POINT('',(-0.620260678491,-0.735336302001,-7.105E-14)
  );
#6261 = VECTOR('',#6262,1.);
#6262 = DIRECTION('',(0.983802838917,0.179253937583,-2.81E-15));
#6263 = PLANE('',#6264);
#6264 = AXIS2_PLACEMENT_3D('',#6265,#6266,#6267);
#6265 = CARTESIAN_POINT('',(-0.656111466007,-0.538575734218,0.2));
#6266 = DIRECTION('',(0.126751674819,-0.695653658749,0.707106781187));
#6267 = DIRECTION('',(0.983802838917,0.179253937583,-2.331468351713E-15)
  );
#6268 = ADVANCED_FACE('',(#6269),#6280,.F.);
#6269 = FACE_BOUND('',#6270,.F.);
#6270 = EDGE_LOOP('',(#6271,#6272,#6273,#6279));
#6271 = ORIENTED_EDGE('',*,*,#4577,.T.);
#6272 = ORIENTED_EDGE('',*,*,#4616,.F.);
#6273 = ORIENTED_EDGE('',*,*,#6274,.F.);
#6274 = EDGE_CURVE('',#6243,#4617,#6275,.T.);
#6275 = LINE('',#6276,#6277);
#6276 = CARTESIAN_POINT('',(17.754731775489,7.144336804123,
    -3.756444735417));
#6277 = VECTOR('',#6278,1.);
#6278 = DIRECTION('',(0.4762133993,-0.582657161609,0.658582895582));
#6279 = ORIENTED_EDGE('',*,*,#6250,.F.);
#6280 = PLANE('',#6281);
#6281 = AXIS2_PLACEMENT_3D('',#6282,#6283,#6284);
#6282 = CARTESIAN_POINT('',(26.144249456432,16.923287595568,
    0.399995904592));
#6283 = DIRECTION('',(0.656505893836,-0.262678532351,-0.707106781187));
#6284 = DIRECTION('',(0.371483542996,0.928439538841,-9.631184738623E-15)
  );
#6285 = ADVANCED_FACE('',(#6286),#6292,.F.);
#6286 = FACE_BOUND('',#6287,.T.);
#6287 = EDGE_LOOP('',(#6288,#6289,#6290,#6291));
#6288 = ORIENTED_EDGE('',*,*,#6242,.T.);
#6289 = ORIENTED_EDGE('',*,*,#6167,.F.);
#6290 = ORIENTED_EDGE('',*,*,#4624,.T.);
#6291 = ORIENTED_EDGE('',*,*,#6274,.F.);
#6292 = PLANE('',#6293);
#6293 = AXIS2_PLACEMENT_3D('',#6294,#6295,#6296);
#6294 = CARTESIAN_POINT('',(2.599002479944,0.666245368035,
    -0.100004095402));
#6295 = DIRECTION('',(0.126751672759,-0.695653659124,-0.707106781187));
#6296 = DIRECTION('',(0.983802839448,0.179253934669,-2.872702076218E-15)
  );
#6297 = ADVANCED_FACE('',(#6298,#6317),#6323,.F.);
#6298 = FACE_BOUND('',#6299,.T.);
#6299 = EDGE_LOOP('',(#6300,#6301,#6307,#6308,#6309,#6310,#6311,#6312,
    #6313,#6314,#6315,#6316));
#6300 = ORIENTED_EDGE('',*,*,#692,.F.);
#6301 = ORIENTED_EDGE('',*,*,#6302,.T.);
#6302 = EDGE_CURVE('',#685,#5274,#6303,.T.);
#6303 = LINE('',#6304,#6305);
#6304 = CARTESIAN_POINT('',(-18.16216580081,-5.270604227133,
    38.857584170483));
#6305 = VECTOR('',#6306,1.);
#6306 = DIRECTION('',(0.707106781187,1.21454927E-09,0.707106781187));
#6307 = ORIENTED_EDGE('',*,*,#5273,.T.);
#6308 = ORIENTED_EDGE('',*,*,#6181,.T.);
#6309 = ORIENTED_EDGE('',*,*,#3144,.F.);
#6310 = ORIENTED_EDGE('',*,*,#3184,.F.);
#6311 = ORIENTED_EDGE('',*,*,#3217,.F.);
#6312 = ORIENTED_EDGE('',*,*,#3271,.F.);
#6313 = ORIENTED_EDGE('',*,*,#3318,.F.);
#6314 = ORIENTED_EDGE('',*,*,#3531,.F.);
#6315 = ORIENTED_EDGE('',*,*,#3555,.F.);
#6316 = ORIENTED_EDGE('',*,*,#719,.T.);
#6317 = FACE_BOUND('',#6318,.T.);
#6318 = EDGE_LOOP('',(#6319,#6320,#6321,#6322));
#6319 = ORIENTED_EDGE('',*,*,#206,.T.);
#6320 = ORIENTED_EDGE('',*,*,#134,.T.);
#6321 = ORIENTED_EDGE('',*,*,#157,.T.);
#6322 = ORIENTED_EDGE('',*,*,#190,.T.);
#6323 = PLANE('',#6324);
#6324 = AXIS2_PLACEMENT_3D('',#6325,#6326,#6327);
#6325 = CARTESIAN_POINT('',(-17.41975162147,-5.270604225858,
    36.630338225833));
#6326 = DIRECTION('',(1.71761994E-09,-1.,1.212E-14));
#6327 = DIRECTION('',(-1.4E-16,-1.212000000024E-14,-1.));
#6328 = ADVANCED_FACE('',(#6329),#6364,.F.);
#6329 = FACE_BOUND('',#6330,.F.);
#6330 = EDGE_LOOP('',(#6331,#6341,#6350,#6356,#6357));
#6331 = ORIENTED_EDGE('',*,*,#6332,.T.);
#6332 = EDGE_CURVE('',#6333,#6335,#6337,.T.);
#6333 = VERTEX_POINT('',#6334);
#6334 = CARTESIAN_POINT('',(-12.84102216548,2.066764423449,
    0.350807809506));
#6335 = VERTEX_POINT('',#6336);
#6336 = CARTESIAN_POINT('',(-12.87272071711,1.715956613808,-1.07E-13));
#6337 = LINE('',#6338,#6339);
#6338 = CARTESIAN_POINT('',(-12.84105148816,2.066439909302,0.35048329536
    ));
#6339 = VECTOR('',#6340,1.);
#6340 = DIRECTION('',(-6.376325831712E-02,-0.705667856457,
    -0.705667856185));
#6341 = ORIENTED_EDGE('',*,*,#6342,.T.);
#6342 = EDGE_CURVE('',#6335,#6343,#6345,.T.);
#6343 = VERTEX_POINT('',#6344);
#6344 = CARTESIAN_POINT('',(-12.82202004835,1.711375365264,-3.6E-14));
#6345 = ELLIPSE('',#6346,0.566838912236,0.4);
#6346 = AXIS2_PLACEMENT_3D('',#6347,#6348,#6349);
#6347 = CARTESIAN_POINT('',(-12.79646273845,2.277060790323,-3.553E-14));
#6348 = DIRECTION('',(-1.972152263053E-31,1.57E-14,1.));
#6349 = DIRECTION('',(-8.999210740347E-02,-0.995942478562,
    1.563629691343E-14));
#6350 = ORIENTED_EDGE('',*,*,#6351,.T.);
#6351 = EDGE_CURVE('',#6343,#265,#6352,.T.);
#6352 = LINE('',#6353,#6354);
#6353 = CARTESIAN_POINT('',(-12.7903508194,2.06185866076,0.35048329536)
  );
#6354 = VECTOR('',#6355,1.);
#6355 = DIRECTION('',(6.376325831712E-02,0.705667856457,0.705667856185)
  );
#6356 = ORIENTED_EDGE('',*,*,#272,.T.);
#6357 = ORIENTED_EDGE('',*,*,#6358,.T.);
#6358 = EDGE_CURVE('',#273,#6333,#6359,.T.);
#6359 = ELLIPSE('',#6360,0.400815638683,0.4);
#6360 = AXIS2_PLACEMENT_3D('',#6361,#6362,#6363);
#6361 = CARTESIAN_POINT('',(-12.79032149792,2.34502588738,
    6.796509703152E-02));
#6362 = DIRECTION('',(-0.126751668886,-0.69565365983,-0.707106781187));
#6363 = DIRECTION('',(0.983802840446,-0.179253929193,3.110151025609E-13)
  );
#6364 = CYLINDRICAL_SURFACE('',#6365,0.4);
#6365 = AXIS2_PLACEMENT_3D('',#6366,#6367,#6368);
#6366 = CARTESIAN_POINT('',(-12.79035082061,2.344701373234,
    6.764058288566E-02));
#6367 = DIRECTION('',(6.376325831712E-02,0.705667856457,0.705667856185)
  );
#6368 = DIRECTION('',(-6.350453750483E-02,-0.702804593731,0.708542783992
    ));
#6369 = ADVANCED_FACE('',(#6370),#6388,.F.);
#6370 = FACE_BOUND('',#6371,.T.);
#6371 = EDGE_LOOP('',(#6372,#6380,#6386,#6387));
#6372 = ORIENTED_EDGE('',*,*,#6373,.T.);
#6373 = EDGE_CURVE('',#256,#6374,#6376,.T.);
#6374 = VERTEX_POINT('',#6375);
#6375 = CARTESIAN_POINT('',(12.782517387794,1.711375474455,0.));
#6376 = LINE('',#6377,#6378);
#6377 = CARTESIAN_POINT('',(12.763869308632,1.917753710837,
    0.206378236462));
#6378 = VECTOR('',#6379,1.);
#6379 = DIRECTION('',(6.376326433538E-02,-0.705667855913,-0.705667856185
    ));
#6380 = ORIENTED_EDGE('',*,*,#6381,.F.);
#6381 = EDGE_CURVE('',#6343,#6374,#6382,.T.);
#6382 = LINE('',#6383,#6384);
#6383 = CARTESIAN_POINT('',(-3.475123739669,1.711375405124,-3.553E-14));
#6384 = VECTOR('',#6385,1.);
#6385 = DIRECTION('',(1.,4.26450118E-09,0.));
#6386 = ORIENTED_EDGE('',*,*,#6351,.T.);
#6387 = ORIENTED_EDGE('',*,*,#264,.F.);
#6388 = PLANE('',#6389);
#6389 = AXIS2_PLACEMENT_3D('',#6390,#6391,#6392);
#6390 = CARTESIAN_POINT('',(-2.323332937178,1.861170828572,
    0.149795418536));
#6391 = DIRECTION('',(3.0154577E-09,-0.707106781187,0.707106781187));
#6392 = DIRECTION('',(1.,4.264501033051E-09,-1.430512639354E-16));
#6393 = ADVANCED_FACE('',(#6394),#6407,.F.);
#6394 = FACE_BOUND('',#6395,.F.);
#6395 = EDGE_LOOP('',(#6396,#6397,#6404,#6405,#6406));
#6396 = ORIENTED_EDGE('',*,*,#6373,.T.);
#6397 = ORIENTED_EDGE('',*,*,#6398,.T.);
#6398 = EDGE_CURVE('',#6374,#6233,#6399,.T.);
#6399 = ELLIPSE('',#6400,0.566838912236,0.4);
#6400 = AXIS2_PLACEMENT_3D('',#6401,#6402,#6403);
#6401 = CARTESIAN_POINT('',(12.756960073069,2.277060899295,-1.776E-14));
#6402 = DIRECTION('',(0.,1.57E-14,1.));
#6403 = DIRECTION('',(8.99921158976E-02,-0.995942477795,
    1.563629690138E-14));
#6404 = ORIENTED_EDGE('',*,*,#6232,.T.);
#6405 = ORIENTED_EDGE('',*,*,#6097,.T.);
#6406 = ORIENTED_EDGE('',*,*,#255,.T.);
#6407 = CYLINDRICAL_SURFACE('',#6408,0.4);
#6408 = AXIS2_PLACEMENT_3D('',#6409,#6410,#6411);
#6409 = CARTESIAN_POINT('',(12.763869307425,2.200596423312,
    -7.646447601314E-02));
#6410 = DIRECTION('',(-6.376326433538E-02,0.705667855913,0.705667856185)
  );
#6411 = DIRECTION('',(6.350454349906E-02,-0.702804593189,0.708542783992)
  );
#6412 = ADVANCED_FACE('',(#6413),#6438,.F.);
#6413 = FACE_BOUND('',#6414,.T.);
#6414 = EDGE_LOOP('',(#6415,#6425,#6431,#6432));
#6415 = ORIENTED_EDGE('',*,*,#6416,.T.);
#6416 = EDGE_CURVE('',#6417,#6419,#6421,.T.);
#6417 = VERTEX_POINT('',#6418);
#6418 = CARTESIAN_POINT('',(-25.569592381,4.029391827277,-1.6E-13));
#6419 = VERTEX_POINT('',#6420);
#6420 = CARTESIAN_POINT('',(-25.53789382899,4.380199636851,
    0.350807809508));
#6421 = LINE('',#6422,#6423);
#6422 = CARTESIAN_POINT('',(-25.5348650573,4.413719046873,0.384327219524
    ));
#6423 = VECTOR('',#6424,1.);
#6424 = DIRECTION('',(6.37632590794E-02,0.705667856353,0.70566785622));
#6425 = ORIENTED_EDGE('',*,*,#6426,.F.);
#6426 = EDGE_CURVE('',#6333,#6419,#6427,.T.);
#6427 = LINE('',#6428,#6429);
#6428 = CARTESIAN_POINT('',(-8.491321398241,1.274226608672,
    0.350807809506));
#6429 = VECTOR('',#6430,1.);
#6430 = DIRECTION('',(-0.983802840446,0.179253929192,1.2147E-13));
#6431 = ORIENTED_EDGE('',*,*,#6332,.T.);
#6432 = ORIENTED_EDGE('',*,*,#6433,.F.);
#6433 = EDGE_CURVE('',#6417,#6335,#6434,.T.);
#6434 = LINE('',#6435,#6436);
#6435 = CARTESIAN_POINT('',(-10.25331844814,1.238688070209,-7.105E-14));
#6436 = VECTOR('',#6437,1.);
#6437 = DIRECTION('',(0.983802840446,-0.179253929192,2.81E-15));
#6438 = PLANE('',#6439);
#6439 = AXIS2_PLACEMENT_3D('',#6440,#6441,#6442);
#6440 = CARTESIAN_POINT('',(-10.2174676623,1.435448638298,0.2));
#6441 = DIRECTION('',(-0.126751668886,-0.69565365983,0.707106781187));
#6442 = DIRECTION('',(0.983802840446,-0.179253929192,2.456368441983E-15)
  );
#6443 = ADVANCED_FACE('',(#6444),#6464,.T.);
#6444 = FACE_BOUND('',#6445,.T.);
#6445 = EDGE_LOOP('',(#6446,#6454,#6460,#6461,#6462,#6463));
#6446 = ORIENTED_EDGE('',*,*,#6447,.T.);
#6447 = EDGE_CURVE('',#6419,#6448,#6450,.T.);
#6448 = VERTEX_POINT('',#6449);
#6449 = CARTESIAN_POINT('',(-26.0823036868,4.429391826202,0.4));
#6450 = LINE('',#6451,#6452);
#6451 = CARTESIAN_POINT('',(-4.418252560719,2.471855441051,
    -1.557536430584));
#6452 = VECTOR('',#6453,1.);
#6453 = DIRECTION('',(-0.991933949741,8.962990287381E-02,
    8.962990495409E-02));
#6454 = ORIENTED_EDGE('',*,*,#6455,.T.);
#6455 = EDGE_CURVE('',#6448,#5555,#6456,.T.);
#6456 = LINE('',#6457,#6458);
#6457 = CARTESIAN_POINT('',(-5.309991514679,4.429391869766,
    -3.323518618119));
#6458 = VECTOR('',#6459,1.);
#6459 = DIRECTION('',(-0.984311103996,-2.06428528E-09,0.17644163497));
#6460 = ORIENTED_EDGE('',*,*,#5554,.F.);
#6461 = ORIENTED_EDGE('',*,*,#281,.F.);
#6462 = ORIENTED_EDGE('',*,*,#6358,.T.);
#6463 = ORIENTED_EDGE('',*,*,#6426,.T.);
#6464 = PLANE('',#6465);
#6465 = AXIS2_PLACEMENT_3D('',#6466,#6467,#6468);
#6466 = CARTESIAN_POINT('',(-6.711398221303,1.408149460246,
    -0.100004095399));
#6467 = DIRECTION('',(0.126751668886,0.69565365983,0.707106781187));
#6468 = DIRECTION('',(-0.983802840446,0.179253929192,-2.775557561563E-15
    ));
#6469 = ADVANCED_FACE('',(#6470),#6496,.F.);
#6470 = FACE_BOUND('',#6471,.T.);
#6471 = EDGE_LOOP('',(#6472,#6482,#6488,#6489,#6490));
#6472 = ORIENTED_EDGE('',*,*,#6473,.T.);
#6473 = EDGE_CURVE('',#6474,#6476,#6478,.T.);
#6474 = VERTEX_POINT('',#6475);
#6475 = CARTESIAN_POINT('',(-30.50308387508,4.429391816931,0.4));
#6476 = VERTEX_POINT('',#6477);
#6477 = CARTESIAN_POINT('',(-30.70893103251,4.029391816498,-1.24E-13));
#6478 = LINE('',#6479,#6480);
#6479 = CARTESIAN_POINT('',(-28.96414422432,7.419842929563,
    3.390451109405));
#6480 = VECTOR('',#6481,1.);
#6481 = DIRECTION('',(-0.341953400557,-0.664480200157,-0.66448019944));
#6482 = ORIENTED_EDGE('',*,*,#6483,.F.);
#6483 = EDGE_CURVE('',#5341,#6476,#6484,.T.);
#6484 = LINE('',#6485,#6486);
#6485 = CARTESIAN_POINT('',(-18.44151146734,14.011801761689,-2.4869E-13)
  );
#6486 = VECTOR('',#6487,1.);
#6487 = DIRECTION('',(0.775645546854,0.631168745777,-9.91E-15));
#6488 = ORIENTED_EDGE('',*,*,#5340,.T.);
#6489 = ORIENTED_EDGE('',*,*,#2539,.T.);
#6490 = ORIENTED_EDGE('',*,*,#6491,.F.);
#6491 = EDGE_CURVE('',#6474,#2532,#6492,.T.);
#6492 = LINE('',#6493,#6494);
#6493 = CARTESIAN_POINT('',(-29.86175242799,4.429391818276,
    -0.497864025918));
#6494 = VECTOR('',#6495,1.);
#6495 = DIRECTION('',(-0.581238193719,-1.21895699E-09,0.813733471207));
#6496 = PLANE('',#6497);
#6497 = AXIS2_PLACEMENT_3D('',#6498,#6499,#6500);
#6498 = CARTESIAN_POINT('',(-30.16903492708,4.229395748164,
    -0.411754775048));
#6499 = DIRECTION('',(0.575396456963,-0.707106780089,0.4109974682));
#6500 = DIRECTION('',(0.775645546854,0.631168745777,-7.216449660064E-15)
  );
#6501 = ADVANCED_FACE('',(#6502),#6529,.F.);
#6502 = FACE_BOUND('',#6503,.T.);
#6503 = EDGE_LOOP('',(#6504,#6510,#6511,#6512,#6513,#6514,#6515,#6516,
    #6517,#6518,#6519,#6520,#6521,#6522,#6523,#6524,#6525,#6526,#6527,
    #6528));
#6504 = ORIENTED_EDGE('',*,*,#6505,.T.);
#6505 = EDGE_CURVE('',#6476,#6417,#6506,.T.);
#6506 = LINE('',#6507,#6508);
#6507 = CARTESIAN_POINT('',(-1.771903680579,4.029391877185,-8.882E-14));
#6508 = VECTOR('',#6509,1.);
#6509 = DIRECTION('',(1.,2.09719003E-09,0.));
#6510 = ORIENTED_EDGE('',*,*,#6433,.T.);
#6511 = ORIENTED_EDGE('',*,*,#6342,.T.);
#6512 = ORIENTED_EDGE('',*,*,#6381,.T.);
#6513 = ORIENTED_EDGE('',*,*,#6398,.T.);
#6514 = ORIENTED_EDGE('',*,*,#6258,.T.);
#6515 = ORIENTED_EDGE('',*,*,#4324,.F.);
#6516 = ORIENTED_EDGE('',*,*,#4869,.F.);
#6517 = ORIENTED_EDGE('',*,*,#4274,.F.);
#6518 = ORIENTED_EDGE('',*,*,#4233,.F.);
#6519 = ORIENTED_EDGE('',*,*,#4139,.F.);
#6520 = ORIENTED_EDGE('',*,*,#4114,.F.);
#6521 = ORIENTED_EDGE('',*,*,#5924,.F.);
#6522 = ORIENTED_EDGE('',*,*,#5861,.T.);
#6523 = ORIENTED_EDGE('',*,*,#5900,.T.);
#6524 = ORIENTED_EDGE('',*,*,#5808,.F.);
#6525 = ORIENTED_EDGE('',*,*,#5405,.T.);
#6526 = ORIENTED_EDGE('',*,*,#5374,.T.);
#6527 = ORIENTED_EDGE('',*,*,#5348,.T.);
#6528 = ORIENTED_EDGE('',*,*,#6483,.T.);
#6529 = PLANE('',#6530);
#6530 = AXIS2_PLACEMENT_3D('',#6531,#6532,#6533);
#6531 = CARTESIAN_POINT('',(-4.626914626033,21.229395773343,-3.3751E-13)
  );
#6532 = DIRECTION('',(0.,1.57E-14,1.));
#6533 = DIRECTION('',(-1.71759753E-09,1.,-1.57E-14));
#6534 = ADVANCED_FACE('',(#6535),#6547,.F.);
#6535 = FACE_BOUND('',#6536,.T.);
#6536 = EDGE_LOOP('',(#6537,#6538,#6544,#6545,#6546));
#6537 = ORIENTED_EDGE('',*,*,#6473,.F.);
#6538 = ORIENTED_EDGE('',*,*,#6539,.F.);
#6539 = EDGE_CURVE('',#6448,#6474,#6540,.T.);
#6540 = LINE('',#6541,#6542);
#6541 = CARTESIAN_POINT('',(-1.771903681418,4.429391877185,0.4));
#6542 = VECTOR('',#6543,1.);
#6543 = DIRECTION('',(-1.,-2.09719003E-09,0.));
#6544 = ORIENTED_EDGE('',*,*,#6447,.F.);
#6545 = ORIENTED_EDGE('',*,*,#6416,.F.);
#6546 = ORIENTED_EDGE('',*,*,#6505,.F.);
#6547 = PLANE('',#6548);
#6548 = AXIS2_PLACEMENT_3D('',#6549,#6550,#6551);
#6549 = CARTESIAN_POINT('',(-1.771903680999,4.229391877185,0.2));
#6550 = DIRECTION('',(1.4829373E-09,-0.707106781187,0.707106781187));
#6551 = DIRECTION('',(1.,2.097189895904E-09,-1.459044127341E-16));
#6552 = ADVANCED_FACE('',(#6553),#6564,.F.);
#6553 = FACE_BOUND('',#6554,.T.);
#6554 = EDGE_LOOP('',(#6555,#6556,#6557,#6558));
#6555 = ORIENTED_EDGE('',*,*,#5283,.F.);
#6556 = ORIENTED_EDGE('',*,*,#6302,.F.);
#6557 = ORIENTED_EDGE('',*,*,#684,.F.);
#6558 = ORIENTED_EDGE('',*,*,#6559,.T.);
#6559 = EDGE_CURVE('',#677,#5284,#6560,.T.);
#6560 = LINE('',#6561,#6562);
#6561 = CARTESIAN_POINT('',(-27.4197503638,-6.470604243034,
    29.599999605435));
#6562 = VECTOR('',#6563,1.);
#6563 = DIRECTION('',(0.707106781187,1.21451677E-09,0.707106781187));
#6564 = PLANE('',#6565);
#6565 = AXIS2_PLACEMENT_3D('',#6566,#6567,#6568);
#6566 = CARTESIAN_POINT('',(-17.41974995895,18.479395636428,
    39.600000053137));
#6567 = DIRECTION('',(0.707106781187,1.2145129E-09,-0.707106781187));
#6568 = DIRECTION('',(-1.717592857429E-09,1.,-1.224257146251E-14));
#6569 = ADVANCED_FACE('',(#6570,#6580),#6586,.F.);
#6570 = FACE_BOUND('',#6571,.T.);
#6571 = EDGE_LOOP('',(#6572,#6573,#6574,#6575,#6576,#6577,#6578,#6579));
#6572 = ORIENTED_EDGE('',*,*,#676,.F.);
#6573 = ORIENTED_EDGE('',*,*,#1934,.F.);
#6574 = ORIENTED_EDGE('',*,*,#5824,.F.);
#6575 = ORIENTED_EDGE('',*,*,#5908,.F.);
#6576 = ORIENTED_EDGE('',*,*,#5878,.F.);
#6577 = ORIENTED_EDGE('',*,*,#4710,.T.);
#6578 = ORIENTED_EDGE('',*,*,#5291,.F.);
#6579 = ORIENTED_EDGE('',*,*,#6559,.F.);
#6580 = FACE_BOUND('',#6581,.T.);
#6581 = EDGE_LOOP('',(#6582,#6583,#6584,#6585));
#6582 = ORIENTED_EDGE('',*,*,#214,.T.);
#6583 = ORIENTED_EDGE('',*,*,#47,.F.);
#6584 = ORIENTED_EDGE('',*,*,#71,.F.);
#6585 = ORIENTED_EDGE('',*,*,#104,.F.);
#6586 = PLANE('',#6587);
#6587 = AXIS2_PLACEMENT_3D('',#6588,#6589,#6590);
#6588 = CARTESIAN_POINT('',(-20.41975165377,-6.470604231011,2.6));
#6589 = DIRECTION('',(-1.71757385E-09,1.,-1.224E-14));
#6590 = DIRECTION('',(1.,1.71757385E-09,5.94E-15));
#6591 = ADVANCED_FACE('',(#6592),#6603,.T.);
#6592 = FACE_BOUND('',#6593,.T.);
#6593 = EDGE_LOOP('',(#6594,#6595,#6596,#6602));
#6594 = ORIENTED_EDGE('',*,*,#1949,.F.);
#6595 = ORIENTED_EDGE('',*,*,#2669,.F.);
#6596 = ORIENTED_EDGE('',*,*,#6597,.F.);
#6597 = EDGE_CURVE('',#6056,#2670,#6598,.T.);
#6598 = LINE('',#6599,#6600);
#6599 = CARTESIAN_POINT('',(-22.24331494809,-6.798098609148,
    23.857160703035));
#6600 = VECTOR('',#6601,1.);
#6601 = DIRECTION('',(-0.840670942813,0.382931042669,0.382931041405));
#6602 = ORIENTED_EDGE('',*,*,#6055,.F.);
#6603 = CYLINDRICAL_SURFACE('',#6604,0.4);
#6604 = AXIS2_PLACEMENT_3D('',#6605,#6606,#6607);
#6605 = CARTESIAN_POINT('',(-22.24331494905,-7.080941322204,
    24.140003414928));
#6606 = DIRECTION('',(0.840670942813,-0.382931042669,-0.382931041405));
#6607 = DIRECTION('',(-0.498599333068,-0.271331689516,-0.823272627584));
#6608 = ADVANCED_FACE('',(#6609),#6640,.T.);
#6609 = FACE_BOUND('',#6610,.T.);
#6610 = EDGE_LOOP('',(#6611,#6617,#6618,#6624,#6625,#6626,#6627,#6628,
    #6629,#6630,#6631,#6632,#6633,#6634,#6635,#6636,#6637,#6638,#6639));
#6611 = ORIENTED_EDGE('',*,*,#6612,.T.);
#6612 = EDGE_CURVE('',#5622,#620,#6613,.T.);
#6613 = LINE('',#6614,#6615);
#6614 = CARTESIAN_POINT('',(-25.33408535724,4.429391827772,
    23.057587803377));
#6615 = VECTOR('',#6616,1.);
#6616 = DIRECTION('',(1.86E-15,1.224E-14,1.));
#6617 = ORIENTED_EDGE('',*,*,#619,.T.);
#6618 = ORIENTED_EDGE('',*,*,#6619,.F.);
#6619 = EDGE_CURVE('',#5707,#612,#6620,.T.);
#6620 = LINE('',#6621,#6622);
#6621 = CARTESIAN_POINT('',(-24.04876735997,4.429391830467,
    29.165171012625));
#6622 = VECTOR('',#6623,1.);
#6623 = DIRECTION('',(1.08E-15,1.224E-14,1.));
#6624 = ORIENTED_EDGE('',*,*,#5706,.F.);
#6625 = ORIENTED_EDGE('',*,*,#5682,.F.);
#6626 = ORIENTED_EDGE('',*,*,#5658,.F.);
#6627 = ORIENTED_EDGE('',*,*,#5521,.F.);
#6628 = ORIENTED_EDGE('',*,*,#571,.T.);
#6629 = ORIENTED_EDGE('',*,*,#759,.T.);
#6630 = ORIENTED_EDGE('',*,*,#5576,.T.);
#6631 = ORIENTED_EDGE('',*,*,#5562,.F.);
#6632 = ORIENTED_EDGE('',*,*,#6455,.F.);
#6633 = ORIENTED_EDGE('',*,*,#6539,.T.);
#6634 = ORIENTED_EDGE('',*,*,#6491,.T.);
#6635 = ORIENTED_EDGE('',*,*,#2531,.T.);
#6636 = ORIENTED_EDGE('',*,*,#2459,.F.);
#6637 = ORIENTED_EDGE('',*,*,#5756,.F.);
#6638 = ORIENTED_EDGE('',*,*,#5740,.F.);
#6639 = ORIENTED_EDGE('',*,*,#5629,.F.);
#6640 = PLANE('',#6641);
#6641 = AXIS2_PLACEMENT_3D('',#6642,#6643,#6644);
#6642 = CARTESIAN_POINT('',(1.083107227963,4.429391883173,
    21.300010406391));
#6643 = DIRECTION('',(-2.09719003E-09,1.,-1.224E-14));
#6644 = DIRECTION('',(-1.,-2.09719003E-09,1.4E-16));
#6645 = ADVANCED_FACE('',(#6646),#6663,.T.);
#6646 = FACE_BOUND('',#6647,.T.);
#6647 = EDGE_LOOP('',(#6648,#6649,#6650,#6651,#6652,#6653,#6654,#6655,
    #6661,#6662));
#6648 = ORIENTED_EDGE('',*,*,#6597,.T.);
#6649 = ORIENTED_EDGE('',*,*,#2688,.T.);
#6650 = ORIENTED_EDGE('',*,*,#2722,.T.);
#6651 = ORIENTED_EDGE('',*,*,#2599,.F.);
#6652 = ORIENTED_EDGE('',*,*,#2629,.F.);
#6653 = ORIENTED_EDGE('',*,*,#2654,.F.);
#6654 = ORIENTED_EDGE('',*,*,#2580,.F.);
#6655 = ORIENTED_EDGE('',*,*,#6656,.F.);
#6656 = EDGE_CURVE('',#6011,#2581,#6657,.T.);
#6657 = LINE('',#6658,#6659);
#6658 = CARTESIAN_POINT('',(-26.33408535907,2.226732674379,
    32.881992009847));
#6659 = VECTOR('',#6660,1.);
#6660 = DIRECTION('',(5.8643638E-10,0.707106779733,0.70710678264));
#6661 = ORIENTED_EDGE('',*,*,#6010,.F.);
#6662 = ORIENTED_EDGE('',*,*,#6064,.T.);
#6663 = PLANE('',#6664);
#6664 = AXIS2_PLACEMENT_3D('',#6665,#6666,#6667);
#6665 = CARTESIAN_POINT('',(-22.34142638368,-3.261323793918,
    27.393935532472));
#6666 = DIRECTION('',(2.38740558E-09,0.70710678264,-0.707106779733));
#6667 = DIRECTION('',(-1.,3.376301481591E-09,1.384089917141E-16));
#6668 = ADVANCED_FACE('',(#6669),#6684,.F.);
#6669 = FACE_BOUND('',#6670,.T.);
#6670 = EDGE_LOOP('',(#6671,#6672,#6673,#6674,#6680,#6681,#6682,#6683));
#6671 = ORIENTED_EDGE('',*,*,#6656,.T.);
#6672 = ORIENTED_EDGE('',*,*,#2614,.T.);
#6673 = ORIENTED_EDGE('',*,*,#635,.T.);
#6674 = ORIENTED_EDGE('',*,*,#6675,.T.);
#6675 = EDGE_CURVE('',#628,#5620,#6676,.T.);
#6676 = LINE('',#6677,#6678);
#6677 = CARTESIAN_POINT('',(-26.33408535807,3.429391825674,
    23.057587803377));
#6678 = VECTOR('',#6679,1.);
#6679 = DIRECTION('',(-1.86E-15,-1.224E-14,-1.));
#6680 = ORIENTED_EDGE('',*,*,#5644,.F.);
#6681 = ORIENTED_EDGE('',*,*,#2392,.T.);
#6682 = ORIENTED_EDGE('',*,*,#5988,.T.);
#6683 = ORIENTED_EDGE('',*,*,#6018,.T.);
#6684 = PLANE('',#6685);
#6685 = AXIS2_PLACEMENT_3D('',#6686,#6687,#6688);
#6686 = CARTESIAN_POINT('',(-26.33408534328,21.269672481943,
    24.815165200363));
#6687 = DIRECTION('',(1.,-8.2934442E-10,-1.86E-15));
#6688 = DIRECTION('',(8.2934442E-10,1.,-9.11E-15));
#6689 = ADVANCED_FACE('',(#6690),#6696,.F.);
#6690 = FACE_BOUND('',#6691,.T.);
#6691 = EDGE_LOOP('',(#6692,#6693,#6694,#6695));
#6692 = ORIENTED_EDGE('',*,*,#6675,.F.);
#6693 = ORIENTED_EDGE('',*,*,#627,.F.);
#6694 = ORIENTED_EDGE('',*,*,#6612,.F.);
#6695 = ORIENTED_EDGE('',*,*,#5619,.F.);
#6696 = PLANE('',#6697);
#6697 = AXIS2_PLACEMENT_3D('',#6698,#6699,#6700);
#6698 = CARTESIAN_POINT('',(-25.83408535766,3.929391826723,
    23.057587803377));
#6699 = DIRECTION('',(0.707106781635,-0.707106780738,7.34E-15));
#6700 = DIRECTION('',(0.707106780738,0.707106781635,-8.76E-15));
#6701 = ADVANCED_FACE('',(#6702),#6708,.F.);
#6702 = FACE_BOUND('',#6703,.T.);
#6703 = EDGE_LOOP('',(#6704,#6705,#6706,#6707));
#6704 = ORIENTED_EDGE('',*,*,#6619,.T.);
#6705 = ORIENTED_EDGE('',*,*,#611,.T.);
#6706 = ORIENTED_EDGE('',*,*,#5440,.F.);
#6707 = ORIENTED_EDGE('',*,*,#5714,.F.);
#6708 = PLANE('',#6709);
#6709 = AXIS2_PLACEMENT_3D('',#6710,#6711,#6712);
#6710 = CARTESIAN_POINT('',(-24.0487673683,1.961581487993,
    37.030331618859));
#6711 = DIRECTION('',(-1.,3.37630281E-09,1.08E-15));
#6712 = DIRECTION('',(3.37630281E-09,1.,-1.226E-14));
#6713 = ( GEOMETRIC_REPRESENTATION_CONTEXT(3) 
GLOBAL_UNCERTAINTY_ASSIGNED_CONTEXT((#6717)) 
GLOBAL_UNIT_ASSIGNED_CONTEXT((#6714,#6715,#6716)) REPRESENTATION_CONTEXT
('Context #1','3D Context with UNIT and UNCERTAINTY') );
#6714 = ( LENGTH_UNIT() NAMED_UNIT(*) SI_UNIT(.MILLI.,.METRE.) );
#6715 = ( NAMED_UNIT(*) PLANE_ANGLE_UNIT() SI_UNIT($,.RADIAN.) );
#6716 = ( NAMED_UNIT(*) SI_UNIT($,.STERADIAN.) SOLID_ANGLE_UNIT() );
#6717 = UNCERTAINTY_MEASURE_WITH_UNIT(LENGTH_MEASURE(2.E-04),#6714,
  'distance_accuracy_value','confusion accuracy');
#6718 = PRODUCT_RELATED_PRODUCT_CATEGORY('part',$,(#7));
#6719 = MECHANICAL_DESIGN_GEOMETRIC_PRESENTATION_REPRESENTATION('',(
    #6720),#6713);
#6720 = STYLED_ITEM('color',(#6721),#15);
#6721 = PRESENTATION_STYLE_ASSIGNMENT((#6722,#6728));
#6722 = SURFACE_STYLE_USAGE(.BOTH.,#6723);
#6723 = SURFACE_SIDE_STYLE('',(#6724));
#6724 = SURFACE_STYLE_FILL_AREA(#6725);
#6725 = FILL_AREA_STYLE('',(#6726));
#6726 = FILL_AREA_STYLE_COLOUR('',#6727);
#6727 = COLOUR_RGB('',0.596078458879,0.,0.584313743644);
#6728 = CURVE_STYLE('',#6729,POSITIVE_LENGTH_MEASURE(0.1),#6730);
#6729 = DRAUGHTING_PRE_DEFINED_CURVE_FONT('continuous');
#6730 = COLOUR_RGB('',9.803921802644E-02,9.803921802644E-02,
  9.803921802644E-02);
ENDSEC;
END-ISO-10303-21;
