ISO-10303-21;
HEADER;
FILE_DESCRIPTION(('FreeCAD Model'),'2;1');
FILE_NAME('Open CASCADE Shape Model','2026-02-14T10:15:41',(''),(''),
  'Open CASCADE STEP processor 7.9','FreeCAD','Unknown');
FILE_SCHEMA(('AUTOMOTIVE_DESIGN { 1 0 10303 214 1 1 1 1 }'));
ENDSEC;
DATA;
#1 = APPLICATION_PROTOCOL_DEFINITION('international standard',
  'automotive_design',2000,#2);
#2 = APPLICATION_CONTEXT(
  'core data for automotive mechanical design processes');
#3 = SHAPE_DEFINITION_REPRESENTATION(#4,#10);
#4 = PRODUCT_DEFINITION_SHAPE('','',#5);
#5 = PRODUCT_DEFINITION('design','',#6,#9);
#6 = PRODUCT_DEFINITION_FORMATION('','',#7);
#7 = PRODUCT('XYLeft0','XYLeft0','',(#8));
#8 = PRODUCT_CONTEXT('',#2,'mechanical');
#9 = PRODUCT_DEFINITION_CONTEXT('part definition',#2,'design');
#10 = ADVANCED_BREP_SHAPE_REPRESENTATION('',(#11,#15),#2642);
#11 = AXIS2_PLACEMENT_3D('',#12,#13,#14);
#12 = CARTESIAN_POINT('',(0.,0.,0.));
#13 = DIRECTION('',(0.,0.,1.));
#14 = DIRECTION('',(1.,0.,-0.));
#15 = MANIFOLD_SOLID_BREP('',#16);
#16 = CLOSED_SHELL('',(#17,#42,#168,#199,#230,#246,#556,#587,#612,#700,
    #724,#749,#774,#806,#837,#862,#887,#968,#999,#1023,#1047,#1071,#1095
    ,#1112,#1137,#1162,#1187,#1283,#1307,#1338,#1362,#1386,#1410,#1434,
    #1451,#1476,#1512,#1545,#1587,#1610,#1633,#1656,#1694,#1718,#1764,
    #1781,#1860,#1884,#1948,#1965,#1982,#2006,#2030,#2051,#2065,#2085,
    #2100,#2131,#2147,#2178,#2192,#2244,#2256,#2281,#2293,#2310,#2335,
    #2347,#2372,#2395,#2418,#2441,#2464,#2473,#2482,#2509,#2536,#2549,
    #2572,#2585,#2608,#2625));
#17 = ADVANCED_FACE('',(#18),#37,.T.);
#18 = FACE_BOUND('',#19,.T.);
#19 = EDGE_LOOP('',(#20,#30));
#20 = ORIENTED_EDGE('',*,*,#21,.T.);
#21 = EDGE_CURVE('',#22,#24,#26,.T.);
#22 = VERTEX_POINT('',#23);
#23 = CARTESIAN_POINT('',(26.6,17.40336756548,3.));
#24 = VERTEX_POINT('',#25);
#25 = CARTESIAN_POINT('',(26.6,22.59663243452,3.));
#26 = LINE('',#27,#28);
#27 = CARTESIAN_POINT('',(26.6,18.70168378274,3.));
#28 = VECTOR('',#29,1.);
#29 = DIRECTION('',(0.,1.,0.));
#30 = ORIENTED_EDGE('',*,*,#31,.T.);
#31 = EDGE_CURVE('',#24,#22,#32,.T.);
#32 = CIRCLE('',#33,3.05);
#33 = AXIS2_PLACEMENT_3D('',#34,#35,#36);
#34 = CARTESIAN_POINT('',(25.,20.,3.));
#35 = DIRECTION('',(0.,0.,-1.));
#36 = DIRECTION('',(-1.,0.,0.));
#37 = PLANE('',#38);
#38 = AXIS2_PLACEMENT_3D('',#39,#40,#41);
#39 = CARTESIAN_POINT('',(25.,20.,3.));
#40 = DIRECTION('',(0.,0.,-1.));
#41 = DIRECTION('',(-1.,0.,0.));
#42 = ADVANCED_FACE('',(#43),#163,.F.);
#43 = FACE_BOUND('',#44,.T.);
#44 = EDGE_LOOP('',(#45,#53,#54,#62,#71,#79,#88,#95,#104,#113,#122,#131,
    #138,#139,#148,#156));
#45 = ORIENTED_EDGE('',*,*,#46,.F.);
#46 = EDGE_CURVE('',#22,#47,#49,.T.);
#47 = VERTEX_POINT('',#48);
#48 = CARTESIAN_POINT('',(26.6,17.40336756548,3.2));
#49 = LINE('',#50,#51);
#50 = CARTESIAN_POINT('',(26.6,17.40336756548,-1.606554827662E-15));
#51 = VECTOR('',#52,1.);
#52 = DIRECTION('',(0.,0.,1.));
#53 = ORIENTED_EDGE('',*,*,#31,.F.);
#54 = ORIENTED_EDGE('',*,*,#55,.T.);
#55 = EDGE_CURVE('',#24,#56,#58,.T.);
#56 = VERTEX_POINT('',#57);
#57 = CARTESIAN_POINT('',(26.6,22.59663243452,3.2));
#58 = LINE('',#59,#60);
#59 = CARTESIAN_POINT('',(26.6,22.59663243452,-1.606554827662E-15));
#60 = VECTOR('',#61,1.);
#61 = DIRECTION('',(0.,0.,1.));
#62 = ORIENTED_EDGE('',*,*,#63,.F.);
#63 = EDGE_CURVE('',#64,#56,#66,.T.);
#64 = VERTEX_POINT('',#65);
#65 = CARTESIAN_POINT('',(23.4,22.59663243452,3.2));
#66 = CIRCLE('',#67,3.05);
#67 = AXIS2_PLACEMENT_3D('',#68,#69,#70);
#68 = CARTESIAN_POINT('',(25.,20.,3.2));
#69 = DIRECTION('',(0.,0.,-1.));
#70 = DIRECTION('',(1.,0.,0.));
#71 = ORIENTED_EDGE('',*,*,#72,.F.);
#72 = EDGE_CURVE('',#73,#64,#75,.T.);
#73 = VERTEX_POINT('',#74);
#74 = CARTESIAN_POINT('',(23.4,22.59663243452,3.));
#75 = LINE('',#76,#77);
#76 = CARTESIAN_POINT('',(23.4,22.59663243452,-1.606554827662E-15));
#77 = VECTOR('',#78,1.);
#78 = DIRECTION('',(0.,0.,1.));
#79 = ORIENTED_EDGE('',*,*,#80,.F.);
#80 = EDGE_CURVE('',#81,#73,#83,.T.);
#81 = VERTEX_POINT('',#82);
#82 = CARTESIAN_POINT('',(21.95,20.,3.));
#83 = CIRCLE('',#84,3.05);
#84 = AXIS2_PLACEMENT_3D('',#85,#86,#87);
#85 = CARTESIAN_POINT('',(25.,20.,3.));
#86 = DIRECTION('',(0.,0.,-1.));
#87 = DIRECTION('',(-1.,0.,0.));
#88 = ORIENTED_EDGE('',*,*,#89,.F.);
#89 = EDGE_CURVE('',#90,#81,#92,.T.);
#90 = VERTEX_POINT('',#91);
#91 = CARTESIAN_POINT('',(21.95,20.,-1.606554827662E-15));
#92 = B_SPLINE_CURVE_WITH_KNOTS('',1,(#93,#94),.UNSPECIFIED.,.F.,.F.,(2,
    2),(0.,3.),.PIECEWISE_BEZIER_KNOTS.);
#93 = CARTESIAN_POINT('',(21.95,20.,-1.606554827662E-15));
#94 = CARTESIAN_POINT('',(21.95,20.,3.));
#95 = ORIENTED_EDGE('',*,*,#96,.T.);
#96 = EDGE_CURVE('',#90,#97,#99,.T.);
#97 = VERTEX_POINT('',#98);
#98 = CARTESIAN_POINT('',(23.4,22.59663243452,-1.606554827662E-15));
#99 = CIRCLE('',#100,3.05);
#100 = AXIS2_PLACEMENT_3D('',#101,#102,#103);
#101 = CARTESIAN_POINT('',(25.,20.,-1.606554827662E-15));
#102 = DIRECTION('',(0.,0.,-1.));
#103 = DIRECTION('',(-1.,0.,0.));
#104 = ORIENTED_EDGE('',*,*,#105,.T.);
#105 = EDGE_CURVE('',#97,#106,#108,.T.);
#106 = VERTEX_POINT('',#107);
#107 = CARTESIAN_POINT('',(26.6,22.59663243452,-1.606554827662E-15));
#108 = CIRCLE('',#109,3.05);
#109 = AXIS2_PLACEMENT_3D('',#110,#111,#112);
#110 = CARTESIAN_POINT('',(25.,20.,-1.606554827662E-15));
#111 = DIRECTION('',(0.,0.,-1.));
#112 = DIRECTION('',(-1.,0.,0.));
#113 = ORIENTED_EDGE('',*,*,#114,.T.);
#114 = EDGE_CURVE('',#106,#115,#117,.T.);
#115 = VERTEX_POINT('',#116);
#116 = CARTESIAN_POINT('',(26.6,17.40336756548,-1.606554827662E-15));
#117 = CIRCLE('',#118,3.05);
#118 = AXIS2_PLACEMENT_3D('',#119,#120,#121);
#119 = CARTESIAN_POINT('',(25.,20.,-1.606554827662E-15));
#120 = DIRECTION('',(0.,0.,-1.));
#121 = DIRECTION('',(-1.,0.,0.));
#122 = ORIENTED_EDGE('',*,*,#123,.T.);
#123 = EDGE_CURVE('',#115,#124,#126,.T.);
#124 = VERTEX_POINT('',#125);
#125 = CARTESIAN_POINT('',(23.4,17.40336756548,-1.606554827662E-15));
#126 = CIRCLE('',#127,3.05);
#127 = AXIS2_PLACEMENT_3D('',#128,#129,#130);
#128 = CARTESIAN_POINT('',(25.,20.,-1.606554827662E-15));
#129 = DIRECTION('',(0.,0.,-1.));
#130 = DIRECTION('',(-1.,0.,0.));
#131 = ORIENTED_EDGE('',*,*,#132,.T.);
#132 = EDGE_CURVE('',#124,#90,#133,.T.);
#133 = CIRCLE('',#134,3.05);
#134 = AXIS2_PLACEMENT_3D('',#135,#136,#137);
#135 = CARTESIAN_POINT('',(25.,20.,-1.606554827662E-15));
#136 = DIRECTION('',(0.,0.,-1.));
#137 = DIRECTION('',(-1.,0.,0.));
#138 = ORIENTED_EDGE('',*,*,#89,.T.);
#139 = ORIENTED_EDGE('',*,*,#140,.F.);
#140 = EDGE_CURVE('',#141,#81,#143,.T.);
#141 = VERTEX_POINT('',#142);
#142 = CARTESIAN_POINT('',(23.4,17.40336756548,3.));
#143 = CIRCLE('',#144,3.05);
#144 = AXIS2_PLACEMENT_3D('',#145,#146,#147);
#145 = CARTESIAN_POINT('',(25.,20.,3.));
#146 = DIRECTION('',(0.,0.,-1.));
#147 = DIRECTION('',(-1.,0.,0.));
#148 = ORIENTED_EDGE('',*,*,#149,.T.);
#149 = EDGE_CURVE('',#141,#150,#152,.T.);
#150 = VERTEX_POINT('',#151);
#151 = CARTESIAN_POINT('',(23.4,17.40336756548,3.2));
#152 = LINE('',#153,#154);
#153 = CARTESIAN_POINT('',(23.4,17.40336756548,-1.606554827662E-15));
#154 = VECTOR('',#155,1.);
#155 = DIRECTION('',(0.,0.,1.));
#156 = ORIENTED_EDGE('',*,*,#157,.F.);
#157 = EDGE_CURVE('',#47,#150,#158,.T.);
#158 = CIRCLE('',#159,3.05);
#159 = AXIS2_PLACEMENT_3D('',#160,#161,#162);
#160 = CARTESIAN_POINT('',(25.,20.,3.2));
#161 = DIRECTION('',(0.,0.,-1.));
#162 = DIRECTION('',(1.,0.,0.));
#163 = CYLINDRICAL_SURFACE('',#164,3.05);
#164 = AXIS2_PLACEMENT_3D('',#165,#166,#167);
#165 = CARTESIAN_POINT('',(25.,20.,-1.606554827662E-15));
#166 = DIRECTION('',(0.,0.,1.));
#167 = DIRECTION('',(-1.,0.,0.));
#168 = ADVANCED_FACE('',(#169),#194,.F.);
#169 = FACE_BOUND('',#170,.F.);
#170 = EDGE_LOOP('',(#171,#172,#180,#188));
#171 = ORIENTED_EDGE('',*,*,#157,.F.);
#172 = ORIENTED_EDGE('',*,*,#173,.T.);
#173 = EDGE_CURVE('',#47,#174,#176,.T.);
#174 = VERTEX_POINT('',#175);
#175 = CARTESIAN_POINT('',(26.6,18.4,3.2));
#176 = LINE('',#177,#178);
#177 = CARTESIAN_POINT('',(26.6,17.40336756548,3.2));
#178 = VECTOR('',#179,1.);
#179 = DIRECTION('',(0.,1.,0.));
#180 = ORIENTED_EDGE('',*,*,#181,.T.);
#181 = EDGE_CURVE('',#174,#182,#184,.T.);
#182 = VERTEX_POINT('',#183);
#183 = CARTESIAN_POINT('',(23.4,18.4,3.2));
#184 = LINE('',#185,#186);
#185 = CARTESIAN_POINT('',(27.949999999975,18.4,3.2));
#186 = VECTOR('',#187,1.);
#187 = DIRECTION('',(-1.,0.,0.));
#188 = ORIENTED_EDGE('',*,*,#189,.F.);
#189 = EDGE_CURVE('',#150,#182,#190,.T.);
#190 = LINE('',#191,#192);
#191 = CARTESIAN_POINT('',(23.4,17.40336756548,3.2));
#192 = VECTOR('',#193,1.);
#193 = DIRECTION('',(0.,1.,0.));
#194 = PLANE('',#195);
#195 = AXIS2_PLACEMENT_3D('',#196,#197,#198);
#196 = CARTESIAN_POINT('',(32.49999999995,20.,3.2));
#197 = DIRECTION('',(0.,0.,1.));
#198 = DIRECTION('',(1.,0.,0.));
#199 = ADVANCED_FACE('',(#200),#225,.F.);
#200 = FACE_BOUND('',#201,.F.);
#201 = EDGE_LOOP('',(#202,#210,#218,#224));
#202 = ORIENTED_EDGE('',*,*,#203,.F.);
#203 = EDGE_CURVE('',#204,#64,#206,.T.);
#204 = VERTEX_POINT('',#205);
#205 = CARTESIAN_POINT('',(23.4,21.6,3.2));
#206 = LINE('',#207,#208);
#207 = CARTESIAN_POINT('',(23.4,17.40336756548,3.2));
#208 = VECTOR('',#209,1.);
#209 = DIRECTION('',(0.,1.,0.));
#210 = ORIENTED_EDGE('',*,*,#211,.T.);
#211 = EDGE_CURVE('',#204,#212,#214,.T.);
#212 = VERTEX_POINT('',#213);
#213 = CARTESIAN_POINT('',(26.6,21.6,3.2));
#214 = LINE('',#215,#216);
#215 = CARTESIAN_POINT('',(29.549999999975,21.6,3.2));
#216 = VECTOR('',#217,1.);
#217 = DIRECTION('',(1.,0.,0.));
#218 = ORIENTED_EDGE('',*,*,#219,.T.);
#219 = EDGE_CURVE('',#212,#56,#220,.T.);
#220 = LINE('',#221,#222);
#221 = CARTESIAN_POINT('',(26.6,17.40336756548,3.2));
#222 = VECTOR('',#223,1.);
#223 = DIRECTION('',(0.,1.,0.));
#224 = ORIENTED_EDGE('',*,*,#63,.F.);
#225 = PLANE('',#226);
#226 = AXIS2_PLACEMENT_3D('',#227,#228,#229);
#227 = CARTESIAN_POINT('',(32.49999999995,20.,3.2));
#228 = DIRECTION('',(0.,0.,1.));
#229 = DIRECTION('',(1.,0.,0.));
#230 = ADVANCED_FACE('',(#231),#241,.T.);
#231 = FACE_BOUND('',#232,.T.);
#232 = EDGE_LOOP('',(#233,#234,#235));
#233 = ORIENTED_EDGE('',*,*,#140,.T.);
#234 = ORIENTED_EDGE('',*,*,#80,.T.);
#235 = ORIENTED_EDGE('',*,*,#236,.F.);
#236 = EDGE_CURVE('',#141,#73,#237,.T.);
#237 = LINE('',#238,#239);
#238 = CARTESIAN_POINT('',(23.4,18.70168378274,3.));
#239 = VECTOR('',#240,1.);
#240 = DIRECTION('',(0.,1.,0.));
#241 = PLANE('',#242);
#242 = AXIS2_PLACEMENT_3D('',#243,#244,#245);
#243 = CARTESIAN_POINT('',(25.,20.,3.));
#244 = DIRECTION('',(0.,0.,-1.));
#245 = DIRECTION('',(-1.,0.,0.));
#246 = ADVANCED_FACE('',(#247,#342,#392,#403,#414,#425,#472,#479,#490,
    #540),#551,.T.);
#247 = FACE_BOUND('',#248,.T.);
#248 = EDGE_LOOP('',(#249,#259,#267,#276,#284,#293,#301,#310,#318,#327,
    #335));
#249 = ORIENTED_EDGE('',*,*,#250,.F.);
#250 = EDGE_CURVE('',#251,#253,#255,.T.);
#251 = VERTEX_POINT('',#252);
#252 = CARTESIAN_POINT('',(15.,10.,0.));
#253 = VERTEX_POINT('',#254);
#254 = CARTESIAN_POINT('',(42.,10.,-2.22044604925E-16));
#255 = LINE('',#256,#257);
#256 = CARTESIAN_POINT('',(-10.,10.,0.));
#257 = VECTOR('',#258,1.);
#258 = DIRECTION('',(1.,0.,0.));
#259 = ORIENTED_EDGE('',*,*,#260,.T.);
#260 = EDGE_CURVE('',#251,#261,#263,.T.);
#261 = VERTEX_POINT('',#262);
#262 = CARTESIAN_POINT('',(15.,-17.,0.));
#263 = LINE('',#264,#265);
#264 = CARTESIAN_POINT('',(15.,20.,0.));
#265 = VECTOR('',#266,1.);
#266 = DIRECTION('',(0.,-1.,0.));
#267 = ORIENTED_EDGE('',*,*,#268,.T.);
#268 = EDGE_CURVE('',#261,#269,#271,.T.);
#269 = VERTEX_POINT('',#270);
#270 = CARTESIAN_POINT('',(12.,-20.,0.));
#271 = CIRCLE('',#272,3.);
#272 = AXIS2_PLACEMENT_3D('',#273,#274,#275);
#273 = CARTESIAN_POINT('',(12.,-17.,0.));
#274 = DIRECTION('',(-0.,-0.,-1.));
#275 = DIRECTION('',(0.,-1.,0.));
#276 = ORIENTED_EDGE('',*,*,#277,.T.);
#277 = EDGE_CURVE('',#269,#278,#280,.T.);
#278 = VERTEX_POINT('',#279);
#279 = CARTESIAN_POINT('',(-7.,-20.,0.));
#280 = LINE('',#281,#282);
#281 = CARTESIAN_POINT('',(15.,-20.,0.));
#282 = VECTOR('',#283,1.);
#283 = DIRECTION('',(-1.,0.,0.));
#284 = ORIENTED_EDGE('',*,*,#285,.F.);
#285 = EDGE_CURVE('',#286,#278,#288,.T.);
#286 = VERTEX_POINT('',#287);
#287 = CARTESIAN_POINT('',(-10.,-17.,0.));
#288 = CIRCLE('',#289,3.);
#289 = AXIS2_PLACEMENT_3D('',#290,#291,#292);
#290 = CARTESIAN_POINT('',(-7.,-17.,0.));
#291 = DIRECTION('',(-0.,0.,1.));
#292 = DIRECTION('',(0.,-1.,0.));
#293 = ORIENTED_EDGE('',*,*,#294,.F.);
#294 = EDGE_CURVE('',#295,#286,#297,.T.);
#295 = VERTEX_POINT('',#296);
#296 = CARTESIAN_POINT('',(-10.,27.,0.));
#297 = LINE('',#298,#299);
#298 = CARTESIAN_POINT('',(-10.,20.,0.));
#299 = VECTOR('',#300,1.);
#300 = DIRECTION('',(0.,-1.,0.));
#301 = ORIENTED_EDGE('',*,*,#302,.F.);
#302 = EDGE_CURVE('',#303,#295,#305,.T.);
#303 = VERTEX_POINT('',#304);
#304 = CARTESIAN_POINT('',(-7.,30.,-4.440892098501E-15));
#305 = CIRCLE('',#306,3.);
#306 = AXIS2_PLACEMENT_3D('',#307,#308,#309);
#307 = CARTESIAN_POINT('',(-7.,27.,-1.7763568394E-15));
#308 = DIRECTION('',(0.,2.22044604925E-16,1.));
#309 = DIRECTION('',(0.,1.,-2.22044604925E-16));
#310 = ORIENTED_EDGE('',*,*,#311,.T.);
#311 = EDGE_CURVE('',#303,#312,#314,.T.);
#312 = VERTEX_POINT('',#313);
#313 = CARTESIAN_POINT('',(42.,30.,-4.218847493576E-15));
#314 = LINE('',#315,#316);
#315 = CARTESIAN_POINT('',(-10.,30.,-4.440892098501E-15));
#316 = VECTOR('',#317,1.);
#317 = DIRECTION('',(1.,0.,0.));
#318 = ORIENTED_EDGE('',*,*,#319,.F.);
#319 = EDGE_CURVE('',#320,#312,#322,.T.);
#320 = VERTEX_POINT('',#321);
#321 = CARTESIAN_POINT('',(45.,27.,-3.774758283726E-15));
#322 = CIRCLE('',#323,3.);
#323 = AXIS2_PLACEMENT_3D('',#324,#325,#326);
#324 = CARTESIAN_POINT('',(42.,27.,-1.606554827662E-15));
#325 = DIRECTION('',(-0.,2.22044604925E-16,1.));
#326 = DIRECTION('',(0.,-1.,2.22044604925E-16));
#327 = ORIENTED_EDGE('',*,*,#328,.F.);
#328 = EDGE_CURVE('',#329,#320,#331,.T.);
#329 = VERTEX_POINT('',#330);
#330 = CARTESIAN_POINT('',(45.,13.,-6.661338147751E-16));
#331 = LINE('',#332,#333);
#332 = CARTESIAN_POINT('',(45.,10.,0.));
#333 = VECTOR('',#334,1.);
#334 = DIRECTION('',(0.,1.,-2.22044604925E-16));
#335 = ORIENTED_EDGE('',*,*,#336,.F.);
#336 = EDGE_CURVE('',#253,#329,#337,.T.);
#337 = CIRCLE('',#338,3.);
#338 = AXIS2_PLACEMENT_3D('',#339,#340,#341);
#339 = CARTESIAN_POINT('',(42.,13.,-1.606554827662E-15));
#340 = DIRECTION('',(-0.,2.22044604925E-16,1.));
#341 = DIRECTION('',(0.,-1.,2.22044604925E-16));
#342 = FACE_BOUND('',#343,.T.);
#343 = EDGE_LOOP('',(#344,#354,#362,#370,#378,#386));
#344 = ORIENTED_EDGE('',*,*,#345,.F.);
#345 = EDGE_CURVE('',#346,#348,#350,.T.);
#346 = VERTEX_POINT('',#347);
#347 = CARTESIAN_POINT('',(13.75,-13.41228675972,0.));
#348 = VERTEX_POINT('',#349);
#349 = CARTESIAN_POINT('',(13.75,-16.58771324027,0.));
#350 = LINE('',#351,#352);
#351 = CARTESIAN_POINT('',(13.75,-13.41228675972,0.));
#352 = VECTOR('',#353,1.);
#353 = DIRECTION('',(0.,-1.,0.));
#354 = ORIENTED_EDGE('',*,*,#355,.F.);
#355 = EDGE_CURVE('',#356,#346,#358,.T.);
#356 = VERTEX_POINT('',#357);
#357 = CARTESIAN_POINT('',(11.,-11.82457351945,0.));
#358 = LINE('',#359,#360);
#359 = CARTESIAN_POINT('',(11.,-11.82457351945,0.));
#360 = VECTOR('',#361,1.);
#361 = DIRECTION('',(0.866025403784,-0.5,0.));
#362 = ORIENTED_EDGE('',*,*,#363,.F.);
#363 = EDGE_CURVE('',#364,#356,#366,.T.);
#364 = VERTEX_POINT('',#365);
#365 = CARTESIAN_POINT('',(8.25,-13.41228675972,0.));
#366 = LINE('',#367,#368);
#367 = CARTESIAN_POINT('',(8.25,-13.41228675972,0.));
#368 = VECTOR('',#369,1.);
#369 = DIRECTION('',(0.866025403784,0.5,0.));
#370 = ORIENTED_EDGE('',*,*,#371,.F.);
#371 = EDGE_CURVE('',#372,#364,#374,.T.);
#372 = VERTEX_POINT('',#373);
#373 = CARTESIAN_POINT('',(8.25,-16.58771324027,0.));
#374 = LINE('',#375,#376);
#375 = CARTESIAN_POINT('',(8.25,-16.58771324027,0.));
#376 = VECTOR('',#377,1.);
#377 = DIRECTION('',(0.,1.,0.));
#378 = ORIENTED_EDGE('',*,*,#379,.F.);
#379 = EDGE_CURVE('',#380,#372,#382,.T.);
#380 = VERTEX_POINT('',#381);
#381 = CARTESIAN_POINT('',(11.,-18.17542648054,0.));
#382 = LINE('',#383,#384);
#383 = CARTESIAN_POINT('',(11.,-18.17542648054,0.));
#384 = VECTOR('',#385,1.);
#385 = DIRECTION('',(-0.866025403784,0.5,-0.));
#386 = ORIENTED_EDGE('',*,*,#387,.F.);
#387 = EDGE_CURVE('',#348,#380,#388,.T.);
#388 = LINE('',#389,#390);
#389 = CARTESIAN_POINT('',(13.75,-16.58771324027,0.));
#390 = VECTOR('',#391,1.);
#391 = DIRECTION('',(-0.866025403784,-0.5,0.));
#392 = FACE_BOUND('',#393,.T.);
#393 = EDGE_LOOP('',(#394));
#394 = ORIENTED_EDGE('',*,*,#395,.T.);
#395 = EDGE_CURVE('',#396,#396,#398,.T.);
#396 = VERTEX_POINT('',#397);
#397 = CARTESIAN_POINT('',(9.2,-8.,0.));
#398 = CIRCLE('',#399,1.7);
#399 = AXIS2_PLACEMENT_3D('',#400,#401,#402);
#400 = CARTESIAN_POINT('',(7.5,-8.,0.));
#401 = DIRECTION('',(0.,0.,1.));
#402 = DIRECTION('',(1.,0.,0.));
#403 = FACE_BOUND('',#404,.T.);
#404 = EDGE_LOOP('',(#405));
#405 = ORIENTED_EDGE('',*,*,#406,.T.);
#406 = EDGE_CURVE('',#407,#407,#409,.T.);
#407 = VERTEX_POINT('',#408);
#408 = CARTESIAN_POINT('',(1.5,-10.,0.));
#409 = CIRCLE('',#410,2.5);
#410 = AXIS2_PLACEMENT_3D('',#411,#412,#413);
#411 = CARTESIAN_POINT('',(-1.,-10.,0.));
#412 = DIRECTION('',(0.,0.,1.));
#413 = DIRECTION('',(1.,0.,0.));
#414 = FACE_BOUND('',#415,.T.);
#415 = EDGE_LOOP('',(#416));
#416 = ORIENTED_EDGE('',*,*,#417,.T.);
#417 = EDGE_CURVE('',#418,#418,#420,.T.);
#418 = VERTEX_POINT('',#419);
#419 = CARTESIAN_POINT('',(-5.8,-8.,0.));
#420 = CIRCLE('',#421,1.7);
#421 = AXIS2_PLACEMENT_3D('',#422,#423,#424);
#422 = CARTESIAN_POINT('',(-7.5,-8.,0.));
#423 = DIRECTION('',(0.,0.,1.));
#424 = DIRECTION('',(1.,0.,0.));
#425 = FACE_BOUND('',#426,.T.);
#426 = EDGE_LOOP('',(#427,#438,#447,#456,#465));
#427 = ORIENTED_EDGE('',*,*,#428,.F.);
#428 = EDGE_CURVE('',#429,#431,#433,.T.);
#429 = VERTEX_POINT('',#430);
#430 = CARTESIAN_POINT('',(36.95,20.,-1.606554827662E-15));
#431 = VERTEX_POINT('',#432);
#432 = CARTESIAN_POINT('',(38.400000000049,22.596632434469,
    -1.606554827662E-15));
#433 = CIRCLE('',#434,3.05);
#434 = AXIS2_PLACEMENT_3D('',#435,#436,#437);
#435 = CARTESIAN_POINT('',(40.,20.,-1.606554827662E-15));
#436 = DIRECTION('',(0.,0.,-1.));
#437 = DIRECTION('',(-1.,0.,0.));
#438 = ORIENTED_EDGE('',*,*,#439,.F.);
#439 = EDGE_CURVE('',#440,#429,#442,.T.);
#440 = VERTEX_POINT('',#441);
#441 = CARTESIAN_POINT('',(38.399999999998,17.403367565501,
    -1.606554827662E-15));
#442 = CIRCLE('',#443,3.05);
#443 = AXIS2_PLACEMENT_3D('',#444,#445,#446);
#444 = CARTESIAN_POINT('',(40.,20.,-1.606554827662E-15));
#445 = DIRECTION('',(0.,0.,-1.));
#446 = DIRECTION('',(-1.,0.,0.));
#447 = ORIENTED_EDGE('',*,*,#448,.F.);
#448 = EDGE_CURVE('',#449,#440,#451,.T.);
#449 = VERTEX_POINT('',#450);
#450 = CARTESIAN_POINT('',(41.599999999948,17.403367565519,
    -1.606554827662E-15));
#451 = CIRCLE('',#452,3.05);
#452 = AXIS2_PLACEMENT_3D('',#453,#454,#455);
#453 = CARTESIAN_POINT('',(40.,20.,-1.606554827662E-15));
#454 = DIRECTION('',(0.,0.,-1.));
#455 = DIRECTION('',(-1.,0.,0.));
#456 = ORIENTED_EDGE('',*,*,#457,.F.);
#457 = EDGE_CURVE('',#458,#449,#460,.T.);
#458 = VERTEX_POINT('',#459);
#459 = CARTESIAN_POINT('',(41.599999999993,22.596632434517,
    -1.606554827662E-15));
#460 = CIRCLE('',#461,3.05);
#461 = AXIS2_PLACEMENT_3D('',#462,#463,#464);
#462 = CARTESIAN_POINT('',(40.,20.,-1.606554827662E-15));
#463 = DIRECTION('',(0.,0.,-1.));
#464 = DIRECTION('',(-1.,0.,0.));
#465 = ORIENTED_EDGE('',*,*,#466,.F.);
#466 = EDGE_CURVE('',#431,#458,#467,.T.);
#467 = CIRCLE('',#468,3.05);
#468 = AXIS2_PLACEMENT_3D('',#469,#470,#471);
#469 = CARTESIAN_POINT('',(40.,20.,-1.606554827662E-15));
#470 = DIRECTION('',(0.,0.,-1.));
#471 = DIRECTION('',(-1.,0.,0.));
#472 = FACE_BOUND('',#473,.T.);
#473 = EDGE_LOOP('',(#474,#475,#476,#477,#478));
#474 = ORIENTED_EDGE('',*,*,#96,.F.);
#475 = ORIENTED_EDGE('',*,*,#132,.F.);
#476 = ORIENTED_EDGE('',*,*,#123,.F.);
#477 = ORIENTED_EDGE('',*,*,#114,.F.);
#478 = ORIENTED_EDGE('',*,*,#105,.F.);
#479 = FACE_BOUND('',#480,.T.);
#480 = EDGE_LOOP('',(#481));
#481 = ORIENTED_EDGE('',*,*,#482,.T.);
#482 = EDGE_CURVE('',#483,#483,#485,.T.);
#483 = VERTEX_POINT('',#484);
#484 = CARTESIAN_POINT('',(9.5,4.,0.));
#485 = CIRCLE('',#486,2.5);
#486 = AXIS2_PLACEMENT_3D('',#487,#488,#489);
#487 = CARTESIAN_POINT('',(7.,4.,0.));
#488 = DIRECTION('',(0.,0.,1.));
#489 = DIRECTION('',(1.,0.,0.));
#490 = FACE_BOUND('',#491,.T.);
#491 = EDGE_LOOP('',(#492,#502,#510,#518,#526,#534));
#492 = ORIENTED_EDGE('',*,*,#493,.F.);
#493 = EDGE_CURVE('',#494,#496,#498,.T.);
#494 = VERTEX_POINT('',#495);
#495 = CARTESIAN_POINT('',(-1.25,4.587713240271,0.));
#496 = VERTEX_POINT('',#497);
#497 = CARTESIAN_POINT('',(-1.25,1.412286759729,0.));
#498 = LINE('',#499,#500);
#499 = CARTESIAN_POINT('',(-1.25,4.587713240271,0.));
#500 = VECTOR('',#501,1.);
#501 = DIRECTION('',(7.E-17,-1.,0.));
#502 = ORIENTED_EDGE('',*,*,#503,.F.);
#503 = EDGE_CURVE('',#504,#494,#506,.T.);
#504 = VERTEX_POINT('',#505);
#505 = CARTESIAN_POINT('',(-4.,6.175426480543,0.));
#506 = LINE('',#507,#508);
#507 = CARTESIAN_POINT('',(-4.,6.175426480543,0.));
#508 = VECTOR('',#509,1.);
#509 = DIRECTION('',(0.866025403784,-0.5,0.));
#510 = ORIENTED_EDGE('',*,*,#511,.F.);
#511 = EDGE_CURVE('',#512,#504,#514,.T.);
#512 = VERTEX_POINT('',#513);
#513 = CARTESIAN_POINT('',(-6.75,4.587713240271,0.));
#514 = LINE('',#515,#516);
#515 = CARTESIAN_POINT('',(-6.75,4.587713240271,0.));
#516 = VECTOR('',#517,1.);
#517 = DIRECTION('',(0.866025403784,0.5,0.));
#518 = ORIENTED_EDGE('',*,*,#519,.F.);
#519 = EDGE_CURVE('',#520,#512,#522,.T.);
#520 = VERTEX_POINT('',#521);
#521 = CARTESIAN_POINT('',(-6.75,1.412286759729,0.));
#522 = LINE('',#523,#524);
#523 = CARTESIAN_POINT('',(-6.75,1.412286759729,0.));
#524 = VECTOR('',#525,1.);
#525 = DIRECTION('',(0.,1.,0.));
#526 = ORIENTED_EDGE('',*,*,#527,.F.);
#527 = EDGE_CURVE('',#528,#520,#530,.T.);
#528 = VERTEX_POINT('',#529);
#529 = CARTESIAN_POINT('',(-4.,-0.175426480543,0.));
#530 = LINE('',#531,#532);
#531 = CARTESIAN_POINT('',(-4.,-0.175426480543,0.));
#532 = VECTOR('',#533,1.);
#533 = DIRECTION('',(-0.866025403784,0.5,-0.));
#534 = ORIENTED_EDGE('',*,*,#535,.F.);
#535 = EDGE_CURVE('',#496,#528,#536,.T.);
#536 = LINE('',#537,#538);
#537 = CARTESIAN_POINT('',(-1.25,1.412286759729,0.));
#538 = VECTOR('',#539,1.);
#539 = DIRECTION('',(-0.866025403784,-0.5,0.));
#540 = FACE_BOUND('',#541,.T.);
#541 = EDGE_LOOP('',(#542));
#542 = ORIENTED_EDGE('',*,*,#543,.T.);
#543 = EDGE_CURVE('',#544,#544,#546,.T.);
#544 = VERTEX_POINT('',#545);
#545 = CARTESIAN_POINT('',(-5.8,8.,0.));
#546 = CIRCLE('',#547,1.7);
#547 = AXIS2_PLACEMENT_3D('',#548,#549,#550);
#548 = CARTESIAN_POINT('',(-7.5,8.,0.));
#549 = DIRECTION('',(0.,0.,1.));
#550 = DIRECTION('',(1.,0.,0.));
#551 = PLANE('',#552);
#552 = AXIS2_PLACEMENT_3D('',#553,#554,#555);
#553 = CARTESIAN_POINT('',(13.352919584815,9.67219949389,
    -1.606554827662E-15));
#554 = DIRECTION('',(-0.,-0.,-1.));
#555 = DIRECTION('',(-1.,0.,0.));
#556 = ADVANCED_FACE('',(#557),#582,.F.);
#557 = FACE_BOUND('',#558,.F.);
#558 = EDGE_LOOP('',(#559,#569,#575,#576));
#559 = ORIENTED_EDGE('',*,*,#560,.F.);
#560 = EDGE_CURVE('',#561,#563,#565,.T.);
#561 = VERTEX_POINT('',#562);
#562 = CARTESIAN_POINT('',(42.,10.,4.));
#563 = VERTEX_POINT('',#564);
#564 = CARTESIAN_POINT('',(15.,10.,4.));
#565 = LINE('',#566,#567);
#566 = CARTESIAN_POINT('',(45.,10.,4.));
#567 = VECTOR('',#568,1.);
#568 = DIRECTION('',(-1.,0.,0.));
#569 = ORIENTED_EDGE('',*,*,#570,.F.);
#570 = EDGE_CURVE('',#253,#561,#571,.T.);
#571 = LINE('',#572,#573);
#572 = CARTESIAN_POINT('',(42.,10.,6.661338147751E-16));
#573 = VECTOR('',#574,1.);
#574 = DIRECTION('',(0.,2.22044604925E-16,1.));
#575 = ORIENTED_EDGE('',*,*,#250,.F.);
#576 = ORIENTED_EDGE('',*,*,#577,.F.);
#577 = EDGE_CURVE('',#563,#251,#578,.T.);
#578 = LINE('',#579,#580);
#579 = CARTESIAN_POINT('',(15.,10.,3.876984126984));
#580 = VECTOR('',#581,1.);
#581 = DIRECTION('',(0.,0.,-1.));
#582 = PLANE('',#583);
#583 = AXIS2_PLACEMENT_3D('',#584,#585,#586);
#584 = CARTESIAN_POINT('',(16.774193548387,10.,2.774193548387));
#585 = DIRECTION('',(0.,1.,0.));
#586 = DIRECTION('',(0.,0.,1.));
#587 = ADVANCED_FACE('',(#588),#607,.T.);
#588 = FACE_BOUND('',#589,.T.);
#589 = EDGE_LOOP('',(#590,#591,#599,#606));
#590 = ORIENTED_EDGE('',*,*,#336,.T.);
#591 = ORIENTED_EDGE('',*,*,#592,.T.);
#592 = EDGE_CURVE('',#329,#593,#595,.T.);
#593 = VERTEX_POINT('',#594);
#594 = CARTESIAN_POINT('',(45.,13.,4.));
#595 = LINE('',#596,#597);
#596 = CARTESIAN_POINT('',(45.,13.,4.078893220341E-32));
#597 = VECTOR('',#598,1.);
#598 = DIRECTION('',(0.,2.22044604925E-16,1.));
#599 = ORIENTED_EDGE('',*,*,#600,.F.);
#600 = EDGE_CURVE('',#561,#593,#601,.T.);
#601 = CIRCLE('',#602,3.);
#602 = AXIS2_PLACEMENT_3D('',#603,#604,#605);
#603 = CARTESIAN_POINT('',(42.,13.,4.));
#604 = DIRECTION('',(-0.,2.22044604925E-16,1.));
#605 = DIRECTION('',(0.,-1.,2.22044604925E-16));
#606 = ORIENTED_EDGE('',*,*,#570,.F.);
#607 = CYLINDRICAL_SURFACE('',#608,3.);
#608 = AXIS2_PLACEMENT_3D('',#609,#610,#611);
#609 = CARTESIAN_POINT('',(42.,13.,0.));
#610 = DIRECTION('',(0.,2.22044604925E-16,1.));
#611 = DIRECTION('',(0.,-1.,2.22044604925E-16));
#612 = ADVANCED_FACE('',(#613),#695,.T.);
#613 = FACE_BOUND('',#614,.T.);
#614 = EDGE_LOOP('',(#615,#616,#617,#625,#633,#641,#649,#657,#665,#673,
    #681,#689));
#615 = ORIENTED_EDGE('',*,*,#260,.F.);
#616 = ORIENTED_EDGE('',*,*,#577,.F.);
#617 = ORIENTED_EDGE('',*,*,#618,.T.);
#618 = EDGE_CURVE('',#563,#619,#621,.T.);
#619 = VERTEX_POINT('',#620);
#620 = CARTESIAN_POINT('',(15.,30.,4.));
#621 = LINE('',#622,#623);
#622 = CARTESIAN_POINT('',(15.,10.,4.));
#623 = VECTOR('',#624,1.);
#624 = DIRECTION('',(0.,1.,-2.22044604925E-16));
#625 = ORIENTED_EDGE('',*,*,#626,.T.);
#626 = EDGE_CURVE('',#619,#627,#629,.T.);
#627 = VERTEX_POINT('',#628);
#628 = CARTESIAN_POINT('',(15.,30.,7.));
#629 = LINE('',#630,#631);
#630 = CARTESIAN_POINT('',(15.,30.,4.));
#631 = VECTOR('',#632,1.);
#632 = DIRECTION('',(0.,2.22044604925E-16,1.));
#633 = ORIENTED_EDGE('',*,*,#634,.F.);
#634 = EDGE_CURVE('',#635,#627,#637,.T.);
#635 = VERTEX_POINT('',#636);
#636 = CARTESIAN_POINT('',(15.,10.,7.));
#637 = LINE('',#638,#639);
#638 = CARTESIAN_POINT('',(15.,10.,7.));
#639 = VECTOR('',#640,1.);
#640 = DIRECTION('',(0.,1.,-2.22044604925E-16));
#641 = ORIENTED_EDGE('',*,*,#642,.F.);
#642 = EDGE_CURVE('',#643,#635,#645,.T.);
#643 = VERTEX_POINT('',#644);
#644 = CARTESIAN_POINT('',(15.,10.,15.));
#645 = LINE('',#646,#647);
#646 = CARTESIAN_POINT('',(15.,10.,3.876984126984));
#647 = VECTOR('',#648,1.);
#648 = DIRECTION('',(0.,0.,-1.));
#649 = ORIENTED_EDGE('',*,*,#650,.T.);
#650 = EDGE_CURVE('',#643,#651,#653,.T.);
#651 = VERTEX_POINT('',#652);
#652 = CARTESIAN_POINT('',(15.,-1.5,15.));
#653 = LINE('',#654,#655);
#654 = CARTESIAN_POINT('',(15.,20.,15.));
#655 = VECTOR('',#656,1.);
#656 = DIRECTION('',(0.,-1.,0.));
#657 = ORIENTED_EDGE('',*,*,#658,.F.);
#658 = EDGE_CURVE('',#659,#651,#661,.T.);
#659 = VERTEX_POINT('',#660);
#660 = CARTESIAN_POINT('',(15.,-1.5,7.));
#661 = LINE('',#662,#663);
#662 = CARTESIAN_POINT('',(15.,-1.5,7.));
#663 = VECTOR('',#664,1.);
#664 = DIRECTION('',(0.,0.,1.));
#665 = ORIENTED_EDGE('',*,*,#666,.T.);
#666 = EDGE_CURVE('',#659,#667,#669,.T.);
#667 = VERTEX_POINT('',#668);
#668 = CARTESIAN_POINT('',(15.,-4.5,7.));
#669 = LINE('',#670,#671);
#670 = CARTESIAN_POINT('',(15.,20.,7.));
#671 = VECTOR('',#672,1.);
#672 = DIRECTION('',(0.,-1.,0.));
#673 = ORIENTED_EDGE('',*,*,#674,.T.);
#674 = EDGE_CURVE('',#667,#675,#677,.T.);
#675 = VERTEX_POINT('',#676);
#676 = CARTESIAN_POINT('',(15.,-4.5,15.));
#677 = LINE('',#678,#679);
#678 = CARTESIAN_POINT('',(15.,-4.5,7.));
#679 = VECTOR('',#680,1.);
#680 = DIRECTION('',(0.,0.,1.));
#681 = ORIENTED_EDGE('',*,*,#682,.T.);
#682 = EDGE_CURVE('',#675,#683,#685,.T.);
#683 = VERTEX_POINT('',#684);
#684 = CARTESIAN_POINT('',(15.,-17.,15.));
#685 = LINE('',#686,#687);
#686 = CARTESIAN_POINT('',(15.,-4.5,15.));
#687 = VECTOR('',#688,1.);
#688 = DIRECTION('',(0.,-1.,0.));
#689 = ORIENTED_EDGE('',*,*,#690,.F.);
#690 = EDGE_CURVE('',#261,#683,#691,.T.);
#691 = LINE('',#692,#693);
#692 = CARTESIAN_POINT('',(15.,-17.,0.));
#693 = VECTOR('',#694,1.);
#694 = DIRECTION('',(0.,0.,1.));
#695 = PLANE('',#696);
#696 = AXIS2_PLACEMENT_3D('',#697,#698,#699);
#697 = CARTESIAN_POINT('',(15.,3.7,7.157142857143));
#698 = DIRECTION('',(1.,0.,0.));
#699 = DIRECTION('',(0.,0.,1.));
#700 = ADVANCED_FACE('',(#701),#719,.T.);
#701 = FACE_BOUND('',#702,.T.);
#702 = EDGE_LOOP('',(#703,#704,#712,#718));
#703 = ORIENTED_EDGE('',*,*,#328,.T.);
#704 = ORIENTED_EDGE('',*,*,#705,.T.);
#705 = EDGE_CURVE('',#320,#706,#708,.T.);
#706 = VERTEX_POINT('',#707);
#707 = CARTESIAN_POINT('',(45.,27.,4.));
#708 = LINE('',#709,#710);
#709 = CARTESIAN_POINT('',(45.,27.,-4.440892098501E-15));
#710 = VECTOR('',#711,1.);
#711 = DIRECTION('',(0.,2.22044604925E-16,1.));
#712 = ORIENTED_EDGE('',*,*,#713,.F.);
#713 = EDGE_CURVE('',#593,#706,#714,.T.);
#714 = LINE('',#715,#716);
#715 = CARTESIAN_POINT('',(45.,10.,4.));
#716 = VECTOR('',#717,1.);
#717 = DIRECTION('',(0.,1.,-2.22044604925E-16));
#718 = ORIENTED_EDGE('',*,*,#592,.F.);
#719 = PLANE('',#720);
#720 = AXIS2_PLACEMENT_3D('',#721,#722,#723);
#721 = CARTESIAN_POINT('',(45.,10.,0.));
#722 = DIRECTION('',(1.,0.,0.));
#723 = DIRECTION('',(0.,2.22044604925E-16,1.));
#724 = ADVANCED_FACE('',(#725),#744,.T.);
#725 = FACE_BOUND('',#726,.F.);
#726 = EDGE_LOOP('',(#727,#728,#736,#743));
#727 = ORIENTED_EDGE('',*,*,#268,.T.);
#728 = ORIENTED_EDGE('',*,*,#729,.T.);
#729 = EDGE_CURVE('',#269,#730,#732,.T.);
#730 = VERTEX_POINT('',#731);
#731 = CARTESIAN_POINT('',(12.,-20.,15.));
#732 = LINE('',#733,#734);
#733 = CARTESIAN_POINT('',(12.,-20.,0.));
#734 = VECTOR('',#735,1.);
#735 = DIRECTION('',(0.,0.,1.));
#736 = ORIENTED_EDGE('',*,*,#737,.F.);
#737 = EDGE_CURVE('',#683,#730,#738,.T.);
#738 = CIRCLE('',#739,3.);
#739 = AXIS2_PLACEMENT_3D('',#740,#741,#742);
#740 = CARTESIAN_POINT('',(12.,-17.,15.));
#741 = DIRECTION('',(-0.,-0.,-1.));
#742 = DIRECTION('',(0.,-1.,0.));
#743 = ORIENTED_EDGE('',*,*,#690,.F.);
#744 = CYLINDRICAL_SURFACE('',#745,3.);
#745 = AXIS2_PLACEMENT_3D('',#746,#747,#748);
#746 = CARTESIAN_POINT('',(12.,-17.,0.));
#747 = DIRECTION('',(0.,0.,1.));
#748 = DIRECTION('',(1.,0.,0.));
#749 = ADVANCED_FACE('',(#750),#769,.T.);
#750 = FACE_BOUND('',#751,.T.);
#751 = EDGE_LOOP('',(#752,#753,#761,#768));
#752 = ORIENTED_EDGE('',*,*,#319,.T.);
#753 = ORIENTED_EDGE('',*,*,#754,.T.);
#754 = EDGE_CURVE('',#312,#755,#757,.T.);
#755 = VERTEX_POINT('',#756);
#756 = CARTESIAN_POINT('',(42.,30.,4.));
#757 = LINE('',#758,#759);
#758 = CARTESIAN_POINT('',(42.,30.,-5.107025913276E-15));
#759 = VECTOR('',#760,1.);
#760 = DIRECTION('',(0.,2.22044604925E-16,1.));
#761 = ORIENTED_EDGE('',*,*,#762,.F.);
#762 = EDGE_CURVE('',#706,#755,#763,.T.);
#763 = CIRCLE('',#764,3.);
#764 = AXIS2_PLACEMENT_3D('',#765,#766,#767);
#765 = CARTESIAN_POINT('',(42.,27.,4.));
#766 = DIRECTION('',(-0.,2.22044604925E-16,1.));
#767 = DIRECTION('',(0.,-1.,2.22044604925E-16));
#768 = ORIENTED_EDGE('',*,*,#705,.F.);
#769 = CYLINDRICAL_SURFACE('',#770,3.);
#770 = AXIS2_PLACEMENT_3D('',#771,#772,#773);
#771 = CARTESIAN_POINT('',(42.,27.,-4.440892098501E-15));
#772 = DIRECTION('',(0.,2.22044604925E-16,1.));
#773 = DIRECTION('',(1.,0.,0.));
#774 = ADVANCED_FACE('',(#775),#801,.T.);
#775 = FACE_BOUND('',#776,.T.);
#776 = EDGE_LOOP('',(#777,#778,#779,#787,#795));
#777 = ORIENTED_EDGE('',*,*,#277,.F.);
#778 = ORIENTED_EDGE('',*,*,#729,.T.);
#779 = ORIENTED_EDGE('',*,*,#780,.T.);
#780 = EDGE_CURVE('',#730,#781,#783,.T.);
#781 = VERTEX_POINT('',#782);
#782 = CARTESIAN_POINT('',(-7.,-20.,15.));
#783 = LINE('',#784,#785);
#784 = CARTESIAN_POINT('',(15.,-20.,15.));
#785 = VECTOR('',#786,1.);
#786 = DIRECTION('',(-1.,0.,0.));
#787 = ORIENTED_EDGE('',*,*,#788,.F.);
#788 = EDGE_CURVE('',#789,#781,#791,.T.);
#789 = VERTEX_POINT('',#790);
#790 = CARTESIAN_POINT('',(-7.,-20.,7.));
#791 = LINE('',#792,#793);
#792 = CARTESIAN_POINT('',(-7.,-20.,7.));
#793 = VECTOR('',#794,1.);
#794 = DIRECTION('',(0.,0.,1.));
#795 = ORIENTED_EDGE('',*,*,#796,.F.);
#796 = EDGE_CURVE('',#278,#789,#797,.T.);
#797 = LINE('',#798,#799);
#798 = CARTESIAN_POINT('',(-7.,-20.,0.));
#799 = VECTOR('',#800,1.);
#800 = DIRECTION('',(0.,0.,1.));
#801 = PLANE('',#802);
#802 = AXIS2_PLACEMENT_3D('',#803,#804,#805);
#803 = CARTESIAN_POINT('',(2.8,-20.,7.2));
#804 = DIRECTION('',(-0.,-1.,-0.));
#805 = DIRECTION('',(0.,0.,-1.));
#806 = ADVANCED_FACE('',(#807),#832,.T.);
#807 = FACE_BOUND('',#808,.T.);
#808 = EDGE_LOOP('',(#809,#815,#816,#817,#825,#831));
#809 = ORIENTED_EDGE('',*,*,#810,.F.);
#810 = EDGE_CURVE('',#755,#619,#811,.T.);
#811 = LINE('',#812,#813);
#812 = CARTESIAN_POINT('',(45.,30.,4.));
#813 = VECTOR('',#814,1.);
#814 = DIRECTION('',(-1.,0.,0.));
#815 = ORIENTED_EDGE('',*,*,#754,.F.);
#816 = ORIENTED_EDGE('',*,*,#311,.F.);
#817 = ORIENTED_EDGE('',*,*,#818,.F.);
#818 = EDGE_CURVE('',#819,#303,#821,.T.);
#819 = VERTEX_POINT('',#820);
#820 = CARTESIAN_POINT('',(-7.,30.,7.));
#821 = LINE('',#822,#823);
#822 = CARTESIAN_POINT('',(-7.,30.,7.));
#823 = VECTOR('',#824,1.);
#824 = DIRECTION('',(0.,-2.22044604925E-16,-1.));
#825 = ORIENTED_EDGE('',*,*,#826,.F.);
#826 = EDGE_CURVE('',#627,#819,#827,.T.);
#827 = LINE('',#828,#829);
#828 = CARTESIAN_POINT('',(15.,30.,7.));
#829 = VECTOR('',#830,1.);
#830 = DIRECTION('',(-1.,0.,0.));
#831 = ORIENTED_EDGE('',*,*,#626,.F.);
#832 = PLANE('',#833);
#833 = AXIS2_PLACEMENT_3D('',#834,#835,#836);
#834 = CARTESIAN_POINT('',(16.774193548387,30.,2.774193548387));
#835 = DIRECTION('',(0.,1.,0.));
#836 = DIRECTION('',(0.,0.,1.));
#837 = ADVANCED_FACE('',(#838),#857,.T.);
#838 = FACE_BOUND('',#839,.T.);
#839 = EDGE_LOOP('',(#840,#841,#842,#851));
#840 = ORIENTED_EDGE('',*,*,#285,.T.);
#841 = ORIENTED_EDGE('',*,*,#796,.T.);
#842 = ORIENTED_EDGE('',*,*,#843,.F.);
#843 = EDGE_CURVE('',#844,#789,#846,.T.);
#844 = VERTEX_POINT('',#845);
#845 = CARTESIAN_POINT('',(-10.,-17.,7.));
#846 = CIRCLE('',#847,3.);
#847 = AXIS2_PLACEMENT_3D('',#848,#849,#850);
#848 = CARTESIAN_POINT('',(-7.,-17.,7.));
#849 = DIRECTION('',(-0.,0.,1.));
#850 = DIRECTION('',(0.,-1.,0.));
#851 = ORIENTED_EDGE('',*,*,#852,.F.);
#852 = EDGE_CURVE('',#286,#844,#853,.T.);
#853 = LINE('',#854,#855);
#854 = CARTESIAN_POINT('',(-10.,-17.,0.));
#855 = VECTOR('',#856,1.);
#856 = DIRECTION('',(0.,0.,1.));
#857 = CYLINDRICAL_SURFACE('',#858,3.);
#858 = AXIS2_PLACEMENT_3D('',#859,#860,#861);
#859 = CARTESIAN_POINT('',(-7.,-17.,0.));
#860 = DIRECTION('',(0.,0.,1.));
#861 = DIRECTION('',(-1.,0.,0.));
#862 = ADVANCED_FACE('',(#863),#882,.T.);
#863 = FACE_BOUND('',#864,.F.);
#864 = EDGE_LOOP('',(#865,#874,#880,#881));
#865 = ORIENTED_EDGE('',*,*,#866,.T.);
#866 = EDGE_CURVE('',#819,#867,#869,.T.);
#867 = VERTEX_POINT('',#868);
#868 = CARTESIAN_POINT('',(-10.,27.,7.));
#869 = CIRCLE('',#870,3.);
#870 = AXIS2_PLACEMENT_3D('',#871,#872,#873);
#871 = CARTESIAN_POINT('',(-7.,27.,7.));
#872 = DIRECTION('',(0.,2.22044604925E-16,1.));
#873 = DIRECTION('',(0.,1.,-2.22044604925E-16));
#874 = ORIENTED_EDGE('',*,*,#875,.T.);
#875 = EDGE_CURVE('',#867,#295,#876,.T.);
#876 = LINE('',#877,#878);
#877 = CARTESIAN_POINT('',(-10.,27.,7.));
#878 = VECTOR('',#879,1.);
#879 = DIRECTION('',(0.,-2.22044604925E-16,-1.));
#880 = ORIENTED_EDGE('',*,*,#302,.F.);
#881 = ORIENTED_EDGE('',*,*,#818,.F.);
#882 = CYLINDRICAL_SURFACE('',#883,3.);
#883 = AXIS2_PLACEMENT_3D('',#884,#885,#886);
#884 = CARTESIAN_POINT('',(-7.,27.,7.));
#885 = DIRECTION('',(0.,-2.22044604925E-16,-1.));
#886 = DIRECTION('',(0.,1.,-2.22044604925E-16));
#887 = ADVANCED_FACE('',(#888),#963,.T.);
#888 = FACE_BOUND('',#889,.T.);
#889 = EDGE_LOOP('',(#890,#898,#899,#900,#901,#909,#917,#925,#933,#941,
    #949,#957));
#890 = ORIENTED_EDGE('',*,*,#891,.F.);
#891 = EDGE_CURVE('',#867,#892,#894,.T.);
#892 = VERTEX_POINT('',#893);
#893 = CARTESIAN_POINT('',(-10.,5.,7.));
#894 = LINE('',#895,#896);
#895 = CARTESIAN_POINT('',(-10.,20.,7.));
#896 = VECTOR('',#897,1.);
#897 = DIRECTION('',(0.,-1.,0.));
#898 = ORIENTED_EDGE('',*,*,#875,.T.);
#899 = ORIENTED_EDGE('',*,*,#294,.T.);
#900 = ORIENTED_EDGE('',*,*,#852,.T.);
#901 = ORIENTED_EDGE('',*,*,#902,.F.);
#902 = EDGE_CURVE('',#903,#844,#905,.T.);
#903 = VERTEX_POINT('',#904);
#904 = CARTESIAN_POINT('',(-10.,-11.,7.));
#905 = LINE('',#906,#907);
#906 = CARTESIAN_POINT('',(-10.,20.,7.));
#907 = VECTOR('',#908,1.);
#908 = DIRECTION('',(0.,-1.,0.));
#909 = ORIENTED_EDGE('',*,*,#910,.T.);
#910 = EDGE_CURVE('',#903,#911,#913,.T.);
#911 = VERTEX_POINT('',#912);
#912 = CARTESIAN_POINT('',(-10.,-11.,4.));
#913 = LINE('',#914,#915);
#914 = CARTESIAN_POINT('',(-10.,-11.,7.));
#915 = VECTOR('',#916,1.);
#916 = DIRECTION('',(-0.,-0.,-1.));
#917 = ORIENTED_EDGE('',*,*,#918,.F.);
#918 = EDGE_CURVE('',#919,#911,#921,.T.);
#919 = VERTEX_POINT('',#920);
#920 = CARTESIAN_POINT('',(-10.,-5.,4.));
#921 = LINE('',#922,#923);
#922 = CARTESIAN_POINT('',(-10.,-5.,4.));
#923 = VECTOR('',#924,1.);
#924 = DIRECTION('',(0.,-1.,0.));
#925 = ORIENTED_EDGE('',*,*,#926,.F.);
#926 = EDGE_CURVE('',#927,#919,#929,.T.);
#927 = VERTEX_POINT('',#928);
#928 = CARTESIAN_POINT('',(-10.,-5.,7.));
#929 = LINE('',#930,#931);
#930 = CARTESIAN_POINT('',(-10.,-5.,7.));
#931 = VECTOR('',#932,1.);
#932 = DIRECTION('',(-0.,-0.,-1.));
#933 = ORIENTED_EDGE('',*,*,#934,.F.);
#934 = EDGE_CURVE('',#935,#927,#937,.T.);
#935 = VERTEX_POINT('',#936);
#936 = CARTESIAN_POINT('',(-10.,-1.5,7.));
#937 = LINE('',#938,#939);
#938 = CARTESIAN_POINT('',(-10.,20.,7.));
#939 = VECTOR('',#940,1.);
#940 = DIRECTION('',(0.,-1.,0.));
#941 = ORIENTED_EDGE('',*,*,#942,.T.);
#942 = EDGE_CURVE('',#935,#943,#945,.T.);
#943 = VERTEX_POINT('',#944);
#944 = CARTESIAN_POINT('',(-10.,-1.5,15.));
#945 = LINE('',#946,#947);
#946 = CARTESIAN_POINT('',(-10.,-1.5,7.));
#947 = VECTOR('',#948,1.);
#948 = DIRECTION('',(0.,0.,1.));
#949 = ORIENTED_EDGE('',*,*,#950,.T.);
#950 = EDGE_CURVE('',#943,#951,#953,.T.);
#951 = VERTEX_POINT('',#952);
#952 = CARTESIAN_POINT('',(-10.,5.,15.));
#953 = LINE('',#954,#955);
#954 = CARTESIAN_POINT('',(-10.,-1.5,15.));
#955 = VECTOR('',#956,1.);
#956 = DIRECTION('',(0.,1.,0.));
#957 = ORIENTED_EDGE('',*,*,#958,.F.);
#958 = EDGE_CURVE('',#892,#951,#959,.T.);
#959 = LINE('',#960,#961);
#960 = CARTESIAN_POINT('',(-10.,5.,7.));
#961 = VECTOR('',#962,1.);
#962 = DIRECTION('',(0.,0.,1.));
#963 = PLANE('',#964);
#964 = AXIS2_PLACEMENT_3D('',#965,#966,#967);
#965 = CARTESIAN_POINT('',(-10.,5.246153846154,4.776923076923));
#966 = DIRECTION('',(-1.,-0.,-0.));
#967 = DIRECTION('',(0.,0.,-1.));
#968 = ADVANCED_FACE('',(#969),#994,.F.);
#969 = FACE_BOUND('',#970,.F.);
#970 = EDGE_LOOP('',(#971,#979,#987,#993));
#971 = ORIENTED_EDGE('',*,*,#972,.T.);
#972 = EDGE_CURVE('',#346,#973,#975,.T.);
#973 = VERTEX_POINT('',#974);
#974 = CARTESIAN_POINT('',(13.75,-13.41228675972,3.));
#975 = LINE('',#976,#977);
#976 = CARTESIAN_POINT('',(13.75,-13.41228675972,0.));
#977 = VECTOR('',#978,1.);
#978 = DIRECTION('',(0.,0.,1.));
#979 = ORIENTED_EDGE('',*,*,#980,.T.);
#980 = EDGE_CURVE('',#973,#981,#983,.T.);
#981 = VERTEX_POINT('',#982);
#982 = CARTESIAN_POINT('',(13.75,-16.58771324027,3.));
#983 = LINE('',#984,#985);
#984 = CARTESIAN_POINT('',(13.75,-13.41228675972,3.));
#985 = VECTOR('',#986,1.);
#986 = DIRECTION('',(0.,-1.,0.));
#987 = ORIENTED_EDGE('',*,*,#988,.F.);
#988 = EDGE_CURVE('',#348,#981,#989,.T.);
#989 = LINE('',#990,#991);
#990 = CARTESIAN_POINT('',(13.75,-16.58771324027,0.));
#991 = VECTOR('',#992,1.);
#992 = DIRECTION('',(0.,0.,1.));
#993 = ORIENTED_EDGE('',*,*,#345,.F.);
#994 = PLANE('',#995);
#995 = AXIS2_PLACEMENT_3D('',#996,#997,#998);
#996 = CARTESIAN_POINT('',(13.75,-13.41228675972,0.));
#997 = DIRECTION('',(1.,0.,0.));
#998 = DIRECTION('',(0.,-1.,0.));
#999 = ADVANCED_FACE('',(#1000),#1018,.F.);
#1000 = FACE_BOUND('',#1001,.F.);
#1001 = EDGE_LOOP('',(#1002,#1010,#1016,#1017));
#1002 = ORIENTED_EDGE('',*,*,#1003,.T.);
#1003 = EDGE_CURVE('',#356,#1004,#1006,.T.);
#1004 = VERTEX_POINT('',#1005);
#1005 = CARTESIAN_POINT('',(11.,-11.82457351945,3.));
#1006 = LINE('',#1007,#1008);
#1007 = CARTESIAN_POINT('',(11.,-11.82457351945,0.));
#1008 = VECTOR('',#1009,1.);
#1009 = DIRECTION('',(0.,0.,1.));
#1010 = ORIENTED_EDGE('',*,*,#1011,.T.);
#1011 = EDGE_CURVE('',#1004,#973,#1012,.T.);
#1012 = LINE('',#1013,#1014);
#1013 = CARTESIAN_POINT('',(11.,-11.82457351945,3.));
#1014 = VECTOR('',#1015,1.);
#1015 = DIRECTION('',(0.866025403784,-0.5,0.));
#1016 = ORIENTED_EDGE('',*,*,#972,.F.);
#1017 = ORIENTED_EDGE('',*,*,#355,.F.);
#1018 = PLANE('',#1019);
#1019 = AXIS2_PLACEMENT_3D('',#1020,#1021,#1022);
#1020 = CARTESIAN_POINT('',(11.,-11.82457351945,0.));
#1021 = DIRECTION('',(0.5,0.866025403784,0.));
#1022 = DIRECTION('',(0.866025403784,-0.5,0.));
#1023 = ADVANCED_FACE('',(#1024),#1042,.F.);
#1024 = FACE_BOUND('',#1025,.F.);
#1025 = EDGE_LOOP('',(#1026,#1027,#1035,#1041));
#1026 = ORIENTED_EDGE('',*,*,#988,.T.);
#1027 = ORIENTED_EDGE('',*,*,#1028,.T.);
#1028 = EDGE_CURVE('',#981,#1029,#1031,.T.);
#1029 = VERTEX_POINT('',#1030);
#1030 = CARTESIAN_POINT('',(11.,-18.17542648054,3.));
#1031 = LINE('',#1032,#1033);
#1032 = CARTESIAN_POINT('',(13.75,-16.58771324027,3.));
#1033 = VECTOR('',#1034,1.);
#1034 = DIRECTION('',(-0.866025403784,-0.5,0.));
#1035 = ORIENTED_EDGE('',*,*,#1036,.F.);
#1036 = EDGE_CURVE('',#380,#1029,#1037,.T.);
#1037 = LINE('',#1038,#1039);
#1038 = CARTESIAN_POINT('',(11.,-18.17542648054,0.));
#1039 = VECTOR('',#1040,1.);
#1040 = DIRECTION('',(0.,0.,1.));
#1041 = ORIENTED_EDGE('',*,*,#387,.F.);
#1042 = PLANE('',#1043);
#1043 = AXIS2_PLACEMENT_3D('',#1044,#1045,#1046);
#1044 = CARTESIAN_POINT('',(13.75,-16.58771324027,0.));
#1045 = DIRECTION('',(0.5,-0.866025403784,0.));
#1046 = DIRECTION('',(-0.866025403784,-0.5,0.));
#1047 = ADVANCED_FACE('',(#1048),#1066,.F.);
#1048 = FACE_BOUND('',#1049,.F.);
#1049 = EDGE_LOOP('',(#1050,#1058,#1064,#1065));
#1050 = ORIENTED_EDGE('',*,*,#1051,.T.);
#1051 = EDGE_CURVE('',#364,#1052,#1054,.T.);
#1052 = VERTEX_POINT('',#1053);
#1053 = CARTESIAN_POINT('',(8.25,-13.41228675972,3.));
#1054 = LINE('',#1055,#1056);
#1055 = CARTESIAN_POINT('',(8.25,-13.41228675972,0.));
#1056 = VECTOR('',#1057,1.);
#1057 = DIRECTION('',(0.,0.,1.));
#1058 = ORIENTED_EDGE('',*,*,#1059,.T.);
#1059 = EDGE_CURVE('',#1052,#1004,#1060,.T.);
#1060 = LINE('',#1061,#1062);
#1061 = CARTESIAN_POINT('',(8.25,-13.41228675972,3.));
#1062 = VECTOR('',#1063,1.);
#1063 = DIRECTION('',(0.866025403784,0.5,0.));
#1064 = ORIENTED_EDGE('',*,*,#1003,.F.);
#1065 = ORIENTED_EDGE('',*,*,#363,.F.);
#1066 = PLANE('',#1067);
#1067 = AXIS2_PLACEMENT_3D('',#1068,#1069,#1070);
#1068 = CARTESIAN_POINT('',(8.25,-13.41228675972,0.));
#1069 = DIRECTION('',(-0.5,0.866025403784,0.));
#1070 = DIRECTION('',(0.866025403784,0.5,0.));
#1071 = ADVANCED_FACE('',(#1072),#1090,.F.);
#1072 = FACE_BOUND('',#1073,.F.);
#1073 = EDGE_LOOP('',(#1074,#1075,#1083,#1089));
#1074 = ORIENTED_EDGE('',*,*,#1036,.T.);
#1075 = ORIENTED_EDGE('',*,*,#1076,.T.);
#1076 = EDGE_CURVE('',#1029,#1077,#1079,.T.);
#1077 = VERTEX_POINT('',#1078);
#1078 = CARTESIAN_POINT('',(8.25,-16.58771324027,3.));
#1079 = LINE('',#1080,#1081);
#1080 = CARTESIAN_POINT('',(11.,-18.17542648054,3.));
#1081 = VECTOR('',#1082,1.);
#1082 = DIRECTION('',(-0.866025403784,0.5,-0.));
#1083 = ORIENTED_EDGE('',*,*,#1084,.F.);
#1084 = EDGE_CURVE('',#372,#1077,#1085,.T.);
#1085 = LINE('',#1086,#1087);
#1086 = CARTESIAN_POINT('',(8.25,-16.58771324027,0.));
#1087 = VECTOR('',#1088,1.);
#1088 = DIRECTION('',(0.,0.,1.));
#1089 = ORIENTED_EDGE('',*,*,#379,.F.);
#1090 = PLANE('',#1091);
#1091 = AXIS2_PLACEMENT_3D('',#1092,#1093,#1094);
#1092 = CARTESIAN_POINT('',(11.,-18.17542648054,0.));
#1093 = DIRECTION('',(-0.5,-0.866025403784,0.));
#1094 = DIRECTION('',(-0.866025403784,0.5,0.));
#1095 = ADVANCED_FACE('',(#1096),#1107,.F.);
#1096 = FACE_BOUND('',#1097,.F.);
#1097 = EDGE_LOOP('',(#1098,#1099,#1105,#1106));
#1098 = ORIENTED_EDGE('',*,*,#1084,.T.);
#1099 = ORIENTED_EDGE('',*,*,#1100,.T.);
#1100 = EDGE_CURVE('',#1077,#1052,#1101,.T.);
#1101 = LINE('',#1102,#1103);
#1102 = CARTESIAN_POINT('',(8.25,-16.58771324027,3.));
#1103 = VECTOR('',#1104,1.);
#1104 = DIRECTION('',(0.,1.,0.));
#1105 = ORIENTED_EDGE('',*,*,#1051,.F.);
#1106 = ORIENTED_EDGE('',*,*,#371,.F.);
#1107 = PLANE('',#1108);
#1108 = AXIS2_PLACEMENT_3D('',#1109,#1110,#1111);
#1109 = CARTESIAN_POINT('',(8.25,-16.58771324027,0.));
#1110 = DIRECTION('',(-1.,0.,0.));
#1111 = DIRECTION('',(0.,1.,0.));
#1112 = ADVANCED_FACE('',(#1113),#1132,.F.);
#1113 = FACE_BOUND('',#1114,.T.);
#1114 = EDGE_LOOP('',(#1115,#1116,#1124,#1131));
#1115 = ORIENTED_EDGE('',*,*,#395,.F.);
#1116 = ORIENTED_EDGE('',*,*,#1117,.T.);
#1117 = EDGE_CURVE('',#396,#1118,#1120,.T.);
#1118 = VERTEX_POINT('',#1119);
#1119 = CARTESIAN_POINT('',(9.2,-8.,4.));
#1120 = LINE('',#1121,#1122);
#1121 = CARTESIAN_POINT('',(9.2,-8.,0.));
#1122 = VECTOR('',#1123,1.);
#1123 = DIRECTION('',(0.,0.,1.));
#1124 = ORIENTED_EDGE('',*,*,#1125,.F.);
#1125 = EDGE_CURVE('',#1118,#1118,#1126,.T.);
#1126 = CIRCLE('',#1127,1.7);
#1127 = AXIS2_PLACEMENT_3D('',#1128,#1129,#1130);
#1128 = CARTESIAN_POINT('',(7.5,-8.,4.));
#1129 = DIRECTION('',(0.,0.,-1.));
#1130 = DIRECTION('',(1.,0.,0.));
#1131 = ORIENTED_EDGE('',*,*,#1117,.F.);
#1132 = CYLINDRICAL_SURFACE('',#1133,1.7);
#1133 = AXIS2_PLACEMENT_3D('',#1134,#1135,#1136);
#1134 = CARTESIAN_POINT('',(7.5,-8.,0.));
#1135 = DIRECTION('',(-0.,-0.,-1.));
#1136 = DIRECTION('',(1.,0.,0.));
#1137 = ADVANCED_FACE('',(#1138),#1157,.F.);
#1138 = FACE_BOUND('',#1139,.T.);
#1139 = EDGE_LOOP('',(#1140,#1148,#1155,#1156));
#1140 = ORIENTED_EDGE('',*,*,#1141,.T.);
#1141 = EDGE_CURVE('',#407,#1142,#1144,.T.);
#1142 = VERTEX_POINT('',#1143);
#1143 = CARTESIAN_POINT('',(1.5,-10.,7.));
#1144 = LINE('',#1145,#1146);
#1145 = CARTESIAN_POINT('',(1.5,-10.,0.));
#1146 = VECTOR('',#1147,1.);
#1147 = DIRECTION('',(0.,0.,1.));
#1148 = ORIENTED_EDGE('',*,*,#1149,.T.);
#1149 = EDGE_CURVE('',#1142,#1142,#1150,.T.);
#1150 = CIRCLE('',#1151,2.5);
#1151 = AXIS2_PLACEMENT_3D('',#1152,#1153,#1154);
#1152 = CARTESIAN_POINT('',(-1.,-10.,7.));
#1153 = DIRECTION('',(0.,0.,1.));
#1154 = DIRECTION('',(1.,0.,0.));
#1155 = ORIENTED_EDGE('',*,*,#1141,.F.);
#1156 = ORIENTED_EDGE('',*,*,#406,.F.);
#1157 = CYLINDRICAL_SURFACE('',#1158,2.5);
#1158 = AXIS2_PLACEMENT_3D('',#1159,#1160,#1161);
#1159 = CARTESIAN_POINT('',(-1.,-10.,0.));
#1160 = DIRECTION('',(-0.,-0.,-1.));
#1161 = DIRECTION('',(1.,0.,0.));
#1162 = ADVANCED_FACE('',(#1163),#1182,.F.);
#1163 = FACE_BOUND('',#1164,.T.);
#1164 = EDGE_LOOP('',(#1165,#1166,#1174,#1181));
#1165 = ORIENTED_EDGE('',*,*,#417,.F.);
#1166 = ORIENTED_EDGE('',*,*,#1167,.T.);
#1167 = EDGE_CURVE('',#418,#1168,#1170,.T.);
#1168 = VERTEX_POINT('',#1169);
#1169 = CARTESIAN_POINT('',(-5.8,-8.,4.));
#1170 = LINE('',#1171,#1172);
#1171 = CARTESIAN_POINT('',(-5.8,-8.,0.));
#1172 = VECTOR('',#1173,1.);
#1173 = DIRECTION('',(0.,0.,1.));
#1174 = ORIENTED_EDGE('',*,*,#1175,.F.);
#1175 = EDGE_CURVE('',#1168,#1168,#1176,.T.);
#1176 = CIRCLE('',#1177,1.7);
#1177 = AXIS2_PLACEMENT_3D('',#1178,#1179,#1180);
#1178 = CARTESIAN_POINT('',(-7.5,-8.,4.));
#1179 = DIRECTION('',(0.,0.,-1.));
#1180 = DIRECTION('',(1.,0.,0.));
#1181 = ORIENTED_EDGE('',*,*,#1167,.F.);
#1182 = CYLINDRICAL_SURFACE('',#1183,1.7);
#1183 = AXIS2_PLACEMENT_3D('',#1184,#1185,#1186);
#1184 = CARTESIAN_POINT('',(-7.5,-8.,0.));
#1185 = DIRECTION('',(-0.,-0.,-1.));
#1186 = DIRECTION('',(1.,0.,0.));
#1187 = ADVANCED_FACE('',(#1188),#1278,.F.);
#1188 = FACE_BOUND('',#1189,.T.);
#1189 = EDGE_LOOP('',(#1190,#1200,#1209,#1217,#1226,#1234,#1243,#1248,
    #1249,#1250,#1251,#1252,#1253,#1254,#1263,#1271));
#1190 = ORIENTED_EDGE('',*,*,#1191,.F.);
#1191 = EDGE_CURVE('',#1192,#1194,#1196,.T.);
#1192 = VERTEX_POINT('',#1193);
#1193 = CARTESIAN_POINT('',(41.599999999964,17.403367565493,3.));
#1194 = VERTEX_POINT('',#1195);
#1195 = CARTESIAN_POINT('',(41.599999999948,17.403367565519,3.2));
#1196 = LINE('',#1197,#1198);
#1197 = CARTESIAN_POINT('',(41.599999999948,17.403367565519,
    -1.606554827662E-15));
#1198 = VECTOR('',#1199,1.);
#1199 = DIRECTION('',(0.,0.,1.));
#1200 = ORIENTED_EDGE('',*,*,#1201,.F.);
#1201 = EDGE_CURVE('',#1202,#1192,#1204,.T.);
#1202 = VERTEX_POINT('',#1203);
#1203 = CARTESIAN_POINT('',(41.599999999995,22.596632434519,3.));
#1204 = CIRCLE('',#1205,3.05);
#1205 = AXIS2_PLACEMENT_3D('',#1206,#1207,#1208);
#1206 = CARTESIAN_POINT('',(40.,20.,3.));
#1207 = DIRECTION('',(0.,0.,-1.));
#1208 = DIRECTION('',(-1.,0.,0.));
#1209 = ORIENTED_EDGE('',*,*,#1210,.T.);
#1210 = EDGE_CURVE('',#1202,#1211,#1213,.T.);
#1211 = VERTEX_POINT('',#1212);
#1212 = CARTESIAN_POINT('',(41.599999999993,22.596632434517,3.2));
#1213 = LINE('',#1214,#1215);
#1214 = CARTESIAN_POINT('',(41.599999999993,22.596632434517,
    -1.606554827662E-15));
#1215 = VECTOR('',#1216,1.);
#1216 = DIRECTION('',(0.,0.,1.));
#1217 = ORIENTED_EDGE('',*,*,#1218,.F.);
#1218 = EDGE_CURVE('',#1219,#1211,#1221,.T.);
#1219 = VERTEX_POINT('',#1220);
#1220 = CARTESIAN_POINT('',(38.400000000049,22.596632434469,3.2));
#1221 = CIRCLE('',#1222,3.049999999963);
#1222 = AXIS2_PLACEMENT_3D('',#1223,#1224,#1225);
#1223 = CARTESIAN_POINT('',(40.00000000006,20.,3.2));
#1224 = DIRECTION('',(0.,0.,-1.));
#1225 = DIRECTION('',(1.,0.,0.));
#1226 = ORIENTED_EDGE('',*,*,#1227,.F.);
#1227 = EDGE_CURVE('',#1228,#1219,#1230,.T.);
#1228 = VERTEX_POINT('',#1229);
#1229 = CARTESIAN_POINT('',(38.400000000031,22.596632434498,3.));
#1230 = LINE('',#1231,#1232);
#1231 = CARTESIAN_POINT('',(38.400000000049,22.596632434469,
    -1.606554827662E-15));
#1232 = VECTOR('',#1233,1.);
#1233 = DIRECTION('',(0.,0.,1.));
#1234 = ORIENTED_EDGE('',*,*,#1235,.F.);
#1235 = EDGE_CURVE('',#1236,#1228,#1238,.T.);
#1236 = VERTEX_POINT('',#1237);
#1237 = CARTESIAN_POINT('',(36.95,20.,3.));
#1238 = CIRCLE('',#1239,3.05);
#1239 = AXIS2_PLACEMENT_3D('',#1240,#1241,#1242);
#1240 = CARTESIAN_POINT('',(40.,20.,3.));
#1241 = DIRECTION('',(0.,0.,-1.));
#1242 = DIRECTION('',(-1.,0.,0.));
#1243 = ORIENTED_EDGE('',*,*,#1244,.F.);
#1244 = EDGE_CURVE('',#429,#1236,#1245,.T.);
#1245 = B_SPLINE_CURVE_WITH_KNOTS('',1,(#1246,#1247),.UNSPECIFIED.,.F.,
  .F.,(2,2),(0.,3.),.PIECEWISE_BEZIER_KNOTS.);
#1246 = CARTESIAN_POINT('',(36.95,20.,-1.606554827662E-15));
#1247 = CARTESIAN_POINT('',(36.95,20.,3.));
#1248 = ORIENTED_EDGE('',*,*,#428,.T.);
#1249 = ORIENTED_EDGE('',*,*,#466,.T.);
#1250 = ORIENTED_EDGE('',*,*,#457,.T.);
#1251 = ORIENTED_EDGE('',*,*,#448,.T.);
#1252 = ORIENTED_EDGE('',*,*,#439,.T.);
#1253 = ORIENTED_EDGE('',*,*,#1244,.T.);
#1254 = ORIENTED_EDGE('',*,*,#1255,.F.);
#1255 = EDGE_CURVE('',#1256,#1236,#1258,.T.);
#1256 = VERTEX_POINT('',#1257);
#1257 = CARTESIAN_POINT('',(38.399999999994,17.403367565494,3.));
#1258 = CIRCLE('',#1259,3.05);
#1259 = AXIS2_PLACEMENT_3D('',#1260,#1261,#1262);
#1260 = CARTESIAN_POINT('',(40.,20.,3.));
#1261 = DIRECTION('',(0.,0.,-1.));
#1262 = DIRECTION('',(-1.,0.,0.));
#1263 = ORIENTED_EDGE('',*,*,#1264,.T.);
#1264 = EDGE_CURVE('',#1256,#1265,#1267,.T.);
#1265 = VERTEX_POINT('',#1266);
#1266 = CARTESIAN_POINT('',(38.399999999998,17.403367565501,3.2));
#1267 = LINE('',#1268,#1269);
#1268 = CARTESIAN_POINT('',(38.399999999998,17.403367565501,
    -1.606554827662E-15));
#1269 = VECTOR('',#1270,1.);
#1270 = DIRECTION('',(0.,0.,1.));
#1271 = ORIENTED_EDGE('',*,*,#1272,.F.);
#1272 = EDGE_CURVE('',#1194,#1265,#1273,.T.);
#1273 = CIRCLE('',#1274,3.049999999962);
#1274 = AXIS2_PLACEMENT_3D('',#1275,#1276,#1277);
#1275 = CARTESIAN_POINT('',(39.999999999959,20.,3.2));
#1276 = DIRECTION('',(0.,0.,-1.));
#1277 = DIRECTION('',(1.,0.,0.));
#1278 = CYLINDRICAL_SURFACE('',#1279,3.05);
#1279 = AXIS2_PLACEMENT_3D('',#1280,#1281,#1282);
#1280 = CARTESIAN_POINT('',(40.,20.,-1.606554827662E-15));
#1281 = DIRECTION('',(0.,0.,1.));
#1282 = DIRECTION('',(-1.,0.,0.));
#1283 = ADVANCED_FACE('',(#1284),#1302,.F.);
#1284 = FACE_BOUND('',#1285,.T.);
#1285 = EDGE_LOOP('',(#1286,#1287,#1294,#1301));
#1286 = ORIENTED_EDGE('',*,*,#482,.F.);
#1287 = ORIENTED_EDGE('',*,*,#1288,.F.);
#1288 = EDGE_CURVE('',#1289,#483,#1291,.T.);
#1289 = VERTEX_POINT('',#1290);
#1290 = CARTESIAN_POINT('',(9.5,4.,15.));
#1291 = B_SPLINE_CURVE_WITH_KNOTS('',1,(#1292,#1293),.UNSPECIFIED.,.F.,
  .F.,(2,2),(-15.,0.),.PIECEWISE_BEZIER_KNOTS.);
#1292 = CARTESIAN_POINT('',(9.5,4.,15.));
#1293 = CARTESIAN_POINT('',(9.5,4.,0.));
#1294 = ORIENTED_EDGE('',*,*,#1295,.T.);
#1295 = EDGE_CURVE('',#1289,#1289,#1296,.T.);
#1296 = CIRCLE('',#1297,2.5);
#1297 = AXIS2_PLACEMENT_3D('',#1298,#1299,#1300);
#1298 = CARTESIAN_POINT('',(7.,4.,15.));
#1299 = DIRECTION('',(0.,0.,1.));
#1300 = DIRECTION('',(1.,0.,0.));
#1301 = ORIENTED_EDGE('',*,*,#1288,.T.);
#1302 = CYLINDRICAL_SURFACE('',#1303,2.5);
#1303 = AXIS2_PLACEMENT_3D('',#1304,#1305,#1306);
#1304 = CARTESIAN_POINT('',(7.,4.,0.));
#1305 = DIRECTION('',(-0.,-0.,-1.));
#1306 = DIRECTION('',(1.,0.,0.));
#1307 = ADVANCED_FACE('',(#1308),#1333,.F.);
#1308 = FACE_BOUND('',#1309,.F.);
#1309 = EDGE_LOOP('',(#1310,#1318,#1326,#1332));
#1310 = ORIENTED_EDGE('',*,*,#1311,.T.);
#1311 = EDGE_CURVE('',#494,#1312,#1314,.T.);
#1312 = VERTEX_POINT('',#1313);
#1313 = CARTESIAN_POINT('',(-1.25,4.587713240271,3.));
#1314 = LINE('',#1315,#1316);
#1315 = CARTESIAN_POINT('',(-1.25,4.587713240271,0.));
#1316 = VECTOR('',#1317,1.);
#1317 = DIRECTION('',(0.,0.,1.));
#1318 = ORIENTED_EDGE('',*,*,#1319,.T.);
#1319 = EDGE_CURVE('',#1312,#1320,#1322,.T.);
#1320 = VERTEX_POINT('',#1321);
#1321 = CARTESIAN_POINT('',(-1.25,1.412286759729,3.));
#1322 = LINE('',#1323,#1324);
#1323 = CARTESIAN_POINT('',(-1.25,4.587713240271,3.));
#1324 = VECTOR('',#1325,1.);
#1325 = DIRECTION('',(7.E-17,-1.,0.));
#1326 = ORIENTED_EDGE('',*,*,#1327,.F.);
#1327 = EDGE_CURVE('',#496,#1320,#1328,.T.);
#1328 = LINE('',#1329,#1330);
#1329 = CARTESIAN_POINT('',(-1.25,1.412286759729,0.));
#1330 = VECTOR('',#1331,1.);
#1331 = DIRECTION('',(0.,0.,1.));
#1332 = ORIENTED_EDGE('',*,*,#493,.F.);
#1333 = PLANE('',#1334);
#1334 = AXIS2_PLACEMENT_3D('',#1335,#1336,#1337);
#1335 = CARTESIAN_POINT('',(-1.25,4.587713240271,0.));
#1336 = DIRECTION('',(1.,7.E-17,0.));
#1337 = DIRECTION('',(7.E-17,-1.,0.));
#1338 = ADVANCED_FACE('',(#1339),#1357,.F.);
#1339 = FACE_BOUND('',#1340,.F.);
#1340 = EDGE_LOOP('',(#1341,#1349,#1355,#1356));
#1341 = ORIENTED_EDGE('',*,*,#1342,.T.);
#1342 = EDGE_CURVE('',#504,#1343,#1345,.T.);
#1343 = VERTEX_POINT('',#1344);
#1344 = CARTESIAN_POINT('',(-4.,6.175426480543,3.));
#1345 = LINE('',#1346,#1347);
#1346 = CARTESIAN_POINT('',(-4.,6.175426480543,0.));
#1347 = VECTOR('',#1348,1.);
#1348 = DIRECTION('',(0.,0.,1.));
#1349 = ORIENTED_EDGE('',*,*,#1350,.T.);
#1350 = EDGE_CURVE('',#1343,#1312,#1351,.T.);
#1351 = LINE('',#1352,#1353);
#1352 = CARTESIAN_POINT('',(-4.,6.175426480543,3.));
#1353 = VECTOR('',#1354,1.);
#1354 = DIRECTION('',(0.866025403784,-0.5,0.));
#1355 = ORIENTED_EDGE('',*,*,#1311,.F.);
#1356 = ORIENTED_EDGE('',*,*,#503,.F.);
#1357 = PLANE('',#1358);
#1358 = AXIS2_PLACEMENT_3D('',#1359,#1360,#1361);
#1359 = CARTESIAN_POINT('',(-4.,6.175426480543,0.));
#1360 = DIRECTION('',(0.5,0.866025403784,0.));
#1361 = DIRECTION('',(0.866025403784,-0.5,0.));
#1362 = ADVANCED_FACE('',(#1363),#1381,.F.);
#1363 = FACE_BOUND('',#1364,.F.);
#1364 = EDGE_LOOP('',(#1365,#1366,#1374,#1380));
#1365 = ORIENTED_EDGE('',*,*,#1327,.T.);
#1366 = ORIENTED_EDGE('',*,*,#1367,.T.);
#1367 = EDGE_CURVE('',#1320,#1368,#1370,.T.);
#1368 = VERTEX_POINT('',#1369);
#1369 = CARTESIAN_POINT('',(-4.,-0.175426480543,3.));
#1370 = LINE('',#1371,#1372);
#1371 = CARTESIAN_POINT('',(-1.25,1.412286759729,3.));
#1372 = VECTOR('',#1373,1.);
#1373 = DIRECTION('',(-0.866025403784,-0.5,0.));
#1374 = ORIENTED_EDGE('',*,*,#1375,.F.);
#1375 = EDGE_CURVE('',#528,#1368,#1376,.T.);
#1376 = LINE('',#1377,#1378);
#1377 = CARTESIAN_POINT('',(-4.,-0.175426480543,0.));
#1378 = VECTOR('',#1379,1.);
#1379 = DIRECTION('',(0.,0.,1.));
#1380 = ORIENTED_EDGE('',*,*,#535,.F.);
#1381 = PLANE('',#1382);
#1382 = AXIS2_PLACEMENT_3D('',#1383,#1384,#1385);
#1383 = CARTESIAN_POINT('',(-1.25,1.412286759729,0.));
#1384 = DIRECTION('',(0.5,-0.866025403784,0.));
#1385 = DIRECTION('',(-0.866025403784,-0.5,0.));
#1386 = ADVANCED_FACE('',(#1387),#1405,.F.);
#1387 = FACE_BOUND('',#1388,.F.);
#1388 = EDGE_LOOP('',(#1389,#1397,#1403,#1404));
#1389 = ORIENTED_EDGE('',*,*,#1390,.T.);
#1390 = EDGE_CURVE('',#512,#1391,#1393,.T.);
#1391 = VERTEX_POINT('',#1392);
#1392 = CARTESIAN_POINT('',(-6.75,4.587713240271,3.));
#1393 = LINE('',#1394,#1395);
#1394 = CARTESIAN_POINT('',(-6.75,4.587713240271,0.));
#1395 = VECTOR('',#1396,1.);
#1396 = DIRECTION('',(0.,0.,1.));
#1397 = ORIENTED_EDGE('',*,*,#1398,.T.);
#1398 = EDGE_CURVE('',#1391,#1343,#1399,.T.);
#1399 = LINE('',#1400,#1401);
#1400 = CARTESIAN_POINT('',(-6.75,4.587713240271,3.));
#1401 = VECTOR('',#1402,1.);
#1402 = DIRECTION('',(0.866025403784,0.5,0.));
#1403 = ORIENTED_EDGE('',*,*,#1342,.F.);
#1404 = ORIENTED_EDGE('',*,*,#511,.F.);
#1405 = PLANE('',#1406);
#1406 = AXIS2_PLACEMENT_3D('',#1407,#1408,#1409);
#1407 = CARTESIAN_POINT('',(-6.75,4.587713240271,0.));
#1408 = DIRECTION('',(-0.5,0.866025403784,0.));
#1409 = DIRECTION('',(0.866025403784,0.5,0.));
#1410 = ADVANCED_FACE('',(#1411),#1429,.F.);
#1411 = FACE_BOUND('',#1412,.F.);
#1412 = EDGE_LOOP('',(#1413,#1414,#1422,#1428));
#1413 = ORIENTED_EDGE('',*,*,#1375,.T.);
#1414 = ORIENTED_EDGE('',*,*,#1415,.T.);
#1415 = EDGE_CURVE('',#1368,#1416,#1418,.T.);
#1416 = VERTEX_POINT('',#1417);
#1417 = CARTESIAN_POINT('',(-6.75,1.412286759729,3.));
#1418 = LINE('',#1419,#1420);
#1419 = CARTESIAN_POINT('',(-4.,-0.175426480543,3.));
#1420 = VECTOR('',#1421,1.);
#1421 = DIRECTION('',(-0.866025403784,0.5,-0.));
#1422 = ORIENTED_EDGE('',*,*,#1423,.F.);
#1423 = EDGE_CURVE('',#520,#1416,#1424,.T.);
#1424 = LINE('',#1425,#1426);
#1425 = CARTESIAN_POINT('',(-6.75,1.412286759729,0.));
#1426 = VECTOR('',#1427,1.);
#1427 = DIRECTION('',(0.,0.,1.));
#1428 = ORIENTED_EDGE('',*,*,#527,.F.);
#1429 = PLANE('',#1430);
#1430 = AXIS2_PLACEMENT_3D('',#1431,#1432,#1433);
#1431 = CARTESIAN_POINT('',(-4.,-0.175426480543,0.));
#1432 = DIRECTION('',(-0.5,-0.866025403784,0.));
#1433 = DIRECTION('',(-0.866025403784,0.5,0.));
#1434 = ADVANCED_FACE('',(#1435),#1446,.F.);
#1435 = FACE_BOUND('',#1436,.F.);
#1436 = EDGE_LOOP('',(#1437,#1438,#1444,#1445));
#1437 = ORIENTED_EDGE('',*,*,#1423,.T.);
#1438 = ORIENTED_EDGE('',*,*,#1439,.T.);
#1439 = EDGE_CURVE('',#1416,#1391,#1440,.T.);
#1440 = LINE('',#1441,#1442);
#1441 = CARTESIAN_POINT('',(-6.75,1.412286759729,3.));
#1442 = VECTOR('',#1443,1.);
#1443 = DIRECTION('',(0.,1.,0.));
#1444 = ORIENTED_EDGE('',*,*,#1390,.F.);
#1445 = ORIENTED_EDGE('',*,*,#519,.F.);
#1446 = PLANE('',#1447);
#1447 = AXIS2_PLACEMENT_3D('',#1448,#1449,#1450);
#1448 = CARTESIAN_POINT('',(-6.75,1.412286759729,0.));
#1449 = DIRECTION('',(-1.,0.,0.));
#1450 = DIRECTION('',(0.,1.,0.));
#1451 = ADVANCED_FACE('',(#1452),#1471,.F.);
#1452 = FACE_BOUND('',#1453,.T.);
#1453 = EDGE_LOOP('',(#1454,#1462,#1469,#1470));
#1454 = ORIENTED_EDGE('',*,*,#1455,.T.);
#1455 = EDGE_CURVE('',#544,#1456,#1458,.T.);
#1456 = VERTEX_POINT('',#1457);
#1457 = CARTESIAN_POINT('',(-5.8,8.,7.));
#1458 = LINE('',#1459,#1460);
#1459 = CARTESIAN_POINT('',(-5.8,8.,0.));
#1460 = VECTOR('',#1461,1.);
#1461 = DIRECTION('',(0.,0.,1.));
#1462 = ORIENTED_EDGE('',*,*,#1463,.T.);
#1463 = EDGE_CURVE('',#1456,#1456,#1464,.T.);
#1464 = CIRCLE('',#1465,1.7);
#1465 = AXIS2_PLACEMENT_3D('',#1466,#1467,#1468);
#1466 = CARTESIAN_POINT('',(-7.5,8.,7.));
#1467 = DIRECTION('',(0.,0.,1.));
#1468 = DIRECTION('',(1.,0.,0.));
#1469 = ORIENTED_EDGE('',*,*,#1455,.F.);
#1470 = ORIENTED_EDGE('',*,*,#543,.F.);
#1471 = CYLINDRICAL_SURFACE('',#1472,1.7);
#1472 = AXIS2_PLACEMENT_3D('',#1473,#1474,#1475);
#1473 = CARTESIAN_POINT('',(-7.5,8.,0.));
#1474 = DIRECTION('',(-0.,-0.,-1.));
#1475 = DIRECTION('',(1.,0.,0.));
#1476 = ADVANCED_FACE('',(#1477,#1485,#1496),#1507,.T.);
#1477 = FACE_BOUND('',#1478,.T.);
#1478 = EDGE_LOOP('',(#1479,#1480,#1481,#1482,#1483,#1484));
#1479 = ORIENTED_EDGE('',*,*,#713,.T.);
#1480 = ORIENTED_EDGE('',*,*,#762,.T.);
#1481 = ORIENTED_EDGE('',*,*,#810,.T.);
#1482 = ORIENTED_EDGE('',*,*,#618,.F.);
#1483 = ORIENTED_EDGE('',*,*,#560,.F.);
#1484 = ORIENTED_EDGE('',*,*,#600,.T.);
#1485 = FACE_BOUND('',#1486,.T.);
#1486 = EDGE_LOOP('',(#1487));
#1487 = ORIENTED_EDGE('',*,*,#1488,.F.);
#1488 = EDGE_CURVE('',#1489,#1489,#1491,.T.);
#1489 = VERTEX_POINT('',#1490);
#1490 = CARTESIAN_POINT('',(38.4,20.,4.));
#1491 = CIRCLE('',#1492,1.6);
#1492 = AXIS2_PLACEMENT_3D('',#1493,#1494,#1495);
#1493 = CARTESIAN_POINT('',(40.,20.,4.));
#1494 = DIRECTION('',(0.,-0.,1.));
#1495 = DIRECTION('',(-1.,0.,0.));
#1496 = FACE_BOUND('',#1497,.T.);
#1497 = EDGE_LOOP('',(#1498));
#1498 = ORIENTED_EDGE('',*,*,#1499,.F.);
#1499 = EDGE_CURVE('',#1500,#1500,#1502,.T.);
#1500 = VERTEX_POINT('',#1501);
#1501 = CARTESIAN_POINT('',(23.4,20.,4.));
#1502 = CIRCLE('',#1503,1.6);
#1503 = AXIS2_PLACEMENT_3D('',#1504,#1505,#1506);
#1504 = CARTESIAN_POINT('',(25.,20.,4.));
#1505 = DIRECTION('',(0.,-0.,1.));
#1506 = DIRECTION('',(-1.,0.,0.));
#1507 = PLANE('',#1508);
#1508 = AXIS2_PLACEMENT_3D('',#1509,#1510,#1511);
#1509 = CARTESIAN_POINT('',(45.,10.,4.));
#1510 = DIRECTION('',(0.,2.22044604925E-16,1.));
#1511 = DIRECTION('',(-1.,0.,0.));
#1512 = ADVANCED_FACE('',(#1513),#1540,.F.);
#1513 = FACE_BOUND('',#1514,.F.);
#1514 = EDGE_LOOP('',(#1515,#1525,#1533));
#1515 = ORIENTED_EDGE('',*,*,#1516,.T.);
#1516 = EDGE_CURVE('',#1517,#1519,#1521,.T.);
#1517 = VERTEX_POINT('',#1518);
#1518 = CARTESIAN_POINT('',(23.4,20.,3.4));
#1519 = VERTEX_POINT('',#1520);
#1520 = CARTESIAN_POINT('',(23.4,18.4,3.4));
#1521 = LINE('',#1522,#1523);
#1522 = CARTESIAN_POINT('',(23.4,21.6,3.4));
#1523 = VECTOR('',#1524,1.);
#1524 = DIRECTION('',(0.,-1.,0.));
#1525 = ORIENTED_EDGE('',*,*,#1526,.T.);
#1526 = EDGE_CURVE('',#1519,#1527,#1529,.T.);
#1527 = VERTEX_POINT('',#1528);
#1528 = CARTESIAN_POINT('',(25.,18.4,3.4));
#1529 = LINE('',#1530,#1531);
#1530 = CARTESIAN_POINT('',(23.4,18.4,3.4));
#1531 = VECTOR('',#1532,1.);
#1532 = DIRECTION('',(1.,0.,0.));
#1533 = ORIENTED_EDGE('',*,*,#1534,.F.);
#1534 = EDGE_CURVE('',#1517,#1527,#1535,.T.);
#1535 = CIRCLE('',#1536,1.6);
#1536 = AXIS2_PLACEMENT_3D('',#1537,#1538,#1539);
#1537 = CARTESIAN_POINT('',(25.,20.,3.4));
#1538 = DIRECTION('',(0.,0.,1.));
#1539 = DIRECTION('',(-1.,0.,0.));
#1540 = PLANE('',#1541);
#1541 = AXIS2_PLACEMENT_3D('',#1542,#1543,#1544);
#1542 = CARTESIAN_POINT('',(32.5,20.,3.4));
#1543 = DIRECTION('',(0.,0.,1.));
#1544 = DIRECTION('',(1.,0.,0.));
#1545 = ADVANCED_FACE('',(#1546),#1582,.F.);
#1546 = FACE_BOUND('',#1547,.T.);
#1547 = EDGE_LOOP('',(#1548,#1549,#1555,#1556,#1557,#1566,#1575));
#1548 = ORIENTED_EDGE('',*,*,#1534,.F.);
#1549 = ORIENTED_EDGE('',*,*,#1550,.T.);
#1550 = EDGE_CURVE('',#1517,#1500,#1551,.T.);
#1551 = LINE('',#1552,#1553);
#1552 = CARTESIAN_POINT('',(23.4,20.,3.));
#1553 = VECTOR('',#1554,1.);
#1554 = DIRECTION('',(6.062183674618E-17,0.,1.));
#1555 = ORIENTED_EDGE('',*,*,#1499,.T.);
#1556 = ORIENTED_EDGE('',*,*,#1550,.F.);
#1557 = ORIENTED_EDGE('',*,*,#1558,.F.);
#1558 = EDGE_CURVE('',#1559,#1517,#1561,.T.);
#1559 = VERTEX_POINT('',#1560);
#1560 = CARTESIAN_POINT('',(25.,21.6,3.4));
#1561 = CIRCLE('',#1562,1.6);
#1562 = AXIS2_PLACEMENT_3D('',#1563,#1564,#1565);
#1563 = CARTESIAN_POINT('',(25.,20.,3.4));
#1564 = DIRECTION('',(0.,0.,1.));
#1565 = DIRECTION('',(-1.,0.,0.));
#1566 = ORIENTED_EDGE('',*,*,#1567,.F.);
#1567 = EDGE_CURVE('',#1568,#1559,#1570,.T.);
#1568 = VERTEX_POINT('',#1569);
#1569 = CARTESIAN_POINT('',(26.6,20.,3.4));
#1570 = CIRCLE('',#1571,1.6);
#1571 = AXIS2_PLACEMENT_3D('',#1572,#1573,#1574);
#1572 = CARTESIAN_POINT('',(25.,20.,3.4));
#1573 = DIRECTION('',(0.,0.,1.));
#1574 = DIRECTION('',(-1.,0.,0.));
#1575 = ORIENTED_EDGE('',*,*,#1576,.F.);
#1576 = EDGE_CURVE('',#1527,#1568,#1577,.T.);
#1577 = CIRCLE('',#1578,1.6);
#1578 = AXIS2_PLACEMENT_3D('',#1579,#1580,#1581);
#1579 = CARTESIAN_POINT('',(25.,20.,3.4));
#1580 = DIRECTION('',(0.,0.,1.));
#1581 = DIRECTION('',(-1.,0.,0.));
#1582 = CYLINDRICAL_SURFACE('',#1583,1.6);
#1583 = AXIS2_PLACEMENT_3D('',#1584,#1585,#1586);
#1584 = CARTESIAN_POINT('',(25.,20.,3.));
#1585 = DIRECTION('',(0.,0.,1.));
#1586 = DIRECTION('',(-1.,0.,0.));
#1587 = ADVANCED_FACE('',(#1588),#1605,.F.);
#1588 = FACE_BOUND('',#1589,.F.);
#1589 = EDGE_LOOP('',(#1590,#1591,#1599));
#1590 = ORIENTED_EDGE('',*,*,#1576,.F.);
#1591 = ORIENTED_EDGE('',*,*,#1592,.T.);
#1592 = EDGE_CURVE('',#1527,#1593,#1595,.T.);
#1593 = VERTEX_POINT('',#1594);
#1594 = CARTESIAN_POINT('',(26.6,18.4,3.4));
#1595 = LINE('',#1596,#1597);
#1596 = CARTESIAN_POINT('',(23.4,18.4,3.4));
#1597 = VECTOR('',#1598,1.);
#1598 = DIRECTION('',(1.,0.,0.));
#1599 = ORIENTED_EDGE('',*,*,#1600,.T.);
#1600 = EDGE_CURVE('',#1593,#1568,#1601,.T.);
#1601 = LINE('',#1602,#1603);
#1602 = CARTESIAN_POINT('',(26.6,18.4,3.4));
#1603 = VECTOR('',#1604,1.);
#1604 = DIRECTION('',(0.,1.,0.));
#1605 = PLANE('',#1606);
#1606 = AXIS2_PLACEMENT_3D('',#1607,#1608,#1609);
#1607 = CARTESIAN_POINT('',(32.5,20.,3.4));
#1608 = DIRECTION('',(0.,0.,1.));
#1609 = DIRECTION('',(1.,0.,0.));
#1610 = ADVANCED_FACE('',(#1611),#1628,.F.);
#1611 = FACE_BOUND('',#1612,.F.);
#1612 = EDGE_LOOP('',(#1613,#1614,#1622));
#1613 = ORIENTED_EDGE('',*,*,#1567,.F.);
#1614 = ORIENTED_EDGE('',*,*,#1615,.T.);
#1615 = EDGE_CURVE('',#1568,#1616,#1618,.T.);
#1616 = VERTEX_POINT('',#1617);
#1617 = CARTESIAN_POINT('',(26.6,21.6,3.4));
#1618 = LINE('',#1619,#1620);
#1619 = CARTESIAN_POINT('',(26.6,18.4,3.4));
#1620 = VECTOR('',#1621,1.);
#1621 = DIRECTION('',(0.,1.,0.));
#1622 = ORIENTED_EDGE('',*,*,#1623,.T.);
#1623 = EDGE_CURVE('',#1616,#1559,#1624,.T.);
#1624 = LINE('',#1625,#1626);
#1625 = CARTESIAN_POINT('',(26.6,21.6,3.4));
#1626 = VECTOR('',#1627,1.);
#1627 = DIRECTION('',(-1.,0.,0.));
#1628 = PLANE('',#1629);
#1629 = AXIS2_PLACEMENT_3D('',#1630,#1631,#1632);
#1630 = CARTESIAN_POINT('',(32.5,20.,3.4));
#1631 = DIRECTION('',(0.,0.,1.));
#1632 = DIRECTION('',(1.,0.,0.));
#1633 = ADVANCED_FACE('',(#1634),#1651,.F.);
#1634 = FACE_BOUND('',#1635,.F.);
#1635 = EDGE_LOOP('',(#1636,#1644,#1645));
#1636 = ORIENTED_EDGE('',*,*,#1637,.T.);
#1637 = EDGE_CURVE('',#1638,#1517,#1640,.T.);
#1638 = VERTEX_POINT('',#1639);
#1639 = CARTESIAN_POINT('',(23.4,21.6,3.4));
#1640 = LINE('',#1641,#1642);
#1641 = CARTESIAN_POINT('',(23.4,21.6,3.4));
#1642 = VECTOR('',#1643,1.);
#1643 = DIRECTION('',(0.,-1.,0.));
#1644 = ORIENTED_EDGE('',*,*,#1558,.F.);
#1645 = ORIENTED_EDGE('',*,*,#1646,.T.);
#1646 = EDGE_CURVE('',#1559,#1638,#1647,.T.);
#1647 = LINE('',#1648,#1649);
#1648 = CARTESIAN_POINT('',(26.6,21.6,3.4));
#1649 = VECTOR('',#1650,1.);
#1650 = DIRECTION('',(-1.,0.,0.));
#1651 = PLANE('',#1652);
#1652 = AXIS2_PLACEMENT_3D('',#1653,#1654,#1655);
#1653 = CARTESIAN_POINT('',(32.5,20.,3.4));
#1654 = DIRECTION('',(0.,0.,1.));
#1655 = DIRECTION('',(1.,0.,0.));
#1656 = ADVANCED_FACE('',(#1657,#1686),#1689,.T.);
#1657 = FACE_BOUND('',#1658,.T.);
#1658 = EDGE_LOOP('',(#1659,#1660,#1661,#1662,#1670,#1679,#1685));
#1659 = ORIENTED_EDGE('',*,*,#826,.T.);
#1660 = ORIENTED_EDGE('',*,*,#866,.T.);
#1661 = ORIENTED_EDGE('',*,*,#891,.T.);
#1662 = ORIENTED_EDGE('',*,*,#1663,.T.);
#1663 = EDGE_CURVE('',#892,#1664,#1666,.T.);
#1664 = VERTEX_POINT('',#1665);
#1665 = CARTESIAN_POINT('',(-7.5,5.,7.));
#1666 = LINE('',#1667,#1668);
#1667 = CARTESIAN_POINT('',(-10.,5.,7.));
#1668 = VECTOR('',#1669,1.);
#1669 = DIRECTION('',(1.,0.,0.));
#1670 = ORIENTED_EDGE('',*,*,#1671,.T.);
#1671 = EDGE_CURVE('',#1664,#1672,#1674,.T.);
#1672 = VERTEX_POINT('',#1673);
#1673 = CARTESIAN_POINT('',(-5.2639320225,10.,7.));
#1674 = CIRCLE('',#1675,3.);
#1675 = AXIS2_PLACEMENT_3D('',#1676,#1677,#1678);
#1676 = CARTESIAN_POINT('',(-7.5,8.,7.));
#1677 = DIRECTION('',(0.,0.,1.));
#1678 = DIRECTION('',(1.,0.,0.));
#1679 = ORIENTED_EDGE('',*,*,#1680,.F.);
#1680 = EDGE_CURVE('',#635,#1672,#1681,.T.);
#1681 = LINE('',#1682,#1683);
#1682 = CARTESIAN_POINT('',(15.,10.,7.));
#1683 = VECTOR('',#1684,1.);
#1684 = DIRECTION('',(-1.,0.,0.));
#1685 = ORIENTED_EDGE('',*,*,#634,.T.);
#1686 = FACE_BOUND('',#1687,.T.);
#1687 = EDGE_LOOP('',(#1688));
#1688 = ORIENTED_EDGE('',*,*,#1463,.F.);
#1689 = PLANE('',#1690);
#1690 = AXIS2_PLACEMENT_3D('',#1691,#1692,#1693);
#1691 = CARTESIAN_POINT('',(1.534494156916,18.596298862402,7.));
#1692 = DIRECTION('',(0.,0.,1.));
#1693 = DIRECTION('',(1.,0.,0.));
#1694 = ADVANCED_FACE('',(#1695),#1713,.F.);
#1695 = FACE_BOUND('',#1696,.F.);
#1696 = EDGE_LOOP('',(#1697,#1705,#1706,#1707));
#1697 = ORIENTED_EDGE('',*,*,#1698,.T.);
#1698 = EDGE_CURVE('',#1699,#1672,#1701,.T.);
#1699 = VERTEX_POINT('',#1700);
#1700 = CARTESIAN_POINT('',(-5.2639320225,10.,15.));
#1701 = LINE('',#1702,#1703);
#1702 = CARTESIAN_POINT('',(-5.2639320225,10.,7.));
#1703 = VECTOR('',#1704,1.);
#1704 = DIRECTION('',(-0.,-0.,-1.));
#1705 = ORIENTED_EDGE('',*,*,#1680,.F.);
#1706 = ORIENTED_EDGE('',*,*,#642,.F.);
#1707 = ORIENTED_EDGE('',*,*,#1708,.F.);
#1708 = EDGE_CURVE('',#1699,#643,#1709,.T.);
#1709 = LINE('',#1710,#1711);
#1710 = CARTESIAN_POINT('',(-10.,10.,15.));
#1711 = VECTOR('',#1712,1.);
#1712 = DIRECTION('',(1.,0.,0.));
#1713 = PLANE('',#1714);
#1714 = AXIS2_PLACEMENT_3D('',#1715,#1716,#1717);
#1715 = CARTESIAN_POINT('',(-10.,10.,0.));
#1716 = DIRECTION('',(0.,-1.,0.));
#1717 = DIRECTION('',(0.,0.,1.));
#1718 = ADVANCED_FACE('',(#1719,#1745,#1756),#1759,.T.);
#1719 = FACE_BOUND('',#1720,.T.);
#1720 = EDGE_LOOP('',(#1721,#1730,#1736,#1737,#1743,#1744));
#1721 = ORIENTED_EDGE('',*,*,#1722,.F.);
#1722 = EDGE_CURVE('',#1723,#1699,#1725,.T.);
#1723 = VERTEX_POINT('',#1724);
#1724 = CARTESIAN_POINT('',(-7.5,5.,15.));
#1725 = CIRCLE('',#1726,3.);
#1726 = AXIS2_PLACEMENT_3D('',#1727,#1728,#1729);
#1727 = CARTESIAN_POINT('',(-7.5,8.,15.));
#1728 = DIRECTION('',(0.,0.,1.));
#1729 = DIRECTION('',(1.,0.,0.));
#1730 = ORIENTED_EDGE('',*,*,#1731,.F.);
#1731 = EDGE_CURVE('',#951,#1723,#1732,.T.);
#1732 = LINE('',#1733,#1734);
#1733 = CARTESIAN_POINT('',(-10.,5.,15.));
#1734 = VECTOR('',#1735,1.);
#1735 = DIRECTION('',(1.,0.,0.));
#1736 = ORIENTED_EDGE('',*,*,#950,.F.);
#1737 = ORIENTED_EDGE('',*,*,#1738,.F.);
#1738 = EDGE_CURVE('',#651,#943,#1739,.T.);
#1739 = LINE('',#1740,#1741);
#1740 = CARTESIAN_POINT('',(15.,-1.5,15.));
#1741 = VECTOR('',#1742,1.);
#1742 = DIRECTION('',(-1.,0.,0.));
#1743 = ORIENTED_EDGE('',*,*,#650,.F.);
#1744 = ORIENTED_EDGE('',*,*,#1708,.F.);
#1745 = FACE_BOUND('',#1746,.T.);
#1746 = EDGE_LOOP('',(#1747));
#1747 = ORIENTED_EDGE('',*,*,#1748,.F.);
#1748 = EDGE_CURVE('',#1749,#1749,#1751,.T.);
#1749 = VERTEX_POINT('',#1750);
#1750 = CARTESIAN_POINT('',(-2.3,3.,15.));
#1751 = CIRCLE('',#1752,1.7);
#1752 = AXIS2_PLACEMENT_3D('',#1753,#1754,#1755);
#1753 = CARTESIAN_POINT('',(-4.,3.,15.));
#1754 = DIRECTION('',(0.,0.,1.));
#1755 = DIRECTION('',(1.,0.,0.));
#1756 = FACE_BOUND('',#1757,.T.);
#1757 = EDGE_LOOP('',(#1758));
#1758 = ORIENTED_EDGE('',*,*,#1295,.F.);
#1759 = PLANE('',#1760);
#1760 = AXIS2_PLACEMENT_3D('',#1761,#1762,#1763);
#1761 = CARTESIAN_POINT('',(3.995952990782,-0.644270316368,15.));
#1762 = DIRECTION('',(0.,0.,1.));
#1763 = DIRECTION('',(1.,0.,0.));
#1764 = ADVANCED_FACE('',(#1765),#1776,.T.);
#1765 = FACE_BOUND('',#1766,.T.);
#1766 = EDGE_LOOP('',(#1767,#1768,#1769,#1770));
#1767 = ORIENTED_EDGE('',*,*,#658,.T.);
#1768 = ORIENTED_EDGE('',*,*,#1738,.T.);
#1769 = ORIENTED_EDGE('',*,*,#942,.F.);
#1770 = ORIENTED_EDGE('',*,*,#1771,.F.);
#1771 = EDGE_CURVE('',#659,#935,#1772,.T.);
#1772 = LINE('',#1773,#1774);
#1773 = CARTESIAN_POINT('',(15.,-1.5,7.));
#1774 = VECTOR('',#1775,1.);
#1775 = DIRECTION('',(-1.,0.,0.));
#1776 = PLANE('',#1777);
#1777 = AXIS2_PLACEMENT_3D('',#1778,#1779,#1780);
#1778 = CARTESIAN_POINT('',(15.,-1.5,7.));
#1779 = DIRECTION('',(0.,-1.,0.));
#1780 = DIRECTION('',(-1.,0.,0.));
#1781 = ADVANCED_FACE('',(#1782,#1852),#1855,.T.);
#1782 = FACE_BOUND('',#1783,.T.);
#1783 = EDGE_LOOP('',(#1784,#1785,#1786,#1794,#1803,#1812,#1820,#1826,
    #1827,#1828,#1829,#1837,#1846));
#1784 = ORIENTED_EDGE('',*,*,#902,.T.);
#1785 = ORIENTED_EDGE('',*,*,#843,.T.);
#1786 = ORIENTED_EDGE('',*,*,#1787,.T.);
#1787 = EDGE_CURVE('',#789,#1788,#1790,.T.);
#1788 = VERTEX_POINT('',#1789);
#1789 = CARTESIAN_POINT('',(-7.,-16.02079728939,7.));
#1790 = LINE('',#1791,#1792);
#1791 = CARTESIAN_POINT('',(-7.,-20.,7.));
#1792 = VECTOR('',#1793,1.);
#1793 = DIRECTION('',(0.,1.,0.));
#1794 = ORIENTED_EDGE('',*,*,#1795,.T.);
#1795 = EDGE_CURVE('',#1788,#1796,#1798,.T.);
#1796 = VERTEX_POINT('',#1797);
#1797 = CARTESIAN_POINT('',(7.428630196433,-11.09917833484,7.));
#1798 = CIRCLE('',#1799,8.5);
#1799 = AXIS2_PLACEMENT_3D('',#1800,#1801,#1802);
#1800 = CARTESIAN_POINT('',(-1.,-10.,7.));
#1801 = DIRECTION('',(0.,0.,1.));
#1802 = DIRECTION('',(1.,0.,0.));
#1803 = ORIENTED_EDGE('',*,*,#1804,.F.);
#1804 = EDGE_CURVE('',#1805,#1796,#1807,.T.);
#1805 = VERTEX_POINT('',#1806);
#1806 = CARTESIAN_POINT('',(9.333030277982,-5.5,7.));
#1807 = CIRCLE('',#1808,3.1);
#1808 = AXIS2_PLACEMENT_3D('',#1809,#1810,#1811);
#1809 = CARTESIAN_POINT('',(7.5,-8.,7.));
#1810 = DIRECTION('',(0.,0.,1.));
#1811 = DIRECTION('',(1.,0.,0.));
#1812 = ORIENTED_EDGE('',*,*,#1813,.F.);
#1813 = EDGE_CURVE('',#1814,#1805,#1816,.T.);
#1814 = VERTEX_POINT('',#1815);
#1815 = CARTESIAN_POINT('',(9.333030277982,-4.5,7.));
#1816 = LINE('',#1817,#1818);
#1817 = CARTESIAN_POINT('',(9.333030277982,-4.5,7.));
#1818 = VECTOR('',#1819,1.);
#1819 = DIRECTION('',(0.,-1.,0.));
#1820 = ORIENTED_EDGE('',*,*,#1821,.F.);
#1821 = EDGE_CURVE('',#667,#1814,#1822,.T.);
#1822 = LINE('',#1823,#1824);
#1823 = CARTESIAN_POINT('',(15.,-4.5,7.));
#1824 = VECTOR('',#1825,1.);
#1825 = DIRECTION('',(-1.,0.,0.));
#1826 = ORIENTED_EDGE('',*,*,#666,.F.);
#1827 = ORIENTED_EDGE('',*,*,#1771,.T.);
#1828 = ORIENTED_EDGE('',*,*,#934,.T.);
#1829 = ORIENTED_EDGE('',*,*,#1830,.F.);
#1830 = EDGE_CURVE('',#1831,#927,#1833,.T.);
#1831 = VERTEX_POINT('',#1832);
#1832 = CARTESIAN_POINT('',(-7.5,-5.,7.));
#1833 = LINE('',#1834,#1835);
#1834 = CARTESIAN_POINT('',(-7.5,-5.,7.));
#1835 = VECTOR('',#1836,1.);
#1836 = DIRECTION('',(-1.,0.,0.));
#1837 = ORIENTED_EDGE('',*,*,#1838,.F.);
#1838 = EDGE_CURVE('',#1839,#1831,#1841,.T.);
#1839 = VERTEX_POINT('',#1840);
#1840 = CARTESIAN_POINT('',(-7.5,-11.,7.));
#1841 = CIRCLE('',#1842,3.);
#1842 = AXIS2_PLACEMENT_3D('',#1843,#1844,#1845);
#1843 = CARTESIAN_POINT('',(-7.5,-8.,7.));
#1844 = DIRECTION('',(0.,0.,1.));
#1845 = DIRECTION('',(1.,0.,0.));
#1846 = ORIENTED_EDGE('',*,*,#1847,.F.);
#1847 = EDGE_CURVE('',#903,#1839,#1848,.T.);
#1848 = LINE('',#1849,#1850);
#1849 = CARTESIAN_POINT('',(-10.,-11.,7.));
#1850 = VECTOR('',#1851,1.);
#1851 = DIRECTION('',(1.,0.,0.));
#1852 = FACE_BOUND('',#1853,.T.);
#1853 = EDGE_LOOP('',(#1854));
#1854 = ORIENTED_EDGE('',*,*,#1149,.F.);
#1855 = PLANE('',#1856);
#1856 = AXIS2_PLACEMENT_3D('',#1857,#1858,#1859);
#1857 = CARTESIAN_POINT('',(1.845074750904,-0.814385309745,7.));
#1858 = DIRECTION('',(0.,0.,1.));
#1859 = DIRECTION('',(1.,0.,0.));
#1860 = ADVANCED_FACE('',(#1861),#1879,.F.);
#1861 = FACE_BOUND('',#1862,.F.);
#1862 = EDGE_LOOP('',(#1863,#1864,#1872,#1878));
#1863 = ORIENTED_EDGE('',*,*,#674,.T.);
#1864 = ORIENTED_EDGE('',*,*,#1865,.T.);
#1865 = EDGE_CURVE('',#675,#1866,#1868,.T.);
#1866 = VERTEX_POINT('',#1867);
#1867 = CARTESIAN_POINT('',(9.333030277982,-4.5,15.));
#1868 = LINE('',#1869,#1870);
#1869 = CARTESIAN_POINT('',(15.,-4.5,15.));
#1870 = VECTOR('',#1871,1.);
#1871 = DIRECTION('',(-1.,0.,0.));
#1872 = ORIENTED_EDGE('',*,*,#1873,.F.);
#1873 = EDGE_CURVE('',#1814,#1866,#1874,.T.);
#1874 = LINE('',#1875,#1876);
#1875 = CARTESIAN_POINT('',(9.333030277982,-4.5,7.));
#1876 = VECTOR('',#1877,1.);
#1877 = DIRECTION('',(0.,0.,1.));
#1878 = ORIENTED_EDGE('',*,*,#1821,.F.);
#1879 = PLANE('',#1880);
#1880 = AXIS2_PLACEMENT_3D('',#1881,#1882,#1883);
#1881 = CARTESIAN_POINT('',(15.,-4.5,7.));
#1882 = DIRECTION('',(0.,-1.,0.));
#1883 = DIRECTION('',(-1.,0.,0.));
#1884 = ADVANCED_FACE('',(#1885,#1932),#1943,.T.);
#1885 = FACE_BOUND('',#1886,.T.);
#1886 = EDGE_LOOP('',(#1887,#1888,#1889,#1897,#1906,#1915,#1924,#1930,
    #1931));
#1887 = ORIENTED_EDGE('',*,*,#682,.F.);
#1888 = ORIENTED_EDGE('',*,*,#1865,.T.);
#1889 = ORIENTED_EDGE('',*,*,#1890,.T.);
#1890 = EDGE_CURVE('',#1866,#1891,#1893,.T.);
#1891 = VERTEX_POINT('',#1892);
#1892 = CARTESIAN_POINT('',(9.333030277982,-5.5,15.));
#1893 = LINE('',#1894,#1895);
#1894 = CARTESIAN_POINT('',(9.333030277982,-4.5,15.));
#1895 = VECTOR('',#1896,1.);
#1896 = DIRECTION('',(0.,-1.,0.));
#1897 = ORIENTED_EDGE('',*,*,#1898,.F.);
#1898 = EDGE_CURVE('',#1899,#1891,#1901,.T.);
#1899 = VERTEX_POINT('',#1900);
#1900 = CARTESIAN_POINT('',(10.6,-8.,15.));
#1901 = CIRCLE('',#1902,3.1);
#1902 = AXIS2_PLACEMENT_3D('',#1903,#1904,#1905);
#1903 = CARTESIAN_POINT('',(7.5,-8.,15.));
#1904 = DIRECTION('',(0.,0.,1.));
#1905 = DIRECTION('',(1.,0.,0.));
#1906 = ORIENTED_EDGE('',*,*,#1907,.F.);
#1907 = EDGE_CURVE('',#1908,#1899,#1910,.T.);
#1908 = VERTEX_POINT('',#1909);
#1909 = CARTESIAN_POINT('',(7.428630196433,-11.09917833484,15.));
#1910 = CIRCLE('',#1911,3.1);
#1911 = AXIS2_PLACEMENT_3D('',#1912,#1913,#1914);
#1912 = CARTESIAN_POINT('',(7.5,-8.,15.));
#1913 = DIRECTION('',(0.,0.,1.));
#1914 = DIRECTION('',(1.,0.,0.));
#1915 = ORIENTED_EDGE('',*,*,#1916,.F.);
#1916 = EDGE_CURVE('',#1917,#1908,#1919,.T.);
#1917 = VERTEX_POINT('',#1918);
#1918 = CARTESIAN_POINT('',(-7.,-16.02079728939,15.));
#1919 = CIRCLE('',#1920,8.5);
#1920 = AXIS2_PLACEMENT_3D('',#1921,#1922,#1923);
#1921 = CARTESIAN_POINT('',(-1.,-10.,15.));
#1922 = DIRECTION('',(0.,0.,1.));
#1923 = DIRECTION('',(1.,0.,0.));
#1924 = ORIENTED_EDGE('',*,*,#1925,.F.);
#1925 = EDGE_CURVE('',#781,#1917,#1926,.T.);
#1926 = LINE('',#1927,#1928);
#1927 = CARTESIAN_POINT('',(-7.,-20.,15.));
#1928 = VECTOR('',#1929,1.);
#1929 = DIRECTION('',(0.,1.,0.));
#1930 = ORIENTED_EDGE('',*,*,#780,.F.);
#1931 = ORIENTED_EDGE('',*,*,#737,.F.);
#1932 = FACE_BOUND('',#1933,.T.);
#1933 = EDGE_LOOP('',(#1934));
#1934 = ORIENTED_EDGE('',*,*,#1935,.F.);
#1935 = EDGE_CURVE('',#1936,#1936,#1938,.T.);
#1936 = VERTEX_POINT('',#1937);
#1937 = CARTESIAN_POINT('',(12.7,-15.,15.));
#1938 = CIRCLE('',#1939,1.7);
#1939 = AXIS2_PLACEMENT_3D('',#1940,#1941,#1942);
#1940 = CARTESIAN_POINT('',(11.,-15.,15.));
#1941 = DIRECTION('',(0.,0.,1.));
#1942 = DIRECTION('',(1.,0.,0.));
#1943 = PLANE('',#1944);
#1944 = AXIS2_PLACEMENT_3D('',#1945,#1946,#1947);
#1945 = CARTESIAN_POINT('',(3.995952990782,-0.644270316368,15.));
#1946 = DIRECTION('',(0.,0.,1.));
#1947 = DIRECTION('',(1.,0.,0.));
#1948 = ADVANCED_FACE('',(#1949),#1960,.T.);
#1949 = FACE_BOUND('',#1950,.T.);
#1950 = EDGE_LOOP('',(#1951,#1952,#1953,#1959));
#1951 = ORIENTED_EDGE('',*,*,#788,.T.);
#1952 = ORIENTED_EDGE('',*,*,#1925,.T.);
#1953 = ORIENTED_EDGE('',*,*,#1954,.F.);
#1954 = EDGE_CURVE('',#1788,#1917,#1955,.T.);
#1955 = LINE('',#1956,#1957);
#1956 = CARTESIAN_POINT('',(-7.,-16.02079728939,7.));
#1957 = VECTOR('',#1958,1.);
#1958 = DIRECTION('',(0.,0.,1.));
#1959 = ORIENTED_EDGE('',*,*,#1787,.F.);
#1960 = PLANE('',#1961);
#1961 = AXIS2_PLACEMENT_3D('',#1962,#1963,#1964);
#1962 = CARTESIAN_POINT('',(-7.,-20.,7.));
#1963 = DIRECTION('',(-1.,0.,0.));
#1964 = DIRECTION('',(0.,1.,0.));
#1965 = ADVANCED_FACE('',(#1966),#1977,.T.);
#1966 = FACE_BOUND('',#1967,.T.);
#1967 = EDGE_LOOP('',(#1968,#1969,#1970,#1976));
#1968 = ORIENTED_EDGE('',*,*,#958,.T.);
#1969 = ORIENTED_EDGE('',*,*,#1731,.T.);
#1970 = ORIENTED_EDGE('',*,*,#1971,.F.);
#1971 = EDGE_CURVE('',#1664,#1723,#1972,.T.);
#1972 = LINE('',#1973,#1974);
#1973 = CARTESIAN_POINT('',(-7.5,5.,7.));
#1974 = VECTOR('',#1975,1.);
#1975 = DIRECTION('',(0.,0.,1.));
#1976 = ORIENTED_EDGE('',*,*,#1663,.F.);
#1977 = PLANE('',#1978);
#1978 = AXIS2_PLACEMENT_3D('',#1979,#1980,#1981);
#1979 = CARTESIAN_POINT('',(-10.,5.,7.));
#1980 = DIRECTION('',(0.,1.,0.));
#1981 = DIRECTION('',(1.,0.,0.));
#1982 = ADVANCED_FACE('',(#1983),#2001,.F.);
#1983 = FACE_BOUND('',#1984,.F.);
#1984 = EDGE_LOOP('',(#1985,#1986,#1994,#2000));
#1985 = ORIENTED_EDGE('',*,*,#910,.T.);
#1986 = ORIENTED_EDGE('',*,*,#1987,.T.);
#1987 = EDGE_CURVE('',#911,#1988,#1990,.T.);
#1988 = VERTEX_POINT('',#1989);
#1989 = CARTESIAN_POINT('',(-7.5,-11.,4.));
#1990 = LINE('',#1991,#1992);
#1991 = CARTESIAN_POINT('',(-10.,-11.,4.));
#1992 = VECTOR('',#1993,1.);
#1993 = DIRECTION('',(1.,0.,0.));
#1994 = ORIENTED_EDGE('',*,*,#1995,.F.);
#1995 = EDGE_CURVE('',#1839,#1988,#1996,.T.);
#1996 = LINE('',#1997,#1998);
#1997 = CARTESIAN_POINT('',(-7.5,-11.,7.));
#1998 = VECTOR('',#1999,1.);
#1999 = DIRECTION('',(-0.,-0.,-1.));
#2000 = ORIENTED_EDGE('',*,*,#1847,.F.);
#2001 = PLANE('',#2002);
#2002 = AXIS2_PLACEMENT_3D('',#2003,#2004,#2005);
#2003 = CARTESIAN_POINT('',(-10.,-11.,7.));
#2004 = DIRECTION('',(0.,-1.,0.));
#2005 = DIRECTION('',(1.,0.,0.));
#2006 = ADVANCED_FACE('',(#2007),#2025,.F.);
#2007 = FACE_BOUND('',#2008,.F.);
#2008 = EDGE_LOOP('',(#2009,#2017,#2023,#2024));
#2009 = ORIENTED_EDGE('',*,*,#2010,.T.);
#2010 = EDGE_CURVE('',#1831,#2011,#2013,.T.);
#2011 = VERTEX_POINT('',#2012);
#2012 = CARTESIAN_POINT('',(-7.5,-5.,4.));
#2013 = LINE('',#2014,#2015);
#2014 = CARTESIAN_POINT('',(-7.5,-5.,7.));
#2015 = VECTOR('',#2016,1.);
#2016 = DIRECTION('',(-0.,-0.,-1.));
#2017 = ORIENTED_EDGE('',*,*,#2018,.T.);
#2018 = EDGE_CURVE('',#2011,#919,#2019,.T.);
#2019 = LINE('',#2020,#2021);
#2020 = CARTESIAN_POINT('',(-7.5,-5.,4.));
#2021 = VECTOR('',#2022,1.);
#2022 = DIRECTION('',(-1.,0.,0.));
#2023 = ORIENTED_EDGE('',*,*,#926,.F.);
#2024 = ORIENTED_EDGE('',*,*,#1830,.F.);
#2025 = PLANE('',#2026);
#2026 = AXIS2_PLACEMENT_3D('',#2027,#2028,#2029);
#2027 = CARTESIAN_POINT('',(-7.5,-5.,7.));
#2028 = DIRECTION('',(0.,1.,0.));
#2029 = DIRECTION('',(-1.,0.,0.));
#2030 = ADVANCED_FACE('',(#2031,#2043),#2046,.T.);
#2031 = FACE_BOUND('',#2032,.T.);
#2032 = EDGE_LOOP('',(#2033,#2040,#2041,#2042));
#2033 = ORIENTED_EDGE('',*,*,#2034,.T.);
#2034 = EDGE_CURVE('',#1988,#2011,#2035,.T.);
#2035 = CIRCLE('',#2036,3.);
#2036 = AXIS2_PLACEMENT_3D('',#2037,#2038,#2039);
#2037 = CARTESIAN_POINT('',(-7.5,-8.,4.));
#2038 = DIRECTION('',(0.,0.,1.));
#2039 = DIRECTION('',(1.,0.,0.));
#2040 = ORIENTED_EDGE('',*,*,#2018,.T.);
#2041 = ORIENTED_EDGE('',*,*,#918,.T.);
#2042 = ORIENTED_EDGE('',*,*,#1987,.T.);
#2043 = FACE_BOUND('',#2044,.T.);
#2044 = EDGE_LOOP('',(#2045));
#2045 = ORIENTED_EDGE('',*,*,#1175,.T.);
#2046 = PLANE('',#2047);
#2047 = AXIS2_PLACEMENT_3D('',#2048,#2049,#2050);
#2048 = CARTESIAN_POINT('',(-0.965185801428,-8.,4.));
#2049 = DIRECTION('',(0.,0.,1.));
#2050 = DIRECTION('',(1.,0.,0.));
#2051 = ADVANCED_FACE('',(#2052),#2060,.F.);
#2052 = FACE_BOUND('',#2053,.T.);
#2053 = EDGE_LOOP('',(#2054,#2055,#2056,#2057,#2058,#2059));
#2054 = ORIENTED_EDGE('',*,*,#1028,.T.);
#2055 = ORIENTED_EDGE('',*,*,#1076,.T.);
#2056 = ORIENTED_EDGE('',*,*,#1100,.T.);
#2057 = ORIENTED_EDGE('',*,*,#1059,.T.);
#2058 = ORIENTED_EDGE('',*,*,#1011,.T.);
#2059 = ORIENTED_EDGE('',*,*,#980,.T.);
#2060 = PLANE('',#2061);
#2061 = AXIS2_PLACEMENT_3D('',#2062,#2063,#2064);
#2062 = CARTESIAN_POINT('',(3.5,-6.,3.));
#2063 = DIRECTION('',(0.,0.,1.));
#2064 = DIRECTION('',(1.,0.,0.));
#2065 = ADVANCED_FACE('',(#2066,#2077),#2080,.T.);
#2066 = FACE_BOUND('',#2067,.T.);
#2067 = EDGE_LOOP('',(#2068));
#2068 = ORIENTED_EDGE('',*,*,#2069,.T.);
#2069 = EDGE_CURVE('',#2070,#2070,#2072,.T.);
#2070 = VERTEX_POINT('',#2071);
#2071 = CARTESIAN_POINT('',(10.6,-8.,4.));
#2072 = CIRCLE('',#2073,3.1);
#2073 = AXIS2_PLACEMENT_3D('',#2074,#2075,#2076);
#2074 = CARTESIAN_POINT('',(7.5,-8.,4.));
#2075 = DIRECTION('',(0.,0.,1.));
#2076 = DIRECTION('',(1.,0.,0.));
#2077 = FACE_BOUND('',#2078,.T.);
#2078 = EDGE_LOOP('',(#2079));
#2079 = ORIENTED_EDGE('',*,*,#1125,.T.);
#2080 = PLANE('',#2081);
#2081 = AXIS2_PLACEMENT_3D('',#2082,#2083,#2084);
#2082 = CARTESIAN_POINT('',(-0.965185801428,-8.,4.));
#2083 = DIRECTION('',(0.,0.,1.));
#2084 = DIRECTION('',(1.,0.,0.));
#2085 = ADVANCED_FACE('',(#2086),#2095,.T.);
#2086 = FACE_BOUND('',#2087,.T.);
#2087 = EDGE_LOOP('',(#2088,#2094));
#2088 = ORIENTED_EDGE('',*,*,#2089,.T.);
#2089 = EDGE_CURVE('',#1192,#1202,#2090,.T.);
#2090 = LINE('',#2091,#2092);
#2091 = CARTESIAN_POINT('',(41.599999999959,18.701683782752,3.));
#2092 = VECTOR('',#2093,1.);
#2093 = DIRECTION('',(8.62376746896E-12,1.,0.));
#2094 = ORIENTED_EDGE('',*,*,#1201,.T.);
#2095 = PLANE('',#2096);
#2096 = AXIS2_PLACEMENT_3D('',#2097,#2098,#2099);
#2097 = CARTESIAN_POINT('',(40.,20.,3.));
#2098 = DIRECTION('',(0.,0.,-1.));
#2099 = DIRECTION('',(-1.,0.,0.));
#2100 = ADVANCED_FACE('',(#2101),#2126,.F.);
#2101 = FACE_BOUND('',#2102,.F.);
#2102 = EDGE_LOOP('',(#2103,#2111,#2119,#2125));
#2103 = ORIENTED_EDGE('',*,*,#2104,.F.);
#2104 = EDGE_CURVE('',#2105,#1219,#2107,.T.);
#2105 = VERTEX_POINT('',#2106);
#2106 = CARTESIAN_POINT('',(38.40000000002,21.6,3.2));
#2107 = LINE('',#2108,#2109);
#2108 = CARTESIAN_POINT('',(38.399999999998,17.403367565501,3.2));
#2109 = VECTOR('',#2110,1.);
#2110 = DIRECTION('',(9.804524461831E-12,1.,0.));
#2111 = ORIENTED_EDGE('',*,*,#2112,.T.);
#2112 = EDGE_CURVE('',#2105,#2113,#2115,.T.);
#2113 = VERTEX_POINT('',#2114);
#2114 = CARTESIAN_POINT('',(41.599999999992,21.6,3.2));
#2115 = LINE('',#2116,#2117);
#2116 = CARTESIAN_POINT('',(37.049999999975,21.6,3.2));
#2117 = VECTOR('',#2118,1.);
#2118 = DIRECTION('',(1.,0.,0.));
#2119 = ORIENTED_EDGE('',*,*,#2120,.T.);
#2120 = EDGE_CURVE('',#2113,#1211,#2121,.T.);
#2121 = LINE('',#2122,#2123);
#2122 = CARTESIAN_POINT('',(41.599999999948,17.403367565519,3.2));
#2123 = VECTOR('',#2124,1.);
#2124 = DIRECTION('',(8.62376746896E-12,1.,0.));
#2125 = ORIENTED_EDGE('',*,*,#1218,.F.);
#2126 = PLANE('',#2127);
#2127 = AXIS2_PLACEMENT_3D('',#2128,#2129,#2130);
#2128 = CARTESIAN_POINT('',(32.49999999995,20.,3.2));
#2129 = DIRECTION('',(0.,0.,1.));
#2130 = DIRECTION('',(1.,0.,0.));
#2131 = ADVANCED_FACE('',(#2132),#2142,.T.);
#2132 = FACE_BOUND('',#2133,.T.);
#2133 = EDGE_LOOP('',(#2134,#2135,#2136));
#2134 = ORIENTED_EDGE('',*,*,#1255,.T.);
#2135 = ORIENTED_EDGE('',*,*,#1235,.T.);
#2136 = ORIENTED_EDGE('',*,*,#2137,.F.);
#2137 = EDGE_CURVE('',#1256,#1228,#2138,.T.);
#2138 = LINE('',#2139,#2140);
#2139 = CARTESIAN_POINT('',(38.400000000011,18.701683782758,3.));
#2140 = VECTOR('',#2141,1.);
#2141 = DIRECTION('',(9.804524461831E-12,1.,0.));
#2142 = PLANE('',#2143);
#2143 = AXIS2_PLACEMENT_3D('',#2144,#2145,#2146);
#2144 = CARTESIAN_POINT('',(40.,20.,3.));
#2145 = DIRECTION('',(0.,0.,-1.));
#2146 = DIRECTION('',(-1.,0.,0.));
#2147 = ADVANCED_FACE('',(#2148),#2173,.F.);
#2148 = FACE_BOUND('',#2149,.F.);
#2149 = EDGE_LOOP('',(#2150,#2151,#2159,#2167));
#2150 = ORIENTED_EDGE('',*,*,#1272,.F.);
#2151 = ORIENTED_EDGE('',*,*,#2152,.T.);
#2152 = EDGE_CURVE('',#1194,#2153,#2155,.T.);
#2153 = VERTEX_POINT('',#2154);
#2154 = CARTESIAN_POINT('',(41.599999999978,18.4,3.2));
#2155 = LINE('',#2156,#2157);
#2156 = CARTESIAN_POINT('',(41.599999999948,17.403367565519,3.2));
#2157 = VECTOR('',#2158,1.);
#2158 = DIRECTION('',(8.62376746896E-12,1.,0.));
#2159 = ORIENTED_EDGE('',*,*,#2160,.T.);
#2160 = EDGE_CURVE('',#2153,#2161,#2163,.T.);
#2161 = VERTEX_POINT('',#2162);
#2162 = CARTESIAN_POINT('',(38.400000000004,18.4,3.2));
#2163 = LINE('',#2164,#2165);
#2164 = CARTESIAN_POINT('',(35.449999999975,18.4,3.2));
#2165 = VECTOR('',#2166,1.);
#2166 = DIRECTION('',(-1.,0.,0.));
#2167 = ORIENTED_EDGE('',*,*,#2168,.F.);
#2168 = EDGE_CURVE('',#1265,#2161,#2169,.T.);
#2169 = LINE('',#2170,#2171);
#2170 = CARTESIAN_POINT('',(38.399999999998,17.403367565501,3.2));
#2171 = VECTOR('',#2172,1.);
#2172 = DIRECTION('',(9.804524461831E-12,1.,0.));
#2173 = PLANE('',#2174);
#2174 = AXIS2_PLACEMENT_3D('',#2175,#2176,#2177);
#2175 = CARTESIAN_POINT('',(32.49999999995,20.,3.2));
#2176 = DIRECTION('',(0.,0.,1.));
#2177 = DIRECTION('',(1.,0.,0.));
#2178 = ADVANCED_FACE('',(#2179),#2187,.F.);
#2179 = FACE_BOUND('',#2180,.T.);
#2180 = EDGE_LOOP('',(#2181,#2182,#2183,#2184,#2185,#2186));
#2181 = ORIENTED_EDGE('',*,*,#1367,.T.);
#2182 = ORIENTED_EDGE('',*,*,#1415,.T.);
#2183 = ORIENTED_EDGE('',*,*,#1439,.T.);
#2184 = ORIENTED_EDGE('',*,*,#1398,.T.);
#2185 = ORIENTED_EDGE('',*,*,#1350,.T.);
#2186 = ORIENTED_EDGE('',*,*,#1319,.T.);
#2187 = PLANE('',#2188);
#2188 = AXIS2_PLACEMENT_3D('',#2189,#2190,#2191);
#2189 = CARTESIAN_POINT('',(3.5,-6.,3.));
#2190 = DIRECTION('',(0.,0.,1.));
#2191 = DIRECTION('',(1.,0.,0.));
#2192 = ADVANCED_FACE('',(#2193),#2239,.F.);
#2193 = FACE_BOUND('',#2194,.T.);
#2194 = EDGE_LOOP('',(#2195,#2206,#2212,#2213,#2214,#2223,#2232));
#2195 = ORIENTED_EDGE('',*,*,#2196,.F.);
#2196 = EDGE_CURVE('',#2197,#2199,#2201,.T.);
#2197 = VERTEX_POINT('',#2198);
#2198 = CARTESIAN_POINT('',(38.4,20.,3.4));
#2199 = VERTEX_POINT('',#2200);
#2200 = CARTESIAN_POINT('',(40.,18.4,3.4));
#2201 = CIRCLE('',#2202,1.6);
#2202 = AXIS2_PLACEMENT_3D('',#2203,#2204,#2205);
#2203 = CARTESIAN_POINT('',(40.,20.,3.4));
#2204 = DIRECTION('',(0.,0.,1.));
#2205 = DIRECTION('',(-1.,0.,0.));
#2206 = ORIENTED_EDGE('',*,*,#2207,.T.);
#2207 = EDGE_CURVE('',#2197,#1489,#2208,.T.);
#2208 = LINE('',#2209,#2210);
#2209 = CARTESIAN_POINT('',(38.4,20.,3.));
#2210 = VECTOR('',#2211,1.);
#2211 = DIRECTION('',(6.062183674618E-17,0.,1.));
#2212 = ORIENTED_EDGE('',*,*,#1488,.T.);
#2213 = ORIENTED_EDGE('',*,*,#2207,.F.);
#2214 = ORIENTED_EDGE('',*,*,#2215,.F.);
#2215 = EDGE_CURVE('',#2216,#2197,#2218,.T.);
#2216 = VERTEX_POINT('',#2217);
#2217 = CARTESIAN_POINT('',(40.,21.6,3.4));
#2218 = CIRCLE('',#2219,1.6);
#2219 = AXIS2_PLACEMENT_3D('',#2220,#2221,#2222);
#2220 = CARTESIAN_POINT('',(40.,20.,3.4));
#2221 = DIRECTION('',(0.,0.,1.));
#2222 = DIRECTION('',(-1.,0.,0.));
#2223 = ORIENTED_EDGE('',*,*,#2224,.F.);
#2224 = EDGE_CURVE('',#2225,#2216,#2227,.T.);
#2225 = VERTEX_POINT('',#2226);
#2226 = CARTESIAN_POINT('',(41.6,20.,3.4));
#2227 = CIRCLE('',#2228,1.6);
#2228 = AXIS2_PLACEMENT_3D('',#2229,#2230,#2231);
#2229 = CARTESIAN_POINT('',(40.,20.,3.4));
#2230 = DIRECTION('',(0.,0.,1.));
#2231 = DIRECTION('',(-1.,0.,0.));
#2232 = ORIENTED_EDGE('',*,*,#2233,.F.);
#2233 = EDGE_CURVE('',#2199,#2225,#2234,.T.);
#2234 = CIRCLE('',#2235,1.6);
#2235 = AXIS2_PLACEMENT_3D('',#2236,#2237,#2238);
#2236 = CARTESIAN_POINT('',(40.,20.,3.4));
#2237 = DIRECTION('',(0.,0.,1.));
#2238 = DIRECTION('',(-1.,0.,0.));
#2239 = CYLINDRICAL_SURFACE('',#2240,1.6);
#2240 = AXIS2_PLACEMENT_3D('',#2241,#2242,#2243);
#2241 = CARTESIAN_POINT('',(40.,20.,3.));
#2242 = DIRECTION('',(0.,0.,1.));
#2243 = DIRECTION('',(-1.,0.,0.));
#2244 = ADVANCED_FACE('',(#2245),#2251,.F.);
#2245 = FACE_BOUND('',#2246,.T.);
#2246 = EDGE_LOOP('',(#2247,#2248,#2249,#2250));
#2247 = ORIENTED_EDGE('',*,*,#1671,.F.);
#2248 = ORIENTED_EDGE('',*,*,#1971,.T.);
#2249 = ORIENTED_EDGE('',*,*,#1722,.T.);
#2250 = ORIENTED_EDGE('',*,*,#1698,.T.);
#2251 = CYLINDRICAL_SURFACE('',#2252,3.);
#2252 = AXIS2_PLACEMENT_3D('',#2253,#2254,#2255);
#2253 = CARTESIAN_POINT('',(-7.5,8.,7.));
#2254 = DIRECTION('',(-0.,-0.,-1.));
#2255 = DIRECTION('',(1.,0.,0.));
#2256 = ADVANCED_FACE('',(#2257),#2276,.F.);
#2257 = FACE_BOUND('',#2258,.F.);
#2258 = EDGE_LOOP('',(#2259,#2267,#2274,#2275));
#2259 = ORIENTED_EDGE('',*,*,#2260,.T.);
#2260 = EDGE_CURVE('',#1749,#2261,#2263,.T.);
#2261 = VERTEX_POINT('',#2262);
#2262 = CARTESIAN_POINT('',(-2.3,3.,3.2));
#2263 = LINE('',#2264,#2265);
#2264 = CARTESIAN_POINT('',(-2.3,3.,15.));
#2265 = VECTOR('',#2266,1.);
#2266 = DIRECTION('',(-0.,-0.,-1.));
#2267 = ORIENTED_EDGE('',*,*,#2268,.T.);
#2268 = EDGE_CURVE('',#2261,#2261,#2269,.T.);
#2269 = CIRCLE('',#2270,1.7);
#2270 = AXIS2_PLACEMENT_3D('',#2271,#2272,#2273);
#2271 = CARTESIAN_POINT('',(-4.,3.,3.2));
#2272 = DIRECTION('',(0.,0.,1.));
#2273 = DIRECTION('',(1.,0.,0.));
#2274 = ORIENTED_EDGE('',*,*,#2260,.F.);
#2275 = ORIENTED_EDGE('',*,*,#1748,.F.);
#2276 = CYLINDRICAL_SURFACE('',#2277,1.7);
#2277 = AXIS2_PLACEMENT_3D('',#2278,#2279,#2280);
#2278 = CARTESIAN_POINT('',(-4.,3.,15.));
#2279 = DIRECTION('',(0.,0.,1.));
#2280 = DIRECTION('',(1.,0.,0.));
#2281 = ADVANCED_FACE('',(#2282),#2288,.F.);
#2282 = FACE_BOUND('',#2283,.F.);
#2283 = EDGE_LOOP('',(#2284,#2285,#2286,#2287));
#2284 = ORIENTED_EDGE('',*,*,#1995,.T.);
#2285 = ORIENTED_EDGE('',*,*,#2034,.T.);
#2286 = ORIENTED_EDGE('',*,*,#2010,.F.);
#2287 = ORIENTED_EDGE('',*,*,#1838,.F.);
#2288 = CYLINDRICAL_SURFACE('',#2289,3.);
#2289 = AXIS2_PLACEMENT_3D('',#2290,#2291,#2292);
#2290 = CARTESIAN_POINT('',(-7.5,-8.,7.));
#2291 = DIRECTION('',(0.,0.,1.));
#2292 = DIRECTION('',(1.,0.,0.));
#2293 = ADVANCED_FACE('',(#2294),#2305,.F.);
#2294 = FACE_BOUND('',#2295,.T.);
#2295 = EDGE_LOOP('',(#2296,#2297,#2298,#2304));
#2296 = ORIENTED_EDGE('',*,*,#1954,.T.);
#2297 = ORIENTED_EDGE('',*,*,#1916,.T.);
#2298 = ORIENTED_EDGE('',*,*,#2299,.F.);
#2299 = EDGE_CURVE('',#1796,#1908,#2300,.T.);
#2300 = LINE('',#2301,#2302);
#2301 = CARTESIAN_POINT('',(7.428630196433,-11.09917833484,7.));
#2302 = VECTOR('',#2303,1.);
#2303 = DIRECTION('',(0.,0.,1.));
#2304 = ORIENTED_EDGE('',*,*,#1795,.F.);
#2305 = CYLINDRICAL_SURFACE('',#2306,8.5);
#2306 = AXIS2_PLACEMENT_3D('',#2307,#2308,#2309);
#2307 = CARTESIAN_POINT('',(-1.,-10.,7.));
#2308 = DIRECTION('',(-0.,-0.,-1.));
#2309 = DIRECTION('',(1.,0.,0.));
#2310 = ADVANCED_FACE('',(#2311),#2330,.F.);
#2311 = FACE_BOUND('',#2312,.F.);
#2312 = EDGE_LOOP('',(#2313,#2314,#2315,#2321,#2322,#2327,#2328,#2329));
#2313 = ORIENTED_EDGE('',*,*,#2299,.F.);
#2314 = ORIENTED_EDGE('',*,*,#1804,.F.);
#2315 = ORIENTED_EDGE('',*,*,#2316,.T.);
#2316 = EDGE_CURVE('',#1805,#1891,#2317,.T.);
#2317 = LINE('',#2318,#2319);
#2318 = CARTESIAN_POINT('',(9.333030277982,-5.5,7.));
#2319 = VECTOR('',#2320,1.);
#2320 = DIRECTION('',(0.,0.,1.));
#2321 = ORIENTED_EDGE('',*,*,#1898,.F.);
#2322 = ORIENTED_EDGE('',*,*,#2323,.F.);
#2323 = EDGE_CURVE('',#2070,#1899,#2324,.T.);
#2324 = B_SPLINE_CURVE_WITH_KNOTS('',1,(#2325,#2326),.UNSPECIFIED.,.F.,
  .F.,(2,2),(-3.,8.),.PIECEWISE_BEZIER_KNOTS.);
#2325 = CARTESIAN_POINT('',(10.6,-8.,4.));
#2326 = CARTESIAN_POINT('',(10.6,-8.,15.));
#2327 = ORIENTED_EDGE('',*,*,#2069,.T.);
#2328 = ORIENTED_EDGE('',*,*,#2323,.T.);
#2329 = ORIENTED_EDGE('',*,*,#1907,.F.);
#2330 = CYLINDRICAL_SURFACE('',#2331,3.1);
#2331 = AXIS2_PLACEMENT_3D('',#2332,#2333,#2334);
#2332 = CARTESIAN_POINT('',(7.5,-8.,7.));
#2333 = DIRECTION('',(0.,0.,1.));
#2334 = DIRECTION('',(1.,0.,0.));
#2335 = ADVANCED_FACE('',(#2336),#2342,.F.);
#2336 = FACE_BOUND('',#2337,.F.);
#2337 = EDGE_LOOP('',(#2338,#2339,#2340,#2341));
#2338 = ORIENTED_EDGE('',*,*,#1873,.T.);
#2339 = ORIENTED_EDGE('',*,*,#1890,.T.);
#2340 = ORIENTED_EDGE('',*,*,#2316,.F.);
#2341 = ORIENTED_EDGE('',*,*,#1813,.F.);
#2342 = PLANE('',#2343);
#2343 = AXIS2_PLACEMENT_3D('',#2344,#2345,#2346);
#2344 = CARTESIAN_POINT('',(9.333030277982,-4.5,7.));
#2345 = DIRECTION('',(1.,0.,0.));
#2346 = DIRECTION('',(0.,-1.,0.));
#2347 = ADVANCED_FACE('',(#2348),#2367,.F.);
#2348 = FACE_BOUND('',#2349,.F.);
#2349 = EDGE_LOOP('',(#2350,#2358,#2365,#2366));
#2350 = ORIENTED_EDGE('',*,*,#2351,.T.);
#2351 = EDGE_CURVE('',#1936,#2352,#2354,.T.);
#2352 = VERTEX_POINT('',#2353);
#2353 = CARTESIAN_POINT('',(12.7,-15.,3.2));
#2354 = LINE('',#2355,#2356);
#2355 = CARTESIAN_POINT('',(12.7,-15.,15.));
#2356 = VECTOR('',#2357,1.);
#2357 = DIRECTION('',(-0.,-0.,-1.));
#2358 = ORIENTED_EDGE('',*,*,#2359,.T.);
#2359 = EDGE_CURVE('',#2352,#2352,#2360,.T.);
#2360 = CIRCLE('',#2361,1.7);
#2361 = AXIS2_PLACEMENT_3D('',#2362,#2363,#2364);
#2362 = CARTESIAN_POINT('',(11.,-15.,3.2));
#2363 = DIRECTION('',(0.,0.,1.));
#2364 = DIRECTION('',(1.,0.,0.));
#2365 = ORIENTED_EDGE('',*,*,#2351,.F.);
#2366 = ORIENTED_EDGE('',*,*,#1935,.F.);
#2367 = CYLINDRICAL_SURFACE('',#2368,1.7);
#2368 = AXIS2_PLACEMENT_3D('',#2369,#2370,#2371);
#2369 = CARTESIAN_POINT('',(11.,-15.,15.));
#2370 = DIRECTION('',(0.,0.,1.));
#2371 = DIRECTION('',(1.,0.,0.));
#2372 = ADVANCED_FACE('',(#2373),#2390,.F.);
#2373 = FACE_BOUND('',#2374,.F.);
#2374 = EDGE_LOOP('',(#2375,#2383,#2389));
#2375 = ORIENTED_EDGE('',*,*,#2376,.T.);
#2376 = EDGE_CURVE('',#2197,#2377,#2379,.T.);
#2377 = VERTEX_POINT('',#2378);
#2378 = CARTESIAN_POINT('',(38.4,18.4,3.4));
#2379 = LINE('',#2380,#2381);
#2380 = CARTESIAN_POINT('',(38.4,21.6,3.4));
#2381 = VECTOR('',#2382,1.);
#2382 = DIRECTION('',(0.,-1.,0.));
#2383 = ORIENTED_EDGE('',*,*,#2384,.T.);
#2384 = EDGE_CURVE('',#2377,#2199,#2385,.T.);
#2385 = LINE('',#2386,#2387);
#2386 = CARTESIAN_POINT('',(38.4,18.4,3.4));
#2387 = VECTOR('',#2388,1.);
#2388 = DIRECTION('',(1.,0.,0.));
#2389 = ORIENTED_EDGE('',*,*,#2196,.F.);
#2390 = PLANE('',#2391);
#2391 = AXIS2_PLACEMENT_3D('',#2392,#2393,#2394);
#2392 = CARTESIAN_POINT('',(32.5,20.,3.4));
#2393 = DIRECTION('',(0.,0.,1.));
#2394 = DIRECTION('',(1.,0.,0.));
#2395 = ADVANCED_FACE('',(#2396),#2413,.F.);
#2396 = FACE_BOUND('',#2397,.F.);
#2397 = EDGE_LOOP('',(#2398,#2399,#2407));
#2398 = ORIENTED_EDGE('',*,*,#2233,.F.);
#2399 = ORIENTED_EDGE('',*,*,#2400,.T.);
#2400 = EDGE_CURVE('',#2199,#2401,#2403,.T.);
#2401 = VERTEX_POINT('',#2402);
#2402 = CARTESIAN_POINT('',(41.6,18.4,3.4));
#2403 = LINE('',#2404,#2405);
#2404 = CARTESIAN_POINT('',(38.4,18.4,3.4));
#2405 = VECTOR('',#2406,1.);
#2406 = DIRECTION('',(1.,0.,0.));
#2407 = ORIENTED_EDGE('',*,*,#2408,.T.);
#2408 = EDGE_CURVE('',#2401,#2225,#2409,.T.);
#2409 = LINE('',#2410,#2411);
#2410 = CARTESIAN_POINT('',(41.6,18.4,3.4));
#2411 = VECTOR('',#2412,1.);
#2412 = DIRECTION('',(0.,1.,0.));
#2413 = PLANE('',#2414);
#2414 = AXIS2_PLACEMENT_3D('',#2415,#2416,#2417);
#2415 = CARTESIAN_POINT('',(32.5,20.,3.4));
#2416 = DIRECTION('',(0.,0.,1.));
#2417 = DIRECTION('',(1.,0.,0.));
#2418 = ADVANCED_FACE('',(#2419),#2436,.F.);
#2419 = FACE_BOUND('',#2420,.F.);
#2420 = EDGE_LOOP('',(#2421,#2422,#2430));
#2421 = ORIENTED_EDGE('',*,*,#2224,.F.);
#2422 = ORIENTED_EDGE('',*,*,#2423,.T.);
#2423 = EDGE_CURVE('',#2225,#2424,#2426,.T.);
#2424 = VERTEX_POINT('',#2425);
#2425 = CARTESIAN_POINT('',(41.6,21.6,3.4));
#2426 = LINE('',#2427,#2428);
#2427 = CARTESIAN_POINT('',(41.6,18.4,3.4));
#2428 = VECTOR('',#2429,1.);
#2429 = DIRECTION('',(0.,1.,0.));
#2430 = ORIENTED_EDGE('',*,*,#2431,.T.);
#2431 = EDGE_CURVE('',#2424,#2216,#2432,.T.);
#2432 = LINE('',#2433,#2434);
#2433 = CARTESIAN_POINT('',(41.6,21.6,3.4));
#2434 = VECTOR('',#2435,1.);
#2435 = DIRECTION('',(-1.,0.,0.));
#2436 = PLANE('',#2437);
#2437 = AXIS2_PLACEMENT_3D('',#2438,#2439,#2440);
#2438 = CARTESIAN_POINT('',(32.5,20.,3.4));
#2439 = DIRECTION('',(0.,0.,1.));
#2440 = DIRECTION('',(1.,0.,0.));
#2441 = ADVANCED_FACE('',(#2442),#2459,.F.);
#2442 = FACE_BOUND('',#2443,.F.);
#2443 = EDGE_LOOP('',(#2444,#2452,#2453));
#2444 = ORIENTED_EDGE('',*,*,#2445,.T.);
#2445 = EDGE_CURVE('',#2446,#2197,#2448,.T.);
#2446 = VERTEX_POINT('',#2447);
#2447 = CARTESIAN_POINT('',(38.4,21.6,3.4));
#2448 = LINE('',#2449,#2450);
#2449 = CARTESIAN_POINT('',(38.4,21.6,3.4));
#2450 = VECTOR('',#2451,1.);
#2451 = DIRECTION('',(0.,-1.,0.));
#2452 = ORIENTED_EDGE('',*,*,#2215,.F.);
#2453 = ORIENTED_EDGE('',*,*,#2454,.T.);
#2454 = EDGE_CURVE('',#2216,#2446,#2455,.T.);
#2455 = LINE('',#2456,#2457);
#2456 = CARTESIAN_POINT('',(41.6,21.6,3.4));
#2457 = VECTOR('',#2458,1.);
#2458 = DIRECTION('',(-1.,0.,0.));
#2459 = PLANE('',#2460);
#2460 = AXIS2_PLACEMENT_3D('',#2461,#2462,#2463);
#2461 = CARTESIAN_POINT('',(32.5,20.,3.4));
#2462 = DIRECTION('',(0.,0.,1.));
#2463 = DIRECTION('',(1.,0.,0.));
#2464 = ADVANCED_FACE('',(#2465),#2468,.T.);
#2465 = FACE_BOUND('',#2466,.T.);
#2466 = EDGE_LOOP('',(#2467));
#2467 = ORIENTED_EDGE('',*,*,#2268,.T.);
#2468 = PLANE('',#2469);
#2469 = AXIS2_PLACEMENT_3D('',#2470,#2471,#2472);
#2470 = CARTESIAN_POINT('',(3.5,-6.,3.2));
#2471 = DIRECTION('',(0.,0.,1.));
#2472 = DIRECTION('',(1.,0.,0.));
#2473 = ADVANCED_FACE('',(#2474),#2477,.T.);
#2474 = FACE_BOUND('',#2475,.T.);
#2475 = EDGE_LOOP('',(#2476));
#2476 = ORIENTED_EDGE('',*,*,#2359,.T.);
#2477 = PLANE('',#2478);
#2478 = AXIS2_PLACEMENT_3D('',#2479,#2480,#2481);
#2479 = CARTESIAN_POINT('',(3.5,-6.,3.2));
#2480 = DIRECTION('',(0.,0.,1.));
#2481 = DIRECTION('',(1.,0.,0.));
#2482 = ADVANCED_FACE('',(#2483),#2504,.T.);
#2483 = FACE_BOUND('',#2484,.T.);
#2484 = EDGE_LOOP('',(#2485,#2486,#2487,#2488,#2494,#2495,#2496,#2502,
    #2503));
#2485 = ORIENTED_EDGE('',*,*,#21,.F.);
#2486 = ORIENTED_EDGE('',*,*,#46,.T.);
#2487 = ORIENTED_EDGE('',*,*,#173,.T.);
#2488 = ORIENTED_EDGE('',*,*,#2489,.T.);
#2489 = EDGE_CURVE('',#174,#1593,#2490,.T.);
#2490 = LINE('',#2491,#2492);
#2491 = CARTESIAN_POINT('',(26.6,18.4,-1.606554827662E-15));
#2492 = VECTOR('',#2493,1.);
#2493 = DIRECTION('',(0.,0.,1.));
#2494 = ORIENTED_EDGE('',*,*,#1600,.T.);
#2495 = ORIENTED_EDGE('',*,*,#1615,.T.);
#2496 = ORIENTED_EDGE('',*,*,#2497,.F.);
#2497 = EDGE_CURVE('',#212,#1616,#2498,.T.);
#2498 = LINE('',#2499,#2500);
#2499 = CARTESIAN_POINT('',(26.6,21.6,-1.606554827662E-15));
#2500 = VECTOR('',#2501,1.);
#2501 = DIRECTION('',(0.,0.,1.));
#2502 = ORIENTED_EDGE('',*,*,#219,.T.);
#2503 = ORIENTED_EDGE('',*,*,#55,.F.);
#2504 = PLANE('',#2505);
#2505 = AXIS2_PLACEMENT_3D('',#2506,#2507,#2508);
#2506 = CARTESIAN_POINT('',(26.6,20.,3.164363123941));
#2507 = DIRECTION('',(-1.,0.,1.531429239663E-13));
#2508 = DIRECTION('',(-1.531429239663E-13,0.,-1.));
#2509 = ADVANCED_FACE('',(#2510),#2531,.T.);
#2510 = FACE_BOUND('',#2511,.T.);
#2511 = EDGE_LOOP('',(#2512,#2513,#2519,#2520,#2521,#2527,#2528,#2529,
    #2530));
#2512 = ORIENTED_EDGE('',*,*,#203,.F.);
#2513 = ORIENTED_EDGE('',*,*,#2514,.T.);
#2514 = EDGE_CURVE('',#204,#1638,#2515,.T.);
#2515 = LINE('',#2516,#2517);
#2516 = CARTESIAN_POINT('',(23.4,21.6,-1.606554827662E-15));
#2517 = VECTOR('',#2518,1.);
#2518 = DIRECTION('',(0.,0.,1.));
#2519 = ORIENTED_EDGE('',*,*,#1637,.T.);
#2520 = ORIENTED_EDGE('',*,*,#1516,.T.);
#2521 = ORIENTED_EDGE('',*,*,#2522,.F.);
#2522 = EDGE_CURVE('',#182,#1519,#2523,.T.);
#2523 = LINE('',#2524,#2525);
#2524 = CARTESIAN_POINT('',(23.4,18.4,-1.606554827662E-15));
#2525 = VECTOR('',#2526,1.);
#2526 = DIRECTION('',(0.,0.,1.));
#2527 = ORIENTED_EDGE('',*,*,#189,.F.);
#2528 = ORIENTED_EDGE('',*,*,#149,.F.);
#2529 = ORIENTED_EDGE('',*,*,#236,.T.);
#2530 = ORIENTED_EDGE('',*,*,#72,.T.);
#2531 = PLANE('',#2532);
#2532 = AXIS2_PLACEMENT_3D('',#2533,#2534,#2535);
#2533 = CARTESIAN_POINT('',(23.4,20.,3.164363123941));
#2534 = DIRECTION('',(1.,0.,1.871746848477E-13));
#2535 = DIRECTION('',(-1.871746848477E-13,0.,1.));
#2536 = ADVANCED_FACE('',(#2537),#2544,.T.);
#2537 = FACE_BOUND('',#2538,.T.);
#2538 = EDGE_LOOP('',(#2539,#2540,#2541,#2542,#2543));
#2539 = ORIENTED_EDGE('',*,*,#181,.T.);
#2540 = ORIENTED_EDGE('',*,*,#2522,.T.);
#2541 = ORIENTED_EDGE('',*,*,#1526,.T.);
#2542 = ORIENTED_EDGE('',*,*,#1592,.T.);
#2543 = ORIENTED_EDGE('',*,*,#2489,.F.);
#2544 = PLANE('',#2545);
#2545 = AXIS2_PLACEMENT_3D('',#2546,#2547,#2548);
#2546 = CARTESIAN_POINT('',(25.,18.4,3.3));
#2547 = DIRECTION('',(0.,1.,0.));
#2548 = DIRECTION('',(0.,0.,1.));
#2549 = ADVANCED_FACE('',(#2550),#2567,.T.);
#2550 = FACE_BOUND('',#2551,.T.);
#2551 = EDGE_LOOP('',(#2552,#2553,#2559,#2560,#2561));
#2552 = ORIENTED_EDGE('',*,*,#2160,.T.);
#2553 = ORIENTED_EDGE('',*,*,#2554,.T.);
#2554 = EDGE_CURVE('',#2161,#2377,#2555,.T.);
#2555 = LINE('',#2556,#2557);
#2556 = CARTESIAN_POINT('',(38.4,18.4,-1.606554827662E-15));
#2557 = VECTOR('',#2558,1.);
#2558 = DIRECTION('',(0.,0.,1.));
#2559 = ORIENTED_EDGE('',*,*,#2384,.T.);
#2560 = ORIENTED_EDGE('',*,*,#2400,.T.);
#2561 = ORIENTED_EDGE('',*,*,#2562,.F.);
#2562 = EDGE_CURVE('',#2153,#2401,#2563,.T.);
#2563 = LINE('',#2564,#2565);
#2564 = CARTESIAN_POINT('',(41.6,18.4,-1.606554827662E-15));
#2565 = VECTOR('',#2566,1.);
#2566 = DIRECTION('',(0.,0.,1.));
#2567 = PLANE('',#2568);
#2568 = AXIS2_PLACEMENT_3D('',#2569,#2570,#2571);
#2569 = CARTESIAN_POINT('',(40.,18.4,3.3));
#2570 = DIRECTION('',(0.,1.,0.));
#2571 = DIRECTION('',(0.,0.,1.));
#2572 = ADVANCED_FACE('',(#2573),#2580,.T.);
#2573 = FACE_BOUND('',#2574,.T.);
#2574 = EDGE_LOOP('',(#2575,#2576,#2577,#2578,#2579));
#2575 = ORIENTED_EDGE('',*,*,#211,.T.);
#2576 = ORIENTED_EDGE('',*,*,#2497,.T.);
#2577 = ORIENTED_EDGE('',*,*,#1623,.T.);
#2578 = ORIENTED_EDGE('',*,*,#1646,.T.);
#2579 = ORIENTED_EDGE('',*,*,#2514,.F.);
#2580 = PLANE('',#2581);
#2581 = AXIS2_PLACEMENT_3D('',#2582,#2583,#2584);
#2582 = CARTESIAN_POINT('',(25.,21.6,3.3));
#2583 = DIRECTION('',(-0.,-1.,-0.));
#2584 = DIRECTION('',(0.,0.,-1.));
#2585 = ADVANCED_FACE('',(#2586),#2603,.T.);
#2586 = FACE_BOUND('',#2587,.T.);
#2587 = EDGE_LOOP('',(#2588,#2589,#2595,#2596,#2597));
#2588 = ORIENTED_EDGE('',*,*,#2112,.T.);
#2589 = ORIENTED_EDGE('',*,*,#2590,.T.);
#2590 = EDGE_CURVE('',#2113,#2424,#2591,.T.);
#2591 = LINE('',#2592,#2593);
#2592 = CARTESIAN_POINT('',(41.6,21.6,-1.606554827662E-15));
#2593 = VECTOR('',#2594,1.);
#2594 = DIRECTION('',(0.,0.,1.));
#2595 = ORIENTED_EDGE('',*,*,#2431,.T.);
#2596 = ORIENTED_EDGE('',*,*,#2454,.T.);
#2597 = ORIENTED_EDGE('',*,*,#2598,.F.);
#2598 = EDGE_CURVE('',#2105,#2446,#2599,.T.);
#2599 = LINE('',#2600,#2601);
#2600 = CARTESIAN_POINT('',(38.4,21.6,-1.606554827662E-15));
#2601 = VECTOR('',#2602,1.);
#2602 = DIRECTION('',(0.,0.,1.));
#2603 = PLANE('',#2604);
#2604 = AXIS2_PLACEMENT_3D('',#2605,#2606,#2607);
#2605 = CARTESIAN_POINT('',(40.,21.6,3.3));
#2606 = DIRECTION('',(-0.,-1.,-0.));
#2607 = DIRECTION('',(0.,0.,-1.));
#2608 = ADVANCED_FACE('',(#2609),#2620,.T.);
#2609 = FACE_BOUND('',#2610,.T.);
#2610 = EDGE_LOOP('',(#2611,#2612,#2613,#2614,#2615,#2616,#2617,#2618,
    #2619));
#2611 = ORIENTED_EDGE('',*,*,#2089,.F.);
#2612 = ORIENTED_EDGE('',*,*,#1191,.T.);
#2613 = ORIENTED_EDGE('',*,*,#2152,.T.);
#2614 = ORIENTED_EDGE('',*,*,#2562,.T.);
#2615 = ORIENTED_EDGE('',*,*,#2408,.T.);
#2616 = ORIENTED_EDGE('',*,*,#2423,.T.);
#2617 = ORIENTED_EDGE('',*,*,#2590,.F.);
#2618 = ORIENTED_EDGE('',*,*,#2120,.T.);
#2619 = ORIENTED_EDGE('',*,*,#1210,.F.);
#2620 = PLANE('',#2621);
#2621 = AXIS2_PLACEMENT_3D('',#2622,#2623,#2624);
#2622 = CARTESIAN_POINT('',(41.59999999998,20.000000000024,
    3.164363123941));
#2623 = DIRECTION('',(-1.,7.345859566647E-12,7.073626252369E-11));
#2624 = DIRECTION('',(-7.073626252369E-11,0.,-1.));
#2625 = ADVANCED_FACE('',(#2626),#2637,.T.);
#2626 = FACE_BOUND('',#2627,.T.);
#2627 = EDGE_LOOP('',(#2628,#2629,#2630,#2631,#2632,#2633,#2634,#2635,
    #2636));
#2628 = ORIENTED_EDGE('',*,*,#2104,.F.);
#2629 = ORIENTED_EDGE('',*,*,#2598,.T.);
#2630 = ORIENTED_EDGE('',*,*,#2445,.T.);
#2631 = ORIENTED_EDGE('',*,*,#2376,.T.);
#2632 = ORIENTED_EDGE('',*,*,#2554,.F.);
#2633 = ORIENTED_EDGE('',*,*,#2168,.F.);
#2634 = ORIENTED_EDGE('',*,*,#1264,.F.);
#2635 = ORIENTED_EDGE('',*,*,#2137,.T.);
#2636 = ORIENTED_EDGE('',*,*,#1227,.T.);
#2637 = PLANE('',#2638);
#2638 = AXIS2_PLACEMENT_3D('',#2639,#2640,#2641);
#2639 = CARTESIAN_POINT('',(38.400000000016,19.999999999977,
    3.164363123941));
#2640 = DIRECTION('',(1.,-8.351319530954E-12,5.598950705868E-11));
#2641 = DIRECTION('',(-5.598950705868E-11,0.,1.));
#2642 = ( GEOMETRIC_REPRESENTATION_CONTEXT(3) 
GLOBAL_UNCERTAINTY_ASSIGNED_CONTEXT((#2646)) 
GLOBAL_UNIT_ASSIGNED_CONTEXT((#2643,#2644,#2645)) REPRESENTATION_CONTEXT
('Context #1','3D Context with UNIT and UNCERTAINTY') );
#2643 = ( LENGTH_UNIT() NAMED_UNIT(*) SI_UNIT(.MILLI.,.METRE.) );
#2644 = ( NAMED_UNIT(*) PLANE_ANGLE_UNIT() SI_UNIT($,.RADIAN.) );
#2645 = ( NAMED_UNIT(*) SI_UNIT($,.STERADIAN.) SOLID_ANGLE_UNIT() );
#2646 = UNCERTAINTY_MEASURE_WITH_UNIT(LENGTH_MEASURE(2.E-05),#2643,
  'distance_accuracy_value','confusion accuracy');
#2647 = PRODUCT_RELATED_PRODUCT_CATEGORY('part',$,(#7));
#2648 = MECHANICAL_DESIGN_GEOMETRIC_PRESENTATION_REPRESENTATION('',(
    #2649),#2642);
#2649 = STYLED_ITEM('color',(#2650),#15);
#2650 = PRESENTATION_STYLE_ASSIGNMENT((#2651,#2657));
#2651 = SURFACE_STYLE_USAGE(.BOTH.,#2652);
#2652 = SURFACE_SIDE_STYLE('',(#2653));
#2653 = SURFACE_STYLE_FILL_AREA(#2654);
#2654 = FILL_AREA_STYLE('',(#2655));
#2655 = FILL_AREA_STYLE_COLOUR('',#2656);
#2656 = COLOUR_RGB('',0.596078458879,0.,0.584313743644);
#2657 = CURVE_STYLE('',#2658,POSITIVE_LENGTH_MEASURE(0.1),#2659);
#2658 = DRAUGHTING_PRE_DEFINED_CURVE_FONT('continuous');
#2659 = COLOUR_RGB('',9.803921802644E-02,9.803921802644E-02,
  9.803921802644E-02);
ENDSEC;
END-ISO-10303-21;
