ISO-10303-21;
HEADER;
FILE_DESCRIPTION(('FreeCAD Model'),'2;1');
FILE_NAME('Open CASCADE Shape Model','2026-02-14T10:15:44',(''),(''),
  'Open CASCADE STEP processor 7.9','FreeCAD','Unknown');
FILE_SCHEMA(('AUTOMOTIVE_DESIGN { 1 0 10303 214 1 1 1 1 }'));
ENDSEC;
DATA;
#1 = APPLICATION_PROTOCOL_DEFINITION('international standard',
  'automotive_design',2000,#2);
#2 = APPLICATION_CONTEXT(
  'core data for automotive mechanical design processes');
#3 = SHAPE_DEFINITION_REPRESENTATION(#4,#10);
#4 = PRODUCT_DEFINITION_SHAPE('','',#5);
#5 = PRODUCT_DEFINITION('design','',#6,#9);
#6 = PRODUCT_DEFINITION_FORMATION('','',#7);
#7 = PRODUCT('XYLeft1','XYLeft1','',(#8));
#8 = PRODUCT_CONTEXT('',#2,'mechanical');
#9 = PRODUCT_DEFINITION_CONTEXT('part definition',#2,'design');
#10 = ADVANCED_BREP_SHAPE_REPRESENTATION('',(#11,#15),#3590);
#11 = AXIS2_PLACEMENT_3D('',#12,#13,#14);
#12 = CARTESIAN_POINT('',(0.,0.,0.));
#13 = DIRECTION('',(0.,0.,1.));
#14 = DIRECTION('',(1.,0.,-0.));
#15 = MANIFOLD_SOLID_BREP('',#16);
#16 = CLOSED_SHELL('',(#17,#42,#168,#199,#230,#246,#589,#620,#645,#733,
    #757,#782,#807,#839,#870,#895,#920,#937,#1033,#1129,#1225,#1321,
    #1417,#1453,#1486,#1528,#1551,#1574,#1597,#1680,#1704,#1784,#1808,
    #1833,#1850,#1867,#1929,#1939,#1963,#2018,#2029,#2046,#2108,#2118,
    #2142,#2197,#2208,#2225,#2287,#2297,#2321,#2376,#2387,#2404,#2466,
    #2476,#2500,#2555,#2566,#2583,#2598,#2629,#2645,#2676,#2728,#2745,
    #2762,#2774,#2822,#2870,#2918,#2930,#2978,#3001,#3012,#3028,#3046,
    #3057,#3068,#3091,#3102,#3118,#3136,#3147,#3158,#3181,#3192,#3208,
    #3226,#3237,#3248,#3271,#3282,#3298,#3316,#3327,#3338,#3361,#3384,
    #3407,#3430,#3457,#3484,#3497,#3520,#3533,#3556,#3573));
#17 = ADVANCED_FACE('',(#18),#37,.T.);
#18 = FACE_BOUND('',#19,.T.);
#19 = EDGE_LOOP('',(#20,#30));
#20 = ORIENTED_EDGE('',*,*,#21,.F.);
#21 = EDGE_CURVE('',#22,#24,#26,.T.);
#22 = VERTEX_POINT('',#23);
#23 = CARTESIAN_POINT('',(38.400000000031,22.596632434498,11.));
#24 = VERTEX_POINT('',#25);
#25 = CARTESIAN_POINT('',(38.399999999994,17.403367565494,11.));
#26 = LINE('',#27,#28);
#27 = CARTESIAN_POINT('',(38.400000000036,21.298316217242,11.));
#28 = VECTOR('',#29,1.);
#29 = DIRECTION('',(-9.805892662286E-12,-1.,0.));
#30 = ORIENTED_EDGE('',*,*,#31,.T.);
#31 = EDGE_CURVE('',#22,#24,#32,.T.);
#32 = CIRCLE('',#33,3.05);
#33 = AXIS2_PLACEMENT_3D('',#34,#35,#36);
#34 = CARTESIAN_POINT('',(40.,20.,11.));
#35 = DIRECTION('',(0.,0.,1.));
#36 = DIRECTION('',(1.,0.,0.));
#37 = PLANE('',#38);
#38 = AXIS2_PLACEMENT_3D('',#39,#40,#41);
#39 = CARTESIAN_POINT('',(40.,20.,11.));
#40 = DIRECTION('',(0.,0.,1.));
#41 = DIRECTION('',(1.,0.,0.));
#42 = ADVANCED_FACE('',(#43),#163,.F.);
#43 = FACE_BOUND('',#44,.T.);
#44 = EDGE_LOOP('',(#45,#53,#54,#62,#71,#79,#88,#95,#104,#113,#122,#131,
    #138,#139,#148,#156));
#45 = ORIENTED_EDGE('',*,*,#46,.F.);
#46 = EDGE_CURVE('',#24,#47,#49,.T.);
#47 = VERTEX_POINT('',#48);
#48 = CARTESIAN_POINT('',(38.399999999998,17.403367565501,10.8));
#49 = LINE('',#50,#51);
#50 = CARTESIAN_POINT('',(38.399999999998,17.403367565501,21.));
#51 = VECTOR('',#52,1.);
#52 = DIRECTION('',(-0.,-0.,-1.));
#53 = ORIENTED_EDGE('',*,*,#31,.F.);
#54 = ORIENTED_EDGE('',*,*,#55,.T.);
#55 = EDGE_CURVE('',#22,#56,#58,.T.);
#56 = VERTEX_POINT('',#57);
#57 = CARTESIAN_POINT('',(38.400000000049,22.596632434469,10.8));
#58 = LINE('',#59,#60);
#59 = CARTESIAN_POINT('',(38.400000000049,22.596632434469,21.));
#60 = VECTOR('',#61,1.);
#61 = DIRECTION('',(-0.,-0.,-1.));
#62 = ORIENTED_EDGE('',*,*,#63,.F.);
#63 = EDGE_CURVE('',#64,#56,#66,.T.);
#64 = VERTEX_POINT('',#65);
#65 = CARTESIAN_POINT('',(41.599999999993,22.596632434517,10.8));
#66 = CIRCLE('',#67,3.049999999963);
#67 = AXIS2_PLACEMENT_3D('',#68,#69,#70);
#68 = CARTESIAN_POINT('',(40.00000000006,20.,10.8));
#69 = DIRECTION('',(0.,0.,1.));
#70 = DIRECTION('',(1.,0.,0.));
#71 = ORIENTED_EDGE('',*,*,#72,.F.);
#72 = EDGE_CURVE('',#73,#64,#75,.T.);
#73 = VERTEX_POINT('',#74);
#74 = CARTESIAN_POINT('',(41.599999999994,22.596632434519,11.));
#75 = LINE('',#76,#77);
#76 = CARTESIAN_POINT('',(41.599999999993,22.596632434517,21.));
#77 = VECTOR('',#78,1.);
#78 = DIRECTION('',(-0.,-0.,-1.));
#79 = ORIENTED_EDGE('',*,*,#80,.F.);
#80 = EDGE_CURVE('',#81,#73,#83,.T.);
#81 = VERTEX_POINT('',#82);
#82 = CARTESIAN_POINT('',(43.05,20.,11.));
#83 = CIRCLE('',#84,3.05);
#84 = AXIS2_PLACEMENT_3D('',#85,#86,#87);
#85 = CARTESIAN_POINT('',(40.,20.,11.));
#86 = DIRECTION('',(0.,0.,1.));
#87 = DIRECTION('',(1.,0.,0.));
#88 = ORIENTED_EDGE('',*,*,#89,.F.);
#89 = EDGE_CURVE('',#90,#81,#92,.T.);
#90 = VERTEX_POINT('',#91);
#91 = CARTESIAN_POINT('',(43.05,20.,21.));
#92 = B_SPLINE_CURVE_WITH_KNOTS('',1,(#93,#94),.UNSPECIFIED.,.F.,.F.,(2,
    2),(0.,10.),.PIECEWISE_BEZIER_KNOTS.);
#93 = CARTESIAN_POINT('',(43.05,20.,21.));
#94 = CARTESIAN_POINT('',(43.05,20.,11.));
#95 = ORIENTED_EDGE('',*,*,#96,.T.);
#96 = EDGE_CURVE('',#90,#97,#99,.T.);
#97 = VERTEX_POINT('',#98);
#98 = CARTESIAN_POINT('',(41.599999999993,22.596632434517,21.));
#99 = CIRCLE('',#100,3.05);
#100 = AXIS2_PLACEMENT_3D('',#101,#102,#103);
#101 = CARTESIAN_POINT('',(40.,20.,21.));
#102 = DIRECTION('',(0.,0.,1.));
#103 = DIRECTION('',(1.,0.,0.));
#104 = ORIENTED_EDGE('',*,*,#105,.T.);
#105 = EDGE_CURVE('',#97,#106,#108,.T.);
#106 = VERTEX_POINT('',#107);
#107 = CARTESIAN_POINT('',(38.400000000049,22.596632434469,21.));
#108 = CIRCLE('',#109,3.05);
#109 = AXIS2_PLACEMENT_3D('',#110,#111,#112);
#110 = CARTESIAN_POINT('',(40.,20.,21.));
#111 = DIRECTION('',(0.,0.,1.));
#112 = DIRECTION('',(1.,0.,0.));
#113 = ORIENTED_EDGE('',*,*,#114,.T.);
#114 = EDGE_CURVE('',#106,#115,#117,.T.);
#115 = VERTEX_POINT('',#116);
#116 = CARTESIAN_POINT('',(38.399999999998,17.403367565501,21.));
#117 = CIRCLE('',#118,3.05);
#118 = AXIS2_PLACEMENT_3D('',#119,#120,#121);
#119 = CARTESIAN_POINT('',(40.,20.,21.));
#120 = DIRECTION('',(0.,0.,1.));
#121 = DIRECTION('',(1.,0.,0.));
#122 = ORIENTED_EDGE('',*,*,#123,.T.);
#123 = EDGE_CURVE('',#115,#124,#126,.T.);
#124 = VERTEX_POINT('',#125);
#125 = CARTESIAN_POINT('',(41.599999999948,17.403367565519,21.));
#126 = CIRCLE('',#127,3.05);
#127 = AXIS2_PLACEMENT_3D('',#128,#129,#130);
#128 = CARTESIAN_POINT('',(40.,20.,21.));
#129 = DIRECTION('',(0.,0.,1.));
#130 = DIRECTION('',(1.,0.,0.));
#131 = ORIENTED_EDGE('',*,*,#132,.T.);
#132 = EDGE_CURVE('',#124,#90,#133,.T.);
#133 = CIRCLE('',#134,3.05);
#134 = AXIS2_PLACEMENT_3D('',#135,#136,#137);
#135 = CARTESIAN_POINT('',(40.,20.,21.));
#136 = DIRECTION('',(0.,0.,1.));
#137 = DIRECTION('',(1.,0.,0.));
#138 = ORIENTED_EDGE('',*,*,#89,.T.);
#139 = ORIENTED_EDGE('',*,*,#140,.F.);
#140 = EDGE_CURVE('',#141,#81,#143,.T.);
#141 = VERTEX_POINT('',#142);
#142 = CARTESIAN_POINT('',(41.599999999964,17.403367565493,11.));
#143 = CIRCLE('',#144,3.05);
#144 = AXIS2_PLACEMENT_3D('',#145,#146,#147);
#145 = CARTESIAN_POINT('',(40.,20.,11.));
#146 = DIRECTION('',(0.,0.,1.));
#147 = DIRECTION('',(1.,0.,0.));
#148 = ORIENTED_EDGE('',*,*,#149,.T.);
#149 = EDGE_CURVE('',#141,#150,#152,.T.);
#150 = VERTEX_POINT('',#151);
#151 = CARTESIAN_POINT('',(41.599999999948,17.403367565519,10.8));
#152 = LINE('',#153,#154);
#153 = CARTESIAN_POINT('',(41.599999999948,17.403367565519,21.));
#154 = VECTOR('',#155,1.);
#155 = DIRECTION('',(-0.,-0.,-1.));
#156 = ORIENTED_EDGE('',*,*,#157,.F.);
#157 = EDGE_CURVE('',#47,#150,#158,.T.);
#158 = CIRCLE('',#159,3.049999999962);
#159 = AXIS2_PLACEMENT_3D('',#160,#161,#162);
#160 = CARTESIAN_POINT('',(39.999999999959,20.,10.8));
#161 = DIRECTION('',(0.,0.,1.));
#162 = DIRECTION('',(1.,0.,0.));
#163 = CYLINDRICAL_SURFACE('',#164,3.05);
#164 = AXIS2_PLACEMENT_3D('',#165,#166,#167);
#165 = CARTESIAN_POINT('',(40.,20.,21.));
#166 = DIRECTION('',(-0.,-0.,-1.));
#167 = DIRECTION('',(1.,0.,0.));
#168 = ADVANCED_FACE('',(#169),#194,.T.);
#169 = FACE_BOUND('',#170,.T.);
#170 = EDGE_LOOP('',(#171,#179,#180,#188));
#171 = ORIENTED_EDGE('',*,*,#172,.F.);
#172 = EDGE_CURVE('',#64,#173,#175,.T.);
#173 = VERTEX_POINT('',#174);
#174 = CARTESIAN_POINT('',(41.599999999992,21.6,10.8));
#175 = LINE('',#176,#177);
#176 = CARTESIAN_POINT('',(41.599999999993,22.596632434517,10.8));
#177 = VECTOR('',#178,1.);
#178 = DIRECTION('',(-8.625135669415E-12,-1.,0.));
#179 = ORIENTED_EDGE('',*,*,#63,.T.);
#180 = ORIENTED_EDGE('',*,*,#181,.T.);
#181 = EDGE_CURVE('',#56,#182,#184,.T.);
#182 = VERTEX_POINT('',#183);
#183 = CARTESIAN_POINT('',(38.40000000002,21.6,10.8));
#184 = LINE('',#185,#186);
#185 = CARTESIAN_POINT('',(38.400000000049,22.596632434469,10.8));
#186 = VECTOR('',#187,1.);
#187 = DIRECTION('',(-9.805892662286E-12,-1.,0.));
#188 = ORIENTED_EDGE('',*,*,#189,.T.);
#189 = EDGE_CURVE('',#182,#173,#190,.T.);
#190 = LINE('',#191,#192);
#191 = CARTESIAN_POINT('',(35.449999999975,21.6,10.8));
#192 = VECTOR('',#193,1.);
#193 = DIRECTION('',(1.,0.,0.));
#194 = PLANE('',#195);
#195 = AXIS2_PLACEMENT_3D('',#196,#197,#198);
#196 = CARTESIAN_POINT('',(32.49999999995,20.,10.8));
#197 = DIRECTION('',(0.,0.,1.));
#198 = DIRECTION('',(1.,0.,0.));
#199 = ADVANCED_FACE('',(#200),#225,.T.);
#200 = FACE_BOUND('',#201,.T.);
#201 = EDGE_LOOP('',(#202,#210,#218,#224));
#202 = ORIENTED_EDGE('',*,*,#203,.F.);
#203 = EDGE_CURVE('',#204,#150,#206,.T.);
#204 = VERTEX_POINT('',#205);
#205 = CARTESIAN_POINT('',(41.599999999978,18.4,10.8));
#206 = LINE('',#207,#208);
#207 = CARTESIAN_POINT('',(41.599999999993,22.596632434517,10.8));
#208 = VECTOR('',#209,1.);
#209 = DIRECTION('',(-8.625135669415E-12,-1.,0.));
#210 = ORIENTED_EDGE('',*,*,#211,.T.);
#211 = EDGE_CURVE('',#204,#212,#214,.T.);
#212 = VERTEX_POINT('',#213);
#213 = CARTESIAN_POINT('',(38.400000000004,18.4,10.8));
#214 = LINE('',#215,#216);
#215 = CARTESIAN_POINT('',(37.049999999975,18.4,10.8));
#216 = VECTOR('',#217,1.);
#217 = DIRECTION('',(-1.,0.,0.));
#218 = ORIENTED_EDGE('',*,*,#219,.T.);
#219 = EDGE_CURVE('',#212,#47,#220,.T.);
#220 = LINE('',#221,#222);
#221 = CARTESIAN_POINT('',(38.400000000049,22.596632434469,10.8));
#222 = VECTOR('',#223,1.);
#223 = DIRECTION('',(-9.805892662286E-12,-1.,0.));
#224 = ORIENTED_EDGE('',*,*,#157,.T.);
#225 = PLANE('',#226);
#226 = AXIS2_PLACEMENT_3D('',#227,#228,#229);
#227 = CARTESIAN_POINT('',(32.49999999995,20.,10.8));
#228 = DIRECTION('',(0.,0.,1.));
#229 = DIRECTION('',(1.,0.,0.));
#230 = ADVANCED_FACE('',(#231),#241,.T.);
#231 = FACE_BOUND('',#232,.T.);
#232 = EDGE_LOOP('',(#233,#234,#235));
#233 = ORIENTED_EDGE('',*,*,#140,.T.);
#234 = ORIENTED_EDGE('',*,*,#80,.T.);
#235 = ORIENTED_EDGE('',*,*,#236,.T.);
#236 = EDGE_CURVE('',#73,#141,#237,.T.);
#237 = LINE('',#238,#239);
#238 = CARTESIAN_POINT('',(41.599999999982,21.298316217252,11.));
#239 = VECTOR('',#240,1.);
#240 = DIRECTION('',(-8.625135669415E-12,-1.,0.));
#241 = PLANE('',#242);
#242 = AXIS2_PLACEMENT_3D('',#243,#244,#245);
#243 = CARTESIAN_POINT('',(40.,20.,11.));
#244 = DIRECTION('',(0.,0.,1.));
#245 = DIRECTION('',(1.,0.,0.));
#246 = ADVANCED_FACE('',(#247,#342,#389,#436,#483,#530,#577),#584,.T.);
#247 = FACE_BOUND('',#248,.T.);
#248 = EDGE_LOOP('',(#249,#259,#268,#276,#285,#293,#302,#310,#319,#327,
    #336));
#249 = ORIENTED_EDGE('',*,*,#250,.T.);
#250 = EDGE_CURVE('',#251,#253,#255,.T.);
#251 = VERTEX_POINT('',#252);
#252 = CARTESIAN_POINT('',(15.,10.,21.));
#253 = VERTEX_POINT('',#254);
#254 = CARTESIAN_POINT('',(42.,10.,21.));
#255 = LINE('',#256,#257);
#256 = CARTESIAN_POINT('',(-10.,10.,21.));
#257 = VECTOR('',#258,1.);
#258 = DIRECTION('',(1.,0.,0.));
#259 = ORIENTED_EDGE('',*,*,#260,.T.);
#260 = EDGE_CURVE('',#253,#261,#263,.T.);
#261 = VERTEX_POINT('',#262);
#262 = CARTESIAN_POINT('',(45.,13.,21.));
#263 = CIRCLE('',#264,3.);
#264 = AXIS2_PLACEMENT_3D('',#265,#266,#267);
#265 = CARTESIAN_POINT('',(42.,13.,21.));
#266 = DIRECTION('',(0.,2.22044604925E-16,1.));
#267 = DIRECTION('',(0.,1.,-2.22044604925E-16));
#268 = ORIENTED_EDGE('',*,*,#269,.T.);
#269 = EDGE_CURVE('',#261,#270,#272,.T.);
#270 = VERTEX_POINT('',#271);
#271 = CARTESIAN_POINT('',(45.,27.,21.));
#272 = LINE('',#273,#274);
#273 = CARTESIAN_POINT('',(45.,10.,21.));
#274 = VECTOR('',#275,1.);
#275 = DIRECTION('',(0.,1.,-2.22044604925E-16));
#276 = ORIENTED_EDGE('',*,*,#277,.F.);
#277 = EDGE_CURVE('',#278,#270,#280,.T.);
#278 = VERTEX_POINT('',#279);
#279 = CARTESIAN_POINT('',(42.,30.,21.));
#280 = CIRCLE('',#281,3.);
#281 = AXIS2_PLACEMENT_3D('',#282,#283,#284);
#282 = CARTESIAN_POINT('',(42.,27.,21.));
#283 = DIRECTION('',(0.,-2.22044604925E-16,-1.));
#284 = DIRECTION('',(0.,1.,-2.22044604925E-16));
#285 = ORIENTED_EDGE('',*,*,#286,.F.);
#286 = EDGE_CURVE('',#287,#278,#289,.T.);
#287 = VERTEX_POINT('',#288);
#288 = CARTESIAN_POINT('',(-7.,30.,21.));
#289 = LINE('',#290,#291);
#290 = CARTESIAN_POINT('',(-10.,30.,21.));
#291 = VECTOR('',#292,1.);
#292 = DIRECTION('',(1.,0.,0.));
#293 = ORIENTED_EDGE('',*,*,#294,.T.);
#294 = EDGE_CURVE('',#287,#295,#297,.T.);
#295 = VERTEX_POINT('',#296);
#296 = CARTESIAN_POINT('',(-10.,27.,21.));
#297 = CIRCLE('',#298,3.);
#298 = AXIS2_PLACEMENT_3D('',#299,#300,#301);
#299 = CARTESIAN_POINT('',(-7.,27.,21.));
#300 = DIRECTION('',(-0.,2.22044604925E-16,1.));
#301 = DIRECTION('',(0.,-1.,2.22044604925E-16));
#302 = ORIENTED_EDGE('',*,*,#303,.F.);
#303 = EDGE_CURVE('',#304,#295,#306,.T.);
#304 = VERTEX_POINT('',#305);
#305 = CARTESIAN_POINT('',(-10.,-17.,21.));
#306 = LINE('',#307,#308);
#307 = CARTESIAN_POINT('',(-10.,10.,21.));
#308 = VECTOR('',#309,1.);
#309 = DIRECTION('',(0.,1.,-2.22044604925E-16));
#310 = ORIENTED_EDGE('',*,*,#311,.F.);
#311 = EDGE_CURVE('',#312,#304,#314,.T.);
#312 = VERTEX_POINT('',#313);
#313 = CARTESIAN_POINT('',(-7.,-20.,21.));
#314 = CIRCLE('',#315,3.);
#315 = AXIS2_PLACEMENT_3D('',#316,#317,#318);
#316 = CARTESIAN_POINT('',(-7.,-17.,21.));
#317 = DIRECTION('',(-0.,-0.,-1.));
#318 = DIRECTION('',(0.,-1.,0.));
#319 = ORIENTED_EDGE('',*,*,#320,.T.);
#320 = EDGE_CURVE('',#312,#321,#323,.T.);
#321 = VERTEX_POINT('',#322);
#322 = CARTESIAN_POINT('',(12.,-20.,21.));
#323 = LINE('',#324,#325);
#324 = CARTESIAN_POINT('',(-10.,-20.,21.));
#325 = VECTOR('',#326,1.);
#326 = DIRECTION('',(1.,0.,0.));
#327 = ORIENTED_EDGE('',*,*,#328,.F.);
#328 = EDGE_CURVE('',#329,#321,#331,.T.);
#329 = VERTEX_POINT('',#330);
#330 = CARTESIAN_POINT('',(15.,-17.,21.));
#331 = CIRCLE('',#332,3.);
#332 = AXIS2_PLACEMENT_3D('',#333,#334,#335);
#333 = CARTESIAN_POINT('',(12.,-17.,21.));
#334 = DIRECTION('',(-0.,-0.,-1.));
#335 = DIRECTION('',(0.,-1.,0.));
#336 = ORIENTED_EDGE('',*,*,#337,.T.);
#337 = EDGE_CURVE('',#329,#251,#338,.T.);
#338 = LINE('',#339,#340);
#339 = CARTESIAN_POINT('',(15.,-20.,21.));
#340 = VECTOR('',#341,1.);
#341 = DIRECTION('',(0.,1.,0.));
#342 = FACE_BOUND('',#343,.T.);
#343 = EDGE_LOOP('',(#344,#355,#364,#373,#382));
#344 = ORIENTED_EDGE('',*,*,#345,.F.);
#345 = EDGE_CURVE('',#346,#348,#350,.T.);
#346 = VERTEX_POINT('',#347);
#347 = CARTESIAN_POINT('',(3.5,-10.,21.));
#348 = VERTEX_POINT('',#349);
#349 = CARTESIAN_POINT('',(1.5,-6.258342613226,21.));
#350 = CIRCLE('',#351,4.5);
#351 = AXIS2_PLACEMENT_3D('',#352,#353,#354);
#352 = CARTESIAN_POINT('',(-1.,-10.,21.));
#353 = DIRECTION('',(0.,0.,1.));
#354 = DIRECTION('',(1.,0.,0.));
#355 = ORIENTED_EDGE('',*,*,#356,.F.);
#356 = EDGE_CURVE('',#357,#346,#359,.T.);
#357 = VERTEX_POINT('',#358);
#358 = CARTESIAN_POINT('',(1.500000000022,-13.74165738671,21.));
#359 = CIRCLE('',#360,4.5);
#360 = AXIS2_PLACEMENT_3D('',#361,#362,#363);
#361 = CARTESIAN_POINT('',(-1.,-10.,21.));
#362 = DIRECTION('',(0.,0.,1.));
#363 = DIRECTION('',(1.,0.,0.));
#364 = ORIENTED_EDGE('',*,*,#365,.F.);
#365 = EDGE_CURVE('',#366,#357,#368,.T.);
#366 = VERTEX_POINT('',#367);
#367 = CARTESIAN_POINT('',(-3.499999999933,-13.74165738676,21.));
#368 = CIRCLE('',#369,4.5);
#369 = AXIS2_PLACEMENT_3D('',#370,#371,#372);
#370 = CARTESIAN_POINT('',(-1.,-10.,21.));
#371 = DIRECTION('',(0.,0.,1.));
#372 = DIRECTION('',(1.,0.,0.));
#373 = ORIENTED_EDGE('',*,*,#374,.F.);
#374 = EDGE_CURVE('',#375,#366,#377,.T.);
#375 = VERTEX_POINT('',#376);
#376 = CARTESIAN_POINT('',(-3.5,-6.258342613226,21.));
#377 = CIRCLE('',#378,4.5);
#378 = AXIS2_PLACEMENT_3D('',#379,#380,#381);
#379 = CARTESIAN_POINT('',(-1.,-10.,21.));
#380 = DIRECTION('',(0.,0.,1.));
#381 = DIRECTION('',(1.,0.,0.));
#382 = ORIENTED_EDGE('',*,*,#383,.F.);
#383 = EDGE_CURVE('',#348,#375,#384,.T.);
#384 = CIRCLE('',#385,4.5);
#385 = AXIS2_PLACEMENT_3D('',#386,#387,#388);
#386 = CARTESIAN_POINT('',(-1.,-10.,21.));
#387 = DIRECTION('',(0.,0.,1.));
#388 = DIRECTION('',(1.,0.,0.));
#389 = FACE_BOUND('',#390,.T.);
#390 = EDGE_LOOP('',(#391,#402,#411,#420,#429));
#391 = ORIENTED_EDGE('',*,*,#392,.F.);
#392 = EDGE_CURVE('',#393,#395,#397,.T.);
#393 = VERTEX_POINT('',#394);
#394 = CARTESIAN_POINT('',(14.05,-15.,21.));
#395 = VERTEX_POINT('',#396);
#396 = CARTESIAN_POINT('',(12.6,-12.40336756548,21.));
#397 = CIRCLE('',#398,3.05);
#398 = AXIS2_PLACEMENT_3D('',#399,#400,#401);
#399 = CARTESIAN_POINT('',(11.,-15.,21.));
#400 = DIRECTION('',(0.,0.,1.));
#401 = DIRECTION('',(1.,0.,0.));
#402 = ORIENTED_EDGE('',*,*,#403,.F.);
#403 = EDGE_CURVE('',#404,#393,#406,.T.);
#404 = VERTEX_POINT('',#405);
#405 = CARTESIAN_POINT('',(12.6,-17.59663243452,21.));
#406 = CIRCLE('',#407,3.05);
#407 = AXIS2_PLACEMENT_3D('',#408,#409,#410);
#408 = CARTESIAN_POINT('',(11.,-15.,21.));
#409 = DIRECTION('',(0.,0.,1.));
#410 = DIRECTION('',(1.,0.,0.));
#411 = ORIENTED_EDGE('',*,*,#412,.F.);
#412 = EDGE_CURVE('',#413,#404,#415,.T.);
#413 = VERTEX_POINT('',#414);
#414 = CARTESIAN_POINT('',(9.4,-17.59663243452,21.));
#415 = CIRCLE('',#416,3.05);
#416 = AXIS2_PLACEMENT_3D('',#417,#418,#419);
#417 = CARTESIAN_POINT('',(11.,-15.,21.));
#418 = DIRECTION('',(0.,0.,1.));
#419 = DIRECTION('',(1.,0.,0.));
#420 = ORIENTED_EDGE('',*,*,#421,.F.);
#421 = EDGE_CURVE('',#422,#413,#424,.T.);
#422 = VERTEX_POINT('',#423);
#423 = CARTESIAN_POINT('',(9.4,-12.40336756548,21.));
#424 = CIRCLE('',#425,3.05);
#425 = AXIS2_PLACEMENT_3D('',#426,#427,#428);
#426 = CARTESIAN_POINT('',(11.,-15.,21.));
#427 = DIRECTION('',(0.,0.,1.));
#428 = DIRECTION('',(1.,0.,0.));
#429 = ORIENTED_EDGE('',*,*,#430,.F.);
#430 = EDGE_CURVE('',#395,#422,#431,.T.);
#431 = CIRCLE('',#432,3.05);
#432 = AXIS2_PLACEMENT_3D('',#433,#434,#435);
#433 = CARTESIAN_POINT('',(11.,-15.,21.));
#434 = DIRECTION('',(0.,0.,1.));
#435 = DIRECTION('',(1.,0.,0.));
#436 = FACE_BOUND('',#437,.T.);
#437 = EDGE_LOOP('',(#438,#449,#458,#467,#476));
#438 = ORIENTED_EDGE('',*,*,#439,.F.);
#439 = EDGE_CURVE('',#440,#442,#444,.T.);
#440 = VERTEX_POINT('',#441);
#441 = CARTESIAN_POINT('',(-0.95,3.,21.));
#442 = VERTEX_POINT('',#443);
#443 = CARTESIAN_POINT('',(-2.4,5.59663243452,21.));
#444 = CIRCLE('',#445,3.05);
#445 = AXIS2_PLACEMENT_3D('',#446,#447,#448);
#446 = CARTESIAN_POINT('',(-4.,3.,21.));
#447 = DIRECTION('',(0.,0.,1.));
#448 = DIRECTION('',(1.,0.,0.));
#449 = ORIENTED_EDGE('',*,*,#450,.F.);
#450 = EDGE_CURVE('',#451,#440,#453,.T.);
#451 = VERTEX_POINT('',#452);
#452 = CARTESIAN_POINT('',(-2.4,0.40336756548,21.));
#453 = CIRCLE('',#454,3.05);
#454 = AXIS2_PLACEMENT_3D('',#455,#456,#457);
#455 = CARTESIAN_POINT('',(-4.,3.,21.));
#456 = DIRECTION('',(0.,0.,1.));
#457 = DIRECTION('',(1.,0.,0.));
#458 = ORIENTED_EDGE('',*,*,#459,.F.);
#459 = EDGE_CURVE('',#460,#451,#462,.T.);
#460 = VERTEX_POINT('',#461);
#461 = CARTESIAN_POINT('',(-5.6,0.40336756548,21.));
#462 = CIRCLE('',#463,3.05);
#463 = AXIS2_PLACEMENT_3D('',#464,#465,#466);
#464 = CARTESIAN_POINT('',(-4.,3.,21.));
#465 = DIRECTION('',(0.,0.,1.));
#466 = DIRECTION('',(1.,0.,0.));
#467 = ORIENTED_EDGE('',*,*,#468,.F.);
#468 = EDGE_CURVE('',#469,#460,#471,.T.);
#469 = VERTEX_POINT('',#470);
#470 = CARTESIAN_POINT('',(-5.6,5.59663243452,21.));
#471 = CIRCLE('',#472,3.05);
#472 = AXIS2_PLACEMENT_3D('',#473,#474,#475);
#473 = CARTESIAN_POINT('',(-4.,3.,21.));
#474 = DIRECTION('',(0.,0.,1.));
#475 = DIRECTION('',(1.,0.,0.));
#476 = ORIENTED_EDGE('',*,*,#477,.F.);
#477 = EDGE_CURVE('',#442,#469,#478,.T.);
#478 = CIRCLE('',#479,3.05);
#479 = AXIS2_PLACEMENT_3D('',#480,#481,#482);
#480 = CARTESIAN_POINT('',(-4.,3.,21.));
#481 = DIRECTION('',(0.,0.,1.));
#482 = DIRECTION('',(1.,0.,0.));
#483 = FACE_BOUND('',#484,.T.);
#484 = EDGE_LOOP('',(#485,#496,#505,#514,#523));
#485 = ORIENTED_EDGE('',*,*,#486,.F.);
#486 = EDGE_CURVE('',#487,#489,#491,.T.);
#487 = VERTEX_POINT('',#488);
#488 = CARTESIAN_POINT('',(11.5,4.,21.));
#489 = VERTEX_POINT('',#490);
#490 = CARTESIAN_POINT('',(9.5,7.741657386774,21.));
#491 = CIRCLE('',#492,4.5);
#492 = AXIS2_PLACEMENT_3D('',#493,#494,#495);
#493 = CARTESIAN_POINT('',(7.,4.,21.));
#494 = DIRECTION('',(0.,0.,1.));
#495 = DIRECTION('',(1.,0.,0.));
#496 = ORIENTED_EDGE('',*,*,#497,.F.);
#497 = EDGE_CURVE('',#498,#487,#500,.T.);
#498 = VERTEX_POINT('',#499);
#499 = CARTESIAN_POINT('',(9.5,0.258342613226,21.));
#500 = CIRCLE('',#501,4.5);
#501 = AXIS2_PLACEMENT_3D('',#502,#503,#504);
#502 = CARTESIAN_POINT('',(7.,4.,21.));
#503 = DIRECTION('',(0.,0.,1.));
#504 = DIRECTION('',(1.,0.,0.));
#505 = ORIENTED_EDGE('',*,*,#506,.F.);
#506 = EDGE_CURVE('',#507,#498,#509,.T.);
#507 = VERTEX_POINT('',#508);
#508 = CARTESIAN_POINT('',(4.5,0.258342613226,21.));
#509 = CIRCLE('',#510,4.5);
#510 = AXIS2_PLACEMENT_3D('',#511,#512,#513);
#511 = CARTESIAN_POINT('',(7.,4.,21.));
#512 = DIRECTION('',(0.,0.,1.));
#513 = DIRECTION('',(1.,0.,0.));
#514 = ORIENTED_EDGE('',*,*,#515,.F.);
#515 = EDGE_CURVE('',#516,#507,#518,.T.);
#516 = VERTEX_POINT('',#517);
#517 = CARTESIAN_POINT('',(4.5,7.741657386774,21.));
#518 = CIRCLE('',#519,4.5);
#519 = AXIS2_PLACEMENT_3D('',#520,#521,#522);
#520 = CARTESIAN_POINT('',(7.,4.,21.));
#521 = DIRECTION('',(0.,0.,1.));
#522 = DIRECTION('',(1.,0.,0.));
#523 = ORIENTED_EDGE('',*,*,#524,.F.);
#524 = EDGE_CURVE('',#489,#516,#525,.T.);
#525 = CIRCLE('',#526,4.5);
#526 = AXIS2_PLACEMENT_3D('',#527,#528,#529);
#527 = CARTESIAN_POINT('',(7.,4.,21.));
#528 = DIRECTION('',(0.,0.,1.));
#529 = DIRECTION('',(1.,0.,0.));
#530 = FACE_BOUND('',#531,.T.);
#531 = EDGE_LOOP('',(#532,#543,#552,#561,#570));
#532 = ORIENTED_EDGE('',*,*,#533,.F.);
#533 = EDGE_CURVE('',#534,#536,#538,.T.);
#534 = VERTEX_POINT('',#535);
#535 = CARTESIAN_POINT('',(28.05,20.,21.));
#536 = VERTEX_POINT('',#537);
#537 = CARTESIAN_POINT('',(26.6,22.59663243452,21.));
#538 = CIRCLE('',#539,3.05);
#539 = AXIS2_PLACEMENT_3D('',#540,#541,#542);
#540 = CARTESIAN_POINT('',(25.,20.,21.));
#541 = DIRECTION('',(0.,0.,1.));
#542 = DIRECTION('',(1.,0.,0.));
#543 = ORIENTED_EDGE('',*,*,#544,.F.);
#544 = EDGE_CURVE('',#545,#534,#547,.T.);
#545 = VERTEX_POINT('',#546);
#546 = CARTESIAN_POINT('',(26.6,17.40336756548,21.));
#547 = CIRCLE('',#548,3.05);
#548 = AXIS2_PLACEMENT_3D('',#549,#550,#551);
#549 = CARTESIAN_POINT('',(25.,20.,21.));
#550 = DIRECTION('',(0.,0.,1.));
#551 = DIRECTION('',(1.,0.,0.));
#552 = ORIENTED_EDGE('',*,*,#553,.F.);
#553 = EDGE_CURVE('',#554,#545,#556,.T.);
#554 = VERTEX_POINT('',#555);
#555 = CARTESIAN_POINT('',(23.4,17.40336756548,21.));
#556 = CIRCLE('',#557,3.05);
#557 = AXIS2_PLACEMENT_3D('',#558,#559,#560);
#558 = CARTESIAN_POINT('',(25.,20.,21.));
#559 = DIRECTION('',(0.,0.,1.));
#560 = DIRECTION('',(1.,0.,0.));
#561 = ORIENTED_EDGE('',*,*,#562,.F.);
#562 = EDGE_CURVE('',#563,#554,#565,.T.);
#563 = VERTEX_POINT('',#564);
#564 = CARTESIAN_POINT('',(23.4,22.59663243452,21.));
#565 = CIRCLE('',#566,3.05);
#566 = AXIS2_PLACEMENT_3D('',#567,#568,#569);
#567 = CARTESIAN_POINT('',(25.,20.,21.));
#568 = DIRECTION('',(0.,0.,1.));
#569 = DIRECTION('',(1.,0.,0.));
#570 = ORIENTED_EDGE('',*,*,#571,.F.);
#571 = EDGE_CURVE('',#536,#563,#572,.T.);
#572 = CIRCLE('',#573,3.05);
#573 = AXIS2_PLACEMENT_3D('',#574,#575,#576);
#574 = CARTESIAN_POINT('',(25.,20.,21.));
#575 = DIRECTION('',(0.,0.,1.));
#576 = DIRECTION('',(1.,0.,0.));
#577 = FACE_BOUND('',#578,.T.);
#578 = EDGE_LOOP('',(#579,#580,#581,#582,#583));
#579 = ORIENTED_EDGE('',*,*,#96,.F.);
#580 = ORIENTED_EDGE('',*,*,#132,.F.);
#581 = ORIENTED_EDGE('',*,*,#123,.F.);
#582 = ORIENTED_EDGE('',*,*,#114,.F.);
#583 = ORIENTED_EDGE('',*,*,#105,.F.);
#584 = PLANE('',#585);
#585 = AXIS2_PLACEMENT_3D('',#586,#587,#588);
#586 = CARTESIAN_POINT('',(13.352919584815,9.67219949389,21.));
#587 = DIRECTION('',(0.,0.,1.));
#588 = DIRECTION('',(1.,0.,0.));
#589 = ADVANCED_FACE('',(#590),#615,.F.);
#590 = FACE_BOUND('',#591,.F.);
#591 = EDGE_LOOP('',(#592,#602,#608,#609));
#592 = ORIENTED_EDGE('',*,*,#593,.T.);
#593 = EDGE_CURVE('',#594,#596,#598,.T.);
#594 = VERTEX_POINT('',#595);
#595 = CARTESIAN_POINT('',(42.,10.,9.));
#596 = VERTEX_POINT('',#597);
#597 = CARTESIAN_POINT('',(15.,10.,9.));
#598 = LINE('',#599,#600);
#599 = CARTESIAN_POINT('',(45.,10.,9.));
#600 = VECTOR('',#601,1.);
#601 = DIRECTION('',(-1.,0.,0.));
#602 = ORIENTED_EDGE('',*,*,#603,.F.);
#603 = EDGE_CURVE('',#251,#596,#604,.T.);
#604 = LINE('',#605,#606);
#605 = CARTESIAN_POINT('',(15.,10.,5.259328271898));
#606 = VECTOR('',#607,1.);
#607 = DIRECTION('',(0.,0.,-1.));
#608 = ORIENTED_EDGE('',*,*,#250,.T.);
#609 = ORIENTED_EDGE('',*,*,#610,.T.);
#610 = EDGE_CURVE('',#253,#594,#611,.T.);
#611 = LINE('',#612,#613);
#612 = CARTESIAN_POINT('',(42.,10.,21.));
#613 = VECTOR('',#614,1.);
#614 = DIRECTION('',(0.,-2.22044604925E-16,-1.));
#615 = PLANE('',#616);
#616 = AXIS2_PLACEMENT_3D('',#617,#618,#619);
#617 = CARTESIAN_POINT('',(17.279411764706,10.,14.720588235294));
#618 = DIRECTION('',(0.,1.,-2.842516848039E-16));
#619 = DIRECTION('',(0.,2.842516848039E-16,1.));
#620 = ADVANCED_FACE('',(#621),#640,.T.);
#621 = FACE_BOUND('',#622,.F.);
#622 = EDGE_LOOP('',(#623,#624,#632,#639));
#623 = ORIENTED_EDGE('',*,*,#260,.T.);
#624 = ORIENTED_EDGE('',*,*,#625,.T.);
#625 = EDGE_CURVE('',#261,#626,#628,.T.);
#626 = VERTEX_POINT('',#627);
#627 = CARTESIAN_POINT('',(45.,13.,9.));
#628 = LINE('',#629,#630);
#629 = CARTESIAN_POINT('',(45.,13.,21.));
#630 = VECTOR('',#631,1.);
#631 = DIRECTION('',(0.,-2.22044604925E-16,-1.));
#632 = ORIENTED_EDGE('',*,*,#633,.F.);
#633 = EDGE_CURVE('',#594,#626,#634,.T.);
#634 = CIRCLE('',#635,3.);
#635 = AXIS2_PLACEMENT_3D('',#636,#637,#638);
#636 = CARTESIAN_POINT('',(42.,13.,9.));
#637 = DIRECTION('',(0.,2.22044604925E-16,1.));
#638 = DIRECTION('',(0.,1.,-2.22044604925E-16));
#639 = ORIENTED_EDGE('',*,*,#610,.F.);
#640 = CYLINDRICAL_SURFACE('',#641,3.);
#641 = AXIS2_PLACEMENT_3D('',#642,#643,#644);
#642 = CARTESIAN_POINT('',(42.,13.,21.));
#643 = DIRECTION('',(0.,-2.22044604925E-16,-1.));
#644 = DIRECTION('',(0.,-1.,2.22044604925E-16));
#645 = ADVANCED_FACE('',(#646),#728,.T.);
#646 = FACE_BOUND('',#647,.T.);
#647 = EDGE_LOOP('',(#648,#656,#664,#672,#680,#688,#696,#704,#712,#720,
    #726,#727));
#648 = ORIENTED_EDGE('',*,*,#649,.F.);
#649 = EDGE_CURVE('',#650,#329,#652,.T.);
#650 = VERTEX_POINT('',#651);
#651 = CARTESIAN_POINT('',(15.,-17.,0.));
#652 = LINE('',#653,#654);
#653 = CARTESIAN_POINT('',(15.,-17.,0.));
#654 = VECTOR('',#655,1.);
#655 = DIRECTION('',(0.,0.,1.));
#656 = ORIENTED_EDGE('',*,*,#657,.T.);
#657 = EDGE_CURVE('',#650,#658,#660,.T.);
#658 = VERTEX_POINT('',#659);
#659 = CARTESIAN_POINT('',(15.,-4.5,0.));
#660 = LINE('',#661,#662);
#661 = CARTESIAN_POINT('',(15.,-20.,0.));
#662 = VECTOR('',#663,1.);
#663 = DIRECTION('',(0.,1.,0.));
#664 = ORIENTED_EDGE('',*,*,#665,.T.);
#665 = EDGE_CURVE('',#658,#666,#668,.T.);
#666 = VERTEX_POINT('',#667);
#667 = CARTESIAN_POINT('',(15.,-4.5,8.));
#668 = LINE('',#669,#670);
#669 = CARTESIAN_POINT('',(15.,-4.5,0.));
#670 = VECTOR('',#671,1.);
#671 = DIRECTION('',(0.,0.,1.));
#672 = ORIENTED_EDGE('',*,*,#673,.T.);
#673 = EDGE_CURVE('',#666,#674,#676,.T.);
#674 = VERTEX_POINT('',#675);
#675 = CARTESIAN_POINT('',(15.,8.821825380496,8.));
#676 = LINE('',#677,#678);
#677 = CARTESIAN_POINT('',(15.,-20.,8.));
#678 = VECTOR('',#679,1.);
#679 = DIRECTION('',(0.,1.,0.));
#680 = ORIENTED_EDGE('',*,*,#681,.F.);
#681 = EDGE_CURVE('',#682,#674,#684,.T.);
#682 = VERTEX_POINT('',#683);
#683 = CARTESIAN_POINT('',(15.,8.821825380496,0.));
#684 = LINE('',#685,#686);
#685 = CARTESIAN_POINT('',(15.,8.821825380496,0.));
#686 = VECTOR('',#687,1.);
#687 = DIRECTION('',(0.,0.,1.));
#688 = ORIENTED_EDGE('',*,*,#689,.F.);
#689 = EDGE_CURVE('',#690,#682,#692,.T.);
#690 = VERTEX_POINT('',#691);
#691 = CARTESIAN_POINT('',(15.,10.,0.));
#692 = LINE('',#693,#694);
#693 = CARTESIAN_POINT('',(15.,20.,0.));
#694 = VECTOR('',#695,1.);
#695 = DIRECTION('',(0.,-1.,0.));
#696 = ORIENTED_EDGE('',*,*,#697,.F.);
#697 = EDGE_CURVE('',#698,#690,#700,.T.);
#698 = VERTEX_POINT('',#699);
#699 = CARTESIAN_POINT('',(15.,10.,8.));
#700 = LINE('',#701,#702);
#701 = CARTESIAN_POINT('',(15.,10.,5.259328271898));
#702 = VECTOR('',#703,1.);
#703 = DIRECTION('',(0.,0.,-1.));
#704 = ORIENTED_EDGE('',*,*,#705,.T.);
#705 = EDGE_CURVE('',#698,#706,#708,.T.);
#706 = VERTEX_POINT('',#707);
#707 = CARTESIAN_POINT('',(15.,30.,8.));
#708 = LINE('',#709,#710);
#709 = CARTESIAN_POINT('',(15.,10.,8.));
#710 = VECTOR('',#711,1.);
#711 = DIRECTION('',(0.,1.,-2.22044604925E-16));
#712 = ORIENTED_EDGE('',*,*,#713,.F.);
#713 = EDGE_CURVE('',#714,#706,#716,.T.);
#714 = VERTEX_POINT('',#715);
#715 = CARTESIAN_POINT('',(15.,30.,9.));
#716 = LINE('',#717,#718);
#717 = CARTESIAN_POINT('',(15.,30.,9.));
#718 = VECTOR('',#719,1.);
#719 = DIRECTION('',(0.,-2.22044604925E-16,-1.));
#720 = ORIENTED_EDGE('',*,*,#721,.F.);
#721 = EDGE_CURVE('',#596,#714,#722,.T.);
#722 = LINE('',#723,#724);
#723 = CARTESIAN_POINT('',(15.,10.,9.));
#724 = VECTOR('',#725,1.);
#725 = DIRECTION('',(0.,1.,-2.22044604925E-16));
#726 = ORIENTED_EDGE('',*,*,#603,.F.);
#727 = ORIENTED_EDGE('',*,*,#337,.F.);
#728 = PLANE('',#729);
#729 = AXIS2_PLACEMENT_3D('',#730,#731,#732);
#730 = CARTESIAN_POINT('',(15.,3.411675020026,9.990622388447));
#731 = DIRECTION('',(1.,0.,0.));
#732 = DIRECTION('',(0.,0.,1.));
#733 = ADVANCED_FACE('',(#734),#752,.F.);
#734 = FACE_BOUND('',#735,.F.);
#735 = EDGE_LOOP('',(#736,#737,#745,#751));
#736 = ORIENTED_EDGE('',*,*,#269,.T.);
#737 = ORIENTED_EDGE('',*,*,#738,.T.);
#738 = EDGE_CURVE('',#270,#739,#741,.T.);
#739 = VERTEX_POINT('',#740);
#740 = CARTESIAN_POINT('',(45.,27.,9.));
#741 = LINE('',#742,#743);
#742 = CARTESIAN_POINT('',(45.,27.,21.));
#743 = VECTOR('',#744,1.);
#744 = DIRECTION('',(0.,-2.22044604925E-16,-1.));
#745 = ORIENTED_EDGE('',*,*,#746,.F.);
#746 = EDGE_CURVE('',#626,#739,#747,.T.);
#747 = LINE('',#748,#749);
#748 = CARTESIAN_POINT('',(45.,10.,9.));
#749 = VECTOR('',#750,1.);
#750 = DIRECTION('',(0.,1.,-2.22044604925E-16));
#751 = ORIENTED_EDGE('',*,*,#625,.F.);
#752 = PLANE('',#753);
#753 = AXIS2_PLACEMENT_3D('',#754,#755,#756);
#754 = CARTESIAN_POINT('',(45.,10.,21.));
#755 = DIRECTION('',(-1.,0.,0.));
#756 = DIRECTION('',(0.,-2.22044604925E-16,-1.));
#757 = ADVANCED_FACE('',(#758),#777,.T.);
#758 = FACE_BOUND('',#759,.F.);
#759 = EDGE_LOOP('',(#760,#769,#775,#776));
#760 = ORIENTED_EDGE('',*,*,#761,.T.);
#761 = EDGE_CURVE('',#650,#762,#764,.T.);
#762 = VERTEX_POINT('',#763);
#763 = CARTESIAN_POINT('',(12.,-20.,0.));
#764 = CIRCLE('',#765,3.);
#765 = AXIS2_PLACEMENT_3D('',#766,#767,#768);
#766 = CARTESIAN_POINT('',(12.,-17.,0.));
#767 = DIRECTION('',(-0.,-0.,-1.));
#768 = DIRECTION('',(0.,-1.,0.));
#769 = ORIENTED_EDGE('',*,*,#770,.T.);
#770 = EDGE_CURVE('',#762,#321,#771,.T.);
#771 = LINE('',#772,#773);
#772 = CARTESIAN_POINT('',(12.,-20.,0.));
#773 = VECTOR('',#774,1.);
#774 = DIRECTION('',(0.,0.,1.));
#775 = ORIENTED_EDGE('',*,*,#328,.F.);
#776 = ORIENTED_EDGE('',*,*,#649,.F.);
#777 = CYLINDRICAL_SURFACE('',#778,3.);
#778 = AXIS2_PLACEMENT_3D('',#779,#780,#781);
#779 = CARTESIAN_POINT('',(12.,-17.,0.));
#780 = DIRECTION('',(0.,0.,1.));
#781 = DIRECTION('',(1.,0.,0.));
#782 = ADVANCED_FACE('',(#783),#802,.T.);
#783 = FACE_BOUND('',#784,.T.);
#784 = EDGE_LOOP('',(#785,#786,#787,#796));
#785 = ORIENTED_EDGE('',*,*,#277,.T.);
#786 = ORIENTED_EDGE('',*,*,#738,.T.);
#787 = ORIENTED_EDGE('',*,*,#788,.F.);
#788 = EDGE_CURVE('',#789,#739,#791,.T.);
#789 = VERTEX_POINT('',#790);
#790 = CARTESIAN_POINT('',(42.,30.,9.));
#791 = CIRCLE('',#792,3.);
#792 = AXIS2_PLACEMENT_3D('',#793,#794,#795);
#793 = CARTESIAN_POINT('',(42.,27.,9.));
#794 = DIRECTION('',(0.,-2.22044604925E-16,-1.));
#795 = DIRECTION('',(0.,1.,-2.22044604925E-16));
#796 = ORIENTED_EDGE('',*,*,#797,.F.);
#797 = EDGE_CURVE('',#278,#789,#798,.T.);
#798 = LINE('',#799,#800);
#799 = CARTESIAN_POINT('',(42.,30.,21.));
#800 = VECTOR('',#801,1.);
#801 = DIRECTION('',(0.,-2.22044604925E-16,-1.));
#802 = CYLINDRICAL_SURFACE('',#803,3.);
#803 = AXIS2_PLACEMENT_3D('',#804,#805,#806);
#804 = CARTESIAN_POINT('',(42.,27.,21.));
#805 = DIRECTION('',(0.,-2.22044604925E-16,-1.));
#806 = DIRECTION('',(0.,1.,-2.22044604925E-16));
#807 = ADVANCED_FACE('',(#808),#834,.T.);
#808 = FACE_BOUND('',#809,.T.);
#809 = EDGE_LOOP('',(#810,#818,#819,#820,#828));
#810 = ORIENTED_EDGE('',*,*,#811,.T.);
#811 = EDGE_CURVE('',#812,#762,#814,.T.);
#812 = VERTEX_POINT('',#813);
#813 = CARTESIAN_POINT('',(-7.,-20.,0.));
#814 = LINE('',#815,#816);
#815 = CARTESIAN_POINT('',(-7.,-20.,0.));
#816 = VECTOR('',#817,1.);
#817 = DIRECTION('',(1.,0.,0.));
#818 = ORIENTED_EDGE('',*,*,#770,.T.);
#819 = ORIENTED_EDGE('',*,*,#320,.F.);
#820 = ORIENTED_EDGE('',*,*,#821,.F.);
#821 = EDGE_CURVE('',#822,#312,#824,.T.);
#822 = VERTEX_POINT('',#823);
#823 = CARTESIAN_POINT('',(-7.,-20.,8.));
#824 = LINE('',#825,#826);
#825 = CARTESIAN_POINT('',(-7.,-20.,8.));
#826 = VECTOR('',#827,1.);
#827 = DIRECTION('',(0.,0.,1.));
#828 = ORIENTED_EDGE('',*,*,#829,.F.);
#829 = EDGE_CURVE('',#812,#822,#830,.T.);
#830 = LINE('',#831,#832);
#831 = CARTESIAN_POINT('',(-7.,-20.,0.));
#832 = VECTOR('',#833,1.);
#833 = DIRECTION('',(0.,0.,1.));
#834 = PLANE('',#835);
#835 = AXIS2_PLACEMENT_3D('',#836,#837,#838);
#836 = CARTESIAN_POINT('',(2.760869565217,-20.,10.760869565217));
#837 = DIRECTION('',(-0.,-1.,-0.));
#838 = DIRECTION('',(0.,0.,-1.));
#839 = ADVANCED_FACE('',(#840),#865,.T.);
#840 = FACE_BOUND('',#841,.T.);
#841 = EDGE_LOOP('',(#842,#843,#844,#850,#851,#859));
#842 = ORIENTED_EDGE('',*,*,#286,.T.);
#843 = ORIENTED_EDGE('',*,*,#797,.T.);
#844 = ORIENTED_EDGE('',*,*,#845,.T.);
#845 = EDGE_CURVE('',#789,#714,#846,.T.);
#846 = LINE('',#847,#848);
#847 = CARTESIAN_POINT('',(45.,30.,9.));
#848 = VECTOR('',#849,1.);
#849 = DIRECTION('',(-1.,0.,0.));
#850 = ORIENTED_EDGE('',*,*,#713,.T.);
#851 = ORIENTED_EDGE('',*,*,#852,.T.);
#852 = EDGE_CURVE('',#706,#853,#855,.T.);
#853 = VERTEX_POINT('',#854);
#854 = CARTESIAN_POINT('',(-7.,30.,8.));
#855 = LINE('',#856,#857);
#856 = CARTESIAN_POINT('',(15.,30.,8.));
#857 = VECTOR('',#858,1.);
#858 = DIRECTION('',(-1.,0.,0.));
#859 = ORIENTED_EDGE('',*,*,#860,.T.);
#860 = EDGE_CURVE('',#853,#287,#861,.T.);
#861 = LINE('',#862,#863);
#862 = CARTESIAN_POINT('',(-7.,30.,8.));
#863 = VECTOR('',#864,1.);
#864 = DIRECTION('',(0.,2.22044604925E-16,1.));
#865 = PLANE('',#866);
#866 = AXIS2_PLACEMENT_3D('',#867,#868,#869);
#867 = CARTESIAN_POINT('',(17.279411764706,30.,14.720588235294));
#868 = DIRECTION('',(0.,1.,-2.842516848039E-16));
#869 = DIRECTION('',(0.,2.842516848039E-16,1.));
#870 = ADVANCED_FACE('',(#871),#890,.T.);
#871 = FACE_BOUND('',#872,.F.);
#872 = EDGE_LOOP('',(#873,#882,#888,#889));
#873 = ORIENTED_EDGE('',*,*,#874,.T.);
#874 = EDGE_CURVE('',#822,#875,#877,.T.);
#875 = VERTEX_POINT('',#876);
#876 = CARTESIAN_POINT('',(-10.,-17.,8.));
#877 = CIRCLE('',#878,3.);
#878 = AXIS2_PLACEMENT_3D('',#879,#880,#881);
#879 = CARTESIAN_POINT('',(-7.,-17.,8.));
#880 = DIRECTION('',(-0.,-0.,-1.));
#881 = DIRECTION('',(0.,-1.,0.));
#882 = ORIENTED_EDGE('',*,*,#883,.T.);
#883 = EDGE_CURVE('',#875,#304,#884,.T.);
#884 = LINE('',#885,#886);
#885 = CARTESIAN_POINT('',(-10.,-17.,8.));
#886 = VECTOR('',#887,1.);
#887 = DIRECTION('',(0.,0.,1.));
#888 = ORIENTED_EDGE('',*,*,#311,.F.);
#889 = ORIENTED_EDGE('',*,*,#821,.F.);
#890 = CYLINDRICAL_SURFACE('',#891,3.);
#891 = AXIS2_PLACEMENT_3D('',#892,#893,#894);
#892 = CARTESIAN_POINT('',(-7.,-17.,8.));
#893 = DIRECTION('',(0.,0.,1.));
#894 = DIRECTION('',(0.,-1.,0.));
#895 = ADVANCED_FACE('',(#896),#915,.T.);
#896 = FACE_BOUND('',#897,.T.);
#897 = EDGE_LOOP('',(#898,#907,#913,#914));
#898 = ORIENTED_EDGE('',*,*,#899,.T.);
#899 = EDGE_CURVE('',#853,#900,#902,.T.);
#900 = VERTEX_POINT('',#901);
#901 = CARTESIAN_POINT('',(-10.,27.,8.));
#902 = CIRCLE('',#903,3.);
#903 = AXIS2_PLACEMENT_3D('',#904,#905,#906);
#904 = CARTESIAN_POINT('',(-7.,27.,8.));
#905 = DIRECTION('',(-0.,2.22044604925E-16,1.));
#906 = DIRECTION('',(0.,-1.,2.22044604925E-16));
#907 = ORIENTED_EDGE('',*,*,#908,.T.);
#908 = EDGE_CURVE('',#900,#295,#909,.T.);
#909 = LINE('',#910,#911);
#910 = CARTESIAN_POINT('',(-10.,27.,8.));
#911 = VECTOR('',#912,1.);
#912 = DIRECTION('',(0.,2.22044604925E-16,1.));
#913 = ORIENTED_EDGE('',*,*,#294,.F.);
#914 = ORIENTED_EDGE('',*,*,#860,.F.);
#915 = CYLINDRICAL_SURFACE('',#916,3.);
#916 = AXIS2_PLACEMENT_3D('',#917,#918,#919);
#917 = CARTESIAN_POINT('',(-7.,27.,8.));
#918 = DIRECTION('',(0.,2.22044604925E-16,1.));
#919 = DIRECTION('',(0.,1.,-2.22044604925E-16));
#920 = ADVANCED_FACE('',(#921),#932,.T.);
#921 = FACE_BOUND('',#922,.T.);
#922 = EDGE_LOOP('',(#923,#924,#925,#931));
#923 = ORIENTED_EDGE('',*,*,#303,.T.);
#924 = ORIENTED_EDGE('',*,*,#908,.F.);
#925 = ORIENTED_EDGE('',*,*,#926,.F.);
#926 = EDGE_CURVE('',#875,#900,#927,.T.);
#927 = LINE('',#928,#929);
#928 = CARTESIAN_POINT('',(-10.,10.,8.));
#929 = VECTOR('',#930,1.);
#930 = DIRECTION('',(0.,1.,-2.22044604925E-16));
#931 = ORIENTED_EDGE('',*,*,#883,.T.);
#932 = PLANE('',#933);
#933 = AXIS2_PLACEMENT_3D('',#934,#935,#936);
#934 = CARTESIAN_POINT('',(-10.,6.5,14.5));
#935 = DIRECTION('',(-1.,-0.,-0.));
#936 = DIRECTION('',(0.,0.,-1.));
#937 = ADVANCED_FACE('',(#938),#1028,.F.);
#938 = FACE_BOUND('',#939,.T.);
#939 = EDGE_LOOP('',(#940,#950,#959,#967,#976,#984,#993,#998,#999,#1000,
    #1001,#1002,#1003,#1004,#1013,#1021));
#940 = ORIENTED_EDGE('',*,*,#941,.F.);
#941 = EDGE_CURVE('',#942,#944,#946,.T.);
#942 = VERTEX_POINT('',#943);
#943 = CARTESIAN_POINT('',(-3.499999999944,-13.74165738678,18.));
#944 = VERTEX_POINT('',#945);
#945 = CARTESIAN_POINT('',(-3.499999999933,-13.74165738676,17.8));
#946 = LINE('',#947,#948);
#947 = CARTESIAN_POINT('',(-3.499999999933,-13.74165738676,21.));
#948 = VECTOR('',#949,1.);
#949 = DIRECTION('',(-0.,-0.,-1.));
#950 = ORIENTED_EDGE('',*,*,#951,.F.);
#951 = EDGE_CURVE('',#952,#942,#954,.T.);
#952 = VERTEX_POINT('',#953);
#953 = CARTESIAN_POINT('',(-3.5,-6.258342613226,18.));
#954 = CIRCLE('',#955,4.5);
#955 = AXIS2_PLACEMENT_3D('',#956,#957,#958);
#956 = CARTESIAN_POINT('',(-1.,-10.,18.));
#957 = DIRECTION('',(0.,0.,1.));
#958 = DIRECTION('',(1.,0.,0.));
#959 = ORIENTED_EDGE('',*,*,#960,.T.);
#960 = EDGE_CURVE('',#952,#961,#963,.T.);
#961 = VERTEX_POINT('',#962);
#962 = CARTESIAN_POINT('',(-3.5,-6.258342613226,17.8));
#963 = LINE('',#964,#965);
#964 = CARTESIAN_POINT('',(-3.5,-6.258342613226,21.));
#965 = VECTOR('',#966,1.);
#966 = DIRECTION('',(-0.,-0.,-1.));
#967 = ORIENTED_EDGE('',*,*,#968,.F.);
#968 = EDGE_CURVE('',#969,#961,#971,.T.);
#969 = VERTEX_POINT('',#970);
#970 = CARTESIAN_POINT('',(1.5,-6.258342613226,17.8));
#971 = CIRCLE('',#972,4.5);
#972 = AXIS2_PLACEMENT_3D('',#973,#974,#975);
#973 = CARTESIAN_POINT('',(-1.,-10.,17.8));
#974 = DIRECTION('',(0.,0.,1.));
#975 = DIRECTION('',(1.,0.,0.));
#976 = ORIENTED_EDGE('',*,*,#977,.F.);
#977 = EDGE_CURVE('',#978,#969,#980,.T.);
#978 = VERTEX_POINT('',#979);
#979 = CARTESIAN_POINT('',(1.5,-6.258342613226,18.));
#980 = LINE('',#981,#982);
#981 = CARTESIAN_POINT('',(1.5,-6.258342613226,21.));
#982 = VECTOR('',#983,1.);
#983 = DIRECTION('',(-0.,-0.,-1.));
#984 = ORIENTED_EDGE('',*,*,#985,.F.);
#985 = EDGE_CURVE('',#986,#978,#988,.T.);
#986 = VERTEX_POINT('',#987);
#987 = CARTESIAN_POINT('',(3.5,-10.,18.));
#988 = CIRCLE('',#989,4.5);
#989 = AXIS2_PLACEMENT_3D('',#990,#991,#992);
#990 = CARTESIAN_POINT('',(-1.,-10.,18.));
#991 = DIRECTION('',(0.,0.,1.));
#992 = DIRECTION('',(1.,0.,0.));
#993 = ORIENTED_EDGE('',*,*,#994,.F.);
#994 = EDGE_CURVE('',#346,#986,#995,.T.);
#995 = B_SPLINE_CURVE_WITH_KNOTS('',1,(#996,#997),.UNSPECIFIED.,.F.,.F.,
  (2,2),(0.,3.),.PIECEWISE_BEZIER_KNOTS.);
#996 = CARTESIAN_POINT('',(3.5,-10.,21.));
#997 = CARTESIAN_POINT('',(3.5,-10.,18.));
#998 = ORIENTED_EDGE('',*,*,#345,.T.);
#999 = ORIENTED_EDGE('',*,*,#383,.T.);
#1000 = ORIENTED_EDGE('',*,*,#374,.T.);
#1001 = ORIENTED_EDGE('',*,*,#365,.T.);
#1002 = ORIENTED_EDGE('',*,*,#356,.T.);
#1003 = ORIENTED_EDGE('',*,*,#994,.T.);
#1004 = ORIENTED_EDGE('',*,*,#1005,.F.);
#1005 = EDGE_CURVE('',#1006,#986,#1008,.T.);
#1006 = VERTEX_POINT('',#1007);
#1007 = CARTESIAN_POINT('',(1.500000000032,-13.74165738672,18.));
#1008 = CIRCLE('',#1009,4.5);
#1009 = AXIS2_PLACEMENT_3D('',#1010,#1011,#1012);
#1010 = CARTESIAN_POINT('',(-1.,-10.,18.));
#1011 = DIRECTION('',(0.,0.,1.));
#1012 = DIRECTION('',(1.,0.,0.));
#1013 = ORIENTED_EDGE('',*,*,#1014,.T.);
#1014 = EDGE_CURVE('',#1006,#1015,#1017,.T.);
#1015 = VERTEX_POINT('',#1016);
#1016 = CARTESIAN_POINT('',(1.500000000022,-13.74165738671,17.8));
#1017 = LINE('',#1018,#1019);
#1018 = CARTESIAN_POINT('',(1.500000000022,-13.74165738671,21.));
#1019 = VECTOR('',#1020,1.);
#1020 = DIRECTION('',(-0.,-0.,-1.));
#1021 = ORIENTED_EDGE('',*,*,#1022,.F.);
#1022 = EDGE_CURVE('',#944,#1015,#1023,.T.);
#1023 = CIRCLE('',#1024,4.49999999996);
#1024 = AXIS2_PLACEMENT_3D('',#1025,#1026,#1027);
#1025 = CARTESIAN_POINT('',(-0.999999999998,-10.,17.8));
#1026 = DIRECTION('',(0.,0.,1.));
#1027 = DIRECTION('',(1.,0.,0.));
#1028 = CYLINDRICAL_SURFACE('',#1029,4.5);
#1029 = AXIS2_PLACEMENT_3D('',#1030,#1031,#1032);
#1030 = CARTESIAN_POINT('',(-1.,-10.,21.));
#1031 = DIRECTION('',(-0.,-0.,-1.));
#1032 = DIRECTION('',(1.,0.,0.));
#1033 = ADVANCED_FACE('',(#1034),#1124,.F.);
#1034 = FACE_BOUND('',#1035,.T.);
#1035 = EDGE_LOOP('',(#1036,#1046,#1055,#1063,#1072,#1080,#1089,#1094,
    #1095,#1096,#1097,#1098,#1099,#1100,#1109,#1117));
#1036 = ORIENTED_EDGE('',*,*,#1037,.F.);
#1037 = EDGE_CURVE('',#1038,#1040,#1042,.T.);
#1038 = VERTEX_POINT('',#1039);
#1039 = CARTESIAN_POINT('',(9.4,-17.59663243452,18.));
#1040 = VERTEX_POINT('',#1041);
#1041 = CARTESIAN_POINT('',(9.4,-17.59663243452,17.8));
#1042 = LINE('',#1043,#1044);
#1043 = CARTESIAN_POINT('',(9.4,-17.59663243452,21.));
#1044 = VECTOR('',#1045,1.);
#1045 = DIRECTION('',(-0.,-0.,-1.));
#1046 = ORIENTED_EDGE('',*,*,#1047,.F.);
#1047 = EDGE_CURVE('',#1048,#1038,#1050,.T.);
#1048 = VERTEX_POINT('',#1049);
#1049 = CARTESIAN_POINT('',(9.4,-12.40336756548,18.));
#1050 = CIRCLE('',#1051,3.05);
#1051 = AXIS2_PLACEMENT_3D('',#1052,#1053,#1054);
#1052 = CARTESIAN_POINT('',(11.,-15.,18.));
#1053 = DIRECTION('',(0.,0.,1.));
#1054 = DIRECTION('',(1.,0.,0.));
#1055 = ORIENTED_EDGE('',*,*,#1056,.T.);
#1056 = EDGE_CURVE('',#1048,#1057,#1059,.T.);
#1057 = VERTEX_POINT('',#1058);
#1058 = CARTESIAN_POINT('',(9.4,-12.40336756548,17.8));
#1059 = LINE('',#1060,#1061);
#1060 = CARTESIAN_POINT('',(9.4,-12.40336756548,21.));
#1061 = VECTOR('',#1062,1.);
#1062 = DIRECTION('',(-0.,-0.,-1.));
#1063 = ORIENTED_EDGE('',*,*,#1064,.F.);
#1064 = EDGE_CURVE('',#1065,#1057,#1067,.T.);
#1065 = VERTEX_POINT('',#1066);
#1066 = CARTESIAN_POINT('',(12.6,-12.40336756548,17.8));
#1067 = CIRCLE('',#1068,3.05);
#1068 = AXIS2_PLACEMENT_3D('',#1069,#1070,#1071);
#1069 = CARTESIAN_POINT('',(11.,-15.,17.8));
#1070 = DIRECTION('',(0.,0.,1.));
#1071 = DIRECTION('',(1.,0.,0.));
#1072 = ORIENTED_EDGE('',*,*,#1073,.F.);
#1073 = EDGE_CURVE('',#1074,#1065,#1076,.T.);
#1074 = VERTEX_POINT('',#1075);
#1075 = CARTESIAN_POINT('',(12.6,-12.40336756548,18.));
#1076 = LINE('',#1077,#1078);
#1077 = CARTESIAN_POINT('',(12.6,-12.40336756548,21.));
#1078 = VECTOR('',#1079,1.);
#1079 = DIRECTION('',(-0.,-0.,-1.));
#1080 = ORIENTED_EDGE('',*,*,#1081,.F.);
#1081 = EDGE_CURVE('',#1082,#1074,#1084,.T.);
#1082 = VERTEX_POINT('',#1083);
#1083 = CARTESIAN_POINT('',(14.05,-15.,18.));
#1084 = CIRCLE('',#1085,3.05);
#1085 = AXIS2_PLACEMENT_3D('',#1086,#1087,#1088);
#1086 = CARTESIAN_POINT('',(11.,-15.,18.));
#1087 = DIRECTION('',(0.,0.,1.));
#1088 = DIRECTION('',(1.,0.,0.));
#1089 = ORIENTED_EDGE('',*,*,#1090,.F.);
#1090 = EDGE_CURVE('',#393,#1082,#1091,.T.);
#1091 = B_SPLINE_CURVE_WITH_KNOTS('',1,(#1092,#1093),.UNSPECIFIED.,.F.,
  .F.,(2,2),(0.,3.),.PIECEWISE_BEZIER_KNOTS.);
#1092 = CARTESIAN_POINT('',(14.05,-15.,21.));
#1093 = CARTESIAN_POINT('',(14.05,-15.,18.));
#1094 = ORIENTED_EDGE('',*,*,#392,.T.);
#1095 = ORIENTED_EDGE('',*,*,#430,.T.);
#1096 = ORIENTED_EDGE('',*,*,#421,.T.);
#1097 = ORIENTED_EDGE('',*,*,#412,.T.);
#1098 = ORIENTED_EDGE('',*,*,#403,.T.);
#1099 = ORIENTED_EDGE('',*,*,#1090,.T.);
#1100 = ORIENTED_EDGE('',*,*,#1101,.F.);
#1101 = EDGE_CURVE('',#1102,#1082,#1104,.T.);
#1102 = VERTEX_POINT('',#1103);
#1103 = CARTESIAN_POINT('',(12.6,-17.59663243452,18.));
#1104 = CIRCLE('',#1105,3.05);
#1105 = AXIS2_PLACEMENT_3D('',#1106,#1107,#1108);
#1106 = CARTESIAN_POINT('',(11.,-15.,18.));
#1107 = DIRECTION('',(0.,0.,1.));
#1108 = DIRECTION('',(1.,0.,0.));
#1109 = ORIENTED_EDGE('',*,*,#1110,.T.);
#1110 = EDGE_CURVE('',#1102,#1111,#1113,.T.);
#1111 = VERTEX_POINT('',#1112);
#1112 = CARTESIAN_POINT('',(12.6,-17.59663243452,17.8));
#1113 = LINE('',#1114,#1115);
#1114 = CARTESIAN_POINT('',(12.6,-17.59663243452,21.));
#1115 = VECTOR('',#1116,1.);
#1116 = DIRECTION('',(-0.,-0.,-1.));
#1117 = ORIENTED_EDGE('',*,*,#1118,.F.);
#1118 = EDGE_CURVE('',#1040,#1111,#1119,.T.);
#1119 = CIRCLE('',#1120,3.05);
#1120 = AXIS2_PLACEMENT_3D('',#1121,#1122,#1123);
#1121 = CARTESIAN_POINT('',(11.,-15.,17.8));
#1122 = DIRECTION('',(0.,0.,1.));
#1123 = DIRECTION('',(1.,0.,0.));
#1124 = CYLINDRICAL_SURFACE('',#1125,3.05);
#1125 = AXIS2_PLACEMENT_3D('',#1126,#1127,#1128);
#1126 = CARTESIAN_POINT('',(11.,-15.,21.));
#1127 = DIRECTION('',(-0.,-0.,-1.));
#1128 = DIRECTION('',(1.,0.,0.));
#1129 = ADVANCED_FACE('',(#1130),#1220,.F.);
#1130 = FACE_BOUND('',#1131,.T.);
#1131 = EDGE_LOOP('',(#1132,#1142,#1151,#1159,#1168,#1176,#1185,#1190,
    #1191,#1192,#1193,#1194,#1195,#1196,#1205,#1213));
#1132 = ORIENTED_EDGE('',*,*,#1133,.F.);
#1133 = EDGE_CURVE('',#1134,#1136,#1138,.T.);
#1134 = VERTEX_POINT('',#1135);
#1135 = CARTESIAN_POINT('',(-5.6,0.40336756548,18.));
#1136 = VERTEX_POINT('',#1137);
#1137 = CARTESIAN_POINT('',(-5.6,0.40336756548,17.8));
#1138 = LINE('',#1139,#1140);
#1139 = CARTESIAN_POINT('',(-5.6,0.40336756548,21.));
#1140 = VECTOR('',#1141,1.);
#1141 = DIRECTION('',(-0.,-0.,-1.));
#1142 = ORIENTED_EDGE('',*,*,#1143,.F.);
#1143 = EDGE_CURVE('',#1144,#1134,#1146,.T.);
#1144 = VERTEX_POINT('',#1145);
#1145 = CARTESIAN_POINT('',(-5.6,5.59663243452,18.));
#1146 = CIRCLE('',#1147,3.05);
#1147 = AXIS2_PLACEMENT_3D('',#1148,#1149,#1150);
#1148 = CARTESIAN_POINT('',(-4.,3.,18.));
#1149 = DIRECTION('',(0.,0.,1.));
#1150 = DIRECTION('',(1.,0.,0.));
#1151 = ORIENTED_EDGE('',*,*,#1152,.T.);
#1152 = EDGE_CURVE('',#1144,#1153,#1155,.T.);
#1153 = VERTEX_POINT('',#1154);
#1154 = CARTESIAN_POINT('',(-5.6,5.59663243452,17.8));
#1155 = LINE('',#1156,#1157);
#1156 = CARTESIAN_POINT('',(-5.6,5.59663243452,21.));
#1157 = VECTOR('',#1158,1.);
#1158 = DIRECTION('',(-0.,-0.,-1.));
#1159 = ORIENTED_EDGE('',*,*,#1160,.F.);
#1160 = EDGE_CURVE('',#1161,#1153,#1163,.T.);
#1161 = VERTEX_POINT('',#1162);
#1162 = CARTESIAN_POINT('',(-2.4,5.59663243452,17.8));
#1163 = CIRCLE('',#1164,3.05);
#1164 = AXIS2_PLACEMENT_3D('',#1165,#1166,#1167);
#1165 = CARTESIAN_POINT('',(-4.,3.,17.8));
#1166 = DIRECTION('',(0.,0.,1.));
#1167 = DIRECTION('',(1.,0.,0.));
#1168 = ORIENTED_EDGE('',*,*,#1169,.F.);
#1169 = EDGE_CURVE('',#1170,#1161,#1172,.T.);
#1170 = VERTEX_POINT('',#1171);
#1171 = CARTESIAN_POINT('',(-2.4,5.59663243452,18.));
#1172 = LINE('',#1173,#1174);
#1173 = CARTESIAN_POINT('',(-2.4,5.59663243452,21.));
#1174 = VECTOR('',#1175,1.);
#1175 = DIRECTION('',(-0.,-0.,-1.));
#1176 = ORIENTED_EDGE('',*,*,#1177,.F.);
#1177 = EDGE_CURVE('',#1178,#1170,#1180,.T.);
#1178 = VERTEX_POINT('',#1179);
#1179 = CARTESIAN_POINT('',(-0.95,3.,18.));
#1180 = CIRCLE('',#1181,3.05);
#1181 = AXIS2_PLACEMENT_3D('',#1182,#1183,#1184);
#1182 = CARTESIAN_POINT('',(-4.,3.,18.));
#1183 = DIRECTION('',(0.,0.,1.));
#1184 = DIRECTION('',(1.,0.,0.));
#1185 = ORIENTED_EDGE('',*,*,#1186,.F.);
#1186 = EDGE_CURVE('',#440,#1178,#1187,.T.);
#1187 = B_SPLINE_CURVE_WITH_KNOTS('',1,(#1188,#1189),.UNSPECIFIED.,.F.,
  .F.,(2,2),(0.,3.),.PIECEWISE_BEZIER_KNOTS.);
#1188 = CARTESIAN_POINT('',(-0.95,3.,21.));
#1189 = CARTESIAN_POINT('',(-0.95,3.,18.));
#1190 = ORIENTED_EDGE('',*,*,#439,.T.);
#1191 = ORIENTED_EDGE('',*,*,#477,.T.);
#1192 = ORIENTED_EDGE('',*,*,#468,.T.);
#1193 = ORIENTED_EDGE('',*,*,#459,.T.);
#1194 = ORIENTED_EDGE('',*,*,#450,.T.);
#1195 = ORIENTED_EDGE('',*,*,#1186,.T.);
#1196 = ORIENTED_EDGE('',*,*,#1197,.F.);
#1197 = EDGE_CURVE('',#1198,#1178,#1200,.T.);
#1198 = VERTEX_POINT('',#1199);
#1199 = CARTESIAN_POINT('',(-2.4,0.40336756548,18.));
#1200 = CIRCLE('',#1201,3.05);
#1201 = AXIS2_PLACEMENT_3D('',#1202,#1203,#1204);
#1202 = CARTESIAN_POINT('',(-4.,3.,18.));
#1203 = DIRECTION('',(0.,0.,1.));
#1204 = DIRECTION('',(1.,0.,0.));
#1205 = ORIENTED_EDGE('',*,*,#1206,.T.);
#1206 = EDGE_CURVE('',#1198,#1207,#1209,.T.);
#1207 = VERTEX_POINT('',#1208);
#1208 = CARTESIAN_POINT('',(-2.4,0.40336756548,17.8));
#1209 = LINE('',#1210,#1211);
#1210 = CARTESIAN_POINT('',(-2.4,0.40336756548,21.));
#1211 = VECTOR('',#1212,1.);
#1212 = DIRECTION('',(-0.,-0.,-1.));
#1213 = ORIENTED_EDGE('',*,*,#1214,.F.);
#1214 = EDGE_CURVE('',#1136,#1207,#1215,.T.);
#1215 = CIRCLE('',#1216,3.05);
#1216 = AXIS2_PLACEMENT_3D('',#1217,#1218,#1219);
#1217 = CARTESIAN_POINT('',(-4.,3.,17.8));
#1218 = DIRECTION('',(0.,0.,1.));
#1219 = DIRECTION('',(1.,0.,0.));
#1220 = CYLINDRICAL_SURFACE('',#1221,3.05);
#1221 = AXIS2_PLACEMENT_3D('',#1222,#1223,#1224);
#1222 = CARTESIAN_POINT('',(-4.,3.,21.));
#1223 = DIRECTION('',(-0.,-0.,-1.));
#1224 = DIRECTION('',(1.,0.,0.));
#1225 = ADVANCED_FACE('',(#1226),#1316,.F.);
#1226 = FACE_BOUND('',#1227,.T.);
#1227 = EDGE_LOOP('',(#1228,#1238,#1247,#1255,#1264,#1272,#1281,#1286,
    #1287,#1288,#1289,#1290,#1291,#1292,#1301,#1309));
#1228 = ORIENTED_EDGE('',*,*,#1229,.F.);
#1229 = EDGE_CURVE('',#1230,#1232,#1234,.T.);
#1230 = VERTEX_POINT('',#1231);
#1231 = CARTESIAN_POINT('',(4.5,0.258342613226,18.));
#1232 = VERTEX_POINT('',#1233);
#1233 = CARTESIAN_POINT('',(4.5,0.258342613226,17.8));
#1234 = LINE('',#1235,#1236);
#1235 = CARTESIAN_POINT('',(4.5,0.258342613226,21.));
#1236 = VECTOR('',#1237,1.);
#1237 = DIRECTION('',(-0.,-0.,-1.));
#1238 = ORIENTED_EDGE('',*,*,#1239,.F.);
#1239 = EDGE_CURVE('',#1240,#1230,#1242,.T.);
#1240 = VERTEX_POINT('',#1241);
#1241 = CARTESIAN_POINT('',(4.5,7.741657386774,18.));
#1242 = CIRCLE('',#1243,4.5);
#1243 = AXIS2_PLACEMENT_3D('',#1244,#1245,#1246);
#1244 = CARTESIAN_POINT('',(7.,4.,18.));
#1245 = DIRECTION('',(0.,0.,1.));
#1246 = DIRECTION('',(1.,0.,0.));
#1247 = ORIENTED_EDGE('',*,*,#1248,.T.);
#1248 = EDGE_CURVE('',#1240,#1249,#1251,.T.);
#1249 = VERTEX_POINT('',#1250);
#1250 = CARTESIAN_POINT('',(4.5,7.741657386774,17.8));
#1251 = LINE('',#1252,#1253);
#1252 = CARTESIAN_POINT('',(4.5,7.741657386774,21.));
#1253 = VECTOR('',#1254,1.);
#1254 = DIRECTION('',(-0.,-0.,-1.));
#1255 = ORIENTED_EDGE('',*,*,#1256,.F.);
#1256 = EDGE_CURVE('',#1257,#1249,#1259,.T.);
#1257 = VERTEX_POINT('',#1258);
#1258 = CARTESIAN_POINT('',(9.5,7.741657386774,17.8));
#1259 = CIRCLE('',#1260,4.5);
#1260 = AXIS2_PLACEMENT_3D('',#1261,#1262,#1263);
#1261 = CARTESIAN_POINT('',(7.,4.,17.8));
#1262 = DIRECTION('',(0.,0.,1.));
#1263 = DIRECTION('',(1.,0.,0.));
#1264 = ORIENTED_EDGE('',*,*,#1265,.F.);
#1265 = EDGE_CURVE('',#1266,#1257,#1268,.T.);
#1266 = VERTEX_POINT('',#1267);
#1267 = CARTESIAN_POINT('',(9.5,7.741657386774,18.));
#1268 = LINE('',#1269,#1270);
#1269 = CARTESIAN_POINT('',(9.5,7.741657386774,21.));
#1270 = VECTOR('',#1271,1.);
#1271 = DIRECTION('',(-0.,-0.,-1.));
#1272 = ORIENTED_EDGE('',*,*,#1273,.F.);
#1273 = EDGE_CURVE('',#1274,#1266,#1276,.T.);
#1274 = VERTEX_POINT('',#1275);
#1275 = CARTESIAN_POINT('',(11.5,4.,18.));
#1276 = CIRCLE('',#1277,4.5);
#1277 = AXIS2_PLACEMENT_3D('',#1278,#1279,#1280);
#1278 = CARTESIAN_POINT('',(7.,4.,18.));
#1279 = DIRECTION('',(0.,0.,1.));
#1280 = DIRECTION('',(1.,0.,0.));
#1281 = ORIENTED_EDGE('',*,*,#1282,.F.);
#1282 = EDGE_CURVE('',#487,#1274,#1283,.T.);
#1283 = B_SPLINE_CURVE_WITH_KNOTS('',1,(#1284,#1285),.UNSPECIFIED.,.F.,
  .F.,(2,2),(0.,3.),.PIECEWISE_BEZIER_KNOTS.);
#1284 = CARTESIAN_POINT('',(11.5,4.,21.));
#1285 = CARTESIAN_POINT('',(11.5,4.,18.));
#1286 = ORIENTED_EDGE('',*,*,#486,.T.);
#1287 = ORIENTED_EDGE('',*,*,#524,.T.);
#1288 = ORIENTED_EDGE('',*,*,#515,.T.);
#1289 = ORIENTED_EDGE('',*,*,#506,.T.);
#1290 = ORIENTED_EDGE('',*,*,#497,.T.);
#1291 = ORIENTED_EDGE('',*,*,#1282,.T.);
#1292 = ORIENTED_EDGE('',*,*,#1293,.F.);
#1293 = EDGE_CURVE('',#1294,#1274,#1296,.T.);
#1294 = VERTEX_POINT('',#1295);
#1295 = CARTESIAN_POINT('',(9.5,0.258342613226,18.));
#1296 = CIRCLE('',#1297,4.5);
#1297 = AXIS2_PLACEMENT_3D('',#1298,#1299,#1300);
#1298 = CARTESIAN_POINT('',(7.,4.,18.));
#1299 = DIRECTION('',(0.,0.,1.));
#1300 = DIRECTION('',(1.,0.,0.));
#1301 = ORIENTED_EDGE('',*,*,#1302,.T.);
#1302 = EDGE_CURVE('',#1294,#1303,#1305,.T.);
#1303 = VERTEX_POINT('',#1304);
#1304 = CARTESIAN_POINT('',(9.5,0.258342613226,17.8));
#1305 = LINE('',#1306,#1307);
#1306 = CARTESIAN_POINT('',(9.5,0.258342613226,21.));
#1307 = VECTOR('',#1308,1.);
#1308 = DIRECTION('',(-0.,-0.,-1.));
#1309 = ORIENTED_EDGE('',*,*,#1310,.F.);
#1310 = EDGE_CURVE('',#1232,#1303,#1311,.T.);
#1311 = CIRCLE('',#1312,4.5);
#1312 = AXIS2_PLACEMENT_3D('',#1313,#1314,#1315);
#1313 = CARTESIAN_POINT('',(7.,4.,17.8));
#1314 = DIRECTION('',(0.,0.,1.));
#1315 = DIRECTION('',(1.,0.,0.));
#1316 = CYLINDRICAL_SURFACE('',#1317,4.5);
#1317 = AXIS2_PLACEMENT_3D('',#1318,#1319,#1320);
#1318 = CARTESIAN_POINT('',(7.,4.,21.));
#1319 = DIRECTION('',(-0.,-0.,-1.));
#1320 = DIRECTION('',(1.,0.,0.));
#1321 = ADVANCED_FACE('',(#1322),#1412,.F.);
#1322 = FACE_BOUND('',#1323,.T.);
#1323 = EDGE_LOOP('',(#1324,#1334,#1343,#1351,#1360,#1368,#1377,#1382,
    #1383,#1384,#1385,#1386,#1387,#1388,#1397,#1405));
#1324 = ORIENTED_EDGE('',*,*,#1325,.F.);
#1325 = EDGE_CURVE('',#1326,#1328,#1330,.T.);
#1326 = VERTEX_POINT('',#1327);
#1327 = CARTESIAN_POINT('',(23.4,17.40336756548,11.));
#1328 = VERTEX_POINT('',#1329);
#1329 = CARTESIAN_POINT('',(23.4,17.40336756548,10.8));
#1330 = LINE('',#1331,#1332);
#1331 = CARTESIAN_POINT('',(23.4,17.40336756548,21.));
#1332 = VECTOR('',#1333,1.);
#1333 = DIRECTION('',(-0.,-0.,-1.));
#1334 = ORIENTED_EDGE('',*,*,#1335,.F.);
#1335 = EDGE_CURVE('',#1336,#1326,#1338,.T.);
#1336 = VERTEX_POINT('',#1337);
#1337 = CARTESIAN_POINT('',(23.4,22.59663243452,11.));
#1338 = CIRCLE('',#1339,3.05);
#1339 = AXIS2_PLACEMENT_3D('',#1340,#1341,#1342);
#1340 = CARTESIAN_POINT('',(25.,20.,11.));
#1341 = DIRECTION('',(0.,0.,1.));
#1342 = DIRECTION('',(1.,0.,0.));
#1343 = ORIENTED_EDGE('',*,*,#1344,.T.);
#1344 = EDGE_CURVE('',#1336,#1345,#1347,.T.);
#1345 = VERTEX_POINT('',#1346);
#1346 = CARTESIAN_POINT('',(23.4,22.59663243452,10.8));
#1347 = LINE('',#1348,#1349);
#1348 = CARTESIAN_POINT('',(23.4,22.59663243452,21.));
#1349 = VECTOR('',#1350,1.);
#1350 = DIRECTION('',(-0.,-0.,-1.));
#1351 = ORIENTED_EDGE('',*,*,#1352,.F.);
#1352 = EDGE_CURVE('',#1353,#1345,#1355,.T.);
#1353 = VERTEX_POINT('',#1354);
#1354 = CARTESIAN_POINT('',(26.6,22.59663243452,10.8));
#1355 = CIRCLE('',#1356,3.05);
#1356 = AXIS2_PLACEMENT_3D('',#1357,#1358,#1359);
#1357 = CARTESIAN_POINT('',(25.,20.,10.8));
#1358 = DIRECTION('',(0.,0.,1.));
#1359 = DIRECTION('',(1.,0.,0.));
#1360 = ORIENTED_EDGE('',*,*,#1361,.F.);
#1361 = EDGE_CURVE('',#1362,#1353,#1364,.T.);
#1362 = VERTEX_POINT('',#1363);
#1363 = CARTESIAN_POINT('',(26.6,22.59663243452,11.));
#1364 = LINE('',#1365,#1366);
#1365 = CARTESIAN_POINT('',(26.6,22.59663243452,21.));
#1366 = VECTOR('',#1367,1.);
#1367 = DIRECTION('',(-0.,-0.,-1.));
#1368 = ORIENTED_EDGE('',*,*,#1369,.F.);
#1369 = EDGE_CURVE('',#1370,#1362,#1372,.T.);
#1370 = VERTEX_POINT('',#1371);
#1371 = CARTESIAN_POINT('',(28.05,20.,11.));
#1372 = CIRCLE('',#1373,3.05);
#1373 = AXIS2_PLACEMENT_3D('',#1374,#1375,#1376);
#1374 = CARTESIAN_POINT('',(25.,20.,11.));
#1375 = DIRECTION('',(0.,0.,1.));
#1376 = DIRECTION('',(1.,0.,0.));
#1377 = ORIENTED_EDGE('',*,*,#1378,.F.);
#1378 = EDGE_CURVE('',#534,#1370,#1379,.T.);
#1379 = B_SPLINE_CURVE_WITH_KNOTS('',1,(#1380,#1381),.UNSPECIFIED.,.F.,
  .F.,(2,2),(0.,10.),.PIECEWISE_BEZIER_KNOTS.);
#1380 = CARTESIAN_POINT('',(28.05,20.,21.));
#1381 = CARTESIAN_POINT('',(28.05,20.,11.));
#1382 = ORIENTED_EDGE('',*,*,#533,.T.);
#1383 = ORIENTED_EDGE('',*,*,#571,.T.);
#1384 = ORIENTED_EDGE('',*,*,#562,.T.);
#1385 = ORIENTED_EDGE('',*,*,#553,.T.);
#1386 = ORIENTED_EDGE('',*,*,#544,.T.);
#1387 = ORIENTED_EDGE('',*,*,#1378,.T.);
#1388 = ORIENTED_EDGE('',*,*,#1389,.F.);
#1389 = EDGE_CURVE('',#1390,#1370,#1392,.T.);
#1390 = VERTEX_POINT('',#1391);
#1391 = CARTESIAN_POINT('',(26.6,17.40336756548,11.));
#1392 = CIRCLE('',#1393,3.05);
#1393 = AXIS2_PLACEMENT_3D('',#1394,#1395,#1396);
#1394 = CARTESIAN_POINT('',(25.,20.,11.));
#1395 = DIRECTION('',(0.,0.,1.));
#1396 = DIRECTION('',(1.,0.,0.));
#1397 = ORIENTED_EDGE('',*,*,#1398,.T.);
#1398 = EDGE_CURVE('',#1390,#1399,#1401,.T.);
#1399 = VERTEX_POINT('',#1400);
#1400 = CARTESIAN_POINT('',(26.6,17.40336756548,10.8));
#1401 = LINE('',#1402,#1403);
#1402 = CARTESIAN_POINT('',(26.6,17.40336756548,21.));
#1403 = VECTOR('',#1404,1.);
#1404 = DIRECTION('',(-0.,-0.,-1.));
#1405 = ORIENTED_EDGE('',*,*,#1406,.F.);
#1406 = EDGE_CURVE('',#1328,#1399,#1407,.T.);
#1407 = CIRCLE('',#1408,3.05);
#1408 = AXIS2_PLACEMENT_3D('',#1409,#1410,#1411);
#1409 = CARTESIAN_POINT('',(25.,20.,10.8));
#1410 = DIRECTION('',(0.,0.,1.));
#1411 = DIRECTION('',(1.,0.,0.));
#1412 = CYLINDRICAL_SURFACE('',#1413,3.05);
#1413 = AXIS2_PLACEMENT_3D('',#1414,#1415,#1416);
#1414 = CARTESIAN_POINT('',(25.,20.,21.));
#1415 = DIRECTION('',(-0.,-0.,-1.));
#1416 = DIRECTION('',(1.,0.,0.));
#1417 = ADVANCED_FACE('',(#1418,#1426,#1437),#1448,.F.);
#1418 = FACE_BOUND('',#1419,.F.);
#1419 = EDGE_LOOP('',(#1420,#1421,#1422,#1423,#1424,#1425));
#1420 = ORIENTED_EDGE('',*,*,#746,.T.);
#1421 = ORIENTED_EDGE('',*,*,#788,.F.);
#1422 = ORIENTED_EDGE('',*,*,#845,.T.);
#1423 = ORIENTED_EDGE('',*,*,#721,.F.);
#1424 = ORIENTED_EDGE('',*,*,#593,.F.);
#1425 = ORIENTED_EDGE('',*,*,#633,.T.);
#1426 = FACE_BOUND('',#1427,.F.);
#1427 = EDGE_LOOP('',(#1428));
#1428 = ORIENTED_EDGE('',*,*,#1429,.F.);
#1429 = EDGE_CURVE('',#1430,#1430,#1432,.T.);
#1430 = VERTEX_POINT('',#1431);
#1431 = CARTESIAN_POINT('',(41.6,20.,9.));
#1432 = CIRCLE('',#1433,1.6);
#1433 = AXIS2_PLACEMENT_3D('',#1434,#1435,#1436);
#1434 = CARTESIAN_POINT('',(40.,20.,9.));
#1435 = DIRECTION('',(0.,0.,1.));
#1436 = DIRECTION('',(1.,0.,0.));
#1437 = FACE_BOUND('',#1438,.F.);
#1438 = EDGE_LOOP('',(#1439));
#1439 = ORIENTED_EDGE('',*,*,#1440,.F.);
#1440 = EDGE_CURVE('',#1441,#1441,#1443,.T.);
#1441 = VERTEX_POINT('',#1442);
#1442 = CARTESIAN_POINT('',(26.6,20.,9.));
#1443 = CIRCLE('',#1444,1.6);
#1444 = AXIS2_PLACEMENT_3D('',#1445,#1446,#1447);
#1445 = CARTESIAN_POINT('',(25.,20.,9.));
#1446 = DIRECTION('',(0.,0.,1.));
#1447 = DIRECTION('',(1.,0.,0.));
#1448 = PLANE('',#1449);
#1449 = AXIS2_PLACEMENT_3D('',#1450,#1451,#1452);
#1450 = CARTESIAN_POINT('',(45.,10.,9.));
#1451 = DIRECTION('',(0.,2.22044604925E-16,1.));
#1452 = DIRECTION('',(-1.,0.,0.));
#1453 = ADVANCED_FACE('',(#1454),#1481,.T.);
#1454 = FACE_BOUND('',#1455,.T.);
#1455 = EDGE_LOOP('',(#1456,#1467,#1475));
#1456 = ORIENTED_EDGE('',*,*,#1457,.T.);
#1457 = EDGE_CURVE('',#1458,#1460,#1462,.T.);
#1458 = VERTEX_POINT('',#1459);
#1459 = CARTESIAN_POINT('',(40.,18.4,10.6));
#1460 = VERTEX_POINT('',#1461);
#1461 = CARTESIAN_POINT('',(38.4,20.,10.6));
#1462 = CIRCLE('',#1463,1.6);
#1463 = AXIS2_PLACEMENT_3D('',#1464,#1465,#1466);
#1464 = CARTESIAN_POINT('',(40.,20.,10.6));
#1465 = DIRECTION('',(0.,0.,-1.));
#1466 = DIRECTION('',(1.,0.,0.));
#1467 = ORIENTED_EDGE('',*,*,#1468,.F.);
#1468 = EDGE_CURVE('',#1469,#1460,#1471,.T.);
#1469 = VERTEX_POINT('',#1470);
#1470 = CARTESIAN_POINT('',(38.4,18.4,10.6));
#1471 = LINE('',#1472,#1473);
#1472 = CARTESIAN_POINT('',(38.4,18.4,10.6));
#1473 = VECTOR('',#1474,1.);
#1474 = DIRECTION('',(0.,1.,0.));
#1475 = ORIENTED_EDGE('',*,*,#1476,.F.);
#1476 = EDGE_CURVE('',#1458,#1469,#1477,.T.);
#1477 = LINE('',#1478,#1479);
#1478 = CARTESIAN_POINT('',(41.6,18.4,10.6));
#1479 = VECTOR('',#1480,1.);
#1480 = DIRECTION('',(-1.,0.,0.));
#1481 = PLANE('',#1482);
#1482 = AXIS2_PLACEMENT_3D('',#1483,#1484,#1485);
#1483 = CARTESIAN_POINT('',(32.5,20.,10.6));
#1484 = DIRECTION('',(0.,0.,1.));
#1485 = DIRECTION('',(1.,0.,0.));
#1486 = ADVANCED_FACE('',(#1487),#1523,.F.);
#1487 = FACE_BOUND('',#1488,.T.);
#1488 = EDGE_LOOP('',(#1489,#1498,#1504,#1505,#1506,#1515,#1522));
#1489 = ORIENTED_EDGE('',*,*,#1490,.F.);
#1490 = EDGE_CURVE('',#1491,#1458,#1493,.T.);
#1491 = VERTEX_POINT('',#1492);
#1492 = CARTESIAN_POINT('',(41.6,20.,10.6));
#1493 = CIRCLE('',#1494,1.6);
#1494 = AXIS2_PLACEMENT_3D('',#1495,#1496,#1497);
#1495 = CARTESIAN_POINT('',(40.,20.,10.6));
#1496 = DIRECTION('',(0.,0.,-1.));
#1497 = DIRECTION('',(1.,0.,0.));
#1498 = ORIENTED_EDGE('',*,*,#1499,.T.);
#1499 = EDGE_CURVE('',#1491,#1430,#1500,.T.);
#1500 = LINE('',#1501,#1502);
#1501 = CARTESIAN_POINT('',(41.6,20.,11.));
#1502 = VECTOR('',#1503,1.);
#1503 = DIRECTION('',(-1.110223024625E-16,0.,-1.));
#1504 = ORIENTED_EDGE('',*,*,#1429,.F.);
#1505 = ORIENTED_EDGE('',*,*,#1499,.F.);
#1506 = ORIENTED_EDGE('',*,*,#1507,.F.);
#1507 = EDGE_CURVE('',#1508,#1491,#1510,.T.);
#1508 = VERTEX_POINT('',#1509);
#1509 = CARTESIAN_POINT('',(40.,21.6,10.6));
#1510 = CIRCLE('',#1511,1.6);
#1511 = AXIS2_PLACEMENT_3D('',#1512,#1513,#1514);
#1512 = CARTESIAN_POINT('',(40.,20.,10.6));
#1513 = DIRECTION('',(0.,0.,-1.));
#1514 = DIRECTION('',(1.,0.,0.));
#1515 = ORIENTED_EDGE('',*,*,#1516,.F.);
#1516 = EDGE_CURVE('',#1460,#1508,#1517,.T.);
#1517 = CIRCLE('',#1518,1.6);
#1518 = AXIS2_PLACEMENT_3D('',#1519,#1520,#1521);
#1519 = CARTESIAN_POINT('',(40.,20.,10.6));
#1520 = DIRECTION('',(0.,0.,-1.));
#1521 = DIRECTION('',(1.,0.,0.));
#1522 = ORIENTED_EDGE('',*,*,#1457,.F.);
#1523 = CYLINDRICAL_SURFACE('',#1524,1.6);
#1524 = AXIS2_PLACEMENT_3D('',#1525,#1526,#1527);
#1525 = CARTESIAN_POINT('',(40.,20.,11.));
#1526 = DIRECTION('',(-0.,-0.,-1.));
#1527 = DIRECTION('',(1.,0.,0.));
#1528 = ADVANCED_FACE('',(#1529),#1546,.T.);
#1529 = FACE_BOUND('',#1530,.T.);
#1530 = EDGE_LOOP('',(#1531,#1539,#1545));
#1531 = ORIENTED_EDGE('',*,*,#1532,.F.);
#1532 = EDGE_CURVE('',#1533,#1508,#1535,.T.);
#1533 = VERTEX_POINT('',#1534);
#1534 = CARTESIAN_POINT('',(38.4,21.6,10.6));
#1535 = LINE('',#1536,#1537);
#1536 = CARTESIAN_POINT('',(38.4,21.6,10.6));
#1537 = VECTOR('',#1538,1.);
#1538 = DIRECTION('',(1.,0.,0.));
#1539 = ORIENTED_EDGE('',*,*,#1540,.F.);
#1540 = EDGE_CURVE('',#1460,#1533,#1541,.T.);
#1541 = LINE('',#1542,#1543);
#1542 = CARTESIAN_POINT('',(38.4,18.4,10.6));
#1543 = VECTOR('',#1544,1.);
#1544 = DIRECTION('',(0.,1.,0.));
#1545 = ORIENTED_EDGE('',*,*,#1516,.T.);
#1546 = PLANE('',#1547);
#1547 = AXIS2_PLACEMENT_3D('',#1548,#1549,#1550);
#1548 = CARTESIAN_POINT('',(32.5,20.,10.6));
#1549 = DIRECTION('',(0.,0.,1.));
#1550 = DIRECTION('',(1.,0.,0.));
#1551 = ADVANCED_FACE('',(#1552),#1569,.T.);
#1552 = FACE_BOUND('',#1553,.T.);
#1553 = EDGE_LOOP('',(#1554,#1562,#1563));
#1554 = ORIENTED_EDGE('',*,*,#1555,.F.);
#1555 = EDGE_CURVE('',#1508,#1556,#1558,.T.);
#1556 = VERTEX_POINT('',#1557);
#1557 = CARTESIAN_POINT('',(41.6,21.6,10.6));
#1558 = LINE('',#1559,#1560);
#1559 = CARTESIAN_POINT('',(38.4,21.6,10.6));
#1560 = VECTOR('',#1561,1.);
#1561 = DIRECTION('',(1.,0.,0.));
#1562 = ORIENTED_EDGE('',*,*,#1507,.T.);
#1563 = ORIENTED_EDGE('',*,*,#1564,.F.);
#1564 = EDGE_CURVE('',#1556,#1491,#1565,.T.);
#1565 = LINE('',#1566,#1567);
#1566 = CARTESIAN_POINT('',(41.6,21.6,10.6));
#1567 = VECTOR('',#1568,1.);
#1568 = DIRECTION('',(0.,-1.,0.));
#1569 = PLANE('',#1570);
#1570 = AXIS2_PLACEMENT_3D('',#1571,#1572,#1573);
#1571 = CARTESIAN_POINT('',(32.5,20.,10.6));
#1572 = DIRECTION('',(0.,0.,1.));
#1573 = DIRECTION('',(1.,0.,0.));
#1574 = ADVANCED_FACE('',(#1575),#1592,.T.);
#1575 = FACE_BOUND('',#1576,.T.);
#1576 = EDGE_LOOP('',(#1577,#1585,#1586));
#1577 = ORIENTED_EDGE('',*,*,#1578,.F.);
#1578 = EDGE_CURVE('',#1491,#1579,#1581,.T.);
#1579 = VERTEX_POINT('',#1580);
#1580 = CARTESIAN_POINT('',(41.6,18.4,10.6));
#1581 = LINE('',#1582,#1583);
#1582 = CARTESIAN_POINT('',(41.6,21.6,10.6));
#1583 = VECTOR('',#1584,1.);
#1584 = DIRECTION('',(0.,-1.,0.));
#1585 = ORIENTED_EDGE('',*,*,#1490,.T.);
#1586 = ORIENTED_EDGE('',*,*,#1587,.F.);
#1587 = EDGE_CURVE('',#1579,#1458,#1588,.T.);
#1588 = LINE('',#1589,#1590);
#1589 = CARTESIAN_POINT('',(41.6,18.4,10.6));
#1590 = VECTOR('',#1591,1.);
#1591 = DIRECTION('',(-1.,0.,0.));
#1592 = PLANE('',#1593);
#1593 = AXIS2_PLACEMENT_3D('',#1594,#1595,#1596);
#1594 = CARTESIAN_POINT('',(32.5,20.,10.6));
#1595 = DIRECTION('',(0.,0.,1.));
#1596 = DIRECTION('',(1.,0.,0.));
#1597 = ADVANCED_FACE('',(#1598,#1642,#1653,#1664),#1675,.F.);
#1598 = FACE_BOUND('',#1599,.F.);
#1599 = EDGE_LOOP('',(#1600,#1601,#1602,#1603,#1611,#1620,#1628,#1636));
#1600 = ORIENTED_EDGE('',*,*,#811,.T.);
#1601 = ORIENTED_EDGE('',*,*,#761,.F.);
#1602 = ORIENTED_EDGE('',*,*,#657,.T.);
#1603 = ORIENTED_EDGE('',*,*,#1604,.F.);
#1604 = EDGE_CURVE('',#1605,#658,#1607,.T.);
#1605 = VERTEX_POINT('',#1606);
#1606 = CARTESIAN_POINT('',(7.,-4.5,0.));
#1607 = LINE('',#1608,#1609);
#1608 = CARTESIAN_POINT('',(7.,-4.5,0.));
#1609 = VECTOR('',#1610,1.);
#1610 = DIRECTION('',(1.,0.,0.));
#1611 = ORIENTED_EDGE('',*,*,#1612,.F.);
#1612 = EDGE_CURVE('',#1613,#1605,#1615,.T.);
#1613 = VERTEX_POINT('',#1614);
#1614 = CARTESIAN_POINT('',(-1.5,4.,0.));
#1615 = CIRCLE('',#1616,8.5);
#1616 = AXIS2_PLACEMENT_3D('',#1617,#1618,#1619);
#1617 = CARTESIAN_POINT('',(7.,4.,0.));
#1618 = DIRECTION('',(0.,0.,1.));
#1619 = DIRECTION('',(1.,0.,0.));
#1620 = ORIENTED_EDGE('',*,*,#1621,.F.);
#1621 = EDGE_CURVE('',#1622,#1613,#1624,.T.);
#1622 = VERTEX_POINT('',#1623);
#1623 = CARTESIAN_POINT('',(-1.5,10.,0.));
#1624 = LINE('',#1625,#1626);
#1625 = CARTESIAN_POINT('',(-1.5,11.8,0.));
#1626 = VECTOR('',#1627,1.);
#1627 = DIRECTION('',(0.,-1.,0.));
#1628 = ORIENTED_EDGE('',*,*,#1629,.F.);
#1629 = EDGE_CURVE('',#1630,#1622,#1632,.T.);
#1630 = VERTEX_POINT('',#1631);
#1631 = CARTESIAN_POINT('',(-7.,10.,0.));
#1632 = LINE('',#1633,#1634);
#1633 = CARTESIAN_POINT('',(-10.,10.,0.));
#1634 = VECTOR('',#1635,1.);
#1635 = DIRECTION('',(1.,0.,0.));
#1636 = ORIENTED_EDGE('',*,*,#1637,.T.);
#1637 = EDGE_CURVE('',#1630,#812,#1638,.T.);
#1638 = LINE('',#1639,#1640);
#1639 = CARTESIAN_POINT('',(-7.,12.,0.));
#1640 = VECTOR('',#1641,1.);
#1641 = DIRECTION('',(0.,-1.,0.));
#1642 = FACE_BOUND('',#1643,.F.);
#1643 = EDGE_LOOP('',(#1644));
#1644 = ORIENTED_EDGE('',*,*,#1645,.T.);
#1645 = EDGE_CURVE('',#1646,#1646,#1648,.T.);
#1646 = VERTEX_POINT('',#1647);
#1647 = CARTESIAN_POINT('',(1.5,-10.,0.));
#1648 = CIRCLE('',#1649,2.5);
#1649 = AXIS2_PLACEMENT_3D('',#1650,#1651,#1652);
#1650 = CARTESIAN_POINT('',(-1.,-10.,0.));
#1651 = DIRECTION('',(0.,0.,-1.));
#1652 = DIRECTION('',(1.,0.,0.));
#1653 = FACE_BOUND('',#1654,.F.);
#1654 = EDGE_LOOP('',(#1655));
#1655 = ORIENTED_EDGE('',*,*,#1656,.T.);
#1656 = EDGE_CURVE('',#1657,#1657,#1659,.T.);
#1657 = VERTEX_POINT('',#1658);
#1658 = CARTESIAN_POINT('',(12.6,-15.,0.));
#1659 = CIRCLE('',#1660,1.6);
#1660 = AXIS2_PLACEMENT_3D('',#1661,#1662,#1663);
#1661 = CARTESIAN_POINT('',(11.,-15.,0.));
#1662 = DIRECTION('',(0.,0.,-1.));
#1663 = DIRECTION('',(1.,0.,0.));
#1664 = FACE_BOUND('',#1665,.F.);
#1665 = EDGE_LOOP('',(#1666));
#1666 = ORIENTED_EDGE('',*,*,#1667,.T.);
#1667 = EDGE_CURVE('',#1668,#1668,#1670,.T.);
#1668 = VERTEX_POINT('',#1669);
#1669 = CARTESIAN_POINT('',(-2.4,3.,0.));
#1670 = CIRCLE('',#1671,1.6);
#1671 = AXIS2_PLACEMENT_3D('',#1672,#1673,#1674);
#1672 = CARTESIAN_POINT('',(-4.,3.,0.));
#1673 = DIRECTION('',(0.,0.,-1.));
#1674 = DIRECTION('',(1.,0.,0.));
#1675 = PLANE('',#1676);
#1676 = AXIS2_PLACEMENT_3D('',#1677,#1678,#1679);
#1677 = CARTESIAN_POINT('',(3.718275130504,0.811279439258,0.));
#1678 = DIRECTION('',(0.,0.,1.));
#1679 = DIRECTION('',(1.,0.,0.));
#1680 = ADVANCED_FACE('',(#1681),#1699,.T.);
#1681 = FACE_BOUND('',#1682,.T.);
#1682 = EDGE_LOOP('',(#1683,#1691,#1697,#1698));
#1683 = ORIENTED_EDGE('',*,*,#1684,.T.);
#1684 = EDGE_CURVE('',#1605,#1685,#1687,.T.);
#1685 = VERTEX_POINT('',#1686);
#1686 = CARTESIAN_POINT('',(7.,-4.5,8.));
#1687 = LINE('',#1688,#1689);
#1688 = CARTESIAN_POINT('',(7.,-4.5,0.));
#1689 = VECTOR('',#1690,1.);
#1690 = DIRECTION('',(0.,0.,1.));
#1691 = ORIENTED_EDGE('',*,*,#1692,.T.);
#1692 = EDGE_CURVE('',#1685,#666,#1693,.T.);
#1693 = LINE('',#1694,#1695);
#1694 = CARTESIAN_POINT('',(7.,-4.5,8.));
#1695 = VECTOR('',#1696,1.);
#1696 = DIRECTION('',(1.,0.,0.));
#1697 = ORIENTED_EDGE('',*,*,#665,.F.);
#1698 = ORIENTED_EDGE('',*,*,#1604,.F.);
#1699 = PLANE('',#1700);
#1700 = AXIS2_PLACEMENT_3D('',#1701,#1702,#1703);
#1701 = CARTESIAN_POINT('',(7.,-4.5,0.));
#1702 = DIRECTION('',(0.,1.,0.));
#1703 = DIRECTION('',(1.,0.,0.));
#1704 = ADVANCED_FACE('',(#1705,#1768),#1779,.T.);
#1705 = FACE_BOUND('',#1706,.T.);
#1706 = EDGE_LOOP('',(#1707,#1708,#1709,#1710,#1711,#1719,#1728,#1734,
    #1735,#1736,#1745,#1753,#1761,#1767));
#1707 = ORIENTED_EDGE('',*,*,#926,.T.);
#1708 = ORIENTED_EDGE('',*,*,#899,.F.);
#1709 = ORIENTED_EDGE('',*,*,#852,.F.);
#1710 = ORIENTED_EDGE('',*,*,#705,.F.);
#1711 = ORIENTED_EDGE('',*,*,#1712,.T.);
#1712 = EDGE_CURVE('',#698,#1713,#1715,.T.);
#1713 = VERTEX_POINT('',#1714);
#1714 = CARTESIAN_POINT('',(13.020797289396,10.,8.));
#1715 = LINE('',#1716,#1717);
#1716 = CARTESIAN_POINT('',(15.,10.,8.));
#1717 = VECTOR('',#1718,1.);
#1718 = DIRECTION('',(-1.,0.,0.));
#1719 = ORIENTED_EDGE('',*,*,#1720,.F.);
#1720 = EDGE_CURVE('',#1721,#1713,#1723,.T.);
#1721 = VERTEX_POINT('',#1722);
#1722 = CARTESIAN_POINT('',(14.,8.821825380496,8.));
#1723 = CIRCLE('',#1724,8.5);
#1724 = AXIS2_PLACEMENT_3D('',#1725,#1726,#1727);
#1725 = CARTESIAN_POINT('',(7.,4.,8.));
#1726 = DIRECTION('',(0.,0.,1.));
#1727 = DIRECTION('',(1.,0.,0.));
#1728 = ORIENTED_EDGE('',*,*,#1729,.T.);
#1729 = EDGE_CURVE('',#1721,#674,#1730,.T.);
#1730 = LINE('',#1731,#1732);
#1731 = CARTESIAN_POINT('',(14.,8.821825380496,8.));
#1732 = VECTOR('',#1733,1.);
#1733 = DIRECTION('',(1.,0.,0.));
#1734 = ORIENTED_EDGE('',*,*,#673,.F.);
#1735 = ORIENTED_EDGE('',*,*,#1692,.F.);
#1736 = ORIENTED_EDGE('',*,*,#1737,.F.);
#1737 = EDGE_CURVE('',#1738,#1685,#1740,.T.);
#1738 = VERTEX_POINT('',#1739);
#1739 = CARTESIAN_POINT('',(-1.5,4.,8.));
#1740 = CIRCLE('',#1741,8.5);
#1741 = AXIS2_PLACEMENT_3D('',#1742,#1743,#1744);
#1742 = CARTESIAN_POINT('',(7.,4.,8.));
#1743 = DIRECTION('',(0.,0.,1.));
#1744 = DIRECTION('',(1.,0.,0.));
#1745 = ORIENTED_EDGE('',*,*,#1746,.F.);
#1746 = EDGE_CURVE('',#1747,#1738,#1749,.T.);
#1747 = VERTEX_POINT('',#1748);
#1748 = CARTESIAN_POINT('',(-1.5,10.,8.));
#1749 = LINE('',#1750,#1751);
#1750 = CARTESIAN_POINT('',(-1.5,11.8,8.));
#1751 = VECTOR('',#1752,1.);
#1752 = DIRECTION('',(0.,-1.,0.));
#1753 = ORIENTED_EDGE('',*,*,#1754,.T.);
#1754 = EDGE_CURVE('',#1747,#1755,#1757,.T.);
#1755 = VERTEX_POINT('',#1756);
#1756 = CARTESIAN_POINT('',(-7.,10.,8.));
#1757 = LINE('',#1758,#1759);
#1758 = CARTESIAN_POINT('',(15.,10.,8.));
#1759 = VECTOR('',#1760,1.);
#1760 = DIRECTION('',(-1.,0.,0.));
#1761 = ORIENTED_EDGE('',*,*,#1762,.T.);
#1762 = EDGE_CURVE('',#1755,#822,#1763,.T.);
#1763 = LINE('',#1764,#1765);
#1764 = CARTESIAN_POINT('',(-7.,12.,8.));
#1765 = VECTOR('',#1766,1.);
#1766 = DIRECTION('',(0.,-1.,0.));
#1767 = ORIENTED_EDGE('',*,*,#874,.T.);
#1768 = FACE_BOUND('',#1769,.T.);
#1769 = EDGE_LOOP('',(#1770));
#1770 = ORIENTED_EDGE('',*,*,#1771,.F.);
#1771 = EDGE_CURVE('',#1772,#1772,#1774,.T.);
#1772 = VERTEX_POINT('',#1773);
#1773 = CARTESIAN_POINT('',(9.5,4.,8.));
#1774 = CIRCLE('',#1775,2.5);
#1775 = AXIS2_PLACEMENT_3D('',#1776,#1777,#1778);
#1776 = CARTESIAN_POINT('',(7.,4.,8.));
#1777 = DIRECTION('',(0.,0.,-1.));
#1778 = DIRECTION('',(1.,0.,0.));
#1779 = PLANE('',#1780);
#1780 = AXIS2_PLACEMENT_3D('',#1781,#1782,#1783);
#1781 = CARTESIAN_POINT('',(-0.10026209994,7.52553514819,8.));
#1782 = DIRECTION('',(-0.,-0.,-1.));
#1783 = DIRECTION('',(-1.,0.,0.));
#1784 = ADVANCED_FACE('',(#1785),#1803,.F.);
#1785 = FACE_BOUND('',#1786,.F.);
#1786 = EDGE_LOOP('',(#1787,#1795,#1796,#1797));
#1787 = ORIENTED_EDGE('',*,*,#1788,.T.);
#1788 = EDGE_CURVE('',#1789,#1721,#1791,.T.);
#1789 = VERTEX_POINT('',#1790);
#1790 = CARTESIAN_POINT('',(14.,8.821825380496,0.));
#1791 = LINE('',#1792,#1793);
#1792 = CARTESIAN_POINT('',(14.,8.821825380496,0.));
#1793 = VECTOR('',#1794,1.);
#1794 = DIRECTION('',(0.,0.,1.));
#1795 = ORIENTED_EDGE('',*,*,#1729,.T.);
#1796 = ORIENTED_EDGE('',*,*,#681,.F.);
#1797 = ORIENTED_EDGE('',*,*,#1798,.F.);
#1798 = EDGE_CURVE('',#1789,#682,#1799,.T.);
#1799 = LINE('',#1800,#1801);
#1800 = CARTESIAN_POINT('',(14.,8.821825380496,0.));
#1801 = VECTOR('',#1802,1.);
#1802 = DIRECTION('',(1.,0.,0.));
#1803 = PLANE('',#1804);
#1804 = AXIS2_PLACEMENT_3D('',#1805,#1806,#1807);
#1805 = CARTESIAN_POINT('',(14.,8.821825380496,0.));
#1806 = DIRECTION('',(0.,1.,0.));
#1807 = DIRECTION('',(1.,0.,0.));
#1808 = ADVANCED_FACE('',(#1809),#1828,.F.);
#1809 = FACE_BOUND('',#1810,.F.);
#1810 = EDGE_LOOP('',(#1811,#1812,#1820,#1827));
#1811 = ORIENTED_EDGE('',*,*,#689,.F.);
#1812 = ORIENTED_EDGE('',*,*,#1813,.F.);
#1813 = EDGE_CURVE('',#1814,#690,#1816,.T.);
#1814 = VERTEX_POINT('',#1815);
#1815 = CARTESIAN_POINT('',(13.020797289396,10.,0.));
#1816 = LINE('',#1817,#1818);
#1817 = CARTESIAN_POINT('',(-10.,10.,0.));
#1818 = VECTOR('',#1819,1.);
#1819 = DIRECTION('',(1.,0.,0.));
#1820 = ORIENTED_EDGE('',*,*,#1821,.F.);
#1821 = EDGE_CURVE('',#1789,#1814,#1822,.T.);
#1822 = CIRCLE('',#1823,8.5);
#1823 = AXIS2_PLACEMENT_3D('',#1824,#1825,#1826);
#1824 = CARTESIAN_POINT('',(7.,4.,0.));
#1825 = DIRECTION('',(0.,0.,1.));
#1826 = DIRECTION('',(1.,0.,0.));
#1827 = ORIENTED_EDGE('',*,*,#1798,.T.);
#1828 = PLANE('',#1829);
#1829 = AXIS2_PLACEMENT_3D('',#1830,#1831,#1832);
#1830 = CARTESIAN_POINT('',(3.718275130504,0.811279439258,0.));
#1831 = DIRECTION('',(0.,0.,1.));
#1832 = DIRECTION('',(1.,0.,0.));
#1833 = ADVANCED_FACE('',(#1834),#1845,.F.);
#1834 = FACE_BOUND('',#1835,.F.);
#1835 = EDGE_LOOP('',(#1836,#1837,#1843,#1844));
#1836 = ORIENTED_EDGE('',*,*,#1712,.T.);
#1837 = ORIENTED_EDGE('',*,*,#1838,.T.);
#1838 = EDGE_CURVE('',#1713,#1814,#1839,.T.);
#1839 = LINE('',#1840,#1841);
#1840 = CARTESIAN_POINT('',(13.020797289396,10.,0.));
#1841 = VECTOR('',#1842,1.);
#1842 = DIRECTION('',(-0.,-0.,-1.));
#1843 = ORIENTED_EDGE('',*,*,#1813,.T.);
#1844 = ORIENTED_EDGE('',*,*,#697,.F.);
#1845 = PLANE('',#1846);
#1846 = AXIS2_PLACEMENT_3D('',#1847,#1848,#1849);
#1847 = CARTESIAN_POINT('',(-10.,10.,0.));
#1848 = DIRECTION('',(0.,-1.,0.));
#1849 = DIRECTION('',(0.,0.,1.));
#1850 = ADVANCED_FACE('',(#1851),#1862,.F.);
#1851 = FACE_BOUND('',#1852,.F.);
#1852 = EDGE_LOOP('',(#1853,#1854,#1860,#1861));
#1853 = ORIENTED_EDGE('',*,*,#1637,.F.);
#1854 = ORIENTED_EDGE('',*,*,#1855,.F.);
#1855 = EDGE_CURVE('',#1755,#1630,#1856,.T.);
#1856 = LINE('',#1857,#1858);
#1857 = CARTESIAN_POINT('',(-7.,10.,0.));
#1858 = VECTOR('',#1859,1.);
#1859 = DIRECTION('',(0.,0.,-1.));
#1860 = ORIENTED_EDGE('',*,*,#1762,.T.);
#1861 = ORIENTED_EDGE('',*,*,#829,.F.);
#1862 = PLANE('',#1863);
#1863 = AXIS2_PLACEMENT_3D('',#1864,#1865,#1866);
#1864 = CARTESIAN_POINT('',(-7.,12.,0.));
#1865 = DIRECTION('',(1.,0.,0.));
#1866 = DIRECTION('',(0.,-1.,0.));
#1867 = ADVANCED_FACE('',(#1868),#1924,.T.);
#1868 = FACE_BOUND('',#1869,.T.);
#1869 = EDGE_LOOP('',(#1870,#1878,#1886,#1894,#1902,#1910,#1916,#1917,
    #1923));
#1870 = ORIENTED_EDGE('',*,*,#1871,.F.);
#1871 = EDGE_CURVE('',#1872,#944,#1874,.T.);
#1872 = VERTEX_POINT('',#1873);
#1873 = CARTESIAN_POINT('',(-3.499999999972,-12.5,17.8));
#1874 = LINE('',#1875,#1876);
#1875 = CARTESIAN_POINT('',(-3.5,-6.258342613226,17.8));
#1876 = VECTOR('',#1877,1.);
#1877 = DIRECTION('',(9.00402E-12,-1.,0.));
#1878 = ORIENTED_EDGE('',*,*,#1879,.T.);
#1879 = EDGE_CURVE('',#1872,#1880,#1882,.T.);
#1880 = VERTEX_POINT('',#1881);
#1881 = CARTESIAN_POINT('',(-3.5,-12.5,17.6));
#1882 = LINE('',#1883,#1884);
#1883 = CARTESIAN_POINT('',(-3.5,-12.5,21.));
#1884 = VECTOR('',#1885,1.);
#1885 = DIRECTION('',(-0.,-0.,-1.));
#1886 = ORIENTED_EDGE('',*,*,#1887,.T.);
#1887 = EDGE_CURVE('',#1880,#1888,#1890,.T.);
#1888 = VERTEX_POINT('',#1889);
#1889 = CARTESIAN_POINT('',(-3.5,-10.,17.6));
#1890 = LINE('',#1891,#1892);
#1891 = CARTESIAN_POINT('',(-3.5,-12.5,17.6));
#1892 = VECTOR('',#1893,1.);
#1893 = DIRECTION('',(0.,1.,0.));
#1894 = ORIENTED_EDGE('',*,*,#1895,.T.);
#1895 = EDGE_CURVE('',#1888,#1896,#1898,.T.);
#1896 = VERTEX_POINT('',#1897);
#1897 = CARTESIAN_POINT('',(-3.5,-7.5,17.6));
#1898 = LINE('',#1899,#1900);
#1899 = CARTESIAN_POINT('',(-3.5,-12.5,17.6));
#1900 = VECTOR('',#1901,1.);
#1901 = DIRECTION('',(0.,1.,0.));
#1902 = ORIENTED_EDGE('',*,*,#1903,.F.);
#1903 = EDGE_CURVE('',#1904,#1896,#1906,.T.);
#1904 = VERTEX_POINT('',#1905);
#1905 = CARTESIAN_POINT('',(-3.499999999994,-7.5,17.8));
#1906 = LINE('',#1907,#1908);
#1907 = CARTESIAN_POINT('',(-3.5,-7.5,21.));
#1908 = VECTOR('',#1909,1.);
#1909 = DIRECTION('',(-0.,-0.,-1.));
#1910 = ORIENTED_EDGE('',*,*,#1911,.F.);
#1911 = EDGE_CURVE('',#961,#1904,#1912,.T.);
#1912 = LINE('',#1913,#1914);
#1913 = CARTESIAN_POINT('',(-3.5,-6.258342613226,17.8));
#1914 = VECTOR('',#1915,1.);
#1915 = DIRECTION('',(9.00402E-12,-1.,0.));
#1916 = ORIENTED_EDGE('',*,*,#960,.F.);
#1917 = ORIENTED_EDGE('',*,*,#1918,.T.);
#1918 = EDGE_CURVE('',#952,#942,#1919,.T.);
#1919 = LINE('',#1920,#1921);
#1920 = CARTESIAN_POINT('',(-3.499999999983,-8.129171306624,18.));
#1921 = VECTOR('',#1922,1.);
#1922 = DIRECTION('',(9.00402E-12,-1.,0.));
#1923 = ORIENTED_EDGE('',*,*,#941,.T.);
#1924 = PLANE('',#1925);
#1925 = AXIS2_PLACEMENT_3D('',#1926,#1927,#1928);
#1926 = CARTESIAN_POINT('',(-3.499999999978,-9.999999999994,
    17.831500895815));
#1927 = DIRECTION('',(1.,7.45365E-12,-8.159252E-11));
#1928 = DIRECTION('',(8.159252E-11,0.,1.));
#1929 = ADVANCED_FACE('',(#1930),#1934,.T.);
#1930 = FACE_BOUND('',#1931,.T.);
#1931 = EDGE_LOOP('',(#1932,#1933));
#1932 = ORIENTED_EDGE('',*,*,#1918,.F.);
#1933 = ORIENTED_EDGE('',*,*,#951,.T.);
#1934 = PLANE('',#1935);
#1935 = AXIS2_PLACEMENT_3D('',#1936,#1937,#1938);
#1936 = CARTESIAN_POINT('',(-1.,-10.,18.));
#1937 = DIRECTION('',(0.,0.,1.));
#1938 = DIRECTION('',(1.,0.,0.));
#1939 = ADVANCED_FACE('',(#1940),#1958,.T.);
#1940 = FACE_BOUND('',#1941,.T.);
#1941 = EDGE_LOOP('',(#1942,#1950,#1951,#1952));
#1942 = ORIENTED_EDGE('',*,*,#1943,.F.);
#1943 = EDGE_CURVE('',#969,#1944,#1946,.T.);
#1944 = VERTEX_POINT('',#1945);
#1945 = CARTESIAN_POINT('',(1.500000000002,-7.5,17.8));
#1946 = LINE('',#1947,#1948);
#1947 = CARTESIAN_POINT('',(1.5,-6.258342613226,17.8));
#1948 = VECTOR('',#1949,1.);
#1949 = DIRECTION('',(2.8769E-12,-1.,0.));
#1950 = ORIENTED_EDGE('',*,*,#968,.T.);
#1951 = ORIENTED_EDGE('',*,*,#1911,.T.);
#1952 = ORIENTED_EDGE('',*,*,#1953,.T.);
#1953 = EDGE_CURVE('',#1904,#1944,#1954,.T.);
#1954 = LINE('',#1955,#1956);
#1955 = CARTESIAN_POINT('',(-0.249999999991,-7.5,17.8));
#1956 = VECTOR('',#1957,1.);
#1957 = DIRECTION('',(1.,0.,0.));
#1958 = PLANE('',#1959);
#1959 = AXIS2_PLACEMENT_3D('',#1960,#1961,#1962);
#1960 = CARTESIAN_POINT('',(3.000000000018,-2.999999999972,17.8));
#1961 = DIRECTION('',(0.,0.,1.));
#1962 = DIRECTION('',(1.,0.,0.));
#1963 = ADVANCED_FACE('',(#1964),#2013,.T.);
#1964 = FACE_BOUND('',#1965,.T.);
#1965 = EDGE_LOOP('',(#1966,#1972,#1973,#1974,#1982,#1990,#1998,#2006,
    #2012));
#1966 = ORIENTED_EDGE('',*,*,#1967,.F.);
#1967 = EDGE_CURVE('',#978,#1006,#1968,.T.);
#1968 = LINE('',#1969,#1970);
#1969 = CARTESIAN_POINT('',(1.500000000005,-8.129171306609,18.));
#1970 = VECTOR('',#1971,1.);
#1971 = DIRECTION('',(2.8769E-12,-1.,0.));
#1972 = ORIENTED_EDGE('',*,*,#977,.T.);
#1973 = ORIENTED_EDGE('',*,*,#1943,.T.);
#1974 = ORIENTED_EDGE('',*,*,#1975,.T.);
#1975 = EDGE_CURVE('',#1944,#1976,#1978,.T.);
#1976 = VERTEX_POINT('',#1977);
#1977 = CARTESIAN_POINT('',(1.5,-7.5,17.6));
#1978 = LINE('',#1979,#1980);
#1979 = CARTESIAN_POINT('',(1.5,-7.5,21.));
#1980 = VECTOR('',#1981,1.);
#1981 = DIRECTION('',(-0.,-0.,-1.));
#1982 = ORIENTED_EDGE('',*,*,#1983,.T.);
#1983 = EDGE_CURVE('',#1976,#1984,#1986,.T.);
#1984 = VERTEX_POINT('',#1985);
#1985 = CARTESIAN_POINT('',(1.5,-10.,17.6));
#1986 = LINE('',#1987,#1988);
#1987 = CARTESIAN_POINT('',(1.5,-7.5,17.6));
#1988 = VECTOR('',#1989,1.);
#1989 = DIRECTION('',(0.,-1.,0.));
#1990 = ORIENTED_EDGE('',*,*,#1991,.T.);
#1991 = EDGE_CURVE('',#1984,#1992,#1994,.T.);
#1992 = VERTEX_POINT('',#1993);
#1993 = CARTESIAN_POINT('',(1.5,-12.5,17.6));
#1994 = LINE('',#1995,#1996);
#1995 = CARTESIAN_POINT('',(1.5,-7.5,17.6));
#1996 = VECTOR('',#1997,1.);
#1997 = DIRECTION('',(0.,-1.,0.));
#1998 = ORIENTED_EDGE('',*,*,#1999,.F.);
#1999 = EDGE_CURVE('',#2000,#1992,#2002,.T.);
#2000 = VERTEX_POINT('',#2001);
#2001 = CARTESIAN_POINT('',(1.500000000009,-12.5,17.8));
#2002 = LINE('',#2003,#2004);
#2003 = CARTESIAN_POINT('',(1.5,-12.5,21.));
#2004 = VECTOR('',#2005,1.);
#2005 = DIRECTION('',(-0.,-0.,-1.));
#2006 = ORIENTED_EDGE('',*,*,#2007,.T.);
#2007 = EDGE_CURVE('',#2000,#1015,#2008,.T.);
#2008 = LINE('',#2009,#2010);
#2009 = CARTESIAN_POINT('',(1.5,-6.258342613226,17.8));
#2010 = VECTOR('',#2011,1.);
#2011 = DIRECTION('',(2.8769E-12,-1.,0.));
#2012 = ORIENTED_EDGE('',*,*,#1014,.F.);
#2013 = PLANE('',#2014);
#2014 = AXIS2_PLACEMENT_3D('',#2015,#2016,#2017);
#2015 = CARTESIAN_POINT('',(1.500000000007,-9.999999999974,
    17.831500895814));
#2016 = DIRECTION('',(-1.,-2.38153E-12,2.606869E-11));
#2017 = DIRECTION('',(-2.606869E-11,0.,-1.));
#2018 = ADVANCED_FACE('',(#2019),#2024,.T.);
#2019 = FACE_BOUND('',#2020,.T.);
#2020 = EDGE_LOOP('',(#2021,#2022,#2023));
#2021 = ORIENTED_EDGE('',*,*,#1005,.T.);
#2022 = ORIENTED_EDGE('',*,*,#985,.T.);
#2023 = ORIENTED_EDGE('',*,*,#1967,.T.);
#2024 = PLANE('',#2025);
#2025 = AXIS2_PLACEMENT_3D('',#2026,#2027,#2028);
#2026 = CARTESIAN_POINT('',(-1.,-10.,18.));
#2027 = DIRECTION('',(0.,0.,1.));
#2028 = DIRECTION('',(1.,0.,0.));
#2029 = ADVANCED_FACE('',(#2030),#2041,.T.);
#2030 = FACE_BOUND('',#2031,.T.);
#2031 = EDGE_LOOP('',(#2032,#2033,#2039,#2040));
#2032 = ORIENTED_EDGE('',*,*,#2007,.F.);
#2033 = ORIENTED_EDGE('',*,*,#2034,.T.);
#2034 = EDGE_CURVE('',#2000,#1872,#2035,.T.);
#2035 = LINE('',#2036,#2037);
#2036 = CARTESIAN_POINT('',(2.250000000009,-12.5,17.8));
#2037 = VECTOR('',#2038,1.);
#2038 = DIRECTION('',(-1.,0.,0.));
#2039 = ORIENTED_EDGE('',*,*,#1871,.T.);
#2040 = ORIENTED_EDGE('',*,*,#1022,.T.);
#2041 = PLANE('',#2042);
#2042 = AXIS2_PLACEMENT_3D('',#2043,#2044,#2045);
#2043 = CARTESIAN_POINT('',(3.000000000018,-2.999999999972,17.8));
#2044 = DIRECTION('',(0.,0.,1.));
#2045 = DIRECTION('',(1.,0.,0.));
#2046 = ADVANCED_FACE('',(#2047),#2103,.T.);
#2047 = FACE_BOUND('',#2048,.T.);
#2048 = EDGE_LOOP('',(#2049,#2057,#2065,#2073,#2081,#2089,#2095,#2096,
    #2102));
#2049 = ORIENTED_EDGE('',*,*,#2050,.F.);
#2050 = EDGE_CURVE('',#2051,#1040,#2053,.T.);
#2051 = VERTEX_POINT('',#2052);
#2052 = CARTESIAN_POINT('',(9.4,-16.6,17.8));
#2053 = LINE('',#2054,#2055);
#2054 = CARTESIAN_POINT('',(9.4,-12.40336756548,17.8));
#2055 = VECTOR('',#2056,1.);
#2056 = DIRECTION('',(-3.4E-16,-1.,0.));
#2057 = ORIENTED_EDGE('',*,*,#2058,.T.);
#2058 = EDGE_CURVE('',#2051,#2059,#2061,.T.);
#2059 = VERTEX_POINT('',#2060);
#2060 = CARTESIAN_POINT('',(9.4,-16.6,17.6));
#2061 = LINE('',#2062,#2063);
#2062 = CARTESIAN_POINT('',(9.4,-16.6,21.));
#2063 = VECTOR('',#2064,1.);
#2064 = DIRECTION('',(-0.,-0.,-1.));
#2065 = ORIENTED_EDGE('',*,*,#2066,.T.);
#2066 = EDGE_CURVE('',#2059,#2067,#2069,.T.);
#2067 = VERTEX_POINT('',#2068);
#2068 = CARTESIAN_POINT('',(9.4,-15.,17.6));
#2069 = LINE('',#2070,#2071);
#2070 = CARTESIAN_POINT('',(9.4,-16.6,17.6));
#2071 = VECTOR('',#2072,1.);
#2072 = DIRECTION('',(0.,1.,0.));
#2073 = ORIENTED_EDGE('',*,*,#2074,.T.);
#2074 = EDGE_CURVE('',#2067,#2075,#2077,.T.);
#2075 = VERTEX_POINT('',#2076);
#2076 = CARTESIAN_POINT('',(9.4,-13.4,17.6));
#2077 = LINE('',#2078,#2079);
#2078 = CARTESIAN_POINT('',(9.4,-16.6,17.6));
#2079 = VECTOR('',#2080,1.);
#2080 = DIRECTION('',(0.,1.,0.));
#2081 = ORIENTED_EDGE('',*,*,#2082,.F.);
#2082 = EDGE_CURVE('',#2083,#2075,#2085,.T.);
#2083 = VERTEX_POINT('',#2084);
#2084 = CARTESIAN_POINT('',(9.4,-13.4,17.8));
#2085 = LINE('',#2086,#2087);
#2086 = CARTESIAN_POINT('',(9.4,-13.4,21.));
#2087 = VECTOR('',#2088,1.);
#2088 = DIRECTION('',(-0.,-0.,-1.));
#2089 = ORIENTED_EDGE('',*,*,#2090,.F.);
#2090 = EDGE_CURVE('',#1057,#2083,#2091,.T.);
#2091 = LINE('',#2092,#2093);
#2092 = CARTESIAN_POINT('',(9.4,-12.40336756548,17.8));
#2093 = VECTOR('',#2094,1.);
#2094 = DIRECTION('',(-3.4E-16,-1.,0.));
#2095 = ORIENTED_EDGE('',*,*,#1056,.F.);
#2096 = ORIENTED_EDGE('',*,*,#2097,.T.);
#2097 = EDGE_CURVE('',#1048,#1038,#2098,.T.);
#2098 = LINE('',#2099,#2100);
#2099 = CARTESIAN_POINT('',(9.4,-13.70168378274,18.));
#2100 = VECTOR('',#2101,1.);
#2101 = DIRECTION('',(-3.4E-16,-1.,0.));
#2102 = ORIENTED_EDGE('',*,*,#1037,.T.);
#2103 = PLANE('',#2104);
#2104 = AXIS2_PLACEMENT_3D('',#2105,#2106,#2107);
#2105 = CARTESIAN_POINT('',(9.4,-15.,17.835636876059));
#2106 = DIRECTION('',(1.,-3.7E-16,-2.13E-15));
#2107 = DIRECTION('',(2.13E-15,0.,1.));
#2108 = ADVANCED_FACE('',(#2109),#2113,.T.);
#2109 = FACE_BOUND('',#2110,.T.);
#2110 = EDGE_LOOP('',(#2111,#2112));
#2111 = ORIENTED_EDGE('',*,*,#2097,.F.);
#2112 = ORIENTED_EDGE('',*,*,#1047,.T.);
#2113 = PLANE('',#2114);
#2114 = AXIS2_PLACEMENT_3D('',#2115,#2116,#2117);
#2115 = CARTESIAN_POINT('',(11.,-15.,18.));
#2116 = DIRECTION('',(0.,0.,1.));
#2117 = DIRECTION('',(1.,0.,0.));
#2118 = ADVANCED_FACE('',(#2119),#2137,.T.);
#2119 = FACE_BOUND('',#2120,.T.);
#2120 = EDGE_LOOP('',(#2121,#2129,#2130,#2131));
#2121 = ORIENTED_EDGE('',*,*,#2122,.F.);
#2122 = EDGE_CURVE('',#1065,#2123,#2125,.T.);
#2123 = VERTEX_POINT('',#2124);
#2124 = CARTESIAN_POINT('',(12.6,-13.4,17.8));
#2125 = LINE('',#2126,#2127);
#2126 = CARTESIAN_POINT('',(12.6,-12.40336756548,17.8));
#2127 = VECTOR('',#2128,1.);
#2128 = DIRECTION('',(3.4E-16,-1.,0.));
#2129 = ORIENTED_EDGE('',*,*,#1064,.T.);
#2130 = ORIENTED_EDGE('',*,*,#2090,.T.);
#2131 = ORIENTED_EDGE('',*,*,#2132,.T.);
#2132 = EDGE_CURVE('',#2083,#2123,#2133,.T.);
#2133 = LINE('',#2134,#2135);
#2134 = CARTESIAN_POINT('',(6.45,-13.4,17.8));
#2135 = VECTOR('',#2136,1.);
#2136 = DIRECTION('',(1.,0.,0.));
#2137 = PLANE('',#2138);
#2138 = AXIS2_PLACEMENT_3D('',#2139,#2140,#2141);
#2139 = CARTESIAN_POINT('',(3.5,-6.,17.8));
#2140 = DIRECTION('',(0.,0.,1.));
#2141 = DIRECTION('',(1.,0.,0.));
#2142 = ADVANCED_FACE('',(#2143),#2192,.T.);
#2143 = FACE_BOUND('',#2144,.T.);
#2144 = EDGE_LOOP('',(#2145,#2151,#2152,#2153,#2161,#2169,#2177,#2185,
    #2191));
#2145 = ORIENTED_EDGE('',*,*,#2146,.F.);
#2146 = EDGE_CURVE('',#1074,#1102,#2147,.T.);
#2147 = LINE('',#2148,#2149);
#2148 = CARTESIAN_POINT('',(12.6,-13.70168378274,18.));
#2149 = VECTOR('',#2150,1.);
#2150 = DIRECTION('',(3.4E-16,-1.,0.));
#2151 = ORIENTED_EDGE('',*,*,#1073,.T.);
#2152 = ORIENTED_EDGE('',*,*,#2122,.T.);
#2153 = ORIENTED_EDGE('',*,*,#2154,.T.);
#2154 = EDGE_CURVE('',#2123,#2155,#2157,.T.);
#2155 = VERTEX_POINT('',#2156);
#2156 = CARTESIAN_POINT('',(12.6,-13.4,17.6));
#2157 = LINE('',#2158,#2159);
#2158 = CARTESIAN_POINT('',(12.6,-13.4,21.));
#2159 = VECTOR('',#2160,1.);
#2160 = DIRECTION('',(-0.,-0.,-1.));
#2161 = ORIENTED_EDGE('',*,*,#2162,.T.);
#2162 = EDGE_CURVE('',#2155,#2163,#2165,.T.);
#2163 = VERTEX_POINT('',#2164);
#2164 = CARTESIAN_POINT('',(12.6,-15.,17.6));
#2165 = LINE('',#2166,#2167);
#2166 = CARTESIAN_POINT('',(12.6,-13.4,17.6));
#2167 = VECTOR('',#2168,1.);
#2168 = DIRECTION('',(0.,-1.,0.));
#2169 = ORIENTED_EDGE('',*,*,#2170,.T.);
#2170 = EDGE_CURVE('',#2163,#2171,#2173,.T.);
#2171 = VERTEX_POINT('',#2172);
#2172 = CARTESIAN_POINT('',(12.6,-16.6,17.6));
#2173 = LINE('',#2174,#2175);
#2174 = CARTESIAN_POINT('',(12.6,-13.4,17.6));
#2175 = VECTOR('',#2176,1.);
#2176 = DIRECTION('',(0.,-1.,0.));
#2177 = ORIENTED_EDGE('',*,*,#2178,.F.);
#2178 = EDGE_CURVE('',#2179,#2171,#2181,.T.);
#2179 = VERTEX_POINT('',#2180);
#2180 = CARTESIAN_POINT('',(12.6,-16.6,17.8));
#2181 = LINE('',#2182,#2183);
#2182 = CARTESIAN_POINT('',(12.6,-16.6,21.));
#2183 = VECTOR('',#2184,1.);
#2184 = DIRECTION('',(-0.,-0.,-1.));
#2185 = ORIENTED_EDGE('',*,*,#2186,.T.);
#2186 = EDGE_CURVE('',#2179,#1111,#2187,.T.);
#2187 = LINE('',#2188,#2189);
#2188 = CARTESIAN_POINT('',(12.6,-12.40336756548,17.8));
#2189 = VECTOR('',#2190,1.);
#2190 = DIRECTION('',(3.4E-16,-1.,0.));
#2191 = ORIENTED_EDGE('',*,*,#1110,.F.);
#2192 = PLANE('',#2193);
#2193 = AXIS2_PLACEMENT_3D('',#2194,#2195,#2196);
#2194 = CARTESIAN_POINT('',(12.6,-15.,17.835636876059));
#2195 = DIRECTION('',(-1.,-3.7E-16,6.62E-15));
#2196 = DIRECTION('',(-6.62E-15,0.,-1.));
#2197 = ADVANCED_FACE('',(#2198),#2203,.T.);
#2198 = FACE_BOUND('',#2199,.T.);
#2199 = EDGE_LOOP('',(#2200,#2201,#2202));
#2200 = ORIENTED_EDGE('',*,*,#1101,.T.);
#2201 = ORIENTED_EDGE('',*,*,#1081,.T.);
#2202 = ORIENTED_EDGE('',*,*,#2146,.T.);
#2203 = PLANE('',#2204);
#2204 = AXIS2_PLACEMENT_3D('',#2205,#2206,#2207);
#2205 = CARTESIAN_POINT('',(11.,-15.,18.));
#2206 = DIRECTION('',(0.,0.,1.));
#2207 = DIRECTION('',(1.,0.,0.));
#2208 = ADVANCED_FACE('',(#2209),#2220,.T.);
#2209 = FACE_BOUND('',#2210,.T.);
#2210 = EDGE_LOOP('',(#2211,#2212,#2218,#2219));
#2211 = ORIENTED_EDGE('',*,*,#2186,.F.);
#2212 = ORIENTED_EDGE('',*,*,#2213,.T.);
#2213 = EDGE_CURVE('',#2179,#2051,#2214,.T.);
#2214 = LINE('',#2215,#2216);
#2215 = CARTESIAN_POINT('',(8.05,-16.6,17.8));
#2216 = VECTOR('',#2217,1.);
#2217 = DIRECTION('',(-1.,0.,0.));
#2218 = ORIENTED_EDGE('',*,*,#2050,.T.);
#2219 = ORIENTED_EDGE('',*,*,#1118,.T.);
#2220 = PLANE('',#2221);
#2221 = AXIS2_PLACEMENT_3D('',#2222,#2223,#2224);
#2222 = CARTESIAN_POINT('',(3.5,-6.,17.8));
#2223 = DIRECTION('',(0.,0.,1.));
#2224 = DIRECTION('',(1.,0.,0.));
#2225 = ADVANCED_FACE('',(#2226),#2282,.T.);
#2226 = FACE_BOUND('',#2227,.T.);
#2227 = EDGE_LOOP('',(#2228,#2229,#2235,#2236,#2244,#2252,#2260,#2268,
    #2276));
#2228 = ORIENTED_EDGE('',*,*,#1152,.F.);
#2229 = ORIENTED_EDGE('',*,*,#2230,.T.);
#2230 = EDGE_CURVE('',#1144,#1134,#2231,.T.);
#2231 = LINE('',#2232,#2233);
#2232 = CARTESIAN_POINT('',(-5.6,4.29831621726,18.));
#2233 = VECTOR('',#2234,1.);
#2234 = DIRECTION('',(0.,-1.,0.));
#2235 = ORIENTED_EDGE('',*,*,#1133,.T.);
#2236 = ORIENTED_EDGE('',*,*,#2237,.F.);
#2237 = EDGE_CURVE('',#2238,#1136,#2240,.T.);
#2238 = VERTEX_POINT('',#2239);
#2239 = CARTESIAN_POINT('',(-5.6,1.4,17.8));
#2240 = LINE('',#2241,#2242);
#2241 = CARTESIAN_POINT('',(-5.6,5.59663243452,17.8));
#2242 = VECTOR('',#2243,1.);
#2243 = DIRECTION('',(0.,-1.,0.));
#2244 = ORIENTED_EDGE('',*,*,#2245,.T.);
#2245 = EDGE_CURVE('',#2238,#2246,#2248,.T.);
#2246 = VERTEX_POINT('',#2247);
#2247 = CARTESIAN_POINT('',(-5.6,1.4,17.6));
#2248 = LINE('',#2249,#2250);
#2249 = CARTESIAN_POINT('',(-5.6,1.4,21.));
#2250 = VECTOR('',#2251,1.);
#2251 = DIRECTION('',(-0.,-0.,-1.));
#2252 = ORIENTED_EDGE('',*,*,#2253,.T.);
#2253 = EDGE_CURVE('',#2246,#2254,#2256,.T.);
#2254 = VERTEX_POINT('',#2255);
#2255 = CARTESIAN_POINT('',(-5.6,3.,17.6));
#2256 = LINE('',#2257,#2258);
#2257 = CARTESIAN_POINT('',(-5.6,1.4,17.6));
#2258 = VECTOR('',#2259,1.);
#2259 = DIRECTION('',(0.,1.,0.));
#2260 = ORIENTED_EDGE('',*,*,#2261,.T.);
#2261 = EDGE_CURVE('',#2254,#2262,#2264,.T.);
#2262 = VERTEX_POINT('',#2263);
#2263 = CARTESIAN_POINT('',(-5.6,4.6,17.6));
#2264 = LINE('',#2265,#2266);
#2265 = CARTESIAN_POINT('',(-5.6,1.4,17.6));
#2266 = VECTOR('',#2267,1.);
#2267 = DIRECTION('',(0.,1.,0.));
#2268 = ORIENTED_EDGE('',*,*,#2269,.F.);
#2269 = EDGE_CURVE('',#2270,#2262,#2272,.T.);
#2270 = VERTEX_POINT('',#2271);
#2271 = CARTESIAN_POINT('',(-5.6,4.6,17.8));
#2272 = LINE('',#2273,#2274);
#2273 = CARTESIAN_POINT('',(-5.6,4.6,21.));
#2274 = VECTOR('',#2275,1.);
#2275 = DIRECTION('',(-0.,-0.,-1.));
#2276 = ORIENTED_EDGE('',*,*,#2277,.F.);
#2277 = EDGE_CURVE('',#1153,#2270,#2278,.T.);
#2278 = LINE('',#2279,#2280);
#2279 = CARTESIAN_POINT('',(-5.6,5.59663243452,17.8));
#2280 = VECTOR('',#2281,1.);
#2281 = DIRECTION('',(0.,-1.,0.));
#2282 = PLANE('',#2283);
#2283 = AXIS2_PLACEMENT_3D('',#2284,#2285,#2286);
#2284 = CARTESIAN_POINT('',(-5.6,3.,17.835636876059));
#2285 = DIRECTION('',(1.,0.,0.));
#2286 = DIRECTION('',(0.,0.,1.));
#2287 = ADVANCED_FACE('',(#2288),#2292,.T.);
#2288 = FACE_BOUND('',#2289,.T.);
#2289 = EDGE_LOOP('',(#2290,#2291));
#2290 = ORIENTED_EDGE('',*,*,#2230,.F.);
#2291 = ORIENTED_EDGE('',*,*,#1143,.T.);
#2292 = PLANE('',#2293);
#2293 = AXIS2_PLACEMENT_3D('',#2294,#2295,#2296);
#2294 = CARTESIAN_POINT('',(-4.,3.,18.));
#2295 = DIRECTION('',(0.,0.,1.));
#2296 = DIRECTION('',(1.,0.,0.));
#2297 = ADVANCED_FACE('',(#2298),#2316,.T.);
#2298 = FACE_BOUND('',#2299,.T.);
#2299 = EDGE_LOOP('',(#2300,#2308,#2309,#2310));
#2300 = ORIENTED_EDGE('',*,*,#2301,.F.);
#2301 = EDGE_CURVE('',#1161,#2302,#2304,.T.);
#2302 = VERTEX_POINT('',#2303);
#2303 = CARTESIAN_POINT('',(-2.4,4.6,17.8));
#2304 = LINE('',#2305,#2306);
#2305 = CARTESIAN_POINT('',(-2.4,5.59663243452,17.8));
#2306 = VECTOR('',#2307,1.);
#2307 = DIRECTION('',(-9.E-17,-1.,0.));
#2308 = ORIENTED_EDGE('',*,*,#1160,.T.);
#2309 = ORIENTED_EDGE('',*,*,#2277,.T.);
#2310 = ORIENTED_EDGE('',*,*,#2311,.T.);
#2311 = EDGE_CURVE('',#2270,#2302,#2312,.T.);
#2312 = LINE('',#2313,#2314);
#2313 = CARTESIAN_POINT('',(-1.05,4.6,17.8));
#2314 = VECTOR('',#2315,1.);
#2315 = DIRECTION('',(1.,0.,0.));
#2316 = PLANE('',#2317);
#2317 = AXIS2_PLACEMENT_3D('',#2318,#2319,#2320);
#2318 = CARTESIAN_POINT('',(3.5,-6.,17.8));
#2319 = DIRECTION('',(0.,0.,1.));
#2320 = DIRECTION('',(1.,0.,0.));
#2321 = ADVANCED_FACE('',(#2322),#2371,.T.);
#2322 = FACE_BOUND('',#2323,.T.);
#2323 = EDGE_LOOP('',(#2324,#2330,#2331,#2332,#2340,#2348,#2356,#2364,
    #2370));
#2324 = ORIENTED_EDGE('',*,*,#2325,.F.);
#2325 = EDGE_CURVE('',#1170,#1198,#2326,.T.);
#2326 = LINE('',#2327,#2328);
#2327 = CARTESIAN_POINT('',(-2.4,4.29831621726,18.));
#2328 = VECTOR('',#2329,1.);
#2329 = DIRECTION('',(-9.E-17,-1.,0.));
#2330 = ORIENTED_EDGE('',*,*,#1169,.T.);
#2331 = ORIENTED_EDGE('',*,*,#2301,.T.);
#2332 = ORIENTED_EDGE('',*,*,#2333,.T.);
#2333 = EDGE_CURVE('',#2302,#2334,#2336,.T.);
#2334 = VERTEX_POINT('',#2335);
#2335 = CARTESIAN_POINT('',(-2.4,4.6,17.6));
#2336 = LINE('',#2337,#2338);
#2337 = CARTESIAN_POINT('',(-2.4,4.6,21.));
#2338 = VECTOR('',#2339,1.);
#2339 = DIRECTION('',(-0.,-0.,-1.));
#2340 = ORIENTED_EDGE('',*,*,#2341,.T.);
#2341 = EDGE_CURVE('',#2334,#2342,#2344,.T.);
#2342 = VERTEX_POINT('',#2343);
#2343 = CARTESIAN_POINT('',(-2.4,3.,17.6));
#2344 = LINE('',#2345,#2346);
#2345 = CARTESIAN_POINT('',(-2.4,4.6,17.6));
#2346 = VECTOR('',#2347,1.);
#2347 = DIRECTION('',(0.,-1.,0.));
#2348 = ORIENTED_EDGE('',*,*,#2349,.T.);
#2349 = EDGE_CURVE('',#2342,#2350,#2352,.T.);
#2350 = VERTEX_POINT('',#2351);
#2351 = CARTESIAN_POINT('',(-2.4,1.4,17.6));
#2352 = LINE('',#2353,#2354);
#2353 = CARTESIAN_POINT('',(-2.4,4.6,17.6));
#2354 = VECTOR('',#2355,1.);
#2355 = DIRECTION('',(0.,-1.,0.));
#2356 = ORIENTED_EDGE('',*,*,#2357,.F.);
#2357 = EDGE_CURVE('',#2358,#2350,#2360,.T.);
#2358 = VERTEX_POINT('',#2359);
#2359 = CARTESIAN_POINT('',(-2.4,1.4,17.8));
#2360 = LINE('',#2361,#2362);
#2361 = CARTESIAN_POINT('',(-2.4,1.4,21.));
#2362 = VECTOR('',#2363,1.);
#2363 = DIRECTION('',(-0.,-0.,-1.));
#2364 = ORIENTED_EDGE('',*,*,#2365,.T.);
#2365 = EDGE_CURVE('',#2358,#1207,#2366,.T.);
#2366 = LINE('',#2367,#2368);
#2367 = CARTESIAN_POINT('',(-2.4,5.59663243452,17.8));
#2368 = VECTOR('',#2369,1.);
#2369 = DIRECTION('',(-9.E-17,-1.,0.));
#2370 = ORIENTED_EDGE('',*,*,#1206,.F.);
#2371 = PLANE('',#2372);
#2372 = AXIS2_PLACEMENT_3D('',#2373,#2374,#2375);
#2373 = CARTESIAN_POINT('',(-2.4,3.,17.835636876059));
#2374 = DIRECTION('',(-1.,-0.,-3.78E-15));
#2375 = DIRECTION('',(3.78E-15,0.,-1.));
#2376 = ADVANCED_FACE('',(#2377),#2382,.T.);
#2377 = FACE_BOUND('',#2378,.T.);
#2378 = EDGE_LOOP('',(#2379,#2380,#2381));
#2379 = ORIENTED_EDGE('',*,*,#1197,.T.);
#2380 = ORIENTED_EDGE('',*,*,#1177,.T.);
#2381 = ORIENTED_EDGE('',*,*,#2325,.T.);
#2382 = PLANE('',#2383);
#2383 = AXIS2_PLACEMENT_3D('',#2384,#2385,#2386);
#2384 = CARTESIAN_POINT('',(-4.,3.,18.));
#2385 = DIRECTION('',(0.,0.,1.));
#2386 = DIRECTION('',(1.,0.,0.));
#2387 = ADVANCED_FACE('',(#2388),#2399,.T.);
#2388 = FACE_BOUND('',#2389,.T.);
#2389 = EDGE_LOOP('',(#2390,#2391,#2397,#2398));
#2390 = ORIENTED_EDGE('',*,*,#2365,.F.);
#2391 = ORIENTED_EDGE('',*,*,#2392,.T.);
#2392 = EDGE_CURVE('',#2358,#2238,#2393,.T.);
#2393 = LINE('',#2394,#2395);
#2394 = CARTESIAN_POINT('',(0.55,1.4,17.8));
#2395 = VECTOR('',#2396,1.);
#2396 = DIRECTION('',(-1.,0.,0.));
#2397 = ORIENTED_EDGE('',*,*,#2237,.T.);
#2398 = ORIENTED_EDGE('',*,*,#1214,.T.);
#2399 = PLANE('',#2400);
#2400 = AXIS2_PLACEMENT_3D('',#2401,#2402,#2403);
#2401 = CARTESIAN_POINT('',(3.5,-6.,17.8));
#2402 = DIRECTION('',(0.,0.,1.));
#2403 = DIRECTION('',(1.,0.,0.));
#2404 = ADVANCED_FACE('',(#2405),#2461,.T.);
#2405 = FACE_BOUND('',#2406,.T.);
#2406 = EDGE_LOOP('',(#2407,#2408,#2414,#2415,#2423,#2431,#2439,#2447,
    #2455));
#2407 = ORIENTED_EDGE('',*,*,#1248,.F.);
#2408 = ORIENTED_EDGE('',*,*,#2409,.T.);
#2409 = EDGE_CURVE('',#1240,#1230,#2410,.T.);
#2410 = LINE('',#2411,#2412);
#2411 = CARTESIAN_POINT('',(4.5,5.870828693387,18.));
#2412 = VECTOR('',#2413,1.);
#2413 = DIRECTION('',(0.,-1.,0.));
#2414 = ORIENTED_EDGE('',*,*,#1229,.T.);
#2415 = ORIENTED_EDGE('',*,*,#2416,.F.);
#2416 = EDGE_CURVE('',#2417,#1232,#2419,.T.);
#2417 = VERTEX_POINT('',#2418);
#2418 = CARTESIAN_POINT('',(4.5,1.5,17.8));
#2419 = LINE('',#2420,#2421);
#2420 = CARTESIAN_POINT('',(4.5,7.741657386774,17.8));
#2421 = VECTOR('',#2422,1.);
#2422 = DIRECTION('',(0.,-1.,0.));
#2423 = ORIENTED_EDGE('',*,*,#2424,.T.);
#2424 = EDGE_CURVE('',#2417,#2425,#2427,.T.);
#2425 = VERTEX_POINT('',#2426);
#2426 = CARTESIAN_POINT('',(4.5,1.5,17.6));
#2427 = LINE('',#2428,#2429);
#2428 = CARTESIAN_POINT('',(4.5,1.5,21.));
#2429 = VECTOR('',#2430,1.);
#2430 = DIRECTION('',(-0.,-0.,-1.));
#2431 = ORIENTED_EDGE('',*,*,#2432,.T.);
#2432 = EDGE_CURVE('',#2425,#2433,#2435,.T.);
#2433 = VERTEX_POINT('',#2434);
#2434 = CARTESIAN_POINT('',(4.5,4.,17.6));
#2435 = LINE('',#2436,#2437);
#2436 = CARTESIAN_POINT('',(4.5,1.5,17.6));
#2437 = VECTOR('',#2438,1.);
#2438 = DIRECTION('',(0.,1.,0.));
#2439 = ORIENTED_EDGE('',*,*,#2440,.T.);
#2440 = EDGE_CURVE('',#2433,#2441,#2443,.T.);
#2441 = VERTEX_POINT('',#2442);
#2442 = CARTESIAN_POINT('',(4.5,6.5,17.6));
#2443 = LINE('',#2444,#2445);
#2444 = CARTESIAN_POINT('',(4.5,1.5,17.6));
#2445 = VECTOR('',#2446,1.);
#2446 = DIRECTION('',(0.,1.,0.));
#2447 = ORIENTED_EDGE('',*,*,#2448,.F.);
#2448 = EDGE_CURVE('',#2449,#2441,#2451,.T.);
#2449 = VERTEX_POINT('',#2450);
#2450 = CARTESIAN_POINT('',(4.5,6.5,17.8));
#2451 = LINE('',#2452,#2453);
#2452 = CARTESIAN_POINT('',(4.5,6.5,21.));
#2453 = VECTOR('',#2454,1.);
#2454 = DIRECTION('',(-0.,-0.,-1.));
#2455 = ORIENTED_EDGE('',*,*,#2456,.F.);
#2456 = EDGE_CURVE('',#1249,#2449,#2457,.T.);
#2457 = LINE('',#2458,#2459);
#2458 = CARTESIAN_POINT('',(4.5,7.741657386774,17.8));
#2459 = VECTOR('',#2460,1.);
#2460 = DIRECTION('',(0.,-1.,0.));
#2461 = PLANE('',#2462);
#2462 = AXIS2_PLACEMENT_3D('',#2463,#2464,#2465);
#2463 = CARTESIAN_POINT('',(4.5,4.,17.831500895815));
#2464 = DIRECTION('',(1.,0.,0.));
#2465 = DIRECTION('',(0.,0.,1.));
#2466 = ADVANCED_FACE('',(#2467),#2471,.T.);
#2467 = FACE_BOUND('',#2468,.T.);
#2468 = EDGE_LOOP('',(#2469,#2470));
#2469 = ORIENTED_EDGE('',*,*,#2409,.F.);
#2470 = ORIENTED_EDGE('',*,*,#1239,.T.);
#2471 = PLANE('',#2472);
#2472 = AXIS2_PLACEMENT_3D('',#2473,#2474,#2475);
#2473 = CARTESIAN_POINT('',(7.,4.,18.));
#2474 = DIRECTION('',(0.,0.,1.));
#2475 = DIRECTION('',(1.,0.,0.));
#2476 = ADVANCED_FACE('',(#2477),#2495,.T.);
#2477 = FACE_BOUND('',#2478,.T.);
#2478 = EDGE_LOOP('',(#2479,#2487,#2488,#2489));
#2479 = ORIENTED_EDGE('',*,*,#2480,.F.);
#2480 = EDGE_CURVE('',#1257,#2481,#2483,.T.);
#2481 = VERTEX_POINT('',#2482);
#2482 = CARTESIAN_POINT('',(9.5,6.5,17.8));
#2483 = LINE('',#2484,#2485);
#2484 = CARTESIAN_POINT('',(9.5,7.741657386774,17.8));
#2485 = VECTOR('',#2486,1.);
#2486 = DIRECTION('',(-2.4E-16,-1.,0.));
#2487 = ORIENTED_EDGE('',*,*,#1256,.T.);
#2488 = ORIENTED_EDGE('',*,*,#2456,.T.);
#2489 = ORIENTED_EDGE('',*,*,#2490,.T.);
#2490 = EDGE_CURVE('',#2449,#2481,#2491,.T.);
#2491 = LINE('',#2492,#2493);
#2492 = CARTESIAN_POINT('',(3.750000000009,6.5,17.8));
#2493 = VECTOR('',#2494,1.);
#2494 = DIRECTION('',(1.,0.,0.));
#2495 = PLANE('',#2496);
#2496 = AXIS2_PLACEMENT_3D('',#2497,#2498,#2499);
#2497 = CARTESIAN_POINT('',(3.000000000018,-2.999999999972,17.8));
#2498 = DIRECTION('',(0.,0.,1.));
#2499 = DIRECTION('',(1.,0.,0.));
#2500 = ADVANCED_FACE('',(#2501),#2550,.T.);
#2501 = FACE_BOUND('',#2502,.T.);
#2502 = EDGE_LOOP('',(#2503,#2509,#2510,#2511,#2519,#2527,#2535,#2543,
    #2549));
#2503 = ORIENTED_EDGE('',*,*,#2504,.F.);
#2504 = EDGE_CURVE('',#1266,#1294,#2505,.T.);
#2505 = LINE('',#2506,#2507);
#2506 = CARTESIAN_POINT('',(9.5,5.870828693387,18.));
#2507 = VECTOR('',#2508,1.);
#2508 = DIRECTION('',(-2.4E-16,-1.,0.));
#2509 = ORIENTED_EDGE('',*,*,#1265,.T.);
#2510 = ORIENTED_EDGE('',*,*,#2480,.T.);
#2511 = ORIENTED_EDGE('',*,*,#2512,.T.);
#2512 = EDGE_CURVE('',#2481,#2513,#2515,.T.);
#2513 = VERTEX_POINT('',#2514);
#2514 = CARTESIAN_POINT('',(9.5,6.5,17.6));
#2515 = LINE('',#2516,#2517);
#2516 = CARTESIAN_POINT('',(9.5,6.5,21.));
#2517 = VECTOR('',#2518,1.);
#2518 = DIRECTION('',(-0.,-0.,-1.));
#2519 = ORIENTED_EDGE('',*,*,#2520,.T.);
#2520 = EDGE_CURVE('',#2513,#2521,#2523,.T.);
#2521 = VERTEX_POINT('',#2522);
#2522 = CARTESIAN_POINT('',(9.5,4.,17.6));
#2523 = LINE('',#2524,#2525);
#2524 = CARTESIAN_POINT('',(9.5,6.5,17.6));
#2525 = VECTOR('',#2526,1.);
#2526 = DIRECTION('',(0.,-1.,0.));
#2527 = ORIENTED_EDGE('',*,*,#2528,.T.);
#2528 = EDGE_CURVE('',#2521,#2529,#2531,.T.);
#2529 = VERTEX_POINT('',#2530);
#2530 = CARTESIAN_POINT('',(9.5,1.5,17.6));
#2531 = LINE('',#2532,#2533);
#2532 = CARTESIAN_POINT('',(9.5,6.5,17.6));
#2533 = VECTOR('',#2534,1.);
#2534 = DIRECTION('',(0.,-1.,0.));
#2535 = ORIENTED_EDGE('',*,*,#2536,.F.);
#2536 = EDGE_CURVE('',#2537,#2529,#2539,.T.);
#2537 = VERTEX_POINT('',#2538);
#2538 = CARTESIAN_POINT('',(9.5,1.5,17.8));
#2539 = LINE('',#2540,#2541);
#2540 = CARTESIAN_POINT('',(9.5,1.5,21.));
#2541 = VECTOR('',#2542,1.);
#2542 = DIRECTION('',(-0.,-0.,-1.));
#2543 = ORIENTED_EDGE('',*,*,#2544,.T.);
#2544 = EDGE_CURVE('',#2537,#1303,#2545,.T.);
#2545 = LINE('',#2546,#2547);
#2546 = CARTESIAN_POINT('',(9.5,7.741657386774,17.8));
#2547 = VECTOR('',#2548,1.);
#2548 = DIRECTION('',(-2.4E-16,-1.,0.));
#2549 = ORIENTED_EDGE('',*,*,#1302,.F.);
#2550 = PLANE('',#2551);
#2551 = AXIS2_PLACEMENT_3D('',#2552,#2553,#2554);
#2552 = CARTESIAN_POINT('',(9.5,4.,17.831500895815));
#2553 = DIRECTION('',(-1.,2.5E-16,-2.15E-15));
#2554 = DIRECTION('',(2.15E-15,0.,-1.));
#2555 = ADVANCED_FACE('',(#2556),#2561,.T.);
#2556 = FACE_BOUND('',#2557,.T.);
#2557 = EDGE_LOOP('',(#2558,#2559,#2560));
#2558 = ORIENTED_EDGE('',*,*,#1293,.T.);
#2559 = ORIENTED_EDGE('',*,*,#1273,.T.);
#2560 = ORIENTED_EDGE('',*,*,#2504,.T.);
#2561 = PLANE('',#2562);
#2562 = AXIS2_PLACEMENT_3D('',#2563,#2564,#2565);
#2563 = CARTESIAN_POINT('',(7.,4.,18.));
#2564 = DIRECTION('',(0.,0.,1.));
#2565 = DIRECTION('',(1.,0.,0.));
#2566 = ADVANCED_FACE('',(#2567),#2578,.T.);
#2567 = FACE_BOUND('',#2568,.T.);
#2568 = EDGE_LOOP('',(#2569,#2570,#2576,#2577));
#2569 = ORIENTED_EDGE('',*,*,#2544,.F.);
#2570 = ORIENTED_EDGE('',*,*,#2571,.T.);
#2571 = EDGE_CURVE('',#2537,#2417,#2572,.T.);
#2572 = LINE('',#2573,#2574);
#2573 = CARTESIAN_POINT('',(6.250000000009,1.5,17.8));
#2574 = VECTOR('',#2575,1.);
#2575 = DIRECTION('',(-1.,0.,0.));
#2576 = ORIENTED_EDGE('',*,*,#2416,.T.);
#2577 = ORIENTED_EDGE('',*,*,#1310,.T.);
#2578 = PLANE('',#2579);
#2579 = AXIS2_PLACEMENT_3D('',#2580,#2581,#2582);
#2580 = CARTESIAN_POINT('',(3.000000000018,-2.999999999972,17.8));
#2581 = DIRECTION('',(0.,0.,1.));
#2582 = DIRECTION('',(1.,0.,0.));
#2583 = ADVANCED_FACE('',(#2584),#2593,.T.);
#2584 = FACE_BOUND('',#2585,.T.);
#2585 = EDGE_LOOP('',(#2586,#2592));
#2586 = ORIENTED_EDGE('',*,*,#2587,.F.);
#2587 = EDGE_CURVE('',#1336,#1326,#2588,.T.);
#2588 = LINE('',#2589,#2590);
#2589 = CARTESIAN_POINT('',(23.4,21.29831621726,11.));
#2590 = VECTOR('',#2591,1.);
#2591 = DIRECTION('',(0.,-1.,0.));
#2592 = ORIENTED_EDGE('',*,*,#1335,.T.);
#2593 = PLANE('',#2594);
#2594 = AXIS2_PLACEMENT_3D('',#2595,#2596,#2597);
#2595 = CARTESIAN_POINT('',(25.,20.,11.));
#2596 = DIRECTION('',(0.,0.,1.));
#2597 = DIRECTION('',(1.,0.,0.));
#2598 = ADVANCED_FACE('',(#2599),#2624,.T.);
#2599 = FACE_BOUND('',#2600,.T.);
#2600 = EDGE_LOOP('',(#2601,#2609,#2610,#2618));
#2601 = ORIENTED_EDGE('',*,*,#2602,.F.);
#2602 = EDGE_CURVE('',#1353,#2603,#2605,.T.);
#2603 = VERTEX_POINT('',#2604);
#2604 = CARTESIAN_POINT('',(26.6,21.6,10.8));
#2605 = LINE('',#2606,#2607);
#2606 = CARTESIAN_POINT('',(26.6,22.59663243452,10.8));
#2607 = VECTOR('',#2608,1.);
#2608 = DIRECTION('',(0.,-1.,0.));
#2609 = ORIENTED_EDGE('',*,*,#1352,.T.);
#2610 = ORIENTED_EDGE('',*,*,#2611,.T.);
#2611 = EDGE_CURVE('',#1345,#2612,#2614,.T.);
#2612 = VERTEX_POINT('',#2613);
#2613 = CARTESIAN_POINT('',(23.4,21.6,10.8));
#2614 = LINE('',#2615,#2616);
#2615 = CARTESIAN_POINT('',(23.4,22.59663243452,10.8));
#2616 = VECTOR('',#2617,1.);
#2617 = DIRECTION('',(0.,-1.,0.));
#2618 = ORIENTED_EDGE('',*,*,#2619,.T.);
#2619 = EDGE_CURVE('',#2612,#2603,#2620,.T.);
#2620 = LINE('',#2621,#2622);
#2621 = CARTESIAN_POINT('',(27.949999999975,21.6,10.8));
#2622 = VECTOR('',#2623,1.);
#2623 = DIRECTION('',(1.,0.,0.));
#2624 = PLANE('',#2625);
#2625 = AXIS2_PLACEMENT_3D('',#2626,#2627,#2628);
#2626 = CARTESIAN_POINT('',(32.49999999995,20.,10.8));
#2627 = DIRECTION('',(0.,0.,1.));
#2628 = DIRECTION('',(1.,0.,0.));
#2629 = ADVANCED_FACE('',(#2630),#2640,.T.);
#2630 = FACE_BOUND('',#2631,.T.);
#2631 = EDGE_LOOP('',(#2632,#2633,#2634));
#2632 = ORIENTED_EDGE('',*,*,#1389,.T.);
#2633 = ORIENTED_EDGE('',*,*,#1369,.T.);
#2634 = ORIENTED_EDGE('',*,*,#2635,.T.);
#2635 = EDGE_CURVE('',#1362,#1390,#2636,.T.);
#2636 = LINE('',#2637,#2638);
#2637 = CARTESIAN_POINT('',(26.6,21.29831621726,11.));
#2638 = VECTOR('',#2639,1.);
#2639 = DIRECTION('',(0.,-1.,0.));
#2640 = PLANE('',#2641);
#2641 = AXIS2_PLACEMENT_3D('',#2642,#2643,#2644);
#2642 = CARTESIAN_POINT('',(25.,20.,11.));
#2643 = DIRECTION('',(0.,0.,1.));
#2644 = DIRECTION('',(1.,0.,0.));
#2645 = ADVANCED_FACE('',(#2646),#2671,.T.);
#2646 = FACE_BOUND('',#2647,.T.);
#2647 = EDGE_LOOP('',(#2648,#2656,#2664,#2670));
#2648 = ORIENTED_EDGE('',*,*,#2649,.F.);
#2649 = EDGE_CURVE('',#2650,#1399,#2652,.T.);
#2650 = VERTEX_POINT('',#2651);
#2651 = CARTESIAN_POINT('',(26.6,18.4,10.8));
#2652 = LINE('',#2653,#2654);
#2653 = CARTESIAN_POINT('',(26.6,22.59663243452,10.8));
#2654 = VECTOR('',#2655,1.);
#2655 = DIRECTION('',(0.,-1.,0.));
#2656 = ORIENTED_EDGE('',*,*,#2657,.T.);
#2657 = EDGE_CURVE('',#2650,#2658,#2660,.T.);
#2658 = VERTEX_POINT('',#2659);
#2659 = CARTESIAN_POINT('',(23.4,18.4,10.8));
#2660 = LINE('',#2661,#2662);
#2661 = CARTESIAN_POINT('',(29.549999999975,18.4,10.8));
#2662 = VECTOR('',#2663,1.);
#2663 = DIRECTION('',(-1.,0.,0.));
#2664 = ORIENTED_EDGE('',*,*,#2665,.T.);
#2665 = EDGE_CURVE('',#2658,#1328,#2666,.T.);
#2666 = LINE('',#2667,#2668);
#2667 = CARTESIAN_POINT('',(23.4,22.59663243452,10.8));
#2668 = VECTOR('',#2669,1.);
#2669 = DIRECTION('',(0.,-1.,0.));
#2670 = ORIENTED_EDGE('',*,*,#1406,.T.);
#2671 = PLANE('',#2672);
#2672 = AXIS2_PLACEMENT_3D('',#2673,#2674,#2675);
#2673 = CARTESIAN_POINT('',(32.49999999995,20.,10.8));
#2674 = DIRECTION('',(0.,0.,1.));
#2675 = DIRECTION('',(1.,0.,0.));
#2676 = ADVANCED_FACE('',(#2677),#2723,.F.);
#2677 = FACE_BOUND('',#2678,.T.);
#2678 = EDGE_LOOP('',(#2679,#2690,#2696,#2697,#2698,#2707,#2716));
#2679 = ORIENTED_EDGE('',*,*,#2680,.F.);
#2680 = EDGE_CURVE('',#2681,#2683,#2685,.T.);
#2681 = VERTEX_POINT('',#2682);
#2682 = CARTESIAN_POINT('',(26.6,20.,10.6));
#2683 = VERTEX_POINT('',#2684);
#2684 = CARTESIAN_POINT('',(25.,18.4,10.6));
#2685 = CIRCLE('',#2686,1.6);
#2686 = AXIS2_PLACEMENT_3D('',#2687,#2688,#2689);
#2687 = CARTESIAN_POINT('',(25.,20.,10.6));
#2688 = DIRECTION('',(0.,0.,-1.));
#2689 = DIRECTION('',(1.,0.,0.));
#2690 = ORIENTED_EDGE('',*,*,#2691,.T.);
#2691 = EDGE_CURVE('',#2681,#1441,#2692,.T.);
#2692 = LINE('',#2693,#2694);
#2693 = CARTESIAN_POINT('',(26.6,20.,11.));
#2694 = VECTOR('',#2695,1.);
#2695 = DIRECTION('',(-1.110223024625E-16,0.,-1.));
#2696 = ORIENTED_EDGE('',*,*,#1440,.F.);
#2697 = ORIENTED_EDGE('',*,*,#2691,.F.);
#2698 = ORIENTED_EDGE('',*,*,#2699,.F.);
#2699 = EDGE_CURVE('',#2700,#2681,#2702,.T.);
#2700 = VERTEX_POINT('',#2701);
#2701 = CARTESIAN_POINT('',(25.,21.6,10.6));
#2702 = CIRCLE('',#2703,1.6);
#2703 = AXIS2_PLACEMENT_3D('',#2704,#2705,#2706);
#2704 = CARTESIAN_POINT('',(25.,20.,10.6));
#2705 = DIRECTION('',(0.,0.,-1.));
#2706 = DIRECTION('',(1.,0.,0.));
#2707 = ORIENTED_EDGE('',*,*,#2708,.F.);
#2708 = EDGE_CURVE('',#2709,#2700,#2711,.T.);
#2709 = VERTEX_POINT('',#2710);
#2710 = CARTESIAN_POINT('',(23.4,20.,10.6));
#2711 = CIRCLE('',#2712,1.6);
#2712 = AXIS2_PLACEMENT_3D('',#2713,#2714,#2715);
#2713 = CARTESIAN_POINT('',(25.,20.,10.6));
#2714 = DIRECTION('',(0.,0.,-1.));
#2715 = DIRECTION('',(1.,0.,0.));
#2716 = ORIENTED_EDGE('',*,*,#2717,.F.);
#2717 = EDGE_CURVE('',#2683,#2709,#2718,.T.);
#2718 = CIRCLE('',#2719,1.6);
#2719 = AXIS2_PLACEMENT_3D('',#2720,#2721,#2722);
#2720 = CARTESIAN_POINT('',(25.,20.,10.6));
#2721 = DIRECTION('',(0.,0.,-1.));
#2722 = DIRECTION('',(1.,0.,0.));
#2723 = CYLINDRICAL_SURFACE('',#2724,1.6);
#2724 = AXIS2_PLACEMENT_3D('',#2725,#2726,#2727);
#2725 = CARTESIAN_POINT('',(25.,20.,11.));
#2726 = DIRECTION('',(-0.,-0.,-1.));
#2727 = DIRECTION('',(1.,0.,0.));
#2728 = ADVANCED_FACE('',(#2729),#2740,.F.);
#2729 = FACE_BOUND('',#2730,.F.);
#2730 = EDGE_LOOP('',(#2731,#2732,#2733,#2734));
#2731 = ORIENTED_EDGE('',*,*,#1754,.T.);
#2732 = ORIENTED_EDGE('',*,*,#1855,.T.);
#2733 = ORIENTED_EDGE('',*,*,#1629,.T.);
#2734 = ORIENTED_EDGE('',*,*,#2735,.F.);
#2735 = EDGE_CURVE('',#1747,#1622,#2736,.T.);
#2736 = LINE('',#2737,#2738);
#2737 = CARTESIAN_POINT('',(-1.5,10.,0.));
#2738 = VECTOR('',#2739,1.);
#2739 = DIRECTION('',(0.,0.,-1.));
#2740 = PLANE('',#2741);
#2741 = AXIS2_PLACEMENT_3D('',#2742,#2743,#2744);
#2742 = CARTESIAN_POINT('',(-10.,10.,0.));
#2743 = DIRECTION('',(0.,-1.,0.));
#2744 = DIRECTION('',(0.,0.,1.));
#2745 = ADVANCED_FACE('',(#2746),#2757,.T.);
#2746 = FACE_BOUND('',#2747,.T.);
#2747 = EDGE_LOOP('',(#2748,#2749,#2750,#2751));
#2748 = ORIENTED_EDGE('',*,*,#1621,.F.);
#2749 = ORIENTED_EDGE('',*,*,#2735,.F.);
#2750 = ORIENTED_EDGE('',*,*,#1746,.T.);
#2751 = ORIENTED_EDGE('',*,*,#2752,.F.);
#2752 = EDGE_CURVE('',#1613,#1738,#2753,.T.);
#2753 = LINE('',#2754,#2755);
#2754 = CARTESIAN_POINT('',(-1.5,4.,0.));
#2755 = VECTOR('',#2756,1.);
#2756 = DIRECTION('',(0.,0.,1.));
#2757 = PLANE('',#2758);
#2758 = AXIS2_PLACEMENT_3D('',#2759,#2760,#2761);
#2759 = CARTESIAN_POINT('',(-1.5,11.8,0.));
#2760 = DIRECTION('',(1.,0.,0.));
#2761 = DIRECTION('',(0.,-1.,0.));
#2762 = ADVANCED_FACE('',(#2763),#2769,.F.);
#2763 = FACE_BOUND('',#2764,.T.);
#2764 = EDGE_LOOP('',(#2765,#2766,#2767,#2768));
#2765 = ORIENTED_EDGE('',*,*,#2752,.T.);
#2766 = ORIENTED_EDGE('',*,*,#1737,.T.);
#2767 = ORIENTED_EDGE('',*,*,#1684,.F.);
#2768 = ORIENTED_EDGE('',*,*,#1612,.F.);
#2769 = CYLINDRICAL_SURFACE('',#2770,8.5);
#2770 = AXIS2_PLACEMENT_3D('',#2771,#2772,#2773);
#2771 = CARTESIAN_POINT('',(7.,4.,0.));
#2772 = DIRECTION('',(-0.,-0.,-1.));
#2773 = DIRECTION('',(1.,0.,0.));
#2774 = ADVANCED_FACE('',(#2775),#2817,.F.);
#2775 = FACE_BOUND('',#2776,.T.);
#2776 = EDGE_LOOP('',(#2777,#2786,#2792,#2793,#2794,#2803,#2810));
#2777 = ORIENTED_EDGE('',*,*,#2778,.F.);
#2778 = EDGE_CURVE('',#1984,#2779,#2781,.T.);
#2779 = VERTEX_POINT('',#2780);
#2780 = CARTESIAN_POINT('',(-1.,-12.5,17.6));
#2781 = CIRCLE('',#2782,2.5);
#2782 = AXIS2_PLACEMENT_3D('',#2783,#2784,#2785);
#2783 = CARTESIAN_POINT('',(-1.,-10.,17.6));
#2784 = DIRECTION('',(0.,0.,-1.));
#2785 = DIRECTION('',(1.,0.,0.));
#2786 = ORIENTED_EDGE('',*,*,#2787,.T.);
#2787 = EDGE_CURVE('',#1984,#1646,#2788,.T.);
#2788 = LINE('',#2789,#2790);
#2789 = CARTESIAN_POINT('',(1.5,-10.,18.));
#2790 = VECTOR('',#2791,1.);
#2791 = DIRECTION('',(-6.E-17,0.,-1.));
#2792 = ORIENTED_EDGE('',*,*,#1645,.T.);
#2793 = ORIENTED_EDGE('',*,*,#2787,.F.);
#2794 = ORIENTED_EDGE('',*,*,#2795,.F.);
#2795 = EDGE_CURVE('',#2796,#1984,#2798,.T.);
#2796 = VERTEX_POINT('',#2797);
#2797 = CARTESIAN_POINT('',(-1.,-7.5,17.6));
#2798 = CIRCLE('',#2799,2.5);
#2799 = AXIS2_PLACEMENT_3D('',#2800,#2801,#2802);
#2800 = CARTESIAN_POINT('',(-1.,-10.,17.6));
#2801 = DIRECTION('',(0.,0.,-1.));
#2802 = DIRECTION('',(1.,0.,0.));
#2803 = ORIENTED_EDGE('',*,*,#2804,.F.);
#2804 = EDGE_CURVE('',#1888,#2796,#2805,.T.);
#2805 = CIRCLE('',#2806,2.5);
#2806 = AXIS2_PLACEMENT_3D('',#2807,#2808,#2809);
#2807 = CARTESIAN_POINT('',(-1.,-10.,17.6));
#2808 = DIRECTION('',(0.,0.,-1.));
#2809 = DIRECTION('',(1.,0.,0.));
#2810 = ORIENTED_EDGE('',*,*,#2811,.F.);
#2811 = EDGE_CURVE('',#2779,#1888,#2812,.T.);
#2812 = CIRCLE('',#2813,2.5);
#2813 = AXIS2_PLACEMENT_3D('',#2814,#2815,#2816);
#2814 = CARTESIAN_POINT('',(-1.,-10.,17.6));
#2815 = DIRECTION('',(0.,0.,-1.));
#2816 = DIRECTION('',(1.,0.,0.));
#2817 = CYLINDRICAL_SURFACE('',#2818,2.5);
#2818 = AXIS2_PLACEMENT_3D('',#2819,#2820,#2821);
#2819 = CARTESIAN_POINT('',(-1.,-10.,18.));
#2820 = DIRECTION('',(-0.,-0.,-1.));
#2821 = DIRECTION('',(1.,0.,0.));
#2822 = ADVANCED_FACE('',(#2823),#2865,.F.);
#2823 = FACE_BOUND('',#2824,.T.);
#2824 = EDGE_LOOP('',(#2825,#2834,#2840,#2841,#2842,#2851,#2858));
#2825 = ORIENTED_EDGE('',*,*,#2826,.F.);
#2826 = EDGE_CURVE('',#2163,#2827,#2829,.T.);
#2827 = VERTEX_POINT('',#2828);
#2828 = CARTESIAN_POINT('',(11.,-16.6,17.6));
#2829 = CIRCLE('',#2830,1.6);
#2830 = AXIS2_PLACEMENT_3D('',#2831,#2832,#2833);
#2831 = CARTESIAN_POINT('',(11.,-15.,17.6));
#2832 = DIRECTION('',(0.,0.,-1.));
#2833 = DIRECTION('',(1.,0.,0.));
#2834 = ORIENTED_EDGE('',*,*,#2835,.T.);
#2835 = EDGE_CURVE('',#2163,#1657,#2836,.T.);
#2836 = LINE('',#2837,#2838);
#2837 = CARTESIAN_POINT('',(12.6,-15.,18.));
#2838 = VECTOR('',#2839,1.);
#2839 = DIRECTION('',(-6.E-17,0.,-1.));
#2840 = ORIENTED_EDGE('',*,*,#1656,.T.);
#2841 = ORIENTED_EDGE('',*,*,#2835,.F.);
#2842 = ORIENTED_EDGE('',*,*,#2843,.F.);
#2843 = EDGE_CURVE('',#2844,#2163,#2846,.T.);
#2844 = VERTEX_POINT('',#2845);
#2845 = CARTESIAN_POINT('',(11.,-13.4,17.6));
#2846 = CIRCLE('',#2847,1.6);
#2847 = AXIS2_PLACEMENT_3D('',#2848,#2849,#2850);
#2848 = CARTESIAN_POINT('',(11.,-15.,17.6));
#2849 = DIRECTION('',(0.,0.,-1.));
#2850 = DIRECTION('',(1.,0.,0.));
#2851 = ORIENTED_EDGE('',*,*,#2852,.F.);
#2852 = EDGE_CURVE('',#2067,#2844,#2853,.T.);
#2853 = CIRCLE('',#2854,1.6);
#2854 = AXIS2_PLACEMENT_3D('',#2855,#2856,#2857);
#2855 = CARTESIAN_POINT('',(11.,-15.,17.6));
#2856 = DIRECTION('',(0.,0.,-1.));
#2857 = DIRECTION('',(1.,0.,0.));
#2858 = ORIENTED_EDGE('',*,*,#2859,.F.);
#2859 = EDGE_CURVE('',#2827,#2067,#2860,.T.);
#2860 = CIRCLE('',#2861,1.6);
#2861 = AXIS2_PLACEMENT_3D('',#2862,#2863,#2864);
#2862 = CARTESIAN_POINT('',(11.,-15.,17.6));
#2863 = DIRECTION('',(0.,0.,-1.));
#2864 = DIRECTION('',(1.,0.,0.));
#2865 = CYLINDRICAL_SURFACE('',#2866,1.6);
#2866 = AXIS2_PLACEMENT_3D('',#2867,#2868,#2869);
#2867 = CARTESIAN_POINT('',(11.,-15.,18.));
#2868 = DIRECTION('',(-0.,-0.,-1.));
#2869 = DIRECTION('',(1.,0.,0.));
#2870 = ADVANCED_FACE('',(#2871),#2913,.F.);
#2871 = FACE_BOUND('',#2872,.T.);
#2872 = EDGE_LOOP('',(#2873,#2882,#2888,#2889,#2890,#2899,#2906));
#2873 = ORIENTED_EDGE('',*,*,#2874,.F.);
#2874 = EDGE_CURVE('',#2342,#2875,#2877,.T.);
#2875 = VERTEX_POINT('',#2876);
#2876 = CARTESIAN_POINT('',(-4.,1.4,17.6));
#2877 = CIRCLE('',#2878,1.6);
#2878 = AXIS2_PLACEMENT_3D('',#2879,#2880,#2881);
#2879 = CARTESIAN_POINT('',(-4.,3.,17.6));
#2880 = DIRECTION('',(0.,0.,-1.));
#2881 = DIRECTION('',(1.,0.,0.));
#2882 = ORIENTED_EDGE('',*,*,#2883,.T.);
#2883 = EDGE_CURVE('',#2342,#1668,#2884,.T.);
#2884 = LINE('',#2885,#2886);
#2885 = CARTESIAN_POINT('',(-2.4,3.,18.));
#2886 = VECTOR('',#2887,1.);
#2887 = DIRECTION('',(-6.E-17,0.,-1.));
#2888 = ORIENTED_EDGE('',*,*,#1667,.T.);
#2889 = ORIENTED_EDGE('',*,*,#2883,.F.);
#2890 = ORIENTED_EDGE('',*,*,#2891,.F.);
#2891 = EDGE_CURVE('',#2892,#2342,#2894,.T.);
#2892 = VERTEX_POINT('',#2893);
#2893 = CARTESIAN_POINT('',(-4.,4.6,17.6));
#2894 = CIRCLE('',#2895,1.6);
#2895 = AXIS2_PLACEMENT_3D('',#2896,#2897,#2898);
#2896 = CARTESIAN_POINT('',(-4.,3.,17.6));
#2897 = DIRECTION('',(0.,0.,-1.));
#2898 = DIRECTION('',(1.,0.,0.));
#2899 = ORIENTED_EDGE('',*,*,#2900,.F.);
#2900 = EDGE_CURVE('',#2254,#2892,#2901,.T.);
#2901 = CIRCLE('',#2902,1.6);
#2902 = AXIS2_PLACEMENT_3D('',#2903,#2904,#2905);
#2903 = CARTESIAN_POINT('',(-4.,3.,17.6));
#2904 = DIRECTION('',(0.,0.,-1.));
#2905 = DIRECTION('',(1.,0.,0.));
#2906 = ORIENTED_EDGE('',*,*,#2907,.F.);
#2907 = EDGE_CURVE('',#2875,#2254,#2908,.T.);
#2908 = CIRCLE('',#2909,1.6);
#2909 = AXIS2_PLACEMENT_3D('',#2910,#2911,#2912);
#2910 = CARTESIAN_POINT('',(-4.,3.,17.6));
#2911 = DIRECTION('',(0.,0.,-1.));
#2912 = DIRECTION('',(1.,0.,0.));
#2913 = CYLINDRICAL_SURFACE('',#2914,1.6);
#2914 = AXIS2_PLACEMENT_3D('',#2915,#2916,#2917);
#2915 = CARTESIAN_POINT('',(-4.,3.,18.));
#2916 = DIRECTION('',(-0.,-0.,-1.));
#2917 = DIRECTION('',(1.,0.,0.));
#2918 = ADVANCED_FACE('',(#2919),#2925,.F.);
#2919 = FACE_BOUND('',#2920,.T.);
#2920 = EDGE_LOOP('',(#2921,#2922,#2923,#2924));
#2921 = ORIENTED_EDGE('',*,*,#1821,.F.);
#2922 = ORIENTED_EDGE('',*,*,#1788,.T.);
#2923 = ORIENTED_EDGE('',*,*,#1720,.T.);
#2924 = ORIENTED_EDGE('',*,*,#1838,.T.);
#2925 = CYLINDRICAL_SURFACE('',#2926,8.5);
#2926 = AXIS2_PLACEMENT_3D('',#2927,#2928,#2929);
#2927 = CARTESIAN_POINT('',(7.,4.,0.));
#2928 = DIRECTION('',(-0.,-0.,-1.));
#2929 = DIRECTION('',(1.,0.,0.));
#2930 = ADVANCED_FACE('',(#2931),#2973,.F.);
#2931 = FACE_BOUND('',#2932,.T.);
#2932 = EDGE_LOOP('',(#2933,#2942,#2948,#2949,#2950,#2959,#2966));
#2933 = ORIENTED_EDGE('',*,*,#2934,.F.);
#2934 = EDGE_CURVE('',#2521,#2935,#2937,.T.);
#2935 = VERTEX_POINT('',#2936);
#2936 = CARTESIAN_POINT('',(7.,1.5,17.6));
#2937 = CIRCLE('',#2938,2.5);
#2938 = AXIS2_PLACEMENT_3D('',#2939,#2940,#2941);
#2939 = CARTESIAN_POINT('',(7.,4.,17.6));
#2940 = DIRECTION('',(0.,0.,-1.));
#2941 = DIRECTION('',(1.,0.,0.));
#2942 = ORIENTED_EDGE('',*,*,#2943,.T.);
#2943 = EDGE_CURVE('',#2521,#1772,#2944,.T.);
#2944 = LINE('',#2945,#2946);
#2945 = CARTESIAN_POINT('',(9.5,4.,18.));
#2946 = VECTOR('',#2947,1.);
#2947 = DIRECTION('',(-6.E-17,0.,-1.));
#2948 = ORIENTED_EDGE('',*,*,#1771,.T.);
#2949 = ORIENTED_EDGE('',*,*,#2943,.F.);
#2950 = ORIENTED_EDGE('',*,*,#2951,.F.);
#2951 = EDGE_CURVE('',#2952,#2521,#2954,.T.);
#2952 = VERTEX_POINT('',#2953);
#2953 = CARTESIAN_POINT('',(7.,6.5,17.6));
#2954 = CIRCLE('',#2955,2.5);
#2955 = AXIS2_PLACEMENT_3D('',#2956,#2957,#2958);
#2956 = CARTESIAN_POINT('',(7.,4.,17.6));
#2957 = DIRECTION('',(0.,0.,-1.));
#2958 = DIRECTION('',(1.,0.,0.));
#2959 = ORIENTED_EDGE('',*,*,#2960,.F.);
#2960 = EDGE_CURVE('',#2433,#2952,#2961,.T.);
#2961 = CIRCLE('',#2962,2.5);
#2962 = AXIS2_PLACEMENT_3D('',#2963,#2964,#2965);
#2963 = CARTESIAN_POINT('',(7.,4.,17.6));
#2964 = DIRECTION('',(0.,0.,-1.));
#2965 = DIRECTION('',(1.,0.,0.));
#2966 = ORIENTED_EDGE('',*,*,#2967,.F.);
#2967 = EDGE_CURVE('',#2935,#2433,#2968,.T.);
#2968 = CIRCLE('',#2969,2.5);
#2969 = AXIS2_PLACEMENT_3D('',#2970,#2971,#2972);
#2970 = CARTESIAN_POINT('',(7.,4.,17.6));
#2971 = DIRECTION('',(0.,0.,-1.));
#2972 = DIRECTION('',(1.,0.,0.));
#2973 = CYLINDRICAL_SURFACE('',#2974,2.5);
#2974 = AXIS2_PLACEMENT_3D('',#2975,#2976,#2977);
#2975 = CARTESIAN_POINT('',(7.,4.,18.));
#2976 = DIRECTION('',(-0.,-0.,-1.));
#2977 = DIRECTION('',(1.,0.,0.));
#2978 = ADVANCED_FACE('',(#2979),#2996,.T.);
#2979 = FACE_BOUND('',#2980,.T.);
#2980 = EDGE_LOOP('',(#2981,#2982,#2983,#2989,#2995));
#2981 = ORIENTED_EDGE('',*,*,#2034,.F.);
#2982 = ORIENTED_EDGE('',*,*,#1999,.T.);
#2983 = ORIENTED_EDGE('',*,*,#2984,.T.);
#2984 = EDGE_CURVE('',#1992,#2779,#2985,.T.);
#2985 = LINE('',#2986,#2987);
#2986 = CARTESIAN_POINT('',(1.5,-12.5,17.6));
#2987 = VECTOR('',#2988,1.);
#2988 = DIRECTION('',(-1.,0.,0.));
#2989 = ORIENTED_EDGE('',*,*,#2990,.T.);
#2990 = EDGE_CURVE('',#2779,#1880,#2991,.T.);
#2991 = LINE('',#2992,#2993);
#2992 = CARTESIAN_POINT('',(1.5,-12.5,17.6));
#2993 = VECTOR('',#2994,1.);
#2994 = DIRECTION('',(-1.,0.,0.));
#2995 = ORIENTED_EDGE('',*,*,#1879,.F.);
#2996 = PLANE('',#2997);
#2997 = AXIS2_PLACEMENT_3D('',#2998,#2999,#3000);
#2998 = CARTESIAN_POINT('',(-1.,-12.5,17.7));
#2999 = DIRECTION('',(0.,1.,0.));
#3000 = DIRECTION('',(0.,0.,1.));
#3001 = ADVANCED_FACE('',(#3002),#3007,.T.);
#3002 = FACE_BOUND('',#3003,.T.);
#3003 = EDGE_LOOP('',(#3004,#3005,#3006));
#3004 = ORIENTED_EDGE('',*,*,#2811,.T.);
#3005 = ORIENTED_EDGE('',*,*,#1887,.F.);
#3006 = ORIENTED_EDGE('',*,*,#2990,.F.);
#3007 = PLANE('',#3008);
#3008 = AXIS2_PLACEMENT_3D('',#3009,#3010,#3011);
#3009 = CARTESIAN_POINT('',(3.,-3.,17.6));
#3010 = DIRECTION('',(0.,0.,1.));
#3011 = DIRECTION('',(1.,0.,0.));
#3012 = ADVANCED_FACE('',(#3013),#3023,.T.);
#3013 = FACE_BOUND('',#3014,.T.);
#3014 = EDGE_LOOP('',(#3015,#3021,#3022));
#3015 = ORIENTED_EDGE('',*,*,#3016,.F.);
#3016 = EDGE_CURVE('',#1896,#2796,#3017,.T.);
#3017 = LINE('',#3018,#3019);
#3018 = CARTESIAN_POINT('',(-3.5,-7.5,17.6));
#3019 = VECTOR('',#3020,1.);
#3020 = DIRECTION('',(1.,0.,0.));
#3021 = ORIENTED_EDGE('',*,*,#1895,.F.);
#3022 = ORIENTED_EDGE('',*,*,#2804,.T.);
#3023 = PLANE('',#3024);
#3024 = AXIS2_PLACEMENT_3D('',#3025,#3026,#3027);
#3025 = CARTESIAN_POINT('',(3.,-3.,17.6));
#3026 = DIRECTION('',(0.,0.,1.));
#3027 = DIRECTION('',(1.,0.,0.));
#3028 = ADVANCED_FACE('',(#3029),#3041,.T.);
#3029 = FACE_BOUND('',#3030,.T.);
#3030 = EDGE_LOOP('',(#3031,#3032,#3033,#3034,#3040));
#3031 = ORIENTED_EDGE('',*,*,#1953,.F.);
#3032 = ORIENTED_EDGE('',*,*,#1903,.T.);
#3033 = ORIENTED_EDGE('',*,*,#3016,.T.);
#3034 = ORIENTED_EDGE('',*,*,#3035,.T.);
#3035 = EDGE_CURVE('',#2796,#1976,#3036,.T.);
#3036 = LINE('',#3037,#3038);
#3037 = CARTESIAN_POINT('',(-3.5,-7.5,17.6));
#3038 = VECTOR('',#3039,1.);
#3039 = DIRECTION('',(1.,0.,0.));
#3040 = ORIENTED_EDGE('',*,*,#1975,.F.);
#3041 = PLANE('',#3042);
#3042 = AXIS2_PLACEMENT_3D('',#3043,#3044,#3045);
#3043 = CARTESIAN_POINT('',(-1.,-7.5,17.7));
#3044 = DIRECTION('',(-0.,-1.,-0.));
#3045 = DIRECTION('',(0.,0.,-1.));
#3046 = ADVANCED_FACE('',(#3047),#3052,.T.);
#3047 = FACE_BOUND('',#3048,.T.);
#3048 = EDGE_LOOP('',(#3049,#3050,#3051));
#3049 = ORIENTED_EDGE('',*,*,#3035,.F.);
#3050 = ORIENTED_EDGE('',*,*,#2795,.T.);
#3051 = ORIENTED_EDGE('',*,*,#1983,.F.);
#3052 = PLANE('',#3053);
#3053 = AXIS2_PLACEMENT_3D('',#3054,#3055,#3056);
#3054 = CARTESIAN_POINT('',(3.,-3.,17.6));
#3055 = DIRECTION('',(0.,0.,1.));
#3056 = DIRECTION('',(1.,0.,0.));
#3057 = ADVANCED_FACE('',(#3058),#3063,.T.);
#3058 = FACE_BOUND('',#3059,.T.);
#3059 = EDGE_LOOP('',(#3060,#3061,#3062));
#3060 = ORIENTED_EDGE('',*,*,#1991,.F.);
#3061 = ORIENTED_EDGE('',*,*,#2778,.T.);
#3062 = ORIENTED_EDGE('',*,*,#2984,.F.);
#3063 = PLANE('',#3064);
#3064 = AXIS2_PLACEMENT_3D('',#3065,#3066,#3067);
#3065 = CARTESIAN_POINT('',(3.,-3.,17.6));
#3066 = DIRECTION('',(0.,0.,1.));
#3067 = DIRECTION('',(1.,0.,0.));
#3068 = ADVANCED_FACE('',(#3069),#3086,.T.);
#3069 = FACE_BOUND('',#3070,.T.);
#3070 = EDGE_LOOP('',(#3071,#3072,#3073,#3079,#3085));
#3071 = ORIENTED_EDGE('',*,*,#2213,.F.);
#3072 = ORIENTED_EDGE('',*,*,#2178,.T.);
#3073 = ORIENTED_EDGE('',*,*,#3074,.T.);
#3074 = EDGE_CURVE('',#2171,#2827,#3075,.T.);
#3075 = LINE('',#3076,#3077);
#3076 = CARTESIAN_POINT('',(12.6,-16.6,17.6));
#3077 = VECTOR('',#3078,1.);
#3078 = DIRECTION('',(-1.,0.,0.));
#3079 = ORIENTED_EDGE('',*,*,#3080,.T.);
#3080 = EDGE_CURVE('',#2827,#2059,#3081,.T.);
#3081 = LINE('',#3082,#3083);
#3082 = CARTESIAN_POINT('',(12.6,-16.6,17.6));
#3083 = VECTOR('',#3084,1.);
#3084 = DIRECTION('',(-1.,0.,0.));
#3085 = ORIENTED_EDGE('',*,*,#2058,.F.);
#3086 = PLANE('',#3087);
#3087 = AXIS2_PLACEMENT_3D('',#3088,#3089,#3090);
#3088 = CARTESIAN_POINT('',(11.,-16.6,17.7));
#3089 = DIRECTION('',(0.,1.,0.));
#3090 = DIRECTION('',(0.,0.,1.));
#3091 = ADVANCED_FACE('',(#3092),#3097,.T.);
#3092 = FACE_BOUND('',#3093,.T.);
#3093 = EDGE_LOOP('',(#3094,#3095,#3096));
#3094 = ORIENTED_EDGE('',*,*,#2859,.T.);
#3095 = ORIENTED_EDGE('',*,*,#2066,.F.);
#3096 = ORIENTED_EDGE('',*,*,#3080,.F.);
#3097 = PLANE('',#3098);
#3098 = AXIS2_PLACEMENT_3D('',#3099,#3100,#3101);
#3099 = CARTESIAN_POINT('',(3.5,-6.,17.6));
#3100 = DIRECTION('',(0.,0.,1.));
#3101 = DIRECTION('',(1.,0.,0.));
#3102 = ADVANCED_FACE('',(#3103),#3113,.T.);
#3103 = FACE_BOUND('',#3104,.T.);
#3104 = EDGE_LOOP('',(#3105,#3111,#3112));
#3105 = ORIENTED_EDGE('',*,*,#3106,.F.);
#3106 = EDGE_CURVE('',#2075,#2844,#3107,.T.);
#3107 = LINE('',#3108,#3109);
#3108 = CARTESIAN_POINT('',(9.4,-13.4,17.6));
#3109 = VECTOR('',#3110,1.);
#3110 = DIRECTION('',(1.,0.,0.));
#3111 = ORIENTED_EDGE('',*,*,#2074,.F.);
#3112 = ORIENTED_EDGE('',*,*,#2852,.T.);
#3113 = PLANE('',#3114);
#3114 = AXIS2_PLACEMENT_3D('',#3115,#3116,#3117);
#3115 = CARTESIAN_POINT('',(3.5,-6.,17.6));
#3116 = DIRECTION('',(0.,0.,1.));
#3117 = DIRECTION('',(1.,0.,0.));
#3118 = ADVANCED_FACE('',(#3119),#3131,.T.);
#3119 = FACE_BOUND('',#3120,.T.);
#3120 = EDGE_LOOP('',(#3121,#3122,#3123,#3124,#3130));
#3121 = ORIENTED_EDGE('',*,*,#2132,.F.);
#3122 = ORIENTED_EDGE('',*,*,#2082,.T.);
#3123 = ORIENTED_EDGE('',*,*,#3106,.T.);
#3124 = ORIENTED_EDGE('',*,*,#3125,.T.);
#3125 = EDGE_CURVE('',#2844,#2155,#3126,.T.);
#3126 = LINE('',#3127,#3128);
#3127 = CARTESIAN_POINT('',(9.4,-13.4,17.6));
#3128 = VECTOR('',#3129,1.);
#3129 = DIRECTION('',(1.,0.,0.));
#3130 = ORIENTED_EDGE('',*,*,#2154,.F.);
#3131 = PLANE('',#3132);
#3132 = AXIS2_PLACEMENT_3D('',#3133,#3134,#3135);
#3133 = CARTESIAN_POINT('',(11.,-13.4,17.7));
#3134 = DIRECTION('',(-0.,-1.,-0.));
#3135 = DIRECTION('',(0.,0.,-1.));
#3136 = ADVANCED_FACE('',(#3137),#3142,.T.);
#3137 = FACE_BOUND('',#3138,.T.);
#3138 = EDGE_LOOP('',(#3139,#3140,#3141));
#3139 = ORIENTED_EDGE('',*,*,#3125,.F.);
#3140 = ORIENTED_EDGE('',*,*,#2843,.T.);
#3141 = ORIENTED_EDGE('',*,*,#2162,.F.);
#3142 = PLANE('',#3143);
#3143 = AXIS2_PLACEMENT_3D('',#3144,#3145,#3146);
#3144 = CARTESIAN_POINT('',(3.5,-6.,17.6));
#3145 = DIRECTION('',(0.,0.,1.));
#3146 = DIRECTION('',(1.,0.,0.));
#3147 = ADVANCED_FACE('',(#3148),#3153,.T.);
#3148 = FACE_BOUND('',#3149,.T.);
#3149 = EDGE_LOOP('',(#3150,#3151,#3152));
#3150 = ORIENTED_EDGE('',*,*,#2170,.F.);
#3151 = ORIENTED_EDGE('',*,*,#2826,.T.);
#3152 = ORIENTED_EDGE('',*,*,#3074,.F.);
#3153 = PLANE('',#3154);
#3154 = AXIS2_PLACEMENT_3D('',#3155,#3156,#3157);
#3155 = CARTESIAN_POINT('',(3.5,-6.,17.6));
#3156 = DIRECTION('',(0.,0.,1.));
#3157 = DIRECTION('',(1.,0.,0.));
#3158 = ADVANCED_FACE('',(#3159),#3176,.T.);
#3159 = FACE_BOUND('',#3160,.T.);
#3160 = EDGE_LOOP('',(#3161,#3162,#3163,#3169,#3175));
#3161 = ORIENTED_EDGE('',*,*,#2392,.F.);
#3162 = ORIENTED_EDGE('',*,*,#2357,.T.);
#3163 = ORIENTED_EDGE('',*,*,#3164,.T.);
#3164 = EDGE_CURVE('',#2350,#2875,#3165,.T.);
#3165 = LINE('',#3166,#3167);
#3166 = CARTESIAN_POINT('',(-2.4,1.4,17.6));
#3167 = VECTOR('',#3168,1.);
#3168 = DIRECTION('',(-1.,0.,0.));
#3169 = ORIENTED_EDGE('',*,*,#3170,.T.);
#3170 = EDGE_CURVE('',#2875,#2246,#3171,.T.);
#3171 = LINE('',#3172,#3173);
#3172 = CARTESIAN_POINT('',(-2.4,1.4,17.6));
#3173 = VECTOR('',#3174,1.);
#3174 = DIRECTION('',(-1.,0.,0.));
#3175 = ORIENTED_EDGE('',*,*,#2245,.F.);
#3176 = PLANE('',#3177);
#3177 = AXIS2_PLACEMENT_3D('',#3178,#3179,#3180);
#3178 = CARTESIAN_POINT('',(-4.,1.4,17.7));
#3179 = DIRECTION('',(0.,1.,-1.04E-15));
#3180 = DIRECTION('',(0.,1.04E-15,1.));
#3181 = ADVANCED_FACE('',(#3182),#3187,.T.);
#3182 = FACE_BOUND('',#3183,.T.);
#3183 = EDGE_LOOP('',(#3184,#3185,#3186));
#3184 = ORIENTED_EDGE('',*,*,#2907,.T.);
#3185 = ORIENTED_EDGE('',*,*,#2253,.F.);
#3186 = ORIENTED_EDGE('',*,*,#3170,.F.);
#3187 = PLANE('',#3188);
#3188 = AXIS2_PLACEMENT_3D('',#3189,#3190,#3191);
#3189 = CARTESIAN_POINT('',(3.5,-6.,17.6));
#3190 = DIRECTION('',(0.,0.,1.));
#3191 = DIRECTION('',(1.,0.,0.));
#3192 = ADVANCED_FACE('',(#3193),#3203,.T.);
#3193 = FACE_BOUND('',#3194,.T.);
#3194 = EDGE_LOOP('',(#3195,#3201,#3202));
#3195 = ORIENTED_EDGE('',*,*,#3196,.F.);
#3196 = EDGE_CURVE('',#2262,#2892,#3197,.T.);
#3197 = LINE('',#3198,#3199);
#3198 = CARTESIAN_POINT('',(-5.6,4.6,17.6));
#3199 = VECTOR('',#3200,1.);
#3200 = DIRECTION('',(1.,0.,0.));
#3201 = ORIENTED_EDGE('',*,*,#2261,.F.);
#3202 = ORIENTED_EDGE('',*,*,#2900,.T.);
#3203 = PLANE('',#3204);
#3204 = AXIS2_PLACEMENT_3D('',#3205,#3206,#3207);
#3205 = CARTESIAN_POINT('',(3.5,-6.,17.6));
#3206 = DIRECTION('',(0.,0.,1.));
#3207 = DIRECTION('',(1.,0.,0.));
#3208 = ADVANCED_FACE('',(#3209),#3221,.T.);
#3209 = FACE_BOUND('',#3210,.T.);
#3210 = EDGE_LOOP('',(#3211,#3212,#3213,#3214,#3220));
#3211 = ORIENTED_EDGE('',*,*,#2311,.F.);
#3212 = ORIENTED_EDGE('',*,*,#2269,.T.);
#3213 = ORIENTED_EDGE('',*,*,#3196,.T.);
#3214 = ORIENTED_EDGE('',*,*,#3215,.T.);
#3215 = EDGE_CURVE('',#2892,#2334,#3216,.T.);
#3216 = LINE('',#3217,#3218);
#3217 = CARTESIAN_POINT('',(-5.6,4.6,17.6));
#3218 = VECTOR('',#3219,1.);
#3219 = DIRECTION('',(1.,0.,0.));
#3220 = ORIENTED_EDGE('',*,*,#2333,.F.);
#3221 = PLANE('',#3222);
#3222 = AXIS2_PLACEMENT_3D('',#3223,#3224,#3225);
#3223 = CARTESIAN_POINT('',(-4.,4.6,17.7));
#3224 = DIRECTION('',(-0.,-1.,-0.));
#3225 = DIRECTION('',(0.,0.,-1.));
#3226 = ADVANCED_FACE('',(#3227),#3232,.T.);
#3227 = FACE_BOUND('',#3228,.T.);
#3228 = EDGE_LOOP('',(#3229,#3230,#3231));
#3229 = ORIENTED_EDGE('',*,*,#3215,.F.);
#3230 = ORIENTED_EDGE('',*,*,#2891,.T.);
#3231 = ORIENTED_EDGE('',*,*,#2341,.F.);
#3232 = PLANE('',#3233);
#3233 = AXIS2_PLACEMENT_3D('',#3234,#3235,#3236);
#3234 = CARTESIAN_POINT('',(3.5,-6.,17.6));
#3235 = DIRECTION('',(0.,0.,1.));
#3236 = DIRECTION('',(1.,0.,0.));
#3237 = ADVANCED_FACE('',(#3238),#3243,.T.);
#3238 = FACE_BOUND('',#3239,.T.);
#3239 = EDGE_LOOP('',(#3240,#3241,#3242));
#3240 = ORIENTED_EDGE('',*,*,#2349,.F.);
#3241 = ORIENTED_EDGE('',*,*,#2874,.T.);
#3242 = ORIENTED_EDGE('',*,*,#3164,.F.);
#3243 = PLANE('',#3244);
#3244 = AXIS2_PLACEMENT_3D('',#3245,#3246,#3247);
#3245 = CARTESIAN_POINT('',(3.5,-6.,17.6));
#3246 = DIRECTION('',(0.,0.,1.));
#3247 = DIRECTION('',(1.,0.,0.));
#3248 = ADVANCED_FACE('',(#3249),#3266,.T.);
#3249 = FACE_BOUND('',#3250,.T.);
#3250 = EDGE_LOOP('',(#3251,#3252,#3253,#3259,#3265));
#3251 = ORIENTED_EDGE('',*,*,#2571,.F.);
#3252 = ORIENTED_EDGE('',*,*,#2536,.T.);
#3253 = ORIENTED_EDGE('',*,*,#3254,.T.);
#3254 = EDGE_CURVE('',#2529,#2935,#3255,.T.);
#3255 = LINE('',#3256,#3257);
#3256 = CARTESIAN_POINT('',(9.5,1.5,17.6));
#3257 = VECTOR('',#3258,1.);
#3258 = DIRECTION('',(-1.,0.,0.));
#3259 = ORIENTED_EDGE('',*,*,#3260,.T.);
#3260 = EDGE_CURVE('',#2935,#2425,#3261,.T.);
#3261 = LINE('',#3262,#3263);
#3262 = CARTESIAN_POINT('',(9.5,1.5,17.6));
#3263 = VECTOR('',#3264,1.);
#3264 = DIRECTION('',(-1.,0.,0.));
#3265 = ORIENTED_EDGE('',*,*,#2424,.F.);
#3266 = PLANE('',#3267);
#3267 = AXIS2_PLACEMENT_3D('',#3268,#3269,#3270);
#3268 = CARTESIAN_POINT('',(7.,1.5,17.7));
#3269 = DIRECTION('',(0.,1.,-1.07E-15));
#3270 = DIRECTION('',(0.,1.07E-15,1.));
#3271 = ADVANCED_FACE('',(#3272),#3277,.T.);
#3272 = FACE_BOUND('',#3273,.T.);
#3273 = EDGE_LOOP('',(#3274,#3275,#3276));
#3274 = ORIENTED_EDGE('',*,*,#2967,.T.);
#3275 = ORIENTED_EDGE('',*,*,#2432,.F.);
#3276 = ORIENTED_EDGE('',*,*,#3260,.F.);
#3277 = PLANE('',#3278);
#3278 = AXIS2_PLACEMENT_3D('',#3279,#3280,#3281);
#3279 = CARTESIAN_POINT('',(3.,-3.,17.6));
#3280 = DIRECTION('',(0.,0.,1.));
#3281 = DIRECTION('',(1.,0.,0.));
#3282 = ADVANCED_FACE('',(#3283),#3293,.T.);
#3283 = FACE_BOUND('',#3284,.T.);
#3284 = EDGE_LOOP('',(#3285,#3291,#3292));
#3285 = ORIENTED_EDGE('',*,*,#3286,.F.);
#3286 = EDGE_CURVE('',#2441,#2952,#3287,.T.);
#3287 = LINE('',#3288,#3289);
#3288 = CARTESIAN_POINT('',(4.5,6.5,17.6));
#3289 = VECTOR('',#3290,1.);
#3290 = DIRECTION('',(1.,0.,0.));
#3291 = ORIENTED_EDGE('',*,*,#2440,.F.);
#3292 = ORIENTED_EDGE('',*,*,#2960,.T.);
#3293 = PLANE('',#3294);
#3294 = AXIS2_PLACEMENT_3D('',#3295,#3296,#3297);
#3295 = CARTESIAN_POINT('',(3.,-3.,17.6));
#3296 = DIRECTION('',(0.,0.,1.));
#3297 = DIRECTION('',(1.,0.,0.));
#3298 = ADVANCED_FACE('',(#3299),#3311,.T.);
#3299 = FACE_BOUND('',#3300,.T.);
#3300 = EDGE_LOOP('',(#3301,#3302,#3303,#3304,#3310));
#3301 = ORIENTED_EDGE('',*,*,#2490,.F.);
#3302 = ORIENTED_EDGE('',*,*,#2448,.T.);
#3303 = ORIENTED_EDGE('',*,*,#3286,.T.);
#3304 = ORIENTED_EDGE('',*,*,#3305,.T.);
#3305 = EDGE_CURVE('',#2952,#2513,#3306,.T.);
#3306 = LINE('',#3307,#3308);
#3307 = CARTESIAN_POINT('',(4.5,6.5,17.6));
#3308 = VECTOR('',#3309,1.);
#3309 = DIRECTION('',(1.,0.,0.));
#3310 = ORIENTED_EDGE('',*,*,#2512,.F.);
#3311 = PLANE('',#3312);
#3312 = AXIS2_PLACEMENT_3D('',#3313,#3314,#3315);
#3313 = CARTESIAN_POINT('',(7.,6.5,17.7));
#3314 = DIRECTION('',(-0.,-1.,-0.));
#3315 = DIRECTION('',(0.,0.,-1.));
#3316 = ADVANCED_FACE('',(#3317),#3322,.T.);
#3317 = FACE_BOUND('',#3318,.T.);
#3318 = EDGE_LOOP('',(#3319,#3320,#3321));
#3319 = ORIENTED_EDGE('',*,*,#3305,.F.);
#3320 = ORIENTED_EDGE('',*,*,#2951,.T.);
#3321 = ORIENTED_EDGE('',*,*,#2520,.F.);
#3322 = PLANE('',#3323);
#3323 = AXIS2_PLACEMENT_3D('',#3324,#3325,#3326);
#3324 = CARTESIAN_POINT('',(3.,-3.,17.6));
#3325 = DIRECTION('',(0.,0.,1.));
#3326 = DIRECTION('',(1.,0.,0.));
#3327 = ADVANCED_FACE('',(#3328),#3333,.T.);
#3328 = FACE_BOUND('',#3329,.T.);
#3329 = EDGE_LOOP('',(#3330,#3331,#3332));
#3330 = ORIENTED_EDGE('',*,*,#2528,.F.);
#3331 = ORIENTED_EDGE('',*,*,#2934,.T.);
#3332 = ORIENTED_EDGE('',*,*,#3254,.F.);
#3333 = PLANE('',#3334);
#3334 = AXIS2_PLACEMENT_3D('',#3335,#3336,#3337);
#3335 = CARTESIAN_POINT('',(3.,-3.,17.6));
#3336 = DIRECTION('',(0.,0.,1.));
#3337 = DIRECTION('',(1.,0.,0.));
#3338 = ADVANCED_FACE('',(#3339),#3356,.T.);
#3339 = FACE_BOUND('',#3340,.T.);
#3340 = EDGE_LOOP('',(#3341,#3349,#3350));
#3341 = ORIENTED_EDGE('',*,*,#3342,.F.);
#3342 = EDGE_CURVE('',#2681,#3343,#3345,.T.);
#3343 = VERTEX_POINT('',#3344);
#3344 = CARTESIAN_POINT('',(26.6,18.4,10.6));
#3345 = LINE('',#3346,#3347);
#3346 = CARTESIAN_POINT('',(26.6,21.6,10.6));
#3347 = VECTOR('',#3348,1.);
#3348 = DIRECTION('',(0.,-1.,0.));
#3349 = ORIENTED_EDGE('',*,*,#2680,.T.);
#3350 = ORIENTED_EDGE('',*,*,#3351,.F.);
#3351 = EDGE_CURVE('',#3343,#2683,#3352,.T.);
#3352 = LINE('',#3353,#3354);
#3353 = CARTESIAN_POINT('',(26.6,18.4,10.6));
#3354 = VECTOR('',#3355,1.);
#3355 = DIRECTION('',(-1.,0.,0.));
#3356 = PLANE('',#3357);
#3357 = AXIS2_PLACEMENT_3D('',#3358,#3359,#3360);
#3358 = CARTESIAN_POINT('',(32.5,20.,10.6));
#3359 = DIRECTION('',(0.,0.,1.));
#3360 = DIRECTION('',(1.,0.,0.));
#3361 = ADVANCED_FACE('',(#3362),#3379,.T.);
#3362 = FACE_BOUND('',#3363,.T.);
#3363 = EDGE_LOOP('',(#3364,#3365,#3373));
#3364 = ORIENTED_EDGE('',*,*,#2717,.T.);
#3365 = ORIENTED_EDGE('',*,*,#3366,.F.);
#3366 = EDGE_CURVE('',#3367,#2709,#3369,.T.);
#3367 = VERTEX_POINT('',#3368);
#3368 = CARTESIAN_POINT('',(23.4,18.4,10.6));
#3369 = LINE('',#3370,#3371);
#3370 = CARTESIAN_POINT('',(23.4,18.4,10.6));
#3371 = VECTOR('',#3372,1.);
#3372 = DIRECTION('',(0.,1.,0.));
#3373 = ORIENTED_EDGE('',*,*,#3374,.F.);
#3374 = EDGE_CURVE('',#2683,#3367,#3375,.T.);
#3375 = LINE('',#3376,#3377);
#3376 = CARTESIAN_POINT('',(26.6,18.4,10.6));
#3377 = VECTOR('',#3378,1.);
#3378 = DIRECTION('',(-1.,0.,0.));
#3379 = PLANE('',#3380);
#3380 = AXIS2_PLACEMENT_3D('',#3381,#3382,#3383);
#3381 = CARTESIAN_POINT('',(32.5,20.,10.6));
#3382 = DIRECTION('',(0.,0.,1.));
#3383 = DIRECTION('',(1.,0.,0.));
#3384 = ADVANCED_FACE('',(#3385),#3402,.T.);
#3385 = FACE_BOUND('',#3386,.T.);
#3386 = EDGE_LOOP('',(#3387,#3395,#3401));
#3387 = ORIENTED_EDGE('',*,*,#3388,.F.);
#3388 = EDGE_CURVE('',#3389,#2700,#3391,.T.);
#3389 = VERTEX_POINT('',#3390);
#3390 = CARTESIAN_POINT('',(23.4,21.6,10.6));
#3391 = LINE('',#3392,#3393);
#3392 = CARTESIAN_POINT('',(23.4,21.6,10.6));
#3393 = VECTOR('',#3394,1.);
#3394 = DIRECTION('',(1.,0.,0.));
#3395 = ORIENTED_EDGE('',*,*,#3396,.F.);
#3396 = EDGE_CURVE('',#2709,#3389,#3397,.T.);
#3397 = LINE('',#3398,#3399);
#3398 = CARTESIAN_POINT('',(23.4,18.4,10.6));
#3399 = VECTOR('',#3400,1.);
#3400 = DIRECTION('',(0.,1.,0.));
#3401 = ORIENTED_EDGE('',*,*,#2708,.T.);
#3402 = PLANE('',#3403);
#3403 = AXIS2_PLACEMENT_3D('',#3404,#3405,#3406);
#3404 = CARTESIAN_POINT('',(32.5,20.,10.6));
#3405 = DIRECTION('',(0.,0.,1.));
#3406 = DIRECTION('',(1.,0.,0.));
#3407 = ADVANCED_FACE('',(#3408),#3425,.T.);
#3408 = FACE_BOUND('',#3409,.T.);
#3409 = EDGE_LOOP('',(#3410,#3418,#3419));
#3410 = ORIENTED_EDGE('',*,*,#3411,.F.);
#3411 = EDGE_CURVE('',#2700,#3412,#3414,.T.);
#3412 = VERTEX_POINT('',#3413);
#3413 = CARTESIAN_POINT('',(26.6,21.6,10.6));
#3414 = LINE('',#3415,#3416);
#3415 = CARTESIAN_POINT('',(23.4,21.6,10.6));
#3416 = VECTOR('',#3417,1.);
#3417 = DIRECTION('',(1.,0.,0.));
#3418 = ORIENTED_EDGE('',*,*,#2699,.T.);
#3419 = ORIENTED_EDGE('',*,*,#3420,.F.);
#3420 = EDGE_CURVE('',#3412,#2681,#3421,.T.);
#3421 = LINE('',#3422,#3423);
#3422 = CARTESIAN_POINT('',(26.6,21.6,10.6));
#3423 = VECTOR('',#3424,1.);
#3424 = DIRECTION('',(0.,-1.,0.));
#3425 = PLANE('',#3426);
#3426 = AXIS2_PLACEMENT_3D('',#3427,#3428,#3429);
#3427 = CARTESIAN_POINT('',(32.5,20.,10.6));
#3428 = DIRECTION('',(0.,0.,1.));
#3429 = DIRECTION('',(1.,0.,0.));
#3430 = ADVANCED_FACE('',(#3431),#3452,.T.);
#3431 = FACE_BOUND('',#3432,.T.);
#3432 = EDGE_LOOP('',(#3433,#3434,#3435,#3436,#3437,#3443,#3444,#3445,
    #3451));
#3433 = ORIENTED_EDGE('',*,*,#55,.F.);
#3434 = ORIENTED_EDGE('',*,*,#21,.T.);
#3435 = ORIENTED_EDGE('',*,*,#46,.T.);
#3436 = ORIENTED_EDGE('',*,*,#219,.F.);
#3437 = ORIENTED_EDGE('',*,*,#3438,.T.);
#3438 = EDGE_CURVE('',#212,#1469,#3439,.T.);
#3439 = LINE('',#3440,#3441);
#3440 = CARTESIAN_POINT('',(38.4,18.4,21.));
#3441 = VECTOR('',#3442,1.);
#3442 = DIRECTION('',(-0.,-0.,-1.));
#3443 = ORIENTED_EDGE('',*,*,#1468,.T.);
#3444 = ORIENTED_EDGE('',*,*,#1540,.T.);
#3445 = ORIENTED_EDGE('',*,*,#3446,.F.);
#3446 = EDGE_CURVE('',#182,#1533,#3447,.T.);
#3447 = LINE('',#3448,#3449);
#3448 = CARTESIAN_POINT('',(38.4,21.6,21.));
#3449 = VECTOR('',#3450,1.);
#3450 = DIRECTION('',(-0.,-0.,-1.));
#3451 = ORIENTED_EDGE('',*,*,#181,.F.);
#3452 = PLANE('',#3453);
#3453 = AXIS2_PLACEMENT_3D('',#3454,#3455,#3456);
#3454 = CARTESIAN_POINT('',(38.400000000016,19.999999999994,
    10.835636876059));
#3455 = DIRECTION('',(1.,-8.352812913574E-12,-5.596647830116E-11));
#3456 = DIRECTION('',(5.596647830116E-11,0.,1.));
#3457 = ADVANCED_FACE('',(#3458),#3479,.T.);
#3458 = FACE_BOUND('',#3459,.T.);
#3459 = EDGE_LOOP('',(#3460,#3461,#3462,#3463,#3469,#3470,#3471,#3477,
    #3478));
#3460 = ORIENTED_EDGE('',*,*,#236,.F.);
#3461 = ORIENTED_EDGE('',*,*,#72,.T.);
#3462 = ORIENTED_EDGE('',*,*,#172,.T.);
#3463 = ORIENTED_EDGE('',*,*,#3464,.T.);
#3464 = EDGE_CURVE('',#173,#1556,#3465,.T.);
#3465 = LINE('',#3466,#3467);
#3466 = CARTESIAN_POINT('',(41.6,21.6,21.));
#3467 = VECTOR('',#3468,1.);
#3468 = DIRECTION('',(-0.,-0.,-1.));
#3469 = ORIENTED_EDGE('',*,*,#1564,.T.);
#3470 = ORIENTED_EDGE('',*,*,#1578,.T.);
#3471 = ORIENTED_EDGE('',*,*,#3472,.F.);
#3472 = EDGE_CURVE('',#204,#1579,#3473,.T.);
#3473 = LINE('',#3474,#3475);
#3474 = CARTESIAN_POINT('',(41.6,18.4,21.));
#3475 = VECTOR('',#3476,1.);
#3476 = DIRECTION('',(-0.,-0.,-1.));
#3477 = ORIENTED_EDGE('',*,*,#203,.T.);
#3478 = ORIENTED_EDGE('',*,*,#149,.F.);
#3479 = PLANE('',#3480);
#3480 = AXIS2_PLACEMENT_3D('',#3481,#3482,#3483);
#3481 = CARTESIAN_POINT('',(41.59999999998,20.000000000011,
    10.835636876059));
#3482 = DIRECTION('',(-1.,7.346662524841E-12,-7.073501499207E-11));
#3483 = DIRECTION('',(7.073501499207E-11,0.,-1.));
#3484 = ADVANCED_FACE('',(#3485),#3492,.T.);
#3485 = FACE_BOUND('',#3486,.T.);
#3486 = EDGE_LOOP('',(#3487,#3488,#3489,#3490,#3491));
#3487 = ORIENTED_EDGE('',*,*,#189,.F.);
#3488 = ORIENTED_EDGE('',*,*,#3446,.T.);
#3489 = ORIENTED_EDGE('',*,*,#1532,.T.);
#3490 = ORIENTED_EDGE('',*,*,#1555,.T.);
#3491 = ORIENTED_EDGE('',*,*,#3464,.F.);
#3492 = PLANE('',#3493);
#3493 = AXIS2_PLACEMENT_3D('',#3494,#3495,#3496);
#3494 = CARTESIAN_POINT('',(40.,21.6,10.7));
#3495 = DIRECTION('',(-0.,-1.,-0.));
#3496 = DIRECTION('',(0.,0.,-1.));
#3497 = ADVANCED_FACE('',(#3498),#3515,.T.);
#3498 = FACE_BOUND('',#3499,.T.);
#3499 = EDGE_LOOP('',(#3500,#3501,#3507,#3508,#3509));
#3500 = ORIENTED_EDGE('',*,*,#2619,.F.);
#3501 = ORIENTED_EDGE('',*,*,#3502,.T.);
#3502 = EDGE_CURVE('',#2612,#3389,#3503,.T.);
#3503 = LINE('',#3504,#3505);
#3504 = CARTESIAN_POINT('',(23.4,21.6,21.));
#3505 = VECTOR('',#3506,1.);
#3506 = DIRECTION('',(-0.,-0.,-1.));
#3507 = ORIENTED_EDGE('',*,*,#3388,.T.);
#3508 = ORIENTED_EDGE('',*,*,#3411,.T.);
#3509 = ORIENTED_EDGE('',*,*,#3510,.F.);
#3510 = EDGE_CURVE('',#2603,#3412,#3511,.T.);
#3511 = LINE('',#3512,#3513);
#3512 = CARTESIAN_POINT('',(26.6,21.6,21.));
#3513 = VECTOR('',#3514,1.);
#3514 = DIRECTION('',(-0.,-0.,-1.));
#3515 = PLANE('',#3516);
#3516 = AXIS2_PLACEMENT_3D('',#3517,#3518,#3519);
#3517 = CARTESIAN_POINT('',(25.,21.6,10.7));
#3518 = DIRECTION('',(-0.,-1.,-0.));
#3519 = DIRECTION('',(0.,0.,-1.));
#3520 = ADVANCED_FACE('',(#3521),#3528,.T.);
#3521 = FACE_BOUND('',#3522,.T.);
#3522 = EDGE_LOOP('',(#3523,#3524,#3525,#3526,#3527));
#3523 = ORIENTED_EDGE('',*,*,#211,.F.);
#3524 = ORIENTED_EDGE('',*,*,#3472,.T.);
#3525 = ORIENTED_EDGE('',*,*,#1587,.T.);
#3526 = ORIENTED_EDGE('',*,*,#1476,.T.);
#3527 = ORIENTED_EDGE('',*,*,#3438,.F.);
#3528 = PLANE('',#3529);
#3529 = AXIS2_PLACEMENT_3D('',#3530,#3531,#3532);
#3530 = CARTESIAN_POINT('',(40.,18.4,10.7));
#3531 = DIRECTION('',(0.,1.,0.));
#3532 = DIRECTION('',(0.,0.,1.));
#3533 = ADVANCED_FACE('',(#3534),#3551,.T.);
#3534 = FACE_BOUND('',#3535,.T.);
#3535 = EDGE_LOOP('',(#3536,#3537,#3543,#3544,#3545));
#3536 = ORIENTED_EDGE('',*,*,#2657,.F.);
#3537 = ORIENTED_EDGE('',*,*,#3538,.T.);
#3538 = EDGE_CURVE('',#2650,#3343,#3539,.T.);
#3539 = LINE('',#3540,#3541);
#3540 = CARTESIAN_POINT('',(26.6,18.4,21.));
#3541 = VECTOR('',#3542,1.);
#3542 = DIRECTION('',(-0.,-0.,-1.));
#3543 = ORIENTED_EDGE('',*,*,#3351,.T.);
#3544 = ORIENTED_EDGE('',*,*,#3374,.T.);
#3545 = ORIENTED_EDGE('',*,*,#3546,.F.);
#3546 = EDGE_CURVE('',#2658,#3367,#3547,.T.);
#3547 = LINE('',#3548,#3549);
#3548 = CARTESIAN_POINT('',(23.4,18.4,21.));
#3549 = VECTOR('',#3550,1.);
#3550 = DIRECTION('',(-0.,-0.,-1.));
#3551 = PLANE('',#3552);
#3552 = AXIS2_PLACEMENT_3D('',#3553,#3554,#3555);
#3553 = CARTESIAN_POINT('',(25.,18.4,10.7));
#3554 = DIRECTION('',(0.,1.,0.));
#3555 = DIRECTION('',(0.,0.,1.));
#3556 = ADVANCED_FACE('',(#3557),#3568,.T.);
#3557 = FACE_BOUND('',#3558,.T.);
#3558 = EDGE_LOOP('',(#3559,#3560,#3561,#3562,#3563,#3564,#3565,#3566,
    #3567));
#3559 = ORIENTED_EDGE('',*,*,#2665,.F.);
#3560 = ORIENTED_EDGE('',*,*,#3546,.T.);
#3561 = ORIENTED_EDGE('',*,*,#3366,.T.);
#3562 = ORIENTED_EDGE('',*,*,#3396,.T.);
#3563 = ORIENTED_EDGE('',*,*,#3502,.F.);
#3564 = ORIENTED_EDGE('',*,*,#2611,.F.);
#3565 = ORIENTED_EDGE('',*,*,#1344,.F.);
#3566 = ORIENTED_EDGE('',*,*,#2587,.T.);
#3567 = ORIENTED_EDGE('',*,*,#1325,.T.);
#3568 = PLANE('',#3569);
#3569 = AXIS2_PLACEMENT_3D('',#3570,#3571,#3572);
#3570 = CARTESIAN_POINT('',(23.4,20.,10.835636876059));
#3571 = DIRECTION('',(1.,0.,-1.871746848477E-13));
#3572 = DIRECTION('',(1.871746848477E-13,0.,1.));
#3573 = ADVANCED_FACE('',(#3574),#3585,.T.);
#3574 = FACE_BOUND('',#3575,.T.);
#3575 = EDGE_LOOP('',(#3576,#3577,#3578,#3579,#3580,#3581,#3582,#3583,
    #3584));
#3576 = ORIENTED_EDGE('',*,*,#2635,.F.);
#3577 = ORIENTED_EDGE('',*,*,#1361,.T.);
#3578 = ORIENTED_EDGE('',*,*,#2602,.T.);
#3579 = ORIENTED_EDGE('',*,*,#3510,.T.);
#3580 = ORIENTED_EDGE('',*,*,#3420,.T.);
#3581 = ORIENTED_EDGE('',*,*,#3342,.T.);
#3582 = ORIENTED_EDGE('',*,*,#3538,.F.);
#3583 = ORIENTED_EDGE('',*,*,#2649,.T.);
#3584 = ORIENTED_EDGE('',*,*,#1398,.F.);
#3585 = PLANE('',#3586);
#3586 = AXIS2_PLACEMENT_3D('',#3587,#3588,#3589);
#3587 = CARTESIAN_POINT('',(26.6,20.,10.835636876059));
#3588 = DIRECTION('',(-1.,-0.,-1.531429239663E-13));
#3589 = DIRECTION('',(1.531429239663E-13,0.,-1.));
#3590 = ( GEOMETRIC_REPRESENTATION_CONTEXT(3) 
GLOBAL_UNCERTAINTY_ASSIGNED_CONTEXT((#3594)) 
GLOBAL_UNIT_ASSIGNED_CONTEXT((#3591,#3592,#3593)) REPRESENTATION_CONTEXT
('Context #1','3D Context with UNIT and UNCERTAINTY') );
#3591 = ( LENGTH_UNIT() NAMED_UNIT(*) SI_UNIT(.MILLI.,.METRE.) );
#3592 = ( NAMED_UNIT(*) PLANE_ANGLE_UNIT() SI_UNIT($,.RADIAN.) );
#3593 = ( NAMED_UNIT(*) SI_UNIT($,.STERADIAN.) SOLID_ANGLE_UNIT() );
#3594 = UNCERTAINTY_MEASURE_WITH_UNIT(LENGTH_MEASURE(2.E-05),#3591,
  'distance_accuracy_value','confusion accuracy');
#3595 = PRODUCT_RELATED_PRODUCT_CATEGORY('part',$,(#7));
#3596 = MECHANICAL_DESIGN_GEOMETRIC_PRESENTATION_REPRESENTATION('',(
    #3597),#3590);
#3597 = STYLED_ITEM('color',(#3598),#15);
#3598 = PRESENTATION_STYLE_ASSIGNMENT((#3599,#3605));
#3599 = SURFACE_STYLE_USAGE(.BOTH.,#3600);
#3600 = SURFACE_SIDE_STYLE('',(#3601));
#3601 = SURFACE_STYLE_FILL_AREA(#3602);
#3602 = FILL_AREA_STYLE('',(#3603));
#3603 = FILL_AREA_STYLE_COLOUR('',#3604);
#3604 = COLOUR_RGB('',0.596078458879,0.,0.584313743644);
#3605 = CURVE_STYLE('',#3606,POSITIVE_LENGTH_MEASURE(0.1),#3607);
#3606 = DRAUGHTING_PRE_DEFINED_CURVE_FONT('continuous');
#3607 = COLOUR_RGB('',9.803921802644E-02,9.803921802644E-02,
  9.803921802644E-02);
ENDSEC;
END-ISO-10303-21;
