ISO-10303-21;
HEADER;
FILE_DESCRIPTION(('FreeCAD Model'),'2;1');
FILE_NAME('Open CASCADE Shape Model','2026-02-14T10:15:49',(''),(''),
  'Open CASCADE STEP processor 7.9','FreeCAD','Unknown');
FILE_SCHEMA(('AUTOMOTIVE_DESIGN { 1 0 10303 214 1 1 1 1 }'));
ENDSEC;
DATA;
#1 = APPLICATION_PROTOCOL_DEFINITION('international standard',
  'automotive_design',2000,#2);
#2 = APPLICATION_CONTEXT(
  'core data for automotive mechanical design processes');
#3 = SHAPE_DEFINITION_REPRESENTATION(#4,#10);
#4 = PRODUCT_DEFINITION_SHAPE('','',#5);
#5 = PRODUCT_DEFINITION('design','',#6,#9);
#6 = PRODUCT_DEFINITION_FORMATION('','',#7);
#7 = PRODUCT('XYRight1','XYRight1','',(#8));
#8 = PRODUCT_CONTEXT('',#2,'mechanical');
#9 = PRODUCT_DEFINITION_CONTEXT('part definition',#2,'design');
#10 = ADVANCED_BREP_SHAPE_REPRESENTATION('',(#11,#15),#3588);
#11 = AXIS2_PLACEMENT_3D('',#12,#13,#14);
#12 = CARTESIAN_POINT('',(0.,0.,0.));
#13 = DIRECTION('',(0.,0.,1.));
#14 = DIRECTION('',(1.,0.,-0.));
#15 = MANIFOLD_SOLID_BREP('',#16);
#16 = CLOSED_SHELL('',(#17,#42,#168,#199,#230,#246,#589,#620,#645,#717,
    #741,#766,#791,#823,#854,#879,#904,#937,#1033,#1129,#1225,#1321,
    #1417,#1453,#1486,#1528,#1551,#1574,#1597,#1706,#1730,#1754,#1771,
    #1795,#1848,#1865,#1927,#1937,#1961,#2016,#2027,#2044,#2106,#2116,
    #2140,#2195,#2206,#2223,#2238,#2269,#2285,#2316,#2378,#2388,#2412,
    #2467,#2478,#2495,#2557,#2567,#2591,#2646,#2657,#2674,#2726,#2738,
    #2755,#2772,#2784,#2832,#2880,#2928,#2976,#2999,#3010,#3026,#3044,
    #3055,#3066,#3089,#3100,#3116,#3134,#3145,#3156,#3179,#3190,#3206,
    #3224,#3235,#3246,#3269,#3280,#3296,#3314,#3325,#3336,#3359,#3382,
    #3405,#3428,#3455,#3482,#3495,#3518,#3531,#3554,#3571));
#17 = ADVANCED_FACE('',(#18),#37,.T.);
#18 = FACE_BOUND('',#19,.T.);
#19 = EDGE_LOOP('',(#20,#30));
#20 = ORIENTED_EDGE('',*,*,#21,.F.);
#21 = EDGE_CURVE('',#22,#24,#26,.T.);
#22 = VERTEX_POINT('',#23);
#23 = CARTESIAN_POINT('',(-26.6,22.59663243452,12.));
#24 = VERTEX_POINT('',#25);
#25 = CARTESIAN_POINT('',(-26.6,17.40336756548,12.));
#26 = LINE('',#27,#28);
#27 = CARTESIAN_POINT('',(-26.6,21.29831621726,12.));
#28 = VECTOR('',#29,1.);
#29 = DIRECTION('',(0.,-1.,0.));
#30 = ORIENTED_EDGE('',*,*,#31,.T.);
#31 = EDGE_CURVE('',#22,#24,#32,.T.);
#32 = CIRCLE('',#33,3.05);
#33 = AXIS2_PLACEMENT_3D('',#34,#35,#36);
#34 = CARTESIAN_POINT('',(-25.,20.,12.));
#35 = DIRECTION('',(0.,0.,1.));
#36 = DIRECTION('',(1.,0.,0.));
#37 = PLANE('',#38);
#38 = AXIS2_PLACEMENT_3D('',#39,#40,#41);
#39 = CARTESIAN_POINT('',(-25.,20.,12.));
#40 = DIRECTION('',(0.,0.,1.));
#41 = DIRECTION('',(1.,0.,0.));
#42 = ADVANCED_FACE('',(#43),#163,.F.);
#43 = FACE_BOUND('',#44,.T.);
#44 = EDGE_LOOP('',(#45,#53,#54,#62,#71,#79,#88,#95,#104,#113,#122,#131,
    #138,#139,#148,#156));
#45 = ORIENTED_EDGE('',*,*,#46,.F.);
#46 = EDGE_CURVE('',#24,#47,#49,.T.);
#47 = VERTEX_POINT('',#48);
#48 = CARTESIAN_POINT('',(-26.6,17.40336756548,11.8));
#49 = LINE('',#50,#51);
#50 = CARTESIAN_POINT('',(-26.6,17.40336756548,21.));
#51 = VECTOR('',#52,1.);
#52 = DIRECTION('',(-0.,-0.,-1.));
#53 = ORIENTED_EDGE('',*,*,#31,.F.);
#54 = ORIENTED_EDGE('',*,*,#55,.T.);
#55 = EDGE_CURVE('',#22,#56,#58,.T.);
#56 = VERTEX_POINT('',#57);
#57 = CARTESIAN_POINT('',(-26.6,22.59663243452,11.8));
#58 = LINE('',#59,#60);
#59 = CARTESIAN_POINT('',(-26.6,22.59663243452,21.));
#60 = VECTOR('',#61,1.);
#61 = DIRECTION('',(-0.,-0.,-1.));
#62 = ORIENTED_EDGE('',*,*,#63,.F.);
#63 = EDGE_CURVE('',#64,#56,#66,.T.);
#64 = VERTEX_POINT('',#65);
#65 = CARTESIAN_POINT('',(-23.4,22.59663243452,11.8));
#66 = CIRCLE('',#67,3.05);
#67 = AXIS2_PLACEMENT_3D('',#68,#69,#70);
#68 = CARTESIAN_POINT('',(-25.,20.,11.8));
#69 = DIRECTION('',(0.,0.,1.));
#70 = DIRECTION('',(1.,0.,0.));
#71 = ORIENTED_EDGE('',*,*,#72,.F.);
#72 = EDGE_CURVE('',#73,#64,#75,.T.);
#73 = VERTEX_POINT('',#74);
#74 = CARTESIAN_POINT('',(-23.4,22.59663243452,12.));
#75 = LINE('',#76,#77);
#76 = CARTESIAN_POINT('',(-23.4,22.59663243452,21.));
#77 = VECTOR('',#78,1.);
#78 = DIRECTION('',(-0.,-0.,-1.));
#79 = ORIENTED_EDGE('',*,*,#80,.F.);
#80 = EDGE_CURVE('',#81,#73,#83,.T.);
#81 = VERTEX_POINT('',#82);
#82 = CARTESIAN_POINT('',(-21.95,20.,12.));
#83 = CIRCLE('',#84,3.05);
#84 = AXIS2_PLACEMENT_3D('',#85,#86,#87);
#85 = CARTESIAN_POINT('',(-25.,20.,12.));
#86 = DIRECTION('',(0.,0.,1.));
#87 = DIRECTION('',(1.,0.,0.));
#88 = ORIENTED_EDGE('',*,*,#89,.F.);
#89 = EDGE_CURVE('',#90,#81,#92,.T.);
#90 = VERTEX_POINT('',#91);
#91 = CARTESIAN_POINT('',(-21.95,20.,21.));
#92 = B_SPLINE_CURVE_WITH_KNOTS('',1,(#93,#94),.UNSPECIFIED.,.F.,.F.,(2,
    2),(0.,9.),.PIECEWISE_BEZIER_KNOTS.);
#93 = CARTESIAN_POINT('',(-21.95,20.,21.));
#94 = CARTESIAN_POINT('',(-21.95,20.,12.));
#95 = ORIENTED_EDGE('',*,*,#96,.T.);
#96 = EDGE_CURVE('',#90,#97,#99,.T.);
#97 = VERTEX_POINT('',#98);
#98 = CARTESIAN_POINT('',(-23.4,22.59663243452,21.));
#99 = CIRCLE('',#100,3.05);
#100 = AXIS2_PLACEMENT_3D('',#101,#102,#103);
#101 = CARTESIAN_POINT('',(-25.,20.,21.));
#102 = DIRECTION('',(0.,0.,1.));
#103 = DIRECTION('',(1.,0.,0.));
#104 = ORIENTED_EDGE('',*,*,#105,.T.);
#105 = EDGE_CURVE('',#97,#106,#108,.T.);
#106 = VERTEX_POINT('',#107);
#107 = CARTESIAN_POINT('',(-26.6,22.59663243452,21.));
#108 = CIRCLE('',#109,3.05);
#109 = AXIS2_PLACEMENT_3D('',#110,#111,#112);
#110 = CARTESIAN_POINT('',(-25.,20.,21.));
#111 = DIRECTION('',(0.,0.,1.));
#112 = DIRECTION('',(1.,0.,0.));
#113 = ORIENTED_EDGE('',*,*,#114,.T.);
#114 = EDGE_CURVE('',#106,#115,#117,.T.);
#115 = VERTEX_POINT('',#116);
#116 = CARTESIAN_POINT('',(-26.6,17.40336756548,21.));
#117 = CIRCLE('',#118,3.05);
#118 = AXIS2_PLACEMENT_3D('',#119,#120,#121);
#119 = CARTESIAN_POINT('',(-25.,20.,21.));
#120 = DIRECTION('',(0.,0.,1.));
#121 = DIRECTION('',(1.,0.,0.));
#122 = ORIENTED_EDGE('',*,*,#123,.T.);
#123 = EDGE_CURVE('',#115,#124,#126,.T.);
#124 = VERTEX_POINT('',#125);
#125 = CARTESIAN_POINT('',(-23.4,17.40336756548,21.));
#126 = CIRCLE('',#127,3.05);
#127 = AXIS2_PLACEMENT_3D('',#128,#129,#130);
#128 = CARTESIAN_POINT('',(-25.,20.,21.));
#129 = DIRECTION('',(0.,0.,1.));
#130 = DIRECTION('',(1.,0.,0.));
#131 = ORIENTED_EDGE('',*,*,#132,.T.);
#132 = EDGE_CURVE('',#124,#90,#133,.T.);
#133 = CIRCLE('',#134,3.05);
#134 = AXIS2_PLACEMENT_3D('',#135,#136,#137);
#135 = CARTESIAN_POINT('',(-25.,20.,21.));
#136 = DIRECTION('',(0.,0.,1.));
#137 = DIRECTION('',(1.,0.,0.));
#138 = ORIENTED_EDGE('',*,*,#89,.T.);
#139 = ORIENTED_EDGE('',*,*,#140,.F.);
#140 = EDGE_CURVE('',#141,#81,#143,.T.);
#141 = VERTEX_POINT('',#142);
#142 = CARTESIAN_POINT('',(-23.4,17.40336756548,12.));
#143 = CIRCLE('',#144,3.05);
#144 = AXIS2_PLACEMENT_3D('',#145,#146,#147);
#145 = CARTESIAN_POINT('',(-25.,20.,12.));
#146 = DIRECTION('',(0.,0.,1.));
#147 = DIRECTION('',(1.,0.,0.));
#148 = ORIENTED_EDGE('',*,*,#149,.T.);
#149 = EDGE_CURVE('',#141,#150,#152,.T.);
#150 = VERTEX_POINT('',#151);
#151 = CARTESIAN_POINT('',(-23.4,17.40336756548,11.8));
#152 = LINE('',#153,#154);
#153 = CARTESIAN_POINT('',(-23.4,17.40336756548,21.));
#154 = VECTOR('',#155,1.);
#155 = DIRECTION('',(-0.,-0.,-1.));
#156 = ORIENTED_EDGE('',*,*,#157,.F.);
#157 = EDGE_CURVE('',#47,#150,#158,.T.);
#158 = CIRCLE('',#159,3.05);
#159 = AXIS2_PLACEMENT_3D('',#160,#161,#162);
#160 = CARTESIAN_POINT('',(-25.,20.,11.8));
#161 = DIRECTION('',(0.,0.,1.));
#162 = DIRECTION('',(1.,0.,0.));
#163 = CYLINDRICAL_SURFACE('',#164,3.05);
#164 = AXIS2_PLACEMENT_3D('',#165,#166,#167);
#165 = CARTESIAN_POINT('',(-25.,20.,21.));
#166 = DIRECTION('',(-0.,-0.,-1.));
#167 = DIRECTION('',(1.,0.,0.));
#168 = ADVANCED_FACE('',(#169),#194,.T.);
#169 = FACE_BOUND('',#170,.T.);
#170 = EDGE_LOOP('',(#171,#179,#180,#188));
#171 = ORIENTED_EDGE('',*,*,#172,.F.);
#172 = EDGE_CURVE('',#64,#173,#175,.T.);
#173 = VERTEX_POINT('',#174);
#174 = CARTESIAN_POINT('',(-23.4,21.6,11.8));
#175 = LINE('',#176,#177);
#176 = CARTESIAN_POINT('',(-23.4,22.59663243452,11.8));
#177 = VECTOR('',#178,1.);
#178 = DIRECTION('',(-6.841002275815E-16,-1.,0.));
#179 = ORIENTED_EDGE('',*,*,#63,.T.);
#180 = ORIENTED_EDGE('',*,*,#181,.T.);
#181 = EDGE_CURVE('',#56,#182,#184,.T.);
#182 = VERTEX_POINT('',#183);
#183 = CARTESIAN_POINT('',(-26.6,21.6,11.8));
#184 = LINE('',#185,#186);
#185 = CARTESIAN_POINT('',(-26.6,22.59663243452,11.8));
#186 = VECTOR('',#187,1.);
#187 = DIRECTION('',(0.,-1.,0.));
#188 = ORIENTED_EDGE('',*,*,#189,.T.);
#189 = EDGE_CURVE('',#182,#173,#190,.T.);
#190 = LINE('',#191,#192);
#191 = CARTESIAN_POINT('',(-29.54999999997,21.6,11.8));
#192 = VECTOR('',#193,1.);
#193 = DIRECTION('',(1.,0.,0.));
#194 = PLANE('',#195);
#195 = AXIS2_PLACEMENT_3D('',#196,#197,#198);
#196 = CARTESIAN_POINT('',(-32.49999999995,20.,11.8));
#197 = DIRECTION('',(0.,0.,1.));
#198 = DIRECTION('',(1.,0.,0.));
#199 = ADVANCED_FACE('',(#200),#225,.T.);
#200 = FACE_BOUND('',#201,.T.);
#201 = EDGE_LOOP('',(#202,#210,#218,#224));
#202 = ORIENTED_EDGE('',*,*,#203,.F.);
#203 = EDGE_CURVE('',#204,#150,#206,.T.);
#204 = VERTEX_POINT('',#205);
#205 = CARTESIAN_POINT('',(-23.4,18.4,11.8));
#206 = LINE('',#207,#208);
#207 = CARTESIAN_POINT('',(-23.4,22.59663243452,11.8));
#208 = VECTOR('',#209,1.);
#209 = DIRECTION('',(-6.841002275815E-16,-1.,0.));
#210 = ORIENTED_EDGE('',*,*,#211,.T.);
#211 = EDGE_CURVE('',#204,#212,#214,.T.);
#212 = VERTEX_POINT('',#213);
#213 = CARTESIAN_POINT('',(-26.6,18.4,11.8));
#214 = LINE('',#215,#216);
#215 = CARTESIAN_POINT('',(-27.94999999997,18.4,11.8));
#216 = VECTOR('',#217,1.);
#217 = DIRECTION('',(-1.,0.,0.));
#218 = ORIENTED_EDGE('',*,*,#219,.T.);
#219 = EDGE_CURVE('',#212,#47,#220,.T.);
#220 = LINE('',#221,#222);
#221 = CARTESIAN_POINT('',(-26.6,22.59663243452,11.8));
#222 = VECTOR('',#223,1.);
#223 = DIRECTION('',(0.,-1.,0.));
#224 = ORIENTED_EDGE('',*,*,#157,.T.);
#225 = PLANE('',#226);
#226 = AXIS2_PLACEMENT_3D('',#227,#228,#229);
#227 = CARTESIAN_POINT('',(-32.49999999995,20.,11.8));
#228 = DIRECTION('',(0.,0.,1.));
#229 = DIRECTION('',(1.,0.,0.));
#230 = ADVANCED_FACE('',(#231),#241,.T.);
#231 = FACE_BOUND('',#232,.T.);
#232 = EDGE_LOOP('',(#233,#234,#235));
#233 = ORIENTED_EDGE('',*,*,#140,.T.);
#234 = ORIENTED_EDGE('',*,*,#80,.T.);
#235 = ORIENTED_EDGE('',*,*,#236,.T.);
#236 = EDGE_CURVE('',#73,#141,#237,.T.);
#237 = LINE('',#238,#239);
#238 = CARTESIAN_POINT('',(-23.4,21.29831621726,12.));
#239 = VECTOR('',#240,1.);
#240 = DIRECTION('',(-6.841002275815E-16,-1.,0.));
#241 = PLANE('',#242);
#242 = AXIS2_PLACEMENT_3D('',#243,#244,#245);
#243 = CARTESIAN_POINT('',(-25.,20.,12.));
#244 = DIRECTION('',(0.,0.,1.));
#245 = DIRECTION('',(1.,0.,0.));
#246 = ADVANCED_FACE('',(#247,#342,#389,#436,#483,#490,#537),#584,.T.);
#247 = FACE_BOUND('',#248,.T.);
#248 = EDGE_LOOP('',(#249,#259,#267,#276,#284,#293,#301,#310,#318,#327,
    #335));
#249 = ORIENTED_EDGE('',*,*,#250,.F.);
#250 = EDGE_CURVE('',#251,#253,#255,.T.);
#251 = VERTEX_POINT('',#252);
#252 = CARTESIAN_POINT('',(-15.,10.,21.));
#253 = VERTEX_POINT('',#254);
#254 = CARTESIAN_POINT('',(-42.,10.,21.));
#255 = LINE('',#256,#257);
#256 = CARTESIAN_POINT('',(10.,10.,21.));
#257 = VECTOR('',#258,1.);
#258 = DIRECTION('',(-1.,0.,0.));
#259 = ORIENTED_EDGE('',*,*,#260,.T.);
#260 = EDGE_CURVE('',#251,#261,#263,.T.);
#261 = VERTEX_POINT('',#262);
#262 = CARTESIAN_POINT('',(-15.,-17.,21.));
#263 = LINE('',#264,#265);
#264 = CARTESIAN_POINT('',(-15.,20.,21.));
#265 = VECTOR('',#266,1.);
#266 = DIRECTION('',(0.,-1.,0.));
#267 = ORIENTED_EDGE('',*,*,#268,.F.);
#268 = EDGE_CURVE('',#269,#261,#271,.T.);
#269 = VERTEX_POINT('',#270);
#270 = CARTESIAN_POINT('',(-12.,-20.,21.));
#271 = CIRCLE('',#272,3.);
#272 = AXIS2_PLACEMENT_3D('',#273,#274,#275);
#273 = CARTESIAN_POINT('',(-12.,-17.,21.));
#274 = DIRECTION('',(-0.,-0.,-1.));
#275 = DIRECTION('',(0.,-1.,0.));
#276 = ORIENTED_EDGE('',*,*,#277,.T.);
#277 = EDGE_CURVE('',#269,#278,#280,.T.);
#278 = VERTEX_POINT('',#279);
#279 = CARTESIAN_POINT('',(7.,-20.,21.));
#280 = LINE('',#281,#282);
#281 = CARTESIAN_POINT('',(-15.,-20.,21.));
#282 = VECTOR('',#283,1.);
#283 = DIRECTION('',(1.,0.,0.));
#284 = ORIENTED_EDGE('',*,*,#285,.T.);
#285 = EDGE_CURVE('',#278,#286,#288,.T.);
#286 = VERTEX_POINT('',#287);
#287 = CARTESIAN_POINT('',(10.,-17.,21.));
#288 = CIRCLE('',#289,3.);
#289 = AXIS2_PLACEMENT_3D('',#290,#291,#292);
#290 = CARTESIAN_POINT('',(7.,-17.,21.));
#291 = DIRECTION('',(-0.,0.,1.));
#292 = DIRECTION('',(0.,-1.,0.));
#293 = ORIENTED_EDGE('',*,*,#294,.T.);
#294 = EDGE_CURVE('',#286,#295,#297,.T.);
#295 = VERTEX_POINT('',#296);
#296 = CARTESIAN_POINT('',(10.,27.,21.));
#297 = LINE('',#298,#299);
#298 = CARTESIAN_POINT('',(10.,-20.,21.));
#299 = VECTOR('',#300,1.);
#300 = DIRECTION('',(0.,1.,0.));
#301 = ORIENTED_EDGE('',*,*,#302,.F.);
#302 = EDGE_CURVE('',#303,#295,#305,.T.);
#303 = VERTEX_POINT('',#304);
#304 = CARTESIAN_POINT('',(7.,30.,21.));
#305 = CIRCLE('',#306,3.);
#306 = AXIS2_PLACEMENT_3D('',#307,#308,#309);
#307 = CARTESIAN_POINT('',(7.,27.,21.));
#308 = DIRECTION('',(-0.,-0.,-1.));
#309 = DIRECTION('',(0.,-1.,0.));
#310 = ORIENTED_EDGE('',*,*,#311,.T.);
#311 = EDGE_CURVE('',#303,#312,#314,.T.);
#312 = VERTEX_POINT('',#313);
#313 = CARTESIAN_POINT('',(-42.,30.,21.));
#314 = LINE('',#315,#316);
#315 = CARTESIAN_POINT('',(10.,30.,21.));
#316 = VECTOR('',#317,1.);
#317 = DIRECTION('',(-1.,0.,0.));
#318 = ORIENTED_EDGE('',*,*,#319,.T.);
#319 = EDGE_CURVE('',#312,#320,#322,.T.);
#320 = VERTEX_POINT('',#321);
#321 = CARTESIAN_POINT('',(-45.,27.,21.));
#322 = CIRCLE('',#323,3.);
#323 = AXIS2_PLACEMENT_3D('',#324,#325,#326);
#324 = CARTESIAN_POINT('',(-42.,27.,21.));
#325 = DIRECTION('',(0.,-0.,1.));
#326 = DIRECTION('',(0.,1.,0.));
#327 = ORIENTED_EDGE('',*,*,#328,.F.);
#328 = EDGE_CURVE('',#329,#320,#331,.T.);
#329 = VERTEX_POINT('',#330);
#330 = CARTESIAN_POINT('',(-45.,13.,21.));
#331 = LINE('',#332,#333);
#332 = CARTESIAN_POINT('',(-45.,10.,21.));
#333 = VECTOR('',#334,1.);
#334 = DIRECTION('',(0.,1.,-2.2E-16));
#335 = ORIENTED_EDGE('',*,*,#336,.F.);
#336 = EDGE_CURVE('',#253,#329,#337,.T.);
#337 = CIRCLE('',#338,3.);
#338 = AXIS2_PLACEMENT_3D('',#339,#340,#341);
#339 = CARTESIAN_POINT('',(-42.,13.,21.));
#340 = DIRECTION('',(0.,0.,-1.));
#341 = DIRECTION('',(0.,1.,0.));
#342 = FACE_BOUND('',#343,.T.);
#343 = EDGE_LOOP('',(#344,#355,#364,#373,#382));
#344 = ORIENTED_EDGE('',*,*,#345,.F.);
#345 = EDGE_CURVE('',#346,#348,#350,.T.);
#346 = VERTEX_POINT('',#347);
#347 = CARTESIAN_POINT('',(-7.95,-16.,21.));
#348 = VERTEX_POINT('',#349);
#349 = CARTESIAN_POINT('',(-9.4,-13.40336756548,21.));
#350 = CIRCLE('',#351,3.05);
#351 = AXIS2_PLACEMENT_3D('',#352,#353,#354);
#352 = CARTESIAN_POINT('',(-11.,-16.,21.));
#353 = DIRECTION('',(0.,0.,1.));
#354 = DIRECTION('',(1.,0.,0.));
#355 = ORIENTED_EDGE('',*,*,#356,.F.);
#356 = EDGE_CURVE('',#357,#346,#359,.T.);
#357 = VERTEX_POINT('',#358);
#358 = CARTESIAN_POINT('',(-9.4,-18.59663243452,21.));
#359 = CIRCLE('',#360,3.05);
#360 = AXIS2_PLACEMENT_3D('',#361,#362,#363);
#361 = CARTESIAN_POINT('',(-11.,-16.,21.));
#362 = DIRECTION('',(0.,0.,1.));
#363 = DIRECTION('',(1.,0.,0.));
#364 = ORIENTED_EDGE('',*,*,#365,.F.);
#365 = EDGE_CURVE('',#366,#357,#368,.T.);
#366 = VERTEX_POINT('',#367);
#367 = CARTESIAN_POINT('',(-12.6,-18.59663243452,21.));
#368 = CIRCLE('',#369,3.05);
#369 = AXIS2_PLACEMENT_3D('',#370,#371,#372);
#370 = CARTESIAN_POINT('',(-11.,-16.,21.));
#371 = DIRECTION('',(0.,0.,1.));
#372 = DIRECTION('',(1.,0.,0.));
#373 = ORIENTED_EDGE('',*,*,#374,.F.);
#374 = EDGE_CURVE('',#375,#366,#377,.T.);
#375 = VERTEX_POINT('',#376);
#376 = CARTESIAN_POINT('',(-12.6,-13.40336756548,21.));
#377 = CIRCLE('',#378,3.05);
#378 = AXIS2_PLACEMENT_3D('',#379,#380,#381);
#379 = CARTESIAN_POINT('',(-11.,-16.,21.));
#380 = DIRECTION('',(0.,0.,1.));
#381 = DIRECTION('',(1.,0.,0.));
#382 = ORIENTED_EDGE('',*,*,#383,.F.);
#383 = EDGE_CURVE('',#348,#375,#384,.T.);
#384 = CIRCLE('',#385,3.05);
#385 = AXIS2_PLACEMENT_3D('',#386,#387,#388);
#386 = CARTESIAN_POINT('',(-11.,-16.,21.));
#387 = DIRECTION('',(0.,0.,1.));
#388 = DIRECTION('',(1.,0.,0.));
#389 = FACE_BOUND('',#390,.T.);
#390 = EDGE_LOOP('',(#391,#402,#411,#420,#429));
#391 = ORIENTED_EDGE('',*,*,#392,.F.);
#392 = EDGE_CURVE('',#393,#395,#397,.T.);
#393 = VERTEX_POINT('',#394);
#394 = CARTESIAN_POINT('',(5.5,-10.,21.));
#395 = VERTEX_POINT('',#396);
#396 = CARTESIAN_POINT('',(3.6,-6.327126465559,21.));
#397 = CIRCLE('',#398,4.5);
#398 = AXIS2_PLACEMENT_3D('',#399,#400,#401);
#399 = CARTESIAN_POINT('',(1.,-10.,21.));
#400 = DIRECTION('',(0.,0.,1.));
#401 = DIRECTION('',(1.,0.,0.));
#402 = ORIENTED_EDGE('',*,*,#403,.F.);
#403 = EDGE_CURVE('',#404,#393,#406,.T.);
#404 = VERTEX_POINT('',#405);
#405 = CARTESIAN_POINT('',(3.599999999992,-13.67287353444,21.));
#406 = CIRCLE('',#407,4.5);
#407 = AXIS2_PLACEMENT_3D('',#408,#409,#410);
#408 = CARTESIAN_POINT('',(1.,-10.,21.));
#409 = DIRECTION('',(0.,0.,1.));
#410 = DIRECTION('',(1.,0.,0.));
#411 = ORIENTED_EDGE('',*,*,#412,.F.);
#412 = EDGE_CURVE('',#413,#404,#415,.T.);
#413 = VERTEX_POINT('',#414);
#414 = CARTESIAN_POINT('',(-1.600000000002,-13.67287353443,21.));
#415 = CIRCLE('',#416,4.5);
#416 = AXIS2_PLACEMENT_3D('',#417,#418,#419);
#417 = CARTESIAN_POINT('',(1.,-10.,21.));
#418 = DIRECTION('',(0.,0.,1.));
#419 = DIRECTION('',(1.,0.,0.));
#420 = ORIENTED_EDGE('',*,*,#421,.F.);
#421 = EDGE_CURVE('',#422,#413,#424,.T.);
#422 = VERTEX_POINT('',#423);
#423 = CARTESIAN_POINT('',(-1.6,-6.327126465559,21.));
#424 = CIRCLE('',#425,4.5);
#425 = AXIS2_PLACEMENT_3D('',#426,#427,#428);
#426 = CARTESIAN_POINT('',(1.,-10.,21.));
#427 = DIRECTION('',(0.,0.,1.));
#428 = DIRECTION('',(1.,0.,0.));
#429 = ORIENTED_EDGE('',*,*,#430,.F.);
#430 = EDGE_CURVE('',#395,#422,#431,.T.);
#431 = CIRCLE('',#432,4.5);
#432 = AXIS2_PLACEMENT_3D('',#433,#434,#435);
#433 = CARTESIAN_POINT('',(1.,-10.,21.));
#434 = DIRECTION('',(0.,0.,1.));
#435 = DIRECTION('',(1.,0.,0.));
#436 = FACE_BOUND('',#437,.T.);
#437 = EDGE_LOOP('',(#438,#449,#458,#467,#476));
#438 = ORIENTED_EDGE('',*,*,#439,.F.);
#439 = EDGE_CURVE('',#440,#442,#444,.T.);
#440 = VERTEX_POINT('',#441);
#441 = CARTESIAN_POINT('',(-36.95,20.,21.));
#442 = VERTEX_POINT('',#443);
#443 = CARTESIAN_POINT('',(-38.40000000004,22.596632434469,21.));
#444 = CIRCLE('',#445,3.05);
#445 = AXIS2_PLACEMENT_3D('',#446,#447,#448);
#446 = CARTESIAN_POINT('',(-40.,20.,21.));
#447 = DIRECTION('',(0.,0.,1.));
#448 = DIRECTION('',(1.,0.,0.));
#449 = ORIENTED_EDGE('',*,*,#450,.F.);
#450 = EDGE_CURVE('',#451,#440,#453,.T.);
#451 = VERTEX_POINT('',#452);
#452 = CARTESIAN_POINT('',(-38.39999999999,17.403367565501,21.));
#453 = CIRCLE('',#454,3.05);
#454 = AXIS2_PLACEMENT_3D('',#455,#456,#457);
#455 = CARTESIAN_POINT('',(-40.,20.,21.));
#456 = DIRECTION('',(0.,0.,1.));
#457 = DIRECTION('',(1.,0.,0.));
#458 = ORIENTED_EDGE('',*,*,#459,.F.);
#459 = EDGE_CURVE('',#460,#451,#462,.T.);
#460 = VERTEX_POINT('',#461);
#461 = CARTESIAN_POINT('',(-41.59999999994,17.403367565519,21.));
#462 = CIRCLE('',#463,3.05);
#463 = AXIS2_PLACEMENT_3D('',#464,#465,#466);
#464 = CARTESIAN_POINT('',(-40.,20.,21.));
#465 = DIRECTION('',(0.,0.,1.));
#466 = DIRECTION('',(1.,0.,0.));
#467 = ORIENTED_EDGE('',*,*,#468,.F.);
#468 = EDGE_CURVE('',#469,#460,#471,.T.);
#469 = VERTEX_POINT('',#470);
#470 = CARTESIAN_POINT('',(-41.59999999999,22.596632434517,21.));
#471 = CIRCLE('',#472,3.05);
#472 = AXIS2_PLACEMENT_3D('',#473,#474,#475);
#473 = CARTESIAN_POINT('',(-40.,20.,21.));
#474 = DIRECTION('',(0.,0.,1.));
#475 = DIRECTION('',(1.,0.,0.));
#476 = ORIENTED_EDGE('',*,*,#477,.F.);
#477 = EDGE_CURVE('',#442,#469,#478,.T.);
#478 = CIRCLE('',#479,3.05);
#479 = AXIS2_PLACEMENT_3D('',#480,#481,#482);
#480 = CARTESIAN_POINT('',(-40.,20.,21.));
#481 = DIRECTION('',(0.,0.,1.));
#482 = DIRECTION('',(1.,0.,0.));
#483 = FACE_BOUND('',#484,.T.);
#484 = EDGE_LOOP('',(#485,#486,#487,#488,#489));
#485 = ORIENTED_EDGE('',*,*,#96,.F.);
#486 = ORIENTED_EDGE('',*,*,#132,.F.);
#487 = ORIENTED_EDGE('',*,*,#123,.F.);
#488 = ORIENTED_EDGE('',*,*,#114,.F.);
#489 = ORIENTED_EDGE('',*,*,#105,.F.);
#490 = FACE_BOUND('',#491,.T.);
#491 = EDGE_LOOP('',(#492,#503,#512,#521,#530));
#492 = ORIENTED_EDGE('',*,*,#493,.F.);
#493 = EDGE_CURVE('',#494,#496,#498,.T.);
#494 = VERTEX_POINT('',#495);
#495 = CARTESIAN_POINT('',(-2.5,4.,21.));
#496 = VERTEX_POINT('',#497);
#497 = CARTESIAN_POINT('',(-4.4,7.672873534441,21.));
#498 = CIRCLE('',#499,4.5);
#499 = AXIS2_PLACEMENT_3D('',#500,#501,#502);
#500 = CARTESIAN_POINT('',(-7.,4.,21.));
#501 = DIRECTION('',(0.,0.,1.));
#502 = DIRECTION('',(1.,0.,0.));
#503 = ORIENTED_EDGE('',*,*,#504,.F.);
#504 = EDGE_CURVE('',#505,#494,#507,.T.);
#505 = VERTEX_POINT('',#506);
#506 = CARTESIAN_POINT('',(-4.4,0.327126465559,21.));
#507 = CIRCLE('',#508,4.5);
#508 = AXIS2_PLACEMENT_3D('',#509,#510,#511);
#509 = CARTESIAN_POINT('',(-7.,4.,21.));
#510 = DIRECTION('',(0.,0.,1.));
#511 = DIRECTION('',(1.,0.,0.));
#512 = ORIENTED_EDGE('',*,*,#513,.F.);
#513 = EDGE_CURVE('',#514,#505,#516,.T.);
#514 = VERTEX_POINT('',#515);
#515 = CARTESIAN_POINT('',(-9.6,0.327126465559,21.));
#516 = CIRCLE('',#517,4.5);
#517 = AXIS2_PLACEMENT_3D('',#518,#519,#520);
#518 = CARTESIAN_POINT('',(-7.,4.,21.));
#519 = DIRECTION('',(0.,0.,1.));
#520 = DIRECTION('',(1.,0.,0.));
#521 = ORIENTED_EDGE('',*,*,#522,.F.);
#522 = EDGE_CURVE('',#523,#514,#525,.T.);
#523 = VERTEX_POINT('',#524);
#524 = CARTESIAN_POINT('',(-9.6,7.672873534441,21.));
#525 = CIRCLE('',#526,4.5);
#526 = AXIS2_PLACEMENT_3D('',#527,#528,#529);
#527 = CARTESIAN_POINT('',(-7.,4.,21.));
#528 = DIRECTION('',(0.,0.,1.));
#529 = DIRECTION('',(1.,0.,0.));
#530 = ORIENTED_EDGE('',*,*,#531,.F.);
#531 = EDGE_CURVE('',#496,#523,#532,.T.);
#532 = CIRCLE('',#533,4.5);
#533 = AXIS2_PLACEMENT_3D('',#534,#535,#536);
#534 = CARTESIAN_POINT('',(-7.,4.,21.));
#535 = DIRECTION('',(0.,0.,1.));
#536 = DIRECTION('',(1.,0.,0.));
#537 = FACE_BOUND('',#538,.T.);
#538 = EDGE_LOOP('',(#539,#550,#559,#568,#577));
#539 = ORIENTED_EDGE('',*,*,#540,.F.);
#540 = EDGE_CURVE('',#541,#543,#545,.T.);
#541 = VERTEX_POINT('',#542);
#542 = CARTESIAN_POINT('',(7.05,3.,21.));
#543 = VERTEX_POINT('',#544);
#544 = CARTESIAN_POINT('',(5.6,5.59663243452,21.));
#545 = CIRCLE('',#546,3.05);
#546 = AXIS2_PLACEMENT_3D('',#547,#548,#549);
#547 = CARTESIAN_POINT('',(4.,3.,21.));
#548 = DIRECTION('',(0.,0.,1.));
#549 = DIRECTION('',(1.,0.,0.));
#550 = ORIENTED_EDGE('',*,*,#551,.F.);
#551 = EDGE_CURVE('',#552,#541,#554,.T.);
#552 = VERTEX_POINT('',#553);
#553 = CARTESIAN_POINT('',(5.6,0.40336756548,21.));
#554 = CIRCLE('',#555,3.05);
#555 = AXIS2_PLACEMENT_3D('',#556,#557,#558);
#556 = CARTESIAN_POINT('',(4.,3.,21.));
#557 = DIRECTION('',(0.,0.,1.));
#558 = DIRECTION('',(1.,0.,0.));
#559 = ORIENTED_EDGE('',*,*,#560,.F.);
#560 = EDGE_CURVE('',#561,#552,#563,.T.);
#561 = VERTEX_POINT('',#562);
#562 = CARTESIAN_POINT('',(2.4,0.40336756548,21.));
#563 = CIRCLE('',#564,3.05);
#564 = AXIS2_PLACEMENT_3D('',#565,#566,#567);
#565 = CARTESIAN_POINT('',(4.,3.,21.));
#566 = DIRECTION('',(0.,0.,1.));
#567 = DIRECTION('',(1.,0.,0.));
#568 = ORIENTED_EDGE('',*,*,#569,.F.);
#569 = EDGE_CURVE('',#570,#561,#572,.T.);
#570 = VERTEX_POINT('',#571);
#571 = CARTESIAN_POINT('',(2.4,5.59663243452,21.));
#572 = CIRCLE('',#573,3.05);
#573 = AXIS2_PLACEMENT_3D('',#574,#575,#576);
#574 = CARTESIAN_POINT('',(4.,3.,21.));
#575 = DIRECTION('',(0.,0.,1.));
#576 = DIRECTION('',(1.,0.,0.));
#577 = ORIENTED_EDGE('',*,*,#578,.F.);
#578 = EDGE_CURVE('',#543,#570,#579,.T.);
#579 = CIRCLE('',#580,3.05);
#580 = AXIS2_PLACEMENT_3D('',#581,#582,#583);
#581 = CARTESIAN_POINT('',(4.,3.,21.));
#582 = DIRECTION('',(0.,0.,1.));
#583 = DIRECTION('',(1.,0.,0.));
#584 = PLANE('',#585);
#585 = AXIS2_PLACEMENT_3D('',#586,#587,#588);
#586 = CARTESIAN_POINT('',(-13.35291958481,9.67219949389,21.));
#587 = DIRECTION('',(0.,0.,1.));
#588 = DIRECTION('',(1.,0.,0.));
#589 = ADVANCED_FACE('',(#590),#615,.F.);
#590 = FACE_BOUND('',#591,.F.);
#591 = EDGE_LOOP('',(#592,#593,#601,#609));
#592 = ORIENTED_EDGE('',*,*,#250,.F.);
#593 = ORIENTED_EDGE('',*,*,#594,.F.);
#594 = EDGE_CURVE('',#595,#251,#597,.T.);
#595 = VERTEX_POINT('',#596);
#596 = CARTESIAN_POINT('',(-15.,10.,9.));
#597 = LINE('',#598,#599);
#598 = CARTESIAN_POINT('',(-15.,10.,15.460144927536));
#599 = VECTOR('',#600,1.);
#600 = DIRECTION('',(0.,0.,1.));
#601 = ORIENTED_EDGE('',*,*,#602,.F.);
#602 = EDGE_CURVE('',#603,#595,#605,.T.);
#603 = VERTEX_POINT('',#604);
#604 = CARTESIAN_POINT('',(-42.,10.,9.));
#605 = LINE('',#606,#607);
#606 = CARTESIAN_POINT('',(-45.,10.,9.));
#607 = VECTOR('',#608,1.);
#608 = DIRECTION('',(1.,0.,0.));
#609 = ORIENTED_EDGE('',*,*,#610,.F.);
#610 = EDGE_CURVE('',#253,#603,#611,.T.);
#611 = LINE('',#612,#613);
#612 = CARTESIAN_POINT('',(-42.,10.,21.));
#613 = VECTOR('',#614,1.);
#614 = DIRECTION('',(0.,0.,-1.));
#615 = PLANE('',#616);
#616 = AXIS2_PLACEMENT_3D('',#617,#618,#619);
#617 = CARTESIAN_POINT('',(-15.72368421052,10.,12.276315789474));
#618 = DIRECTION('',(0.,1.,-2.6E-16));
#619 = DIRECTION('',(0.,2.6E-16,1.));
#620 = ADVANCED_FACE('',(#621),#640,.T.);
#621 = FACE_BOUND('',#622,.T.);
#622 = EDGE_LOOP('',(#623,#624,#632,#639));
#623 = ORIENTED_EDGE('',*,*,#336,.T.);
#624 = ORIENTED_EDGE('',*,*,#625,.T.);
#625 = EDGE_CURVE('',#329,#626,#628,.T.);
#626 = VERTEX_POINT('',#627);
#627 = CARTESIAN_POINT('',(-45.,13.,9.));
#628 = LINE('',#629,#630);
#629 = CARTESIAN_POINT('',(-45.,13.,21.));
#630 = VECTOR('',#631,1.);
#631 = DIRECTION('',(0.,0.,-1.));
#632 = ORIENTED_EDGE('',*,*,#633,.F.);
#633 = EDGE_CURVE('',#603,#626,#634,.T.);
#634 = CIRCLE('',#635,3.);
#635 = AXIS2_PLACEMENT_3D('',#636,#637,#638);
#636 = CARTESIAN_POINT('',(-42.,13.,9.));
#637 = DIRECTION('',(0.,0.,-1.));
#638 = DIRECTION('',(0.,1.,0.));
#639 = ORIENTED_EDGE('',*,*,#610,.F.);
#640 = CYLINDRICAL_SURFACE('',#641,3.);
#641 = AXIS2_PLACEMENT_3D('',#642,#643,#644);
#642 = CARTESIAN_POINT('',(-42.,13.,21.));
#643 = DIRECTION('',(0.,0.,-1.));
#644 = DIRECTION('',(0.,-1.,0.));
#645 = ADVANCED_FACE('',(#646),#712,.T.);
#646 = FACE_BOUND('',#647,.T.);
#647 = EDGE_LOOP('',(#648,#649,#650,#658,#666,#674,#682,#690,#698,#706)
  );
#648 = ORIENTED_EDGE('',*,*,#260,.F.);
#649 = ORIENTED_EDGE('',*,*,#594,.F.);
#650 = ORIENTED_EDGE('',*,*,#651,.T.);
#651 = EDGE_CURVE('',#595,#652,#654,.T.);
#652 = VERTEX_POINT('',#653);
#653 = CARTESIAN_POINT('',(-15.,30.,9.));
#654 = LINE('',#655,#656);
#655 = CARTESIAN_POINT('',(-15.,10.,9.));
#656 = VECTOR('',#657,1.);
#657 = DIRECTION('',(0.,1.,-2.2E-16));
#658 = ORIENTED_EDGE('',*,*,#659,.T.);
#659 = EDGE_CURVE('',#652,#660,#662,.T.);
#660 = VERTEX_POINT('',#661);
#661 = CARTESIAN_POINT('',(-15.,30.,-4.E-15));
#662 = LINE('',#663,#664);
#663 = CARTESIAN_POINT('',(-15.,30.,9.));
#664 = VECTOR('',#665,1.);
#665 = DIRECTION('',(0.,0.,-1.));
#666 = ORIENTED_EDGE('',*,*,#667,.F.);
#667 = EDGE_CURVE('',#668,#660,#670,.T.);
#668 = VERTEX_POINT('',#669);
#669 = CARTESIAN_POINT('',(-15.,-1.5,0.));
#670 = LINE('',#671,#672);
#671 = CARTESIAN_POINT('',(-15.,10.,0.));
#672 = VECTOR('',#673,1.);
#673 = DIRECTION('',(0.,1.,-2.2E-16));
#674 = ORIENTED_EDGE('',*,*,#675,.T.);
#675 = EDGE_CURVE('',#668,#676,#678,.T.);
#676 = VERTEX_POINT('',#677);
#677 = CARTESIAN_POINT('',(-15.,-1.5,8.));
#678 = LINE('',#679,#680);
#679 = CARTESIAN_POINT('',(-15.,-1.5,0.));
#680 = VECTOR('',#681,1.);
#681 = DIRECTION('',(0.,0.,1.));
#682 = ORIENTED_EDGE('',*,*,#683,.T.);
#683 = EDGE_CURVE('',#676,#684,#686,.T.);
#684 = VERTEX_POINT('',#685);
#685 = CARTESIAN_POINT('',(-15.,-4.5,8.));
#686 = LINE('',#687,#688);
#687 = CARTESIAN_POINT('',(-15.,20.,8.));
#688 = VECTOR('',#689,1.);
#689 = DIRECTION('',(0.,-1.,0.));
#690 = ORIENTED_EDGE('',*,*,#691,.F.);
#691 = EDGE_CURVE('',#692,#684,#694,.T.);
#692 = VERTEX_POINT('',#693);
#693 = CARTESIAN_POINT('',(-15.,-4.5,0.));
#694 = LINE('',#695,#696);
#695 = CARTESIAN_POINT('',(-15.,-4.5,0.));
#696 = VECTOR('',#697,1.);
#697 = DIRECTION('',(0.,0.,1.));
#698 = ORIENTED_EDGE('',*,*,#699,.T.);
#699 = EDGE_CURVE('',#692,#700,#702,.T.);
#700 = VERTEX_POINT('',#701);
#701 = CARTESIAN_POINT('',(-15.,-17.,0.));
#702 = LINE('',#703,#704);
#703 = CARTESIAN_POINT('',(-15.,-4.5,0.));
#704 = VECTOR('',#705,1.);
#705 = DIRECTION('',(0.,-1.,0.));
#706 = ORIENTED_EDGE('',*,*,#707,.T.);
#707 = EDGE_CURVE('',#700,#261,#708,.T.);
#708 = LINE('',#709,#710);
#709 = CARTESIAN_POINT('',(-15.,-17.,0.));
#710 = VECTOR('',#711,1.);
#711 = DIRECTION('',(0.,0.,1.));
#712 = PLANE('',#713);
#713 = AXIS2_PLACEMENT_3D('',#714,#715,#716);
#714 = CARTESIAN_POINT('',(-15.,3.921052631579,8.394736842105));
#715 = DIRECTION('',(-1.,-0.,-0.));
#716 = DIRECTION('',(0.,0.,-1.));
#717 = ADVANCED_FACE('',(#718),#736,.T.);
#718 = FACE_BOUND('',#719,.T.);
#719 = EDGE_LOOP('',(#720,#721,#729,#735));
#720 = ORIENTED_EDGE('',*,*,#328,.T.);
#721 = ORIENTED_EDGE('',*,*,#722,.T.);
#722 = EDGE_CURVE('',#320,#723,#725,.T.);
#723 = VERTEX_POINT('',#724);
#724 = CARTESIAN_POINT('',(-45.,27.,9.));
#725 = LINE('',#726,#727);
#726 = CARTESIAN_POINT('',(-45.,27.,21.));
#727 = VECTOR('',#728,1.);
#728 = DIRECTION('',(0.,0.,-1.));
#729 = ORIENTED_EDGE('',*,*,#730,.F.);
#730 = EDGE_CURVE('',#626,#723,#731,.T.);
#731 = LINE('',#732,#733);
#732 = CARTESIAN_POINT('',(-45.,10.,9.));
#733 = VECTOR('',#734,1.);
#734 = DIRECTION('',(0.,1.,-2.2E-16));
#735 = ORIENTED_EDGE('',*,*,#625,.F.);
#736 = PLANE('',#737);
#737 = AXIS2_PLACEMENT_3D('',#738,#739,#740);
#738 = CARTESIAN_POINT('',(-45.,10.,21.));
#739 = DIRECTION('',(-1.,0.,0.));
#740 = DIRECTION('',(0.,-2.2E-16,-1.));
#741 = ADVANCED_FACE('',(#742),#761,.T.);
#742 = FACE_BOUND('',#743,.F.);
#743 = EDGE_LOOP('',(#744,#753,#754,#755));
#744 = ORIENTED_EDGE('',*,*,#745,.T.);
#745 = EDGE_CURVE('',#746,#700,#748,.T.);
#746 = VERTEX_POINT('',#747);
#747 = CARTESIAN_POINT('',(-12.,-20.,0.));
#748 = CIRCLE('',#749,3.);
#749 = AXIS2_PLACEMENT_3D('',#750,#751,#752);
#750 = CARTESIAN_POINT('',(-12.,-17.,0.));
#751 = DIRECTION('',(-0.,-0.,-1.));
#752 = DIRECTION('',(0.,-1.,0.));
#753 = ORIENTED_EDGE('',*,*,#707,.T.);
#754 = ORIENTED_EDGE('',*,*,#268,.F.);
#755 = ORIENTED_EDGE('',*,*,#756,.F.);
#756 = EDGE_CURVE('',#746,#269,#757,.T.);
#757 = LINE('',#758,#759);
#758 = CARTESIAN_POINT('',(-12.,-20.,0.));
#759 = VECTOR('',#760,1.);
#760 = DIRECTION('',(0.,0.,1.));
#761 = CYLINDRICAL_SURFACE('',#762,3.);
#762 = AXIS2_PLACEMENT_3D('',#763,#764,#765);
#763 = CARTESIAN_POINT('',(-12.,-17.,0.));
#764 = DIRECTION('',(0.,0.,1.));
#765 = DIRECTION('',(0.,-1.,0.));
#766 = ADVANCED_FACE('',(#767),#786,.T.);
#767 = FACE_BOUND('',#768,.F.);
#768 = EDGE_LOOP('',(#769,#770,#771,#780));
#769 = ORIENTED_EDGE('',*,*,#319,.T.);
#770 = ORIENTED_EDGE('',*,*,#722,.T.);
#771 = ORIENTED_EDGE('',*,*,#772,.F.);
#772 = EDGE_CURVE('',#773,#723,#775,.T.);
#773 = VERTEX_POINT('',#774);
#774 = CARTESIAN_POINT('',(-42.,30.,9.));
#775 = CIRCLE('',#776,3.);
#776 = AXIS2_PLACEMENT_3D('',#777,#778,#779);
#777 = CARTESIAN_POINT('',(-42.,27.,9.));
#778 = DIRECTION('',(0.,-0.,1.));
#779 = DIRECTION('',(0.,1.,0.));
#780 = ORIENTED_EDGE('',*,*,#781,.F.);
#781 = EDGE_CURVE('',#312,#773,#782,.T.);
#782 = LINE('',#783,#784);
#783 = CARTESIAN_POINT('',(-42.,30.,21.));
#784 = VECTOR('',#785,1.);
#785 = DIRECTION('',(0.,0.,-1.));
#786 = CYLINDRICAL_SURFACE('',#787,3.);
#787 = AXIS2_PLACEMENT_3D('',#788,#789,#790);
#788 = CARTESIAN_POINT('',(-42.,27.,21.));
#789 = DIRECTION('',(0.,0.,-1.));
#790 = DIRECTION('',(0.,1.,0.));
#791 = ADVANCED_FACE('',(#792),#818,.T.);
#792 = FACE_BOUND('',#793,.T.);
#793 = EDGE_LOOP('',(#794,#802,#810,#816,#817));
#794 = ORIENTED_EDGE('',*,*,#795,.T.);
#795 = EDGE_CURVE('',#746,#796,#798,.T.);
#796 = VERTEX_POINT('',#797);
#797 = CARTESIAN_POINT('',(7.,-20.,0.));
#798 = LINE('',#799,#800);
#799 = CARTESIAN_POINT('',(-15.,-20.,0.));
#800 = VECTOR('',#801,1.);
#801 = DIRECTION('',(1.,0.,0.));
#802 = ORIENTED_EDGE('',*,*,#803,.T.);
#803 = EDGE_CURVE('',#796,#804,#806,.T.);
#804 = VERTEX_POINT('',#805);
#805 = CARTESIAN_POINT('',(7.,-20.,8.));
#806 = LINE('',#807,#808);
#807 = CARTESIAN_POINT('',(7.,-20.,0.));
#808 = VECTOR('',#809,1.);
#809 = DIRECTION('',(0.,0.,1.));
#810 = ORIENTED_EDGE('',*,*,#811,.T.);
#811 = EDGE_CURVE('',#804,#278,#812,.T.);
#812 = LINE('',#813,#814);
#813 = CARTESIAN_POINT('',(7.,-20.,8.));
#814 = VECTOR('',#815,1.);
#815 = DIRECTION('',(0.,0.,1.));
#816 = ORIENTED_EDGE('',*,*,#277,.F.);
#817 = ORIENTED_EDGE('',*,*,#756,.F.);
#818 = PLANE('',#819);
#819 = AXIS2_PLACEMENT_3D('',#820,#821,#822);
#820 = CARTESIAN_POINT('',(-2.760869565217,-20.,10.760869565217));
#821 = DIRECTION('',(-0.,-1.,-0.));
#822 = DIRECTION('',(0.,0.,-1.));
#823 = ADVANCED_FACE('',(#824),#849,.T.);
#824 = FACE_BOUND('',#825,.T.);
#825 = EDGE_LOOP('',(#826,#827,#835,#841,#842,#848));
#826 = ORIENTED_EDGE('',*,*,#311,.F.);
#827 = ORIENTED_EDGE('',*,*,#828,.F.);
#828 = EDGE_CURVE('',#829,#303,#831,.T.);
#829 = VERTEX_POINT('',#830);
#830 = CARTESIAN_POINT('',(7.,30.,-4.549070518201E-15));
#831 = LINE('',#832,#833);
#832 = CARTESIAN_POINT('',(7.,30.,-2.772713678801E-15));
#833 = VECTOR('',#834,1.);
#834 = DIRECTION('',(0.,0.,1.));
#835 = ORIENTED_EDGE('',*,*,#836,.F.);
#836 = EDGE_CURVE('',#660,#829,#837,.T.);
#837 = LINE('',#838,#839);
#838 = CARTESIAN_POINT('',(-15.,30.,-4.E-15));
#839 = VECTOR('',#840,1.);
#840 = DIRECTION('',(1.,0.,0.));
#841 = ORIENTED_EDGE('',*,*,#659,.F.);
#842 = ORIENTED_EDGE('',*,*,#843,.F.);
#843 = EDGE_CURVE('',#773,#652,#844,.T.);
#844 = LINE('',#845,#846);
#845 = CARTESIAN_POINT('',(-45.,30.,9.));
#846 = VECTOR('',#847,1.);
#847 = DIRECTION('',(1.,0.,0.));
#848 = ORIENTED_EDGE('',*,*,#781,.F.);
#849 = PLANE('',#850);
#850 = AXIS2_PLACEMENT_3D('',#851,#852,#853);
#851 = CARTESIAN_POINT('',(-15.72368421052,30.,12.276315789474));
#852 = DIRECTION('',(0.,1.,-2.6E-16));
#853 = DIRECTION('',(0.,2.6E-16,1.));
#854 = ADVANCED_FACE('',(#855),#874,.T.);
#855 = FACE_BOUND('',#856,.T.);
#856 = EDGE_LOOP('',(#857,#866,#872,#873));
#857 = ORIENTED_EDGE('',*,*,#858,.T.);
#858 = EDGE_CURVE('',#804,#859,#861,.T.);
#859 = VERTEX_POINT('',#860);
#860 = CARTESIAN_POINT('',(10.,-17.,8.));
#861 = CIRCLE('',#862,3.);
#862 = AXIS2_PLACEMENT_3D('',#863,#864,#865);
#863 = CARTESIAN_POINT('',(7.,-17.,8.));
#864 = DIRECTION('',(-0.,0.,1.));
#865 = DIRECTION('',(0.,-1.,0.));
#866 = ORIENTED_EDGE('',*,*,#867,.T.);
#867 = EDGE_CURVE('',#859,#286,#868,.T.);
#868 = LINE('',#869,#870);
#869 = CARTESIAN_POINT('',(10.,-17.,8.));
#870 = VECTOR('',#871,1.);
#871 = DIRECTION('',(0.,0.,1.));
#872 = ORIENTED_EDGE('',*,*,#285,.F.);
#873 = ORIENTED_EDGE('',*,*,#811,.F.);
#874 = CYLINDRICAL_SURFACE('',#875,3.);
#875 = AXIS2_PLACEMENT_3D('',#876,#877,#878);
#876 = CARTESIAN_POINT('',(7.,-17.,8.));
#877 = DIRECTION('',(0.,0.,1.));
#878 = DIRECTION('',(0.,-1.,0.));
#879 = ADVANCED_FACE('',(#880),#899,.T.);
#880 = FACE_BOUND('',#881,.F.);
#881 = EDGE_LOOP('',(#882,#891,#897,#898));
#882 = ORIENTED_EDGE('',*,*,#883,.T.);
#883 = EDGE_CURVE('',#829,#884,#886,.T.);
#884 = VERTEX_POINT('',#885);
#885 = CARTESIAN_POINT('',(10.,27.,7.8E-16));
#886 = CIRCLE('',#887,3.);
#887 = AXIS2_PLACEMENT_3D('',#888,#889,#890);
#888 = CARTESIAN_POINT('',(7.,27.,-1.04E-15));
#889 = DIRECTION('',(-0.,-0.,-1.));
#890 = DIRECTION('',(0.,-1.,0.));
#891 = ORIENTED_EDGE('',*,*,#892,.T.);
#892 = EDGE_CURVE('',#884,#295,#893,.T.);
#893 = LINE('',#894,#895);
#894 = CARTESIAN_POINT('',(10.,27.,-2.772713678801E-15));
#895 = VECTOR('',#896,1.);
#896 = DIRECTION('',(0.,0.,1.));
#897 = ORIENTED_EDGE('',*,*,#302,.F.);
#898 = ORIENTED_EDGE('',*,*,#828,.F.);
#899 = CYLINDRICAL_SURFACE('',#900,3.);
#900 = AXIS2_PLACEMENT_3D('',#901,#902,#903);
#901 = CARTESIAN_POINT('',(7.,27.,-2.772713678801E-15));
#902 = DIRECTION('',(0.,0.,1.));
#903 = DIRECTION('',(0.,1.,0.));
#904 = ADVANCED_FACE('',(#905),#932,.T.);
#905 = FACE_BOUND('',#906,.T.);
#906 = EDGE_LOOP('',(#907,#915,#916,#917,#918,#926));
#907 = ORIENTED_EDGE('',*,*,#908,.T.);
#908 = EDGE_CURVE('',#909,#884,#911,.T.);
#909 = VERTEX_POINT('',#910);
#910 = CARTESIAN_POINT('',(10.,-1.5,0.));
#911 = LINE('',#912,#913);
#912 = CARTESIAN_POINT('',(10.,-1.5,0.));
#913 = VECTOR('',#914,1.);
#914 = DIRECTION('',(0.,1.,0.));
#915 = ORIENTED_EDGE('',*,*,#892,.T.);
#916 = ORIENTED_EDGE('',*,*,#294,.F.);
#917 = ORIENTED_EDGE('',*,*,#867,.F.);
#918 = ORIENTED_EDGE('',*,*,#919,.T.);
#919 = EDGE_CURVE('',#859,#920,#922,.T.);
#920 = VERTEX_POINT('',#921);
#921 = CARTESIAN_POINT('',(10.,-1.5,8.));
#922 = LINE('',#923,#924);
#923 = CARTESIAN_POINT('',(10.,-20.,8.));
#924 = VECTOR('',#925,1.);
#925 = DIRECTION('',(0.,1.,0.));
#926 = ORIENTED_EDGE('',*,*,#927,.F.);
#927 = EDGE_CURVE('',#909,#920,#928,.T.);
#928 = LINE('',#929,#930);
#929 = CARTESIAN_POINT('',(10.,-1.5,0.));
#930 = VECTOR('',#931,1.);
#931 = DIRECTION('',(0.,0.,1.));
#932 = PLANE('',#933);
#933 = AXIS2_PLACEMENT_3D('',#934,#935,#936);
#934 = CARTESIAN_POINT('',(10.,7.411764705882,11.411764705882));
#935 = DIRECTION('',(1.,0.,0.));
#936 = DIRECTION('',(0.,0.,1.));
#937 = ADVANCED_FACE('',(#938),#1028,.F.);
#938 = FACE_BOUND('',#939,.T.);
#939 = EDGE_LOOP('',(#940,#950,#959,#967,#976,#984,#993,#998,#999,#1000,
    #1001,#1002,#1003,#1004,#1013,#1021));
#940 = ORIENTED_EDGE('',*,*,#941,.F.);
#941 = EDGE_CURVE('',#942,#944,#946,.T.);
#942 = VERTEX_POINT('',#943);
#943 = CARTESIAN_POINT('',(-12.6,-18.59663243452,18.));
#944 = VERTEX_POINT('',#945);
#945 = CARTESIAN_POINT('',(-12.6,-18.59663243452,17.8));
#946 = LINE('',#947,#948);
#947 = CARTESIAN_POINT('',(-12.6,-18.59663243452,21.));
#948 = VECTOR('',#949,1.);
#949 = DIRECTION('',(-0.,-0.,-1.));
#950 = ORIENTED_EDGE('',*,*,#951,.F.);
#951 = EDGE_CURVE('',#952,#942,#954,.T.);
#952 = VERTEX_POINT('',#953);
#953 = CARTESIAN_POINT('',(-12.6,-13.40336756548,18.));
#954 = CIRCLE('',#955,3.05);
#955 = AXIS2_PLACEMENT_3D('',#956,#957,#958);
#956 = CARTESIAN_POINT('',(-11.,-16.,18.));
#957 = DIRECTION('',(0.,0.,1.));
#958 = DIRECTION('',(1.,0.,0.));
#959 = ORIENTED_EDGE('',*,*,#960,.T.);
#960 = EDGE_CURVE('',#952,#961,#963,.T.);
#961 = VERTEX_POINT('',#962);
#962 = CARTESIAN_POINT('',(-12.6,-13.40336756548,17.8));
#963 = LINE('',#964,#965);
#964 = CARTESIAN_POINT('',(-12.6,-13.40336756548,21.));
#965 = VECTOR('',#966,1.);
#966 = DIRECTION('',(-0.,-0.,-1.));
#967 = ORIENTED_EDGE('',*,*,#968,.F.);
#968 = EDGE_CURVE('',#969,#961,#971,.T.);
#969 = VERTEX_POINT('',#970);
#970 = CARTESIAN_POINT('',(-9.4,-13.40336756548,17.8));
#971 = CIRCLE('',#972,3.05);
#972 = AXIS2_PLACEMENT_3D('',#973,#974,#975);
#973 = CARTESIAN_POINT('',(-11.,-16.,17.8));
#974 = DIRECTION('',(0.,0.,1.));
#975 = DIRECTION('',(1.,0.,0.));
#976 = ORIENTED_EDGE('',*,*,#977,.F.);
#977 = EDGE_CURVE('',#978,#969,#980,.T.);
#978 = VERTEX_POINT('',#979);
#979 = CARTESIAN_POINT('',(-9.4,-13.40336756548,18.));
#980 = LINE('',#981,#982);
#981 = CARTESIAN_POINT('',(-9.4,-13.40336756548,21.));
#982 = VECTOR('',#983,1.);
#983 = DIRECTION('',(-0.,-0.,-1.));
#984 = ORIENTED_EDGE('',*,*,#985,.F.);
#985 = EDGE_CURVE('',#986,#978,#988,.T.);
#986 = VERTEX_POINT('',#987);
#987 = CARTESIAN_POINT('',(-7.95,-16.,18.));
#988 = CIRCLE('',#989,3.05);
#989 = AXIS2_PLACEMENT_3D('',#990,#991,#992);
#990 = CARTESIAN_POINT('',(-11.,-16.,18.));
#991 = DIRECTION('',(0.,0.,1.));
#992 = DIRECTION('',(1.,0.,0.));
#993 = ORIENTED_EDGE('',*,*,#994,.F.);
#994 = EDGE_CURVE('',#346,#986,#995,.T.);
#995 = B_SPLINE_CURVE_WITH_KNOTS('',1,(#996,#997),.UNSPECIFIED.,.F.,.F.,
  (2,2),(0.,3.),.PIECEWISE_BEZIER_KNOTS.);
#996 = CARTESIAN_POINT('',(-7.95,-16.,21.));
#997 = CARTESIAN_POINT('',(-7.95,-16.,18.));
#998 = ORIENTED_EDGE('',*,*,#345,.T.);
#999 = ORIENTED_EDGE('',*,*,#383,.T.);
#1000 = ORIENTED_EDGE('',*,*,#374,.T.);
#1001 = ORIENTED_EDGE('',*,*,#365,.T.);
#1002 = ORIENTED_EDGE('',*,*,#356,.T.);
#1003 = ORIENTED_EDGE('',*,*,#994,.T.);
#1004 = ORIENTED_EDGE('',*,*,#1005,.F.);
#1005 = EDGE_CURVE('',#1006,#986,#1008,.T.);
#1006 = VERTEX_POINT('',#1007);
#1007 = CARTESIAN_POINT('',(-9.4,-18.59663243452,18.));
#1008 = CIRCLE('',#1009,3.05);
#1009 = AXIS2_PLACEMENT_3D('',#1010,#1011,#1012);
#1010 = CARTESIAN_POINT('',(-11.,-16.,18.));
#1011 = DIRECTION('',(0.,0.,1.));
#1012 = DIRECTION('',(1.,0.,0.));
#1013 = ORIENTED_EDGE('',*,*,#1014,.T.);
#1014 = EDGE_CURVE('',#1006,#1015,#1017,.T.);
#1015 = VERTEX_POINT('',#1016);
#1016 = CARTESIAN_POINT('',(-9.4,-18.59663243452,17.8));
#1017 = LINE('',#1018,#1019);
#1018 = CARTESIAN_POINT('',(-9.4,-18.59663243452,21.));
#1019 = VECTOR('',#1020,1.);
#1020 = DIRECTION('',(-0.,-0.,-1.));
#1021 = ORIENTED_EDGE('',*,*,#1022,.F.);
#1022 = EDGE_CURVE('',#944,#1015,#1023,.T.);
#1023 = CIRCLE('',#1024,3.05);
#1024 = AXIS2_PLACEMENT_3D('',#1025,#1026,#1027);
#1025 = CARTESIAN_POINT('',(-11.,-16.,17.8));
#1026 = DIRECTION('',(0.,0.,1.));
#1027 = DIRECTION('',(1.,0.,0.));
#1028 = CYLINDRICAL_SURFACE('',#1029,3.05);
#1029 = AXIS2_PLACEMENT_3D('',#1030,#1031,#1032);
#1030 = CARTESIAN_POINT('',(-11.,-16.,21.));
#1031 = DIRECTION('',(-0.,-0.,-1.));
#1032 = DIRECTION('',(1.,0.,0.));
#1033 = ADVANCED_FACE('',(#1034),#1124,.F.);
#1034 = FACE_BOUND('',#1035,.T.);
#1035 = EDGE_LOOP('',(#1036,#1046,#1055,#1063,#1072,#1080,#1089,#1094,
    #1095,#1096,#1097,#1098,#1099,#1100,#1109,#1117));
#1036 = ORIENTED_EDGE('',*,*,#1037,.F.);
#1037 = EDGE_CURVE('',#1038,#1040,#1042,.T.);
#1038 = VERTEX_POINT('',#1039);
#1039 = CARTESIAN_POINT('',(-1.600000000004,-13.67287353443,18.));
#1040 = VERTEX_POINT('',#1041);
#1041 = CARTESIAN_POINT('',(-1.600000000002,-13.67287353443,17.8));
#1042 = LINE('',#1043,#1044);
#1043 = CARTESIAN_POINT('',(-1.600000000002,-13.67287353443,21.));
#1044 = VECTOR('',#1045,1.);
#1045 = DIRECTION('',(-0.,-0.,-1.));
#1046 = ORIENTED_EDGE('',*,*,#1047,.F.);
#1047 = EDGE_CURVE('',#1048,#1038,#1050,.T.);
#1048 = VERTEX_POINT('',#1049);
#1049 = CARTESIAN_POINT('',(-1.6,-6.327126465559,18.));
#1050 = CIRCLE('',#1051,4.5);
#1051 = AXIS2_PLACEMENT_3D('',#1052,#1053,#1054);
#1052 = CARTESIAN_POINT('',(1.,-10.,18.));
#1053 = DIRECTION('',(0.,0.,1.));
#1054 = DIRECTION('',(1.,0.,0.));
#1055 = ORIENTED_EDGE('',*,*,#1056,.T.);
#1056 = EDGE_CURVE('',#1048,#1057,#1059,.T.);
#1057 = VERTEX_POINT('',#1058);
#1058 = CARTESIAN_POINT('',(-1.6,-6.327126465559,17.8));
#1059 = LINE('',#1060,#1061);
#1060 = CARTESIAN_POINT('',(-1.6,-6.327126465559,21.));
#1061 = VECTOR('',#1062,1.);
#1062 = DIRECTION('',(-0.,-0.,-1.));
#1063 = ORIENTED_EDGE('',*,*,#1064,.F.);
#1064 = EDGE_CURVE('',#1065,#1057,#1067,.T.);
#1065 = VERTEX_POINT('',#1066);
#1066 = CARTESIAN_POINT('',(3.6,-6.327126465559,17.8));
#1067 = CIRCLE('',#1068,4.5);
#1068 = AXIS2_PLACEMENT_3D('',#1069,#1070,#1071);
#1069 = CARTESIAN_POINT('',(1.,-10.,17.8));
#1070 = DIRECTION('',(0.,0.,1.));
#1071 = DIRECTION('',(1.,0.,0.));
#1072 = ORIENTED_EDGE('',*,*,#1073,.F.);
#1073 = EDGE_CURVE('',#1074,#1065,#1076,.T.);
#1074 = VERTEX_POINT('',#1075);
#1075 = CARTESIAN_POINT('',(3.6,-6.327126465559,18.));
#1076 = LINE('',#1077,#1078);
#1077 = CARTESIAN_POINT('',(3.6,-6.327126465559,21.));
#1078 = VECTOR('',#1079,1.);
#1079 = DIRECTION('',(-0.,-0.,-1.));
#1080 = ORIENTED_EDGE('',*,*,#1081,.F.);
#1081 = EDGE_CURVE('',#1082,#1074,#1084,.T.);
#1082 = VERTEX_POINT('',#1083);
#1083 = CARTESIAN_POINT('',(5.5,-10.,18.));
#1084 = CIRCLE('',#1085,4.5);
#1085 = AXIS2_PLACEMENT_3D('',#1086,#1087,#1088);
#1086 = CARTESIAN_POINT('',(1.,-10.,18.));
#1087 = DIRECTION('',(0.,0.,1.));
#1088 = DIRECTION('',(1.,0.,0.));
#1089 = ORIENTED_EDGE('',*,*,#1090,.F.);
#1090 = EDGE_CURVE('',#393,#1082,#1091,.T.);
#1091 = B_SPLINE_CURVE_WITH_KNOTS('',1,(#1092,#1093),.UNSPECIFIED.,.F.,
  .F.,(2,2),(0.,3.),.PIECEWISE_BEZIER_KNOTS.);
#1092 = CARTESIAN_POINT('',(5.5,-10.,21.));
#1093 = CARTESIAN_POINT('',(5.5,-10.,18.));
#1094 = ORIENTED_EDGE('',*,*,#392,.T.);
#1095 = ORIENTED_EDGE('',*,*,#430,.T.);
#1096 = ORIENTED_EDGE('',*,*,#421,.T.);
#1097 = ORIENTED_EDGE('',*,*,#412,.T.);
#1098 = ORIENTED_EDGE('',*,*,#403,.T.);
#1099 = ORIENTED_EDGE('',*,*,#1090,.T.);
#1100 = ORIENTED_EDGE('',*,*,#1101,.F.);
#1101 = EDGE_CURVE('',#1102,#1082,#1104,.T.);
#1102 = VERTEX_POINT('',#1103);
#1103 = CARTESIAN_POINT('',(3.599999999993,-13.67287353444,18.));
#1104 = CIRCLE('',#1105,4.5);
#1105 = AXIS2_PLACEMENT_3D('',#1106,#1107,#1108);
#1106 = CARTESIAN_POINT('',(1.,-10.,18.));
#1107 = DIRECTION('',(0.,0.,1.));
#1108 = DIRECTION('',(1.,0.,0.));
#1109 = ORIENTED_EDGE('',*,*,#1110,.T.);
#1110 = EDGE_CURVE('',#1102,#1111,#1113,.T.);
#1111 = VERTEX_POINT('',#1112);
#1112 = CARTESIAN_POINT('',(3.599999999992,-13.67287353444,17.8));
#1113 = LINE('',#1114,#1115);
#1114 = CARTESIAN_POINT('',(3.599999999992,-13.67287353444,21.));
#1115 = VECTOR('',#1116,1.);
#1116 = DIRECTION('',(-0.,-0.,-1.));
#1117 = ORIENTED_EDGE('',*,*,#1118,.F.);
#1118 = EDGE_CURVE('',#1040,#1111,#1119,.T.);
#1119 = CIRCLE('',#1120,4.499999999995);
#1120 = AXIS2_PLACEMENT_3D('',#1121,#1122,#1123);
#1121 = CARTESIAN_POINT('',(1.,-10.,17.8));
#1122 = DIRECTION('',(0.,0.,1.));
#1123 = DIRECTION('',(1.,0.,0.));
#1124 = CYLINDRICAL_SURFACE('',#1125,4.5);
#1125 = AXIS2_PLACEMENT_3D('',#1126,#1127,#1128);
#1126 = CARTESIAN_POINT('',(1.,-10.,21.));
#1127 = DIRECTION('',(-0.,-0.,-1.));
#1128 = DIRECTION('',(1.,0.,0.));
#1129 = ADVANCED_FACE('',(#1130),#1220,.F.);
#1130 = FACE_BOUND('',#1131,.T.);
#1131 = EDGE_LOOP('',(#1132,#1142,#1151,#1159,#1168,#1176,#1185,#1190,
    #1191,#1192,#1193,#1194,#1195,#1196,#1205,#1213));
#1132 = ORIENTED_EDGE('',*,*,#1133,.F.);
#1133 = EDGE_CURVE('',#1134,#1136,#1138,.T.);
#1134 = VERTEX_POINT('',#1135);
#1135 = CARTESIAN_POINT('',(-41.59999999996,17.403367565493,12.));
#1136 = VERTEX_POINT('',#1137);
#1137 = CARTESIAN_POINT('',(-41.59999999994,17.403367565519,11.8));
#1138 = LINE('',#1139,#1140);
#1139 = CARTESIAN_POINT('',(-41.59999999994,17.403367565519,21.));
#1140 = VECTOR('',#1141,1.);
#1141 = DIRECTION('',(-0.,-0.,-1.));
#1142 = ORIENTED_EDGE('',*,*,#1143,.F.);
#1143 = EDGE_CURVE('',#1144,#1134,#1146,.T.);
#1144 = VERTEX_POINT('',#1145);
#1145 = CARTESIAN_POINT('',(-41.59999999999,22.596632434519,12.));
#1146 = CIRCLE('',#1147,3.05);
#1147 = AXIS2_PLACEMENT_3D('',#1148,#1149,#1150);
#1148 = CARTESIAN_POINT('',(-40.,20.,12.));
#1149 = DIRECTION('',(0.,0.,1.));
#1150 = DIRECTION('',(1.,0.,0.));
#1151 = ORIENTED_EDGE('',*,*,#1152,.T.);
#1152 = EDGE_CURVE('',#1144,#1153,#1155,.T.);
#1153 = VERTEX_POINT('',#1154);
#1154 = CARTESIAN_POINT('',(-41.59999999999,22.596632434517,11.8));
#1155 = LINE('',#1156,#1157);
#1156 = CARTESIAN_POINT('',(-41.59999999999,22.596632434517,21.));
#1157 = VECTOR('',#1158,1.);
#1158 = DIRECTION('',(-0.,-0.,-1.));
#1159 = ORIENTED_EDGE('',*,*,#1160,.F.);
#1160 = EDGE_CURVE('',#1161,#1153,#1163,.T.);
#1161 = VERTEX_POINT('',#1162);
#1162 = CARTESIAN_POINT('',(-38.40000000004,22.596632434469,11.8));
#1163 = CIRCLE('',#1164,3.049999999963);
#1164 = AXIS2_PLACEMENT_3D('',#1165,#1166,#1167);
#1165 = CARTESIAN_POINT('',(-40.00000000005,20.,11.8));
#1166 = DIRECTION('',(0.,0.,1.));
#1167 = DIRECTION('',(1.,0.,0.));
#1168 = ORIENTED_EDGE('',*,*,#1169,.F.);
#1169 = EDGE_CURVE('',#1170,#1161,#1172,.T.);
#1170 = VERTEX_POINT('',#1171);
#1171 = CARTESIAN_POINT('',(-38.40000000003,22.596632434498,12.));
#1172 = LINE('',#1173,#1174);
#1173 = CARTESIAN_POINT('',(-38.40000000004,22.596632434469,21.));
#1174 = VECTOR('',#1175,1.);
#1175 = DIRECTION('',(-0.,-0.,-1.));
#1176 = ORIENTED_EDGE('',*,*,#1177,.F.);
#1177 = EDGE_CURVE('',#1178,#1170,#1180,.T.);
#1178 = VERTEX_POINT('',#1179);
#1179 = CARTESIAN_POINT('',(-36.95,20.,12.));
#1180 = CIRCLE('',#1181,3.05);
#1181 = AXIS2_PLACEMENT_3D('',#1182,#1183,#1184);
#1182 = CARTESIAN_POINT('',(-40.,20.,12.));
#1183 = DIRECTION('',(0.,0.,1.));
#1184 = DIRECTION('',(1.,0.,0.));
#1185 = ORIENTED_EDGE('',*,*,#1186,.F.);
#1186 = EDGE_CURVE('',#440,#1178,#1187,.T.);
#1187 = B_SPLINE_CURVE_WITH_KNOTS('',1,(#1188,#1189),.UNSPECIFIED.,.F.,
  .F.,(2,2),(0.,9.),.PIECEWISE_BEZIER_KNOTS.);
#1188 = CARTESIAN_POINT('',(-36.95,20.,21.));
#1189 = CARTESIAN_POINT('',(-36.95,20.,12.));
#1190 = ORIENTED_EDGE('',*,*,#439,.T.);
#1191 = ORIENTED_EDGE('',*,*,#477,.T.);
#1192 = ORIENTED_EDGE('',*,*,#468,.T.);
#1193 = ORIENTED_EDGE('',*,*,#459,.T.);
#1194 = ORIENTED_EDGE('',*,*,#450,.T.);
#1195 = ORIENTED_EDGE('',*,*,#1186,.T.);
#1196 = ORIENTED_EDGE('',*,*,#1197,.F.);
#1197 = EDGE_CURVE('',#1198,#1178,#1200,.T.);
#1198 = VERTEX_POINT('',#1199);
#1199 = CARTESIAN_POINT('',(-38.39999999999,17.403367565494,12.));
#1200 = CIRCLE('',#1201,3.05);
#1201 = AXIS2_PLACEMENT_3D('',#1202,#1203,#1204);
#1202 = CARTESIAN_POINT('',(-40.,20.,12.));
#1203 = DIRECTION('',(0.,0.,1.));
#1204 = DIRECTION('',(1.,0.,0.));
#1205 = ORIENTED_EDGE('',*,*,#1206,.T.);
#1206 = EDGE_CURVE('',#1198,#1207,#1209,.T.);
#1207 = VERTEX_POINT('',#1208);
#1208 = CARTESIAN_POINT('',(-38.39999999999,17.403367565501,11.8));
#1209 = LINE('',#1210,#1211);
#1210 = CARTESIAN_POINT('',(-38.39999999999,17.403367565501,21.));
#1211 = VECTOR('',#1212,1.);
#1212 = DIRECTION('',(-0.,-0.,-1.));
#1213 = ORIENTED_EDGE('',*,*,#1214,.F.);
#1214 = EDGE_CURVE('',#1136,#1207,#1215,.T.);
#1215 = CIRCLE('',#1216,3.049999999962);
#1216 = AXIS2_PLACEMENT_3D('',#1217,#1218,#1219);
#1217 = CARTESIAN_POINT('',(-39.99999999995,20.,11.8));
#1218 = DIRECTION('',(0.,0.,1.));
#1219 = DIRECTION('',(1.,0.,0.));
#1220 = CYLINDRICAL_SURFACE('',#1221,3.05);
#1221 = AXIS2_PLACEMENT_3D('',#1222,#1223,#1224);
#1222 = CARTESIAN_POINT('',(-40.,20.,21.));
#1223 = DIRECTION('',(-0.,-0.,-1.));
#1224 = DIRECTION('',(1.,0.,0.));
#1225 = ADVANCED_FACE('',(#1226),#1316,.F.);
#1226 = FACE_BOUND('',#1227,.T.);
#1227 = EDGE_LOOP('',(#1228,#1238,#1247,#1255,#1264,#1272,#1281,#1286,
    #1287,#1288,#1289,#1290,#1291,#1292,#1301,#1309));
#1228 = ORIENTED_EDGE('',*,*,#1229,.F.);
#1229 = EDGE_CURVE('',#1230,#1232,#1234,.T.);
#1230 = VERTEX_POINT('',#1231);
#1231 = CARTESIAN_POINT('',(-9.6,0.327126465559,18.));
#1232 = VERTEX_POINT('',#1233);
#1233 = CARTESIAN_POINT('',(-9.6,0.327126465559,17.8));
#1234 = LINE('',#1235,#1236);
#1235 = CARTESIAN_POINT('',(-9.6,0.327126465559,21.));
#1236 = VECTOR('',#1237,1.);
#1237 = DIRECTION('',(-0.,-0.,-1.));
#1238 = ORIENTED_EDGE('',*,*,#1239,.F.);
#1239 = EDGE_CURVE('',#1240,#1230,#1242,.T.);
#1240 = VERTEX_POINT('',#1241);
#1241 = CARTESIAN_POINT('',(-9.6,7.672873534441,18.));
#1242 = CIRCLE('',#1243,4.5);
#1243 = AXIS2_PLACEMENT_3D('',#1244,#1245,#1246);
#1244 = CARTESIAN_POINT('',(-7.,4.,18.));
#1245 = DIRECTION('',(0.,0.,1.));
#1246 = DIRECTION('',(1.,0.,0.));
#1247 = ORIENTED_EDGE('',*,*,#1248,.T.);
#1248 = EDGE_CURVE('',#1240,#1249,#1251,.T.);
#1249 = VERTEX_POINT('',#1250);
#1250 = CARTESIAN_POINT('',(-9.6,7.672873534441,17.8));
#1251 = LINE('',#1252,#1253);
#1252 = CARTESIAN_POINT('',(-9.6,7.672873534441,21.));
#1253 = VECTOR('',#1254,1.);
#1254 = DIRECTION('',(-0.,-0.,-1.));
#1255 = ORIENTED_EDGE('',*,*,#1256,.F.);
#1256 = EDGE_CURVE('',#1257,#1249,#1259,.T.);
#1257 = VERTEX_POINT('',#1258);
#1258 = CARTESIAN_POINT('',(-4.4,7.672873534441,17.8));
#1259 = CIRCLE('',#1260,4.5);
#1260 = AXIS2_PLACEMENT_3D('',#1261,#1262,#1263);
#1261 = CARTESIAN_POINT('',(-7.,4.,17.8));
#1262 = DIRECTION('',(0.,0.,1.));
#1263 = DIRECTION('',(1.,0.,0.));
#1264 = ORIENTED_EDGE('',*,*,#1265,.F.);
#1265 = EDGE_CURVE('',#1266,#1257,#1268,.T.);
#1266 = VERTEX_POINT('',#1267);
#1267 = CARTESIAN_POINT('',(-4.4,7.672873534441,18.));
#1268 = LINE('',#1269,#1270);
#1269 = CARTESIAN_POINT('',(-4.4,7.672873534441,21.));
#1270 = VECTOR('',#1271,1.);
#1271 = DIRECTION('',(-0.,-0.,-1.));
#1272 = ORIENTED_EDGE('',*,*,#1273,.F.);
#1273 = EDGE_CURVE('',#1274,#1266,#1276,.T.);
#1274 = VERTEX_POINT('',#1275);
#1275 = CARTESIAN_POINT('',(-2.5,4.,18.));
#1276 = CIRCLE('',#1277,4.5);
#1277 = AXIS2_PLACEMENT_3D('',#1278,#1279,#1280);
#1278 = CARTESIAN_POINT('',(-7.,4.,18.));
#1279 = DIRECTION('',(0.,0.,1.));
#1280 = DIRECTION('',(1.,0.,0.));
#1281 = ORIENTED_EDGE('',*,*,#1282,.F.);
#1282 = EDGE_CURVE('',#494,#1274,#1283,.T.);
#1283 = B_SPLINE_CURVE_WITH_KNOTS('',1,(#1284,#1285),.UNSPECIFIED.,.F.,
  .F.,(2,2),(0.,3.),.PIECEWISE_BEZIER_KNOTS.);
#1284 = CARTESIAN_POINT('',(-2.5,4.,21.));
#1285 = CARTESIAN_POINT('',(-2.5,4.,18.));
#1286 = ORIENTED_EDGE('',*,*,#493,.T.);
#1287 = ORIENTED_EDGE('',*,*,#531,.T.);
#1288 = ORIENTED_EDGE('',*,*,#522,.T.);
#1289 = ORIENTED_EDGE('',*,*,#513,.T.);
#1290 = ORIENTED_EDGE('',*,*,#504,.T.);
#1291 = ORIENTED_EDGE('',*,*,#1282,.T.);
#1292 = ORIENTED_EDGE('',*,*,#1293,.F.);
#1293 = EDGE_CURVE('',#1294,#1274,#1296,.T.);
#1294 = VERTEX_POINT('',#1295);
#1295 = CARTESIAN_POINT('',(-4.4,0.327126465559,18.));
#1296 = CIRCLE('',#1297,4.5);
#1297 = AXIS2_PLACEMENT_3D('',#1298,#1299,#1300);
#1298 = CARTESIAN_POINT('',(-7.,4.,18.));
#1299 = DIRECTION('',(0.,0.,1.));
#1300 = DIRECTION('',(1.,0.,0.));
#1301 = ORIENTED_EDGE('',*,*,#1302,.T.);
#1302 = EDGE_CURVE('',#1294,#1303,#1305,.T.);
#1303 = VERTEX_POINT('',#1304);
#1304 = CARTESIAN_POINT('',(-4.4,0.327126465559,17.8));
#1305 = LINE('',#1306,#1307);
#1306 = CARTESIAN_POINT('',(-4.4,0.327126465559,21.));
#1307 = VECTOR('',#1308,1.);
#1308 = DIRECTION('',(-0.,-0.,-1.));
#1309 = ORIENTED_EDGE('',*,*,#1310,.F.);
#1310 = EDGE_CURVE('',#1232,#1303,#1311,.T.);
#1311 = CIRCLE('',#1312,4.5);
#1312 = AXIS2_PLACEMENT_3D('',#1313,#1314,#1315);
#1313 = CARTESIAN_POINT('',(-7.,4.,17.8));
#1314 = DIRECTION('',(0.,0.,1.));
#1315 = DIRECTION('',(1.,0.,0.));
#1316 = CYLINDRICAL_SURFACE('',#1317,4.5);
#1317 = AXIS2_PLACEMENT_3D('',#1318,#1319,#1320);
#1318 = CARTESIAN_POINT('',(-7.,4.,21.));
#1319 = DIRECTION('',(-0.,-0.,-1.));
#1320 = DIRECTION('',(1.,0.,0.));
#1321 = ADVANCED_FACE('',(#1322),#1412,.F.);
#1322 = FACE_BOUND('',#1323,.T.);
#1323 = EDGE_LOOP('',(#1324,#1334,#1343,#1351,#1360,#1368,#1377,#1382,
    #1383,#1384,#1385,#1386,#1387,#1388,#1397,#1405));
#1324 = ORIENTED_EDGE('',*,*,#1325,.F.);
#1325 = EDGE_CURVE('',#1326,#1328,#1330,.T.);
#1326 = VERTEX_POINT('',#1327);
#1327 = CARTESIAN_POINT('',(2.4,0.40336756548,18.));
#1328 = VERTEX_POINT('',#1329);
#1329 = CARTESIAN_POINT('',(2.4,0.40336756548,17.8));
#1330 = LINE('',#1331,#1332);
#1331 = CARTESIAN_POINT('',(2.4,0.40336756548,21.));
#1332 = VECTOR('',#1333,1.);
#1333 = DIRECTION('',(-0.,-0.,-1.));
#1334 = ORIENTED_EDGE('',*,*,#1335,.F.);
#1335 = EDGE_CURVE('',#1336,#1326,#1338,.T.);
#1336 = VERTEX_POINT('',#1337);
#1337 = CARTESIAN_POINT('',(2.4,5.59663243452,18.));
#1338 = CIRCLE('',#1339,3.05);
#1339 = AXIS2_PLACEMENT_3D('',#1340,#1341,#1342);
#1340 = CARTESIAN_POINT('',(4.,3.,18.));
#1341 = DIRECTION('',(0.,0.,1.));
#1342 = DIRECTION('',(1.,0.,0.));
#1343 = ORIENTED_EDGE('',*,*,#1344,.T.);
#1344 = EDGE_CURVE('',#1336,#1345,#1347,.T.);
#1345 = VERTEX_POINT('',#1346);
#1346 = CARTESIAN_POINT('',(2.4,5.59663243452,17.8));
#1347 = LINE('',#1348,#1349);
#1348 = CARTESIAN_POINT('',(2.4,5.59663243452,21.));
#1349 = VECTOR('',#1350,1.);
#1350 = DIRECTION('',(-0.,-0.,-1.));
#1351 = ORIENTED_EDGE('',*,*,#1352,.F.);
#1352 = EDGE_CURVE('',#1353,#1345,#1355,.T.);
#1353 = VERTEX_POINT('',#1354);
#1354 = CARTESIAN_POINT('',(5.6,5.59663243452,17.8));
#1355 = CIRCLE('',#1356,3.05);
#1356 = AXIS2_PLACEMENT_3D('',#1357,#1358,#1359);
#1357 = CARTESIAN_POINT('',(4.,3.,17.8));
#1358 = DIRECTION('',(0.,0.,1.));
#1359 = DIRECTION('',(1.,0.,0.));
#1360 = ORIENTED_EDGE('',*,*,#1361,.F.);
#1361 = EDGE_CURVE('',#1362,#1353,#1364,.T.);
#1362 = VERTEX_POINT('',#1363);
#1363 = CARTESIAN_POINT('',(5.6,5.59663243452,18.));
#1364 = LINE('',#1365,#1366);
#1365 = CARTESIAN_POINT('',(5.6,5.59663243452,21.));
#1366 = VECTOR('',#1367,1.);
#1367 = DIRECTION('',(-0.,-0.,-1.));
#1368 = ORIENTED_EDGE('',*,*,#1369,.F.);
#1369 = EDGE_CURVE('',#1370,#1362,#1372,.T.);
#1370 = VERTEX_POINT('',#1371);
#1371 = CARTESIAN_POINT('',(7.05,3.,18.));
#1372 = CIRCLE('',#1373,3.05);
#1373 = AXIS2_PLACEMENT_3D('',#1374,#1375,#1376);
#1374 = CARTESIAN_POINT('',(4.,3.,18.));
#1375 = DIRECTION('',(0.,0.,1.));
#1376 = DIRECTION('',(1.,0.,0.));
#1377 = ORIENTED_EDGE('',*,*,#1378,.F.);
#1378 = EDGE_CURVE('',#541,#1370,#1379,.T.);
#1379 = B_SPLINE_CURVE_WITH_KNOTS('',1,(#1380,#1381),.UNSPECIFIED.,.F.,
  .F.,(2,2),(0.,3.),.PIECEWISE_BEZIER_KNOTS.);
#1380 = CARTESIAN_POINT('',(7.05,3.,21.));
#1381 = CARTESIAN_POINT('',(7.05,3.,18.));
#1382 = ORIENTED_EDGE('',*,*,#540,.T.);
#1383 = ORIENTED_EDGE('',*,*,#578,.T.);
#1384 = ORIENTED_EDGE('',*,*,#569,.T.);
#1385 = ORIENTED_EDGE('',*,*,#560,.T.);
#1386 = ORIENTED_EDGE('',*,*,#551,.T.);
#1387 = ORIENTED_EDGE('',*,*,#1378,.T.);
#1388 = ORIENTED_EDGE('',*,*,#1389,.F.);
#1389 = EDGE_CURVE('',#1390,#1370,#1392,.T.);
#1390 = VERTEX_POINT('',#1391);
#1391 = CARTESIAN_POINT('',(5.6,0.40336756548,18.));
#1392 = CIRCLE('',#1393,3.05);
#1393 = AXIS2_PLACEMENT_3D('',#1394,#1395,#1396);
#1394 = CARTESIAN_POINT('',(4.,3.,18.));
#1395 = DIRECTION('',(0.,0.,1.));
#1396 = DIRECTION('',(1.,0.,0.));
#1397 = ORIENTED_EDGE('',*,*,#1398,.T.);
#1398 = EDGE_CURVE('',#1390,#1399,#1401,.T.);
#1399 = VERTEX_POINT('',#1400);
#1400 = CARTESIAN_POINT('',(5.6,0.40336756548,17.8));
#1401 = LINE('',#1402,#1403);
#1402 = CARTESIAN_POINT('',(5.6,0.40336756548,21.));
#1403 = VECTOR('',#1404,1.);
#1404 = DIRECTION('',(-0.,-0.,-1.));
#1405 = ORIENTED_EDGE('',*,*,#1406,.F.);
#1406 = EDGE_CURVE('',#1328,#1399,#1407,.T.);
#1407 = CIRCLE('',#1408,3.05);
#1408 = AXIS2_PLACEMENT_3D('',#1409,#1410,#1411);
#1409 = CARTESIAN_POINT('',(4.,3.,17.8));
#1410 = DIRECTION('',(0.,0.,1.));
#1411 = DIRECTION('',(1.,0.,0.));
#1412 = CYLINDRICAL_SURFACE('',#1413,3.05);
#1413 = AXIS2_PLACEMENT_3D('',#1414,#1415,#1416);
#1414 = CARTESIAN_POINT('',(4.,3.,21.));
#1415 = DIRECTION('',(-0.,-0.,-1.));
#1416 = DIRECTION('',(1.,0.,0.));
#1417 = ADVANCED_FACE('',(#1418,#1426,#1437),#1448,.T.);
#1418 = FACE_BOUND('',#1419,.T.);
#1419 = EDGE_LOOP('',(#1420,#1421,#1422,#1423,#1424,#1425));
#1420 = ORIENTED_EDGE('',*,*,#730,.T.);
#1421 = ORIENTED_EDGE('',*,*,#772,.F.);
#1422 = ORIENTED_EDGE('',*,*,#843,.T.);
#1423 = ORIENTED_EDGE('',*,*,#651,.F.);
#1424 = ORIENTED_EDGE('',*,*,#602,.F.);
#1425 = ORIENTED_EDGE('',*,*,#633,.T.);
#1426 = FACE_BOUND('',#1427,.T.);
#1427 = EDGE_LOOP('',(#1428));
#1428 = ORIENTED_EDGE('',*,*,#1429,.F.);
#1429 = EDGE_CURVE('',#1430,#1430,#1432,.T.);
#1430 = VERTEX_POINT('',#1431);
#1431 = CARTESIAN_POINT('',(-38.4,20.,9.));
#1432 = CIRCLE('',#1433,1.6);
#1433 = AXIS2_PLACEMENT_3D('',#1434,#1435,#1436);
#1434 = CARTESIAN_POINT('',(-40.,20.,9.));
#1435 = DIRECTION('',(0.,0.,-1.));
#1436 = DIRECTION('',(1.,0.,0.));
#1437 = FACE_BOUND('',#1438,.T.);
#1438 = EDGE_LOOP('',(#1439));
#1439 = ORIENTED_EDGE('',*,*,#1440,.F.);
#1440 = EDGE_CURVE('',#1441,#1441,#1443,.T.);
#1441 = VERTEX_POINT('',#1442);
#1442 = CARTESIAN_POINT('',(-23.4,20.,9.));
#1443 = CIRCLE('',#1444,1.6);
#1444 = AXIS2_PLACEMENT_3D('',#1445,#1446,#1447);
#1445 = CARTESIAN_POINT('',(-25.,20.,9.));
#1446 = DIRECTION('',(0.,0.,-1.));
#1447 = DIRECTION('',(1.,0.,0.));
#1448 = PLANE('',#1449);
#1449 = AXIS2_PLACEMENT_3D('',#1450,#1451,#1452);
#1450 = CARTESIAN_POINT('',(-45.,10.,9.));
#1451 = DIRECTION('',(0.,-2.2E-16,-1.));
#1452 = DIRECTION('',(1.,0.,0.));
#1453 = ADVANCED_FACE('',(#1454),#1481,.T.);
#1454 = FACE_BOUND('',#1455,.T.);
#1455 = EDGE_LOOP('',(#1456,#1467,#1475));
#1456 = ORIENTED_EDGE('',*,*,#1457,.T.);
#1457 = EDGE_CURVE('',#1458,#1460,#1462,.T.);
#1458 = VERTEX_POINT('',#1459);
#1459 = CARTESIAN_POINT('',(-25.,18.4,11.6));
#1460 = VERTEX_POINT('',#1461);
#1461 = CARTESIAN_POINT('',(-26.6,20.,11.6));
#1462 = CIRCLE('',#1463,1.6);
#1463 = AXIS2_PLACEMENT_3D('',#1464,#1465,#1466);
#1464 = CARTESIAN_POINT('',(-25.,20.,11.6));
#1465 = DIRECTION('',(0.,0.,-1.));
#1466 = DIRECTION('',(1.,0.,0.));
#1467 = ORIENTED_EDGE('',*,*,#1468,.F.);
#1468 = EDGE_CURVE('',#1469,#1460,#1471,.T.);
#1469 = VERTEX_POINT('',#1470);
#1470 = CARTESIAN_POINT('',(-26.6,18.4,11.6));
#1471 = LINE('',#1472,#1473);
#1472 = CARTESIAN_POINT('',(-26.6,18.4,11.6));
#1473 = VECTOR('',#1474,1.);
#1474 = DIRECTION('',(0.,1.,0.));
#1475 = ORIENTED_EDGE('',*,*,#1476,.F.);
#1476 = EDGE_CURVE('',#1458,#1469,#1477,.T.);
#1477 = LINE('',#1478,#1479);
#1478 = CARTESIAN_POINT('',(-23.4,18.4,11.6));
#1479 = VECTOR('',#1480,1.);
#1480 = DIRECTION('',(-1.,0.,0.));
#1481 = PLANE('',#1482);
#1482 = AXIS2_PLACEMENT_3D('',#1483,#1484,#1485);
#1483 = CARTESIAN_POINT('',(-32.5,20.,11.6));
#1484 = DIRECTION('',(0.,0.,1.));
#1485 = DIRECTION('',(1.,0.,0.));
#1486 = ADVANCED_FACE('',(#1487),#1523,.F.);
#1487 = FACE_BOUND('',#1488,.T.);
#1488 = EDGE_LOOP('',(#1489,#1498,#1504,#1505,#1506,#1515,#1522));
#1489 = ORIENTED_EDGE('',*,*,#1490,.F.);
#1490 = EDGE_CURVE('',#1491,#1458,#1493,.T.);
#1491 = VERTEX_POINT('',#1492);
#1492 = CARTESIAN_POINT('',(-23.4,20.,11.6));
#1493 = CIRCLE('',#1494,1.6);
#1494 = AXIS2_PLACEMENT_3D('',#1495,#1496,#1497);
#1495 = CARTESIAN_POINT('',(-25.,20.,11.6));
#1496 = DIRECTION('',(0.,0.,-1.));
#1497 = DIRECTION('',(1.,0.,0.));
#1498 = ORIENTED_EDGE('',*,*,#1499,.T.);
#1499 = EDGE_CURVE('',#1491,#1441,#1500,.T.);
#1500 = LINE('',#1501,#1502);
#1501 = CARTESIAN_POINT('',(-23.4,20.,12.));
#1502 = VECTOR('',#1503,1.);
#1503 = DIRECTION('',(-6.192045867296E-17,0.,-1.));
#1504 = ORIENTED_EDGE('',*,*,#1440,.T.);
#1505 = ORIENTED_EDGE('',*,*,#1499,.F.);
#1506 = ORIENTED_EDGE('',*,*,#1507,.F.);
#1507 = EDGE_CURVE('',#1508,#1491,#1510,.T.);
#1508 = VERTEX_POINT('',#1509);
#1509 = CARTESIAN_POINT('',(-25.,21.6,11.6));
#1510 = CIRCLE('',#1511,1.6);
#1511 = AXIS2_PLACEMENT_3D('',#1512,#1513,#1514);
#1512 = CARTESIAN_POINT('',(-25.,20.,11.6));
#1513 = DIRECTION('',(0.,0.,-1.));
#1514 = DIRECTION('',(1.,0.,0.));
#1515 = ORIENTED_EDGE('',*,*,#1516,.F.);
#1516 = EDGE_CURVE('',#1460,#1508,#1517,.T.);
#1517 = CIRCLE('',#1518,1.6);
#1518 = AXIS2_PLACEMENT_3D('',#1519,#1520,#1521);
#1519 = CARTESIAN_POINT('',(-25.,20.,11.6));
#1520 = DIRECTION('',(0.,0.,-1.));
#1521 = DIRECTION('',(1.,0.,0.));
#1522 = ORIENTED_EDGE('',*,*,#1457,.F.);
#1523 = CYLINDRICAL_SURFACE('',#1524,1.6);
#1524 = AXIS2_PLACEMENT_3D('',#1525,#1526,#1527);
#1525 = CARTESIAN_POINT('',(-25.,20.,12.));
#1526 = DIRECTION('',(-0.,-0.,-1.));
#1527 = DIRECTION('',(1.,0.,0.));
#1528 = ADVANCED_FACE('',(#1529),#1546,.T.);
#1529 = FACE_BOUND('',#1530,.T.);
#1530 = EDGE_LOOP('',(#1531,#1539,#1545));
#1531 = ORIENTED_EDGE('',*,*,#1532,.F.);
#1532 = EDGE_CURVE('',#1533,#1508,#1535,.T.);
#1533 = VERTEX_POINT('',#1534);
#1534 = CARTESIAN_POINT('',(-26.6,21.6,11.6));
#1535 = LINE('',#1536,#1537);
#1536 = CARTESIAN_POINT('',(-26.6,21.6,11.6));
#1537 = VECTOR('',#1538,1.);
#1538 = DIRECTION('',(1.,0.,0.));
#1539 = ORIENTED_EDGE('',*,*,#1540,.F.);
#1540 = EDGE_CURVE('',#1460,#1533,#1541,.T.);
#1541 = LINE('',#1542,#1543);
#1542 = CARTESIAN_POINT('',(-26.6,18.4,11.6));
#1543 = VECTOR('',#1544,1.);
#1544 = DIRECTION('',(0.,1.,0.));
#1545 = ORIENTED_EDGE('',*,*,#1516,.T.);
#1546 = PLANE('',#1547);
#1547 = AXIS2_PLACEMENT_3D('',#1548,#1549,#1550);
#1548 = CARTESIAN_POINT('',(-32.5,20.,11.6));
#1549 = DIRECTION('',(0.,0.,1.));
#1550 = DIRECTION('',(1.,0.,0.));
#1551 = ADVANCED_FACE('',(#1552),#1569,.T.);
#1552 = FACE_BOUND('',#1553,.T.);
#1553 = EDGE_LOOP('',(#1554,#1562,#1563));
#1554 = ORIENTED_EDGE('',*,*,#1555,.F.);
#1555 = EDGE_CURVE('',#1508,#1556,#1558,.T.);
#1556 = VERTEX_POINT('',#1557);
#1557 = CARTESIAN_POINT('',(-23.4,21.6,11.6));
#1558 = LINE('',#1559,#1560);
#1559 = CARTESIAN_POINT('',(-26.6,21.6,11.6));
#1560 = VECTOR('',#1561,1.);
#1561 = DIRECTION('',(1.,0.,0.));
#1562 = ORIENTED_EDGE('',*,*,#1507,.T.);
#1563 = ORIENTED_EDGE('',*,*,#1564,.F.);
#1564 = EDGE_CURVE('',#1556,#1491,#1565,.T.);
#1565 = LINE('',#1566,#1567);
#1566 = CARTESIAN_POINT('',(-23.4,21.6,11.6));
#1567 = VECTOR('',#1568,1.);
#1568 = DIRECTION('',(0.,-1.,0.));
#1569 = PLANE('',#1570);
#1570 = AXIS2_PLACEMENT_3D('',#1571,#1572,#1573);
#1571 = CARTESIAN_POINT('',(-32.5,20.,11.6));
#1572 = DIRECTION('',(0.,0.,1.));
#1573 = DIRECTION('',(1.,0.,0.));
#1574 = ADVANCED_FACE('',(#1575),#1592,.T.);
#1575 = FACE_BOUND('',#1576,.T.);
#1576 = EDGE_LOOP('',(#1577,#1585,#1586));
#1577 = ORIENTED_EDGE('',*,*,#1578,.F.);
#1578 = EDGE_CURVE('',#1491,#1579,#1581,.T.);
#1579 = VERTEX_POINT('',#1580);
#1580 = CARTESIAN_POINT('',(-23.4,18.4,11.6));
#1581 = LINE('',#1582,#1583);
#1582 = CARTESIAN_POINT('',(-23.4,21.6,11.6));
#1583 = VECTOR('',#1584,1.);
#1584 = DIRECTION('',(0.,-1.,0.));
#1585 = ORIENTED_EDGE('',*,*,#1490,.T.);
#1586 = ORIENTED_EDGE('',*,*,#1587,.F.);
#1587 = EDGE_CURVE('',#1579,#1458,#1588,.T.);
#1588 = LINE('',#1589,#1590);
#1589 = CARTESIAN_POINT('',(-23.4,18.4,11.6));
#1590 = VECTOR('',#1591,1.);
#1591 = DIRECTION('',(-1.,0.,0.));
#1592 = PLANE('',#1593);
#1593 = AXIS2_PLACEMENT_3D('',#1594,#1595,#1596);
#1594 = CARTESIAN_POINT('',(-32.5,20.,11.6));
#1595 = DIRECTION('',(0.,0.,1.));
#1596 = DIRECTION('',(1.,0.,0.));
#1597 = ADVANCED_FACE('',(#1598,#1668,#1679,#1690),#1701,.T.);
#1598 = FACE_BOUND('',#1599,.T.);
#1599 = EDGE_LOOP('',(#1600,#1601,#1602,#1603,#1611,#1619,#1627,#1636,
    #1642,#1643,#1644,#1645,#1653,#1661,#1667));
#1600 = ORIENTED_EDGE('',*,*,#836,.T.);
#1601 = ORIENTED_EDGE('',*,*,#883,.T.);
#1602 = ORIENTED_EDGE('',*,*,#908,.F.);
#1603 = ORIENTED_EDGE('',*,*,#1604,.F.);
#1604 = EDGE_CURVE('',#1605,#909,#1607,.T.);
#1605 = VERTEX_POINT('',#1606);
#1606 = CARTESIAN_POINT('',(-11.5,-1.5,0.));
#1607 = LINE('',#1608,#1609);
#1608 = CARTESIAN_POINT('',(-11.5,-1.5,0.));
#1609 = VECTOR('',#1610,1.);
#1610 = DIRECTION('',(1.,0.,0.));
#1611 = ORIENTED_EDGE('',*,*,#1612,.T.);
#1612 = EDGE_CURVE('',#1605,#1613,#1615,.T.);
#1613 = VERTEX_POINT('',#1614);
#1614 = CARTESIAN_POINT('',(-11.5,-4.5,0.));
#1615 = LINE('',#1616,#1617);
#1616 = CARTESIAN_POINT('',(-11.5,-1.5,0.));
#1617 = VECTOR('',#1618,1.);
#1618 = DIRECTION('',(0.,-1.,0.));
#1619 = ORIENTED_EDGE('',*,*,#1620,.F.);
#1620 = EDGE_CURVE('',#1621,#1613,#1623,.T.);
#1621 = VERTEX_POINT('',#1622);
#1622 = CARTESIAN_POINT('',(-5.480740698408,-4.5,0.));
#1623 = LINE('',#1624,#1625);
#1624 = CARTESIAN_POINT('',(-5.480740698408,-4.5,0.));
#1625 = VECTOR('',#1626,1.);
#1626 = DIRECTION('',(-1.,0.,0.));
#1627 = ORIENTED_EDGE('',*,*,#1628,.T.);
#1628 = EDGE_CURVE('',#1621,#1629,#1631,.T.);
#1629 = VERTEX_POINT('',#1630);
#1630 = CARTESIAN_POINT('',(7.,-16.02079728939,0.));
#1631 = CIRCLE('',#1632,8.5);
#1632 = AXIS2_PLACEMENT_3D('',#1633,#1634,#1635);
#1633 = CARTESIAN_POINT('',(1.,-10.,0.));
#1634 = DIRECTION('',(0.,0.,1.));
#1635 = DIRECTION('',(1.,0.,0.));
#1636 = ORIENTED_EDGE('',*,*,#1637,.F.);
#1637 = EDGE_CURVE('',#796,#1629,#1638,.T.);
#1638 = LINE('',#1639,#1640);
#1639 = CARTESIAN_POINT('',(7.,-20.,0.));
#1640 = VECTOR('',#1641,1.);
#1641 = DIRECTION('',(0.,1.,0.));
#1642 = ORIENTED_EDGE('',*,*,#795,.F.);
#1643 = ORIENTED_EDGE('',*,*,#745,.T.);
#1644 = ORIENTED_EDGE('',*,*,#699,.F.);
#1645 = ORIENTED_EDGE('',*,*,#1646,.F.);
#1646 = EDGE_CURVE('',#1647,#692,#1649,.T.);
#1647 = VERTEX_POINT('',#1648);
#1648 = CARTESIAN_POINT('',(-12.,-4.5,0.));
#1649 = LINE('',#1650,#1651);
#1650 = CARTESIAN_POINT('',(-12.,-4.5,0.));
#1651 = VECTOR('',#1652,1.);
#1652 = DIRECTION('',(-1.,0.,0.));
#1653 = ORIENTED_EDGE('',*,*,#1654,.F.);
#1654 = EDGE_CURVE('',#1655,#1647,#1657,.T.);
#1655 = VERTEX_POINT('',#1656);
#1656 = CARTESIAN_POINT('',(-12.,-1.5,0.));
#1657 = LINE('',#1658,#1659);
#1658 = CARTESIAN_POINT('',(-12.,-1.5,0.));
#1659 = VECTOR('',#1660,1.);
#1660 = DIRECTION('',(0.,-1.,0.));
#1661 = ORIENTED_EDGE('',*,*,#1662,.F.);
#1662 = EDGE_CURVE('',#668,#1655,#1663,.T.);
#1663 = LINE('',#1664,#1665);
#1664 = CARTESIAN_POINT('',(-15.,-1.5,0.));
#1665 = VECTOR('',#1666,1.);
#1666 = DIRECTION('',(1.,0.,0.));
#1667 = ORIENTED_EDGE('',*,*,#667,.T.);
#1668 = FACE_BOUND('',#1669,.T.);
#1669 = EDGE_LOOP('',(#1670));
#1670 = ORIENTED_EDGE('',*,*,#1671,.F.);
#1671 = EDGE_CURVE('',#1672,#1672,#1674,.T.);
#1672 = VERTEX_POINT('',#1673);
#1673 = CARTESIAN_POINT('',(-4.4,4.,0.));
#1674 = CIRCLE('',#1675,2.6);
#1675 = AXIS2_PLACEMENT_3D('',#1676,#1677,#1678);
#1676 = CARTESIAN_POINT('',(-7.,4.,0.));
#1677 = DIRECTION('',(0.,0.,-1.));
#1678 = DIRECTION('',(1.,0.,0.));
#1679 = FACE_BOUND('',#1680,.T.);
#1680 = EDGE_LOOP('',(#1681));
#1681 = ORIENTED_EDGE('',*,*,#1682,.F.);
#1682 = EDGE_CURVE('',#1683,#1683,#1685,.T.);
#1683 = VERTEX_POINT('',#1684);
#1684 = CARTESIAN_POINT('',(5.6,3.,0.));
#1685 = CIRCLE('',#1686,1.6);
#1686 = AXIS2_PLACEMENT_3D('',#1687,#1688,#1689);
#1687 = CARTESIAN_POINT('',(4.,3.,0.));
#1688 = DIRECTION('',(0.,0.,-1.));
#1689 = DIRECTION('',(1.,0.,0.));
#1690 = FACE_BOUND('',#1691,.T.);
#1691 = EDGE_LOOP('',(#1692));
#1692 = ORIENTED_EDGE('',*,*,#1693,.F.);
#1693 = EDGE_CURVE('',#1694,#1694,#1696,.T.);
#1694 = VERTEX_POINT('',#1695);
#1695 = CARTESIAN_POINT('',(-9.4,-16.,0.));
#1696 = CIRCLE('',#1697,1.6);
#1697 = AXIS2_PLACEMENT_3D('',#1698,#1699,#1700);
#1698 = CARTESIAN_POINT('',(-11.,-16.,0.));
#1699 = DIRECTION('',(0.,0.,-1.));
#1700 = DIRECTION('',(1.,0.,0.));
#1701 = PLANE('',#1702);
#1702 = AXIS2_PLACEMENT_3D('',#1703,#1704,#1705);
#1703 = CARTESIAN_POINT('',(-4.004712750354,2.789236244253,-1.04E-15));
#1704 = DIRECTION('',(-0.,-0.,-1.));
#1705 = DIRECTION('',(-1.,0.,0.));
#1706 = ADVANCED_FACE('',(#1707),#1725,.F.);
#1707 = FACE_BOUND('',#1708,.F.);
#1708 = EDGE_LOOP('',(#1709,#1710,#1718,#1724));
#1709 = ORIENTED_EDGE('',*,*,#675,.T.);
#1710 = ORIENTED_EDGE('',*,*,#1711,.T.);
#1711 = EDGE_CURVE('',#676,#1712,#1714,.T.);
#1712 = VERTEX_POINT('',#1713);
#1713 = CARTESIAN_POINT('',(-12.,-1.5,8.));
#1714 = LINE('',#1715,#1716);
#1715 = CARTESIAN_POINT('',(-15.,-1.5,8.));
#1716 = VECTOR('',#1717,1.);
#1717 = DIRECTION('',(1.,0.,0.));
#1718 = ORIENTED_EDGE('',*,*,#1719,.F.);
#1719 = EDGE_CURVE('',#1655,#1712,#1720,.T.);
#1720 = LINE('',#1721,#1722);
#1721 = CARTESIAN_POINT('',(-12.,-1.5,0.));
#1722 = VECTOR('',#1723,1.);
#1723 = DIRECTION('',(0.,0.,1.));
#1724 = ORIENTED_EDGE('',*,*,#1662,.F.);
#1725 = PLANE('',#1726);
#1726 = AXIS2_PLACEMENT_3D('',#1727,#1728,#1729);
#1727 = CARTESIAN_POINT('',(-15.,-1.5,0.));
#1728 = DIRECTION('',(0.,1.,0.));
#1729 = DIRECTION('',(1.,0.,0.));
#1730 = ADVANCED_FACE('',(#1731),#1749,.F.);
#1731 = FACE_BOUND('',#1732,.F.);
#1732 = EDGE_LOOP('',(#1733,#1734,#1742,#1748));
#1733 = ORIENTED_EDGE('',*,*,#683,.T.);
#1734 = ORIENTED_EDGE('',*,*,#1735,.F.);
#1735 = EDGE_CURVE('',#1736,#684,#1738,.T.);
#1736 = VERTEX_POINT('',#1737);
#1737 = CARTESIAN_POINT('',(-12.,-4.5,8.));
#1738 = LINE('',#1739,#1740);
#1739 = CARTESIAN_POINT('',(-12.,-4.5,8.));
#1740 = VECTOR('',#1741,1.);
#1741 = DIRECTION('',(-1.,0.,0.));
#1742 = ORIENTED_EDGE('',*,*,#1743,.F.);
#1743 = EDGE_CURVE('',#1712,#1736,#1744,.T.);
#1744 = LINE('',#1745,#1746);
#1745 = CARTESIAN_POINT('',(-12.,-1.5,8.));
#1746 = VECTOR('',#1747,1.);
#1747 = DIRECTION('',(0.,-1.,0.));
#1748 = ORIENTED_EDGE('',*,*,#1711,.F.);
#1749 = PLANE('',#1750);
#1750 = AXIS2_PLACEMENT_3D('',#1751,#1752,#1753);
#1751 = CARTESIAN_POINT('',(-2.583281943752,-0.499691662513,8.));
#1752 = DIRECTION('',(0.,0.,1.));
#1753 = DIRECTION('',(1.,0.,0.));
#1754 = ADVANCED_FACE('',(#1755),#1766,.F.);
#1755 = FACE_BOUND('',#1756,.F.);
#1756 = EDGE_LOOP('',(#1757,#1763,#1764,#1765));
#1757 = ORIENTED_EDGE('',*,*,#1758,.T.);
#1758 = EDGE_CURVE('',#1647,#1736,#1759,.T.);
#1759 = LINE('',#1760,#1761);
#1760 = CARTESIAN_POINT('',(-12.,-4.5,0.));
#1761 = VECTOR('',#1762,1.);
#1762 = DIRECTION('',(0.,0.,1.));
#1763 = ORIENTED_EDGE('',*,*,#1735,.T.);
#1764 = ORIENTED_EDGE('',*,*,#691,.F.);
#1765 = ORIENTED_EDGE('',*,*,#1646,.F.);
#1766 = PLANE('',#1767);
#1767 = AXIS2_PLACEMENT_3D('',#1768,#1769,#1770);
#1768 = CARTESIAN_POINT('',(-12.,-4.5,0.));
#1769 = DIRECTION('',(0.,-1.,0.));
#1770 = DIRECTION('',(-1.,0.,0.));
#1771 = ADVANCED_FACE('',(#1772),#1790,.F.);
#1772 = FACE_BOUND('',#1773,.F.);
#1773 = EDGE_LOOP('',(#1774,#1775,#1783,#1789));
#1774 = ORIENTED_EDGE('',*,*,#803,.T.);
#1775 = ORIENTED_EDGE('',*,*,#1776,.T.);
#1776 = EDGE_CURVE('',#804,#1777,#1779,.T.);
#1777 = VERTEX_POINT('',#1778);
#1778 = CARTESIAN_POINT('',(7.,-16.02079728939,8.));
#1779 = LINE('',#1780,#1781);
#1780 = CARTESIAN_POINT('',(7.,-20.,8.));
#1781 = VECTOR('',#1782,1.);
#1782 = DIRECTION('',(0.,1.,0.));
#1783 = ORIENTED_EDGE('',*,*,#1784,.F.);
#1784 = EDGE_CURVE('',#1629,#1777,#1785,.T.);
#1785 = LINE('',#1786,#1787);
#1786 = CARTESIAN_POINT('',(7.,-16.02079728939,0.));
#1787 = VECTOR('',#1788,1.);
#1788 = DIRECTION('',(0.,0.,1.));
#1789 = ORIENTED_EDGE('',*,*,#1637,.F.);
#1790 = PLANE('',#1791);
#1791 = AXIS2_PLACEMENT_3D('',#1792,#1793,#1794);
#1792 = CARTESIAN_POINT('',(7.,-20.,0.));
#1793 = DIRECTION('',(-1.,0.,0.));
#1794 = DIRECTION('',(0.,1.,0.));
#1795 = ADVANCED_FACE('',(#1796,#1832),#1843,.F.);
#1796 = FACE_BOUND('',#1797,.F.);
#1797 = EDGE_LOOP('',(#1798,#1799,#1807,#1815,#1823,#1830,#1831));
#1798 = ORIENTED_EDGE('',*,*,#919,.T.);
#1799 = ORIENTED_EDGE('',*,*,#1800,.F.);
#1800 = EDGE_CURVE('',#1801,#920,#1803,.T.);
#1801 = VERTEX_POINT('',#1802);
#1802 = CARTESIAN_POINT('',(-11.5,-1.5,8.));
#1803 = LINE('',#1804,#1805);
#1804 = CARTESIAN_POINT('',(-11.5,-1.5,8.));
#1805 = VECTOR('',#1806,1.);
#1806 = DIRECTION('',(1.,0.,0.));
#1807 = ORIENTED_EDGE('',*,*,#1808,.T.);
#1808 = EDGE_CURVE('',#1801,#1809,#1811,.T.);
#1809 = VERTEX_POINT('',#1810);
#1810 = CARTESIAN_POINT('',(-11.5,-4.5,8.));
#1811 = LINE('',#1812,#1813);
#1812 = CARTESIAN_POINT('',(-11.5,-1.5,8.));
#1813 = VECTOR('',#1814,1.);
#1814 = DIRECTION('',(0.,-1.,0.));
#1815 = ORIENTED_EDGE('',*,*,#1816,.F.);
#1816 = EDGE_CURVE('',#1817,#1809,#1819,.T.);
#1817 = VERTEX_POINT('',#1818);
#1818 = CARTESIAN_POINT('',(-5.480740698408,-4.5,8.));
#1819 = LINE('',#1820,#1821);
#1820 = CARTESIAN_POINT('',(-5.480740698408,-4.5,8.));
#1821 = VECTOR('',#1822,1.);
#1822 = DIRECTION('',(-1.,0.,0.));
#1823 = ORIENTED_EDGE('',*,*,#1824,.T.);
#1824 = EDGE_CURVE('',#1817,#1777,#1825,.T.);
#1825 = CIRCLE('',#1826,8.5);
#1826 = AXIS2_PLACEMENT_3D('',#1827,#1828,#1829);
#1827 = CARTESIAN_POINT('',(1.,-10.,8.));
#1828 = DIRECTION('',(0.,0.,1.));
#1829 = DIRECTION('',(1.,0.,0.));
#1830 = ORIENTED_EDGE('',*,*,#1776,.F.);
#1831 = ORIENTED_EDGE('',*,*,#858,.T.);
#1832 = FACE_BOUND('',#1833,.F.);
#1833 = EDGE_LOOP('',(#1834));
#1834 = ORIENTED_EDGE('',*,*,#1835,.T.);
#1835 = EDGE_CURVE('',#1836,#1836,#1838,.T.);
#1836 = VERTEX_POINT('',#1837);
#1837 = CARTESIAN_POINT('',(3.6,-10.,8.));
#1838 = CIRCLE('',#1839,2.6);
#1839 = AXIS2_PLACEMENT_3D('',#1840,#1841,#1842);
#1840 = CARTESIAN_POINT('',(1.,-10.,8.));
#1841 = DIRECTION('',(0.,0.,-1.));
#1842 = DIRECTION('',(1.,0.,0.));
#1843 = PLANE('',#1844);
#1844 = AXIS2_PLACEMENT_3D('',#1845,#1846,#1847);
#1845 = CARTESIAN_POINT('',(-2.583281943752,-0.499691662513,8.));
#1846 = DIRECTION('',(0.,0.,1.));
#1847 = DIRECTION('',(1.,0.,0.));
#1848 = ADVANCED_FACE('',(#1849),#1860,.F.);
#1849 = FACE_BOUND('',#1850,.F.);
#1850 = EDGE_LOOP('',(#1851,#1857,#1858,#1859));
#1851 = ORIENTED_EDGE('',*,*,#1852,.T.);
#1852 = EDGE_CURVE('',#1605,#1801,#1853,.T.);
#1853 = LINE('',#1854,#1855);
#1854 = CARTESIAN_POINT('',(-11.5,-1.5,0.));
#1855 = VECTOR('',#1856,1.);
#1856 = DIRECTION('',(0.,0.,1.));
#1857 = ORIENTED_EDGE('',*,*,#1800,.T.);
#1858 = ORIENTED_EDGE('',*,*,#927,.F.);
#1859 = ORIENTED_EDGE('',*,*,#1604,.F.);
#1860 = PLANE('',#1861);
#1861 = AXIS2_PLACEMENT_3D('',#1862,#1863,#1864);
#1862 = CARTESIAN_POINT('',(-11.5,-1.5,0.));
#1863 = DIRECTION('',(0.,1.,0.));
#1864 = DIRECTION('',(1.,0.,0.));
#1865 = ADVANCED_FACE('',(#1866),#1922,.T.);
#1866 = FACE_BOUND('',#1867,.T.);
#1867 = EDGE_LOOP('',(#1868,#1876,#1884,#1892,#1900,#1908,#1914,#1915,
    #1921));
#1868 = ORIENTED_EDGE('',*,*,#1869,.F.);
#1869 = EDGE_CURVE('',#1870,#944,#1872,.T.);
#1870 = VERTEX_POINT('',#1871);
#1871 = CARTESIAN_POINT('',(-12.6,-17.6,17.8));
#1872 = LINE('',#1873,#1874);
#1873 = CARTESIAN_POINT('',(-12.6,-13.40336756548,17.8));
#1874 = VECTOR('',#1875,1.);
#1875 = DIRECTION('',(3.4E-16,-1.,0.));
#1876 = ORIENTED_EDGE('',*,*,#1877,.T.);
#1877 = EDGE_CURVE('',#1870,#1878,#1880,.T.);
#1878 = VERTEX_POINT('',#1879);
#1879 = CARTESIAN_POINT('',(-12.6,-17.6,17.6));
#1880 = LINE('',#1881,#1882);
#1881 = CARTESIAN_POINT('',(-12.6,-17.6,21.));
#1882 = VECTOR('',#1883,1.);
#1883 = DIRECTION('',(-0.,-0.,-1.));
#1884 = ORIENTED_EDGE('',*,*,#1885,.T.);
#1885 = EDGE_CURVE('',#1878,#1886,#1888,.T.);
#1886 = VERTEX_POINT('',#1887);
#1887 = CARTESIAN_POINT('',(-12.6,-16.,17.6));
#1888 = LINE('',#1889,#1890);
#1889 = CARTESIAN_POINT('',(-12.6,-17.6,17.6));
#1890 = VECTOR('',#1891,1.);
#1891 = DIRECTION('',(0.,1.,0.));
#1892 = ORIENTED_EDGE('',*,*,#1893,.T.);
#1893 = EDGE_CURVE('',#1886,#1894,#1896,.T.);
#1894 = VERTEX_POINT('',#1895);
#1895 = CARTESIAN_POINT('',(-12.6,-14.4,17.6));
#1896 = LINE('',#1897,#1898);
#1897 = CARTESIAN_POINT('',(-12.6,-17.6,17.6));
#1898 = VECTOR('',#1899,1.);
#1899 = DIRECTION('',(0.,1.,0.));
#1900 = ORIENTED_EDGE('',*,*,#1901,.F.);
#1901 = EDGE_CURVE('',#1902,#1894,#1904,.T.);
#1902 = VERTEX_POINT('',#1903);
#1903 = CARTESIAN_POINT('',(-12.6,-14.4,17.8));
#1904 = LINE('',#1905,#1906);
#1905 = CARTESIAN_POINT('',(-12.6,-14.4,21.));
#1906 = VECTOR('',#1907,1.);
#1907 = DIRECTION('',(-0.,-0.,-1.));
#1908 = ORIENTED_EDGE('',*,*,#1909,.F.);
#1909 = EDGE_CURVE('',#961,#1902,#1910,.T.);
#1910 = LINE('',#1911,#1912);
#1911 = CARTESIAN_POINT('',(-12.6,-13.40336756548,17.8));
#1912 = VECTOR('',#1913,1.);
#1913 = DIRECTION('',(3.4E-16,-1.,0.));
#1914 = ORIENTED_EDGE('',*,*,#960,.F.);
#1915 = ORIENTED_EDGE('',*,*,#1916,.T.);
#1916 = EDGE_CURVE('',#952,#942,#1917,.T.);
#1917 = LINE('',#1918,#1919);
#1918 = CARTESIAN_POINT('',(-12.6,-14.70168378274,18.));
#1919 = VECTOR('',#1920,1.);
#1920 = DIRECTION('',(3.4E-16,-1.,0.));
#1921 = ORIENTED_EDGE('',*,*,#941,.T.);
#1922 = PLANE('',#1923);
#1923 = AXIS2_PLACEMENT_3D('',#1924,#1925,#1926);
#1924 = CARTESIAN_POINT('',(-12.6,-16.,17.835636876059));
#1925 = DIRECTION('',(1.,3.7E-16,2.13E-15));
#1926 = DIRECTION('',(-2.13E-15,0.,1.));
#1927 = ADVANCED_FACE('',(#1928),#1932,.T.);
#1928 = FACE_BOUND('',#1929,.T.);
#1929 = EDGE_LOOP('',(#1930,#1931));
#1930 = ORIENTED_EDGE('',*,*,#1916,.F.);
#1931 = ORIENTED_EDGE('',*,*,#951,.T.);
#1932 = PLANE('',#1933);
#1933 = AXIS2_PLACEMENT_3D('',#1934,#1935,#1936);
#1934 = CARTESIAN_POINT('',(-11.,-16.,18.));
#1935 = DIRECTION('',(0.,0.,1.));
#1936 = DIRECTION('',(1.,0.,0.));
#1937 = ADVANCED_FACE('',(#1938),#1956,.T.);
#1938 = FACE_BOUND('',#1939,.T.);
#1939 = EDGE_LOOP('',(#1940,#1948,#1949,#1950));
#1940 = ORIENTED_EDGE('',*,*,#1941,.F.);
#1941 = EDGE_CURVE('',#969,#1942,#1944,.T.);
#1942 = VERTEX_POINT('',#1943);
#1943 = CARTESIAN_POINT('',(-9.4,-14.4,17.8));
#1944 = LINE('',#1945,#1946);
#1945 = CARTESIAN_POINT('',(-9.4,-13.40336756548,17.8));
#1946 = VECTOR('',#1947,1.);
#1947 = DIRECTION('',(0.,-1.,0.));
#1948 = ORIENTED_EDGE('',*,*,#968,.T.);
#1949 = ORIENTED_EDGE('',*,*,#1909,.T.);
#1950 = ORIENTED_EDGE('',*,*,#1951,.T.);
#1951 = EDGE_CURVE('',#1902,#1942,#1952,.T.);
#1952 = LINE('',#1953,#1954);
#1953 = CARTESIAN_POINT('',(-8.05,-14.4,17.8));
#1954 = VECTOR('',#1955,1.);
#1955 = DIRECTION('',(1.,0.,0.));
#1956 = PLANE('',#1957);
#1957 = AXIS2_PLACEMENT_3D('',#1958,#1959,#1960);
#1958 = CARTESIAN_POINT('',(-3.5,-6.5,17.8));
#1959 = DIRECTION('',(0.,0.,1.));
#1960 = DIRECTION('',(1.,0.,0.));
#1961 = ADVANCED_FACE('',(#1962),#2011,.T.);
#1962 = FACE_BOUND('',#1963,.T.);
#1963 = EDGE_LOOP('',(#1964,#1970,#1971,#1972,#1980,#1988,#1996,#2004,
    #2010));
#1964 = ORIENTED_EDGE('',*,*,#1965,.F.);
#1965 = EDGE_CURVE('',#978,#1006,#1966,.T.);
#1966 = LINE('',#1967,#1968);
#1967 = CARTESIAN_POINT('',(-9.4,-14.70168378274,18.));
#1968 = VECTOR('',#1969,1.);
#1969 = DIRECTION('',(0.,-1.,0.));
#1970 = ORIENTED_EDGE('',*,*,#977,.T.);
#1971 = ORIENTED_EDGE('',*,*,#1941,.T.);
#1972 = ORIENTED_EDGE('',*,*,#1973,.T.);
#1973 = EDGE_CURVE('',#1942,#1974,#1976,.T.);
#1974 = VERTEX_POINT('',#1975);
#1975 = CARTESIAN_POINT('',(-9.4,-14.4,17.6));
#1976 = LINE('',#1977,#1978);
#1977 = CARTESIAN_POINT('',(-9.4,-14.4,21.));
#1978 = VECTOR('',#1979,1.);
#1979 = DIRECTION('',(-0.,-0.,-1.));
#1980 = ORIENTED_EDGE('',*,*,#1981,.T.);
#1981 = EDGE_CURVE('',#1974,#1982,#1984,.T.);
#1982 = VERTEX_POINT('',#1983);
#1983 = CARTESIAN_POINT('',(-9.4,-16.,17.6));
#1984 = LINE('',#1985,#1986);
#1985 = CARTESIAN_POINT('',(-9.4,-14.4,17.6));
#1986 = VECTOR('',#1987,1.);
#1987 = DIRECTION('',(0.,-1.,0.));
#1988 = ORIENTED_EDGE('',*,*,#1989,.T.);
#1989 = EDGE_CURVE('',#1982,#1990,#1992,.T.);
#1990 = VERTEX_POINT('',#1991);
#1991 = CARTESIAN_POINT('',(-9.4,-17.6,17.6));
#1992 = LINE('',#1993,#1994);
#1993 = CARTESIAN_POINT('',(-9.4,-14.4,17.6));
#1994 = VECTOR('',#1995,1.);
#1995 = DIRECTION('',(0.,-1.,0.));
#1996 = ORIENTED_EDGE('',*,*,#1997,.F.);
#1997 = EDGE_CURVE('',#1998,#1990,#2000,.T.);
#1998 = VERTEX_POINT('',#1999);
#1999 = CARTESIAN_POINT('',(-9.4,-17.6,17.8));
#2000 = LINE('',#2001,#2002);
#2001 = CARTESIAN_POINT('',(-9.4,-17.6,21.));
#2002 = VECTOR('',#2003,1.);
#2003 = DIRECTION('',(-0.,-0.,-1.));
#2004 = ORIENTED_EDGE('',*,*,#2005,.T.);
#2005 = EDGE_CURVE('',#1998,#1015,#2006,.T.);
#2006 = LINE('',#2007,#2008);
#2007 = CARTESIAN_POINT('',(-9.4,-13.40336756548,17.8));
#2008 = VECTOR('',#2009,1.);
#2009 = DIRECTION('',(0.,-1.,0.));
#2010 = ORIENTED_EDGE('',*,*,#1014,.F.);
#2011 = PLANE('',#2012);
#2012 = AXIS2_PLACEMENT_3D('',#2013,#2014,#2015);
#2013 = CARTESIAN_POINT('',(-9.4,-16.,17.835636876059));
#2014 = DIRECTION('',(-1.,-0.,-0.));
#2015 = DIRECTION('',(0.,0.,-1.));
#2016 = ADVANCED_FACE('',(#2017),#2022,.T.);
#2017 = FACE_BOUND('',#2018,.T.);
#2018 = EDGE_LOOP('',(#2019,#2020,#2021));
#2019 = ORIENTED_EDGE('',*,*,#1005,.T.);
#2020 = ORIENTED_EDGE('',*,*,#985,.T.);
#2021 = ORIENTED_EDGE('',*,*,#1965,.T.);
#2022 = PLANE('',#2023);
#2023 = AXIS2_PLACEMENT_3D('',#2024,#2025,#2026);
#2024 = CARTESIAN_POINT('',(-11.,-16.,18.));
#2025 = DIRECTION('',(0.,0.,1.));
#2026 = DIRECTION('',(1.,0.,0.));
#2027 = ADVANCED_FACE('',(#2028),#2039,.T.);
#2028 = FACE_BOUND('',#2029,.T.);
#2029 = EDGE_LOOP('',(#2030,#2031,#2037,#2038));
#2030 = ORIENTED_EDGE('',*,*,#2005,.F.);
#2031 = ORIENTED_EDGE('',*,*,#2032,.T.);
#2032 = EDGE_CURVE('',#1998,#1870,#2033,.T.);
#2033 = LINE('',#2034,#2035);
#2034 = CARTESIAN_POINT('',(-6.45,-17.6,17.8));
#2035 = VECTOR('',#2036,1.);
#2036 = DIRECTION('',(-1.,0.,0.));
#2037 = ORIENTED_EDGE('',*,*,#1869,.T.);
#2038 = ORIENTED_EDGE('',*,*,#1022,.T.);
#2039 = PLANE('',#2040);
#2040 = AXIS2_PLACEMENT_3D('',#2041,#2042,#2043);
#2041 = CARTESIAN_POINT('',(-3.5,-6.5,17.8));
#2042 = DIRECTION('',(0.,0.,1.));
#2043 = DIRECTION('',(1.,0.,0.));
#2044 = ADVANCED_FACE('',(#2045),#2101,.T.);
#2045 = FACE_BOUND('',#2046,.T.);
#2046 = EDGE_LOOP('',(#2047,#2048,#2054,#2055,#2063,#2071,#2079,#2087,
    #2095));
#2047 = ORIENTED_EDGE('',*,*,#1056,.F.);
#2048 = ORIENTED_EDGE('',*,*,#2049,.T.);
#2049 = EDGE_CURVE('',#1048,#1038,#2050,.T.);
#2050 = LINE('',#2051,#2052);
#2051 = CARTESIAN_POINT('',(-1.600000000001,-8.163563232779,18.));
#2052 = VECTOR('',#2053,1.);
#2053 = DIRECTION('',(-3.3154E-13,-1.,0.));
#2054 = ORIENTED_EDGE('',*,*,#1037,.T.);
#2055 = ORIENTED_EDGE('',*,*,#2056,.F.);
#2056 = EDGE_CURVE('',#2057,#1040,#2059,.T.);
#2057 = VERTEX_POINT('',#2058);
#2058 = CARTESIAN_POINT('',(-1.600000000001,-12.6,17.8));
#2059 = LINE('',#2060,#2061);
#2060 = CARTESIAN_POINT('',(-1.6,-6.327126465559,17.8));
#2061 = VECTOR('',#2062,1.);
#2062 = DIRECTION('',(-3.3154E-13,-1.,0.));
#2063 = ORIENTED_EDGE('',*,*,#2064,.T.);
#2064 = EDGE_CURVE('',#2057,#2065,#2067,.T.);
#2065 = VERTEX_POINT('',#2066);
#2066 = CARTESIAN_POINT('',(-1.6,-12.6,17.6));
#2067 = LINE('',#2068,#2069);
#2068 = CARTESIAN_POINT('',(-1.6,-12.6,21.));
#2069 = VECTOR('',#2070,1.);
#2070 = DIRECTION('',(-0.,-0.,-1.));
#2071 = ORIENTED_EDGE('',*,*,#2072,.T.);
#2072 = EDGE_CURVE('',#2065,#2073,#2075,.T.);
#2073 = VERTEX_POINT('',#2074);
#2074 = CARTESIAN_POINT('',(-1.6,-10.,17.6));
#2075 = LINE('',#2076,#2077);
#2076 = CARTESIAN_POINT('',(-1.6,-12.6,17.6));
#2077 = VECTOR('',#2078,1.);
#2078 = DIRECTION('',(0.,1.,0.));
#2079 = ORIENTED_EDGE('',*,*,#2080,.T.);
#2080 = EDGE_CURVE('',#2073,#2081,#2083,.T.);
#2081 = VERTEX_POINT('',#2082);
#2082 = CARTESIAN_POINT('',(-1.6,-7.4,17.6));
#2083 = LINE('',#2084,#2085);
#2084 = CARTESIAN_POINT('',(-1.6,-12.6,17.6));
#2085 = VECTOR('',#2086,1.);
#2086 = DIRECTION('',(0.,1.,0.));
#2087 = ORIENTED_EDGE('',*,*,#2088,.F.);
#2088 = EDGE_CURVE('',#2089,#2081,#2091,.T.);
#2089 = VERTEX_POINT('',#2090);
#2090 = CARTESIAN_POINT('',(-1.6,-7.4,17.8));
#2091 = LINE('',#2092,#2093);
#2092 = CARTESIAN_POINT('',(-1.6,-7.4,21.));
#2093 = VECTOR('',#2094,1.);
#2094 = DIRECTION('',(-0.,-0.,-1.));
#2095 = ORIENTED_EDGE('',*,*,#2096,.F.);
#2096 = EDGE_CURVE('',#1057,#2089,#2097,.T.);
#2097 = LINE('',#2098,#2099);
#2098 = CARTESIAN_POINT('',(-1.6,-6.327126465559,17.8));
#2099 = VECTOR('',#2100,1.);
#2100 = DIRECTION('',(-3.3154E-13,-1.,0.));
#2101 = PLANE('',#2102);
#2102 = AXIS2_PLACEMENT_3D('',#2103,#2104,#2105);
#2103 = CARTESIAN_POINT('',(-1.600000000001,-9.999999999996,
    17.827702260993));
#2104 = DIRECTION('',(1.,-2.6706E-13,2.97162E-12));
#2105 = DIRECTION('',(-2.97162E-12,0.,1.));
#2106 = ADVANCED_FACE('',(#2107),#2111,.T.);
#2107 = FACE_BOUND('',#2108,.T.);
#2108 = EDGE_LOOP('',(#2109,#2110));
#2109 = ORIENTED_EDGE('',*,*,#2049,.F.);
#2110 = ORIENTED_EDGE('',*,*,#1047,.T.);
#2111 = PLANE('',#2112);
#2112 = AXIS2_PLACEMENT_3D('',#2113,#2114,#2115);
#2113 = CARTESIAN_POINT('',(1.,-10.,18.));
#2114 = DIRECTION('',(0.,0.,1.));
#2115 = DIRECTION('',(1.,0.,0.));
#2116 = ADVANCED_FACE('',(#2117),#2135,.T.);
#2117 = FACE_BOUND('',#2118,.T.);
#2118 = EDGE_LOOP('',(#2119,#2127,#2128,#2129));
#2119 = ORIENTED_EDGE('',*,*,#2120,.F.);
#2120 = EDGE_CURVE('',#1065,#2121,#2123,.T.);
#2121 = VERTEX_POINT('',#2122);
#2122 = CARTESIAN_POINT('',(3.599999999999,-7.4,17.8));
#2123 = LINE('',#2124,#2125);
#2124 = CARTESIAN_POINT('',(3.6,-6.327126465559,17.8));
#2125 = VECTOR('',#2126,1.);
#2126 = DIRECTION('',(-1.10972E-12,-1.,0.));
#2127 = ORIENTED_EDGE('',*,*,#1064,.T.);
#2128 = ORIENTED_EDGE('',*,*,#2096,.T.);
#2129 = ORIENTED_EDGE('',*,*,#2130,.T.);
#2130 = EDGE_CURVE('',#2089,#2121,#2131,.T.);
#2131 = LINE('',#2132,#2133);
#2132 = CARTESIAN_POINT('',(-2.300000000001,-7.4,17.8));
#2133 = VECTOR('',#2134,1.);
#2134 = DIRECTION('',(1.,0.,0.));
#2135 = PLANE('',#2136);
#2136 = AXIS2_PLACEMENT_3D('',#2137,#2138,#2139);
#2137 = CARTESIAN_POINT('',(-3.000000000002,-2.999999999997,17.8));
#2138 = DIRECTION('',(0.,0.,1.));
#2139 = DIRECTION('',(1.,0.,0.));
#2140 = ADVANCED_FACE('',(#2141),#2190,.T.);
#2141 = FACE_BOUND('',#2142,.T.);
#2142 = EDGE_LOOP('',(#2143,#2149,#2150,#2151,#2159,#2167,#2175,#2183,
    #2189));
#2143 = ORIENTED_EDGE('',*,*,#2144,.F.);
#2144 = EDGE_CURVE('',#1074,#1102,#2145,.T.);
#2145 = LINE('',#2146,#2147);
#2146 = CARTESIAN_POINT('',(3.599999999998,-8.163563232781,18.));
#2147 = VECTOR('',#2148,1.);
#2148 = DIRECTION('',(-1.10972E-12,-1.,0.));
#2149 = ORIENTED_EDGE('',*,*,#1073,.T.);
#2150 = ORIENTED_EDGE('',*,*,#2120,.T.);
#2151 = ORIENTED_EDGE('',*,*,#2152,.T.);
#2152 = EDGE_CURVE('',#2121,#2153,#2155,.T.);
#2153 = VERTEX_POINT('',#2154);
#2154 = CARTESIAN_POINT('',(3.6,-7.4,17.6));
#2155 = LINE('',#2156,#2157);
#2156 = CARTESIAN_POINT('',(3.6,-7.4,21.));
#2157 = VECTOR('',#2158,1.);
#2158 = DIRECTION('',(-0.,-0.,-1.));
#2159 = ORIENTED_EDGE('',*,*,#2160,.T.);
#2160 = EDGE_CURVE('',#2153,#2161,#2163,.T.);
#2161 = VERTEX_POINT('',#2162);
#2162 = CARTESIAN_POINT('',(3.6,-10.,17.6));
#2163 = LINE('',#2164,#2165);
#2164 = CARTESIAN_POINT('',(3.6,-7.4,17.6));
#2165 = VECTOR('',#2166,1.);
#2166 = DIRECTION('',(0.,-1.,0.));
#2167 = ORIENTED_EDGE('',*,*,#2168,.T.);
#2168 = EDGE_CURVE('',#2161,#2169,#2171,.T.);
#2169 = VERTEX_POINT('',#2170);
#2170 = CARTESIAN_POINT('',(3.6,-12.6,17.6));
#2171 = LINE('',#2172,#2173);
#2172 = CARTESIAN_POINT('',(3.6,-7.4,17.6));
#2173 = VECTOR('',#2174,1.);
#2174 = DIRECTION('',(0.,-1.,0.));
#2175 = ORIENTED_EDGE('',*,*,#2176,.F.);
#2176 = EDGE_CURVE('',#2177,#2169,#2179,.T.);
#2177 = VERTEX_POINT('',#2178);
#2178 = CARTESIAN_POINT('',(3.599999999997,-12.6,17.8));
#2179 = LINE('',#2180,#2181);
#2180 = CARTESIAN_POINT('',(3.6,-12.6,21.));
#2181 = VECTOR('',#2182,1.);
#2182 = DIRECTION('',(-0.,-0.,-1.));
#2183 = ORIENTED_EDGE('',*,*,#2184,.T.);
#2184 = EDGE_CURVE('',#2177,#1111,#2185,.T.);
#2185 = LINE('',#2186,#2187);
#2186 = CARTESIAN_POINT('',(3.6,-6.327126465559,17.8));
#2187 = VECTOR('',#2188,1.);
#2188 = DIRECTION('',(-1.10972E-12,-1.,0.));
#2189 = ORIENTED_EDGE('',*,*,#1110,.F.);
#2190 = PLANE('',#2191);
#2191 = AXIS2_PLACEMENT_3D('',#2192,#2193,#2194);
#2192 = CARTESIAN_POINT('',(3.599999999997,-10.,17.827702260993));
#2193 = DIRECTION('',(-1.,8.939E-13,-9.95236E-12));
#2194 = DIRECTION('',(9.95236E-12,0.,-1.));
#2195 = ADVANCED_FACE('',(#2196),#2201,.T.);
#2196 = FACE_BOUND('',#2197,.T.);
#2197 = EDGE_LOOP('',(#2198,#2199,#2200));
#2198 = ORIENTED_EDGE('',*,*,#1101,.T.);
#2199 = ORIENTED_EDGE('',*,*,#1081,.T.);
#2200 = ORIENTED_EDGE('',*,*,#2144,.T.);
#2201 = PLANE('',#2202);
#2202 = AXIS2_PLACEMENT_3D('',#2203,#2204,#2205);
#2203 = CARTESIAN_POINT('',(1.,-10.,18.));
#2204 = DIRECTION('',(0.,0.,1.));
#2205 = DIRECTION('',(1.,0.,0.));
#2206 = ADVANCED_FACE('',(#2207),#2218,.T.);
#2207 = FACE_BOUND('',#2208,.T.);
#2208 = EDGE_LOOP('',(#2209,#2210,#2216,#2217));
#2209 = ORIENTED_EDGE('',*,*,#2184,.F.);
#2210 = ORIENTED_EDGE('',*,*,#2211,.T.);
#2211 = EDGE_CURVE('',#2177,#2057,#2212,.T.);
#2212 = LINE('',#2213,#2214);
#2213 = CARTESIAN_POINT('',(0.299999999999,-12.6,17.8));
#2214 = VECTOR('',#2215,1.);
#2215 = DIRECTION('',(-1.,0.,0.));
#2216 = ORIENTED_EDGE('',*,*,#2056,.T.);
#2217 = ORIENTED_EDGE('',*,*,#1118,.T.);
#2218 = PLANE('',#2219);
#2219 = AXIS2_PLACEMENT_3D('',#2220,#2221,#2222);
#2220 = CARTESIAN_POINT('',(-3.000000000002,-2.999999999997,17.8));
#2221 = DIRECTION('',(0.,0.,1.));
#2222 = DIRECTION('',(1.,0.,0.));
#2223 = ADVANCED_FACE('',(#2224),#2233,.T.);
#2224 = FACE_BOUND('',#2225,.T.);
#2225 = EDGE_LOOP('',(#2226,#2232));
#2226 = ORIENTED_EDGE('',*,*,#2227,.F.);
#2227 = EDGE_CURVE('',#1144,#1134,#2228,.T.);
#2228 = LINE('',#2229,#2230);
#2229 = CARTESIAN_POINT('',(-41.59999999998,21.298316217252,12.));
#2230 = VECTOR('',#2231,1.);
#2231 = DIRECTION('',(8.62376746896E-12,-1.,0.));
#2232 = ORIENTED_EDGE('',*,*,#1143,.T.);
#2233 = PLANE('',#2234);
#2234 = AXIS2_PLACEMENT_3D('',#2235,#2236,#2237);
#2235 = CARTESIAN_POINT('',(-40.,20.,12.));
#2236 = DIRECTION('',(0.,0.,1.));
#2237 = DIRECTION('',(1.,0.,0.));
#2238 = ADVANCED_FACE('',(#2239),#2264,.T.);
#2239 = FACE_BOUND('',#2240,.T.);
#2240 = EDGE_LOOP('',(#2241,#2249,#2250,#2258));
#2241 = ORIENTED_EDGE('',*,*,#2242,.F.);
#2242 = EDGE_CURVE('',#1161,#2243,#2245,.T.);
#2243 = VERTEX_POINT('',#2244);
#2244 = CARTESIAN_POINT('',(-38.40000000002,21.6,11.8));
#2245 = LINE('',#2246,#2247);
#2246 = CARTESIAN_POINT('',(-38.40000000004,22.596632434469,11.8));
#2247 = VECTOR('',#2248,1.);
#2248 = DIRECTION('',(9.804524461831E-12,-1.,0.));
#2249 = ORIENTED_EDGE('',*,*,#1160,.T.);
#2250 = ORIENTED_EDGE('',*,*,#2251,.T.);
#2251 = EDGE_CURVE('',#1153,#2252,#2254,.T.);
#2252 = VERTEX_POINT('',#2253);
#2253 = CARTESIAN_POINT('',(-41.59999999999,21.6,11.8));
#2254 = LINE('',#2255,#2256);
#2255 = CARTESIAN_POINT('',(-41.59999999999,22.596632434517,11.8));
#2256 = VECTOR('',#2257,1.);
#2257 = DIRECTION('',(8.62376746896E-12,-1.,0.));
#2258 = ORIENTED_EDGE('',*,*,#2259,.T.);
#2259 = EDGE_CURVE('',#2252,#2243,#2260,.T.);
#2260 = LINE('',#2261,#2262);
#2261 = CARTESIAN_POINT('',(-37.04999999997,21.6,11.8));
#2262 = VECTOR('',#2263,1.);
#2263 = DIRECTION('',(1.,0.,0.));
#2264 = PLANE('',#2265);
#2265 = AXIS2_PLACEMENT_3D('',#2266,#2267,#2268);
#2266 = CARTESIAN_POINT('',(-32.49999999995,20.,11.8));
#2267 = DIRECTION('',(0.,0.,1.));
#2268 = DIRECTION('',(1.,0.,0.));
#2269 = ADVANCED_FACE('',(#2270),#2280,.T.);
#2270 = FACE_BOUND('',#2271,.T.);
#2271 = EDGE_LOOP('',(#2272,#2273,#2274));
#2272 = ORIENTED_EDGE('',*,*,#1197,.T.);
#2273 = ORIENTED_EDGE('',*,*,#1177,.T.);
#2274 = ORIENTED_EDGE('',*,*,#2275,.T.);
#2275 = EDGE_CURVE('',#1170,#1198,#2276,.T.);
#2276 = LINE('',#2277,#2278);
#2277 = CARTESIAN_POINT('',(-38.40000000003,21.298316217242,12.));
#2278 = VECTOR('',#2279,1.);
#2279 = DIRECTION('',(9.804524461831E-12,-1.,0.));
#2280 = PLANE('',#2281);
#2281 = AXIS2_PLACEMENT_3D('',#2282,#2283,#2284);
#2282 = CARTESIAN_POINT('',(-40.,20.,12.));
#2283 = DIRECTION('',(0.,0.,1.));
#2284 = DIRECTION('',(1.,0.,0.));
#2285 = ADVANCED_FACE('',(#2286),#2311,.T.);
#2286 = FACE_BOUND('',#2287,.T.);
#2287 = EDGE_LOOP('',(#2288,#2296,#2304,#2310));
#2288 = ORIENTED_EDGE('',*,*,#2289,.F.);
#2289 = EDGE_CURVE('',#2290,#1207,#2292,.T.);
#2290 = VERTEX_POINT('',#2291);
#2291 = CARTESIAN_POINT('',(-38.4,18.4,11.8));
#2292 = LINE('',#2293,#2294);
#2293 = CARTESIAN_POINT('',(-38.40000000004,22.596632434469,11.8));
#2294 = VECTOR('',#2295,1.);
#2295 = DIRECTION('',(9.804524461831E-12,-1.,0.));
#2296 = ORIENTED_EDGE('',*,*,#2297,.T.);
#2297 = EDGE_CURVE('',#2290,#2298,#2300,.T.);
#2298 = VERTEX_POINT('',#2299);
#2299 = CARTESIAN_POINT('',(-41.59999999997,18.4,11.8));
#2300 = LINE('',#2301,#2302);
#2301 = CARTESIAN_POINT('',(-35.44999999997,18.4,11.8));
#2302 = VECTOR('',#2303,1.);
#2303 = DIRECTION('',(-1.,0.,0.));
#2304 = ORIENTED_EDGE('',*,*,#2305,.T.);
#2305 = EDGE_CURVE('',#2298,#1136,#2306,.T.);
#2306 = LINE('',#2307,#2308);
#2307 = CARTESIAN_POINT('',(-41.59999999999,22.596632434517,11.8));
#2308 = VECTOR('',#2309,1.);
#2309 = DIRECTION('',(8.62376746896E-12,-1.,0.));
#2310 = ORIENTED_EDGE('',*,*,#1214,.T.);
#2311 = PLANE('',#2312);
#2312 = AXIS2_PLACEMENT_3D('',#2313,#2314,#2315);
#2313 = CARTESIAN_POINT('',(-32.49999999995,20.,11.8));
#2314 = DIRECTION('',(0.,0.,1.));
#2315 = DIRECTION('',(1.,0.,0.));
#2316 = ADVANCED_FACE('',(#2317),#2373,.T.);
#2317 = FACE_BOUND('',#2318,.T.);
#2318 = EDGE_LOOP('',(#2319,#2327,#2335,#2343,#2351,#2359,#2365,#2366,
    #2372));
#2319 = ORIENTED_EDGE('',*,*,#2320,.F.);
#2320 = EDGE_CURVE('',#2321,#1232,#2323,.T.);
#2321 = VERTEX_POINT('',#2322);
#2322 = CARTESIAN_POINT('',(-9.6,1.4,17.8));
#2323 = LINE('',#2324,#2325);
#2324 = CARTESIAN_POINT('',(-9.6,7.672873534441,17.8));
#2325 = VECTOR('',#2326,1.);
#2326 = DIRECTION('',(2.4E-16,-1.,0.));
#2327 = ORIENTED_EDGE('',*,*,#2328,.T.);
#2328 = EDGE_CURVE('',#2321,#2329,#2331,.T.);
#2329 = VERTEX_POINT('',#2330);
#2330 = CARTESIAN_POINT('',(-9.6,1.4,17.6));
#2331 = LINE('',#2332,#2333);
#2332 = CARTESIAN_POINT('',(-9.6,1.4,21.));
#2333 = VECTOR('',#2334,1.);
#2334 = DIRECTION('',(-0.,-0.,-1.));
#2335 = ORIENTED_EDGE('',*,*,#2336,.T.);
#2336 = EDGE_CURVE('',#2329,#2337,#2339,.T.);
#2337 = VERTEX_POINT('',#2338);
#2338 = CARTESIAN_POINT('',(-9.6,4.,17.6));
#2339 = LINE('',#2340,#2341);
#2340 = CARTESIAN_POINT('',(-9.6,1.4,17.6));
#2341 = VECTOR('',#2342,1.);
#2342 = DIRECTION('',(0.,1.,0.));
#2343 = ORIENTED_EDGE('',*,*,#2344,.T.);
#2344 = EDGE_CURVE('',#2337,#2345,#2347,.T.);
#2345 = VERTEX_POINT('',#2346);
#2346 = CARTESIAN_POINT('',(-9.6,6.6,17.6));
#2347 = LINE('',#2348,#2349);
#2348 = CARTESIAN_POINT('',(-9.6,1.4,17.6));
#2349 = VECTOR('',#2350,1.);
#2350 = DIRECTION('',(0.,1.,0.));
#2351 = ORIENTED_EDGE('',*,*,#2352,.F.);
#2352 = EDGE_CURVE('',#2353,#2345,#2355,.T.);
#2353 = VERTEX_POINT('',#2354);
#2354 = CARTESIAN_POINT('',(-9.6,6.6,17.8));
#2355 = LINE('',#2356,#2357);
#2356 = CARTESIAN_POINT('',(-9.6,6.6,21.));
#2357 = VECTOR('',#2358,1.);
#2358 = DIRECTION('',(-0.,-0.,-1.));
#2359 = ORIENTED_EDGE('',*,*,#2360,.F.);
#2360 = EDGE_CURVE('',#1249,#2353,#2361,.T.);
#2361 = LINE('',#2362,#2363);
#2362 = CARTESIAN_POINT('',(-9.6,7.672873534441,17.8));
#2363 = VECTOR('',#2364,1.);
#2364 = DIRECTION('',(2.4E-16,-1.,0.));
#2365 = ORIENTED_EDGE('',*,*,#1248,.F.);
#2366 = ORIENTED_EDGE('',*,*,#2367,.T.);
#2367 = EDGE_CURVE('',#1240,#1230,#2368,.T.);
#2368 = LINE('',#2369,#2370);
#2369 = CARTESIAN_POINT('',(-9.6,5.836436767221,18.));
#2370 = VECTOR('',#2371,1.);
#2371 = DIRECTION('',(2.4E-16,-1.,0.));
#2372 = ORIENTED_EDGE('',*,*,#1229,.T.);
#2373 = PLANE('',#2374);
#2374 = AXIS2_PLACEMENT_3D('',#2375,#2376,#2377);
#2375 = CARTESIAN_POINT('',(-9.6,4.,17.827702260993));
#2376 = DIRECTION('',(1.,2.4E-16,-6.61E-15));
#2377 = DIRECTION('',(6.61E-15,0.,1.));
#2378 = ADVANCED_FACE('',(#2379),#2383,.T.);
#2379 = FACE_BOUND('',#2380,.T.);
#2380 = EDGE_LOOP('',(#2381,#2382));
#2381 = ORIENTED_EDGE('',*,*,#2367,.F.);
#2382 = ORIENTED_EDGE('',*,*,#1239,.T.);
#2383 = PLANE('',#2384);
#2384 = AXIS2_PLACEMENT_3D('',#2385,#2386,#2387);
#2385 = CARTESIAN_POINT('',(-7.,4.,18.));
#2386 = DIRECTION('',(0.,0.,1.));
#2387 = DIRECTION('',(1.,0.,0.));
#2388 = ADVANCED_FACE('',(#2389),#2407,.T.);
#2389 = FACE_BOUND('',#2390,.T.);
#2390 = EDGE_LOOP('',(#2391,#2399,#2400,#2401));
#2391 = ORIENTED_EDGE('',*,*,#2392,.F.);
#2392 = EDGE_CURVE('',#1257,#2393,#2395,.T.);
#2393 = VERTEX_POINT('',#2394);
#2394 = CARTESIAN_POINT('',(-4.4,6.6,17.8));
#2395 = LINE('',#2396,#2397);
#2396 = CARTESIAN_POINT('',(-4.4,7.672873534441,17.8));
#2397 = VECTOR('',#2398,1.);
#2398 = DIRECTION('',(-1.2E-16,-1.,0.));
#2399 = ORIENTED_EDGE('',*,*,#1256,.T.);
#2400 = ORIENTED_EDGE('',*,*,#2360,.T.);
#2401 = ORIENTED_EDGE('',*,*,#2402,.T.);
#2402 = EDGE_CURVE('',#2353,#2393,#2403,.T.);
#2403 = LINE('',#2404,#2405);
#2404 = CARTESIAN_POINT('',(-6.300000000001,6.6,17.8));
#2405 = VECTOR('',#2406,1.);
#2406 = DIRECTION('',(1.,0.,0.));
#2407 = PLANE('',#2408);
#2408 = AXIS2_PLACEMENT_3D('',#2409,#2410,#2411);
#2409 = CARTESIAN_POINT('',(-3.000000000002,-2.999999999997,17.8));
#2410 = DIRECTION('',(0.,0.,1.));
#2411 = DIRECTION('',(1.,0.,0.));
#2412 = ADVANCED_FACE('',(#2413),#2462,.T.);
#2413 = FACE_BOUND('',#2414,.T.);
#2414 = EDGE_LOOP('',(#2415,#2421,#2422,#2423,#2431,#2439,#2447,#2455,
    #2461));
#2415 = ORIENTED_EDGE('',*,*,#2416,.F.);
#2416 = EDGE_CURVE('',#1266,#1294,#2417,.T.);
#2417 = LINE('',#2418,#2419);
#2418 = CARTESIAN_POINT('',(-4.4,5.836436767221,18.));
#2419 = VECTOR('',#2420,1.);
#2420 = DIRECTION('',(-1.2E-16,-1.,0.));
#2421 = ORIENTED_EDGE('',*,*,#1265,.T.);
#2422 = ORIENTED_EDGE('',*,*,#2392,.T.);
#2423 = ORIENTED_EDGE('',*,*,#2424,.T.);
#2424 = EDGE_CURVE('',#2393,#2425,#2427,.T.);
#2425 = VERTEX_POINT('',#2426);
#2426 = CARTESIAN_POINT('',(-4.4,6.6,17.6));
#2427 = LINE('',#2428,#2429);
#2428 = CARTESIAN_POINT('',(-4.4,6.6,21.));
#2429 = VECTOR('',#2430,1.);
#2430 = DIRECTION('',(-0.,-0.,-1.));
#2431 = ORIENTED_EDGE('',*,*,#2432,.T.);
#2432 = EDGE_CURVE('',#2425,#2433,#2435,.T.);
#2433 = VERTEX_POINT('',#2434);
#2434 = CARTESIAN_POINT('',(-4.4,4.,17.6));
#2435 = LINE('',#2436,#2437);
#2436 = CARTESIAN_POINT('',(-4.4,6.6,17.6));
#2437 = VECTOR('',#2438,1.);
#2438 = DIRECTION('',(0.,-1.,0.));
#2439 = ORIENTED_EDGE('',*,*,#2440,.T.);
#2440 = EDGE_CURVE('',#2433,#2441,#2443,.T.);
#2441 = VERTEX_POINT('',#2442);
#2442 = CARTESIAN_POINT('',(-4.4,1.4,17.6));
#2443 = LINE('',#2444,#2445);
#2444 = CARTESIAN_POINT('',(-4.4,6.6,17.6));
#2445 = VECTOR('',#2446,1.);
#2446 = DIRECTION('',(0.,-1.,0.));
#2447 = ORIENTED_EDGE('',*,*,#2448,.F.);
#2448 = EDGE_CURVE('',#2449,#2441,#2451,.T.);
#2449 = VERTEX_POINT('',#2450);
#2450 = CARTESIAN_POINT('',(-4.4,1.4,17.8));
#2451 = LINE('',#2452,#2453);
#2452 = CARTESIAN_POINT('',(-4.4,1.4,21.));
#2453 = VECTOR('',#2454,1.);
#2454 = DIRECTION('',(-0.,-0.,-1.));
#2455 = ORIENTED_EDGE('',*,*,#2456,.T.);
#2456 = EDGE_CURVE('',#2449,#1303,#2457,.T.);
#2457 = LINE('',#2458,#2459);
#2458 = CARTESIAN_POINT('',(-4.4,7.672873534441,17.8));
#2459 = VECTOR('',#2460,1.);
#2460 = DIRECTION('',(-1.2E-16,-1.,0.));
#2461 = ORIENTED_EDGE('',*,*,#1302,.F.);
#2462 = PLANE('',#2463);
#2463 = AXIS2_PLACEMENT_3D('',#2464,#2465,#2466);
#2464 = CARTESIAN_POINT('',(-4.4,4.,17.827702260993));
#2465 = DIRECTION('',(-1.,0.,1.08E-15));
#2466 = DIRECTION('',(-1.08E-15,0.,-1.));
#2467 = ADVANCED_FACE('',(#2468),#2473,.T.);
#2468 = FACE_BOUND('',#2469,.T.);
#2469 = EDGE_LOOP('',(#2470,#2471,#2472));
#2470 = ORIENTED_EDGE('',*,*,#1293,.T.);
#2471 = ORIENTED_EDGE('',*,*,#1273,.T.);
#2472 = ORIENTED_EDGE('',*,*,#2416,.T.);
#2473 = PLANE('',#2474);
#2474 = AXIS2_PLACEMENT_3D('',#2475,#2476,#2477);
#2475 = CARTESIAN_POINT('',(-7.,4.,18.));
#2476 = DIRECTION('',(0.,0.,1.));
#2477 = DIRECTION('',(1.,0.,0.));
#2478 = ADVANCED_FACE('',(#2479),#2490,.T.);
#2479 = FACE_BOUND('',#2480,.T.);
#2480 = EDGE_LOOP('',(#2481,#2482,#2488,#2489));
#2481 = ORIENTED_EDGE('',*,*,#2456,.F.);
#2482 = ORIENTED_EDGE('',*,*,#2483,.T.);
#2483 = EDGE_CURVE('',#2449,#2321,#2484,.T.);
#2484 = LINE('',#2485,#2486);
#2485 = CARTESIAN_POINT('',(-3.700000000001,1.4,17.8));
#2486 = VECTOR('',#2487,1.);
#2487 = DIRECTION('',(-1.,0.,0.));
#2488 = ORIENTED_EDGE('',*,*,#2320,.T.);
#2489 = ORIENTED_EDGE('',*,*,#1310,.T.);
#2490 = PLANE('',#2491);
#2491 = AXIS2_PLACEMENT_3D('',#2492,#2493,#2494);
#2492 = CARTESIAN_POINT('',(-3.000000000002,-2.999999999997,17.8));
#2493 = DIRECTION('',(0.,0.,1.));
#2494 = DIRECTION('',(1.,0.,0.));
#2495 = ADVANCED_FACE('',(#2496),#2552,.T.);
#2496 = FACE_BOUND('',#2497,.T.);
#2497 = EDGE_LOOP('',(#2498,#2499,#2505,#2506,#2514,#2522,#2530,#2538,
    #2546));
#2498 = ORIENTED_EDGE('',*,*,#1344,.F.);
#2499 = ORIENTED_EDGE('',*,*,#2500,.T.);
#2500 = EDGE_CURVE('',#1336,#1326,#2501,.T.);
#2501 = LINE('',#2502,#2503);
#2502 = CARTESIAN_POINT('',(2.4,4.29831621726,18.));
#2503 = VECTOR('',#2504,1.);
#2504 = DIRECTION('',(1.7E-16,-1.,0.));
#2505 = ORIENTED_EDGE('',*,*,#1325,.T.);
#2506 = ORIENTED_EDGE('',*,*,#2507,.F.);
#2507 = EDGE_CURVE('',#2508,#1328,#2510,.T.);
#2508 = VERTEX_POINT('',#2509);
#2509 = CARTESIAN_POINT('',(2.4,1.4,17.8));
#2510 = LINE('',#2511,#2512);
#2511 = CARTESIAN_POINT('',(2.4,5.59663243452,17.8));
#2512 = VECTOR('',#2513,1.);
#2513 = DIRECTION('',(1.7E-16,-1.,0.));
#2514 = ORIENTED_EDGE('',*,*,#2515,.T.);
#2515 = EDGE_CURVE('',#2508,#2516,#2518,.T.);
#2516 = VERTEX_POINT('',#2517);
#2517 = CARTESIAN_POINT('',(2.4,1.4,17.6));
#2518 = LINE('',#2519,#2520);
#2519 = CARTESIAN_POINT('',(2.4,1.4,21.));
#2520 = VECTOR('',#2521,1.);
#2521 = DIRECTION('',(-0.,-0.,-1.));
#2522 = ORIENTED_EDGE('',*,*,#2523,.T.);
#2523 = EDGE_CURVE('',#2516,#2524,#2526,.T.);
#2524 = VERTEX_POINT('',#2525);
#2525 = CARTESIAN_POINT('',(2.4,3.,17.6));
#2526 = LINE('',#2527,#2528);
#2527 = CARTESIAN_POINT('',(2.4,1.4,17.6));
#2528 = VECTOR('',#2529,1.);
#2529 = DIRECTION('',(0.,1.,0.));
#2530 = ORIENTED_EDGE('',*,*,#2531,.T.);
#2531 = EDGE_CURVE('',#2524,#2532,#2534,.T.);
#2532 = VERTEX_POINT('',#2533);
#2533 = CARTESIAN_POINT('',(2.4,4.6,17.6));
#2534 = LINE('',#2535,#2536);
#2535 = CARTESIAN_POINT('',(2.4,1.4,17.6));
#2536 = VECTOR('',#2537,1.);
#2537 = DIRECTION('',(0.,1.,0.));
#2538 = ORIENTED_EDGE('',*,*,#2539,.F.);
#2539 = EDGE_CURVE('',#2540,#2532,#2542,.T.);
#2540 = VERTEX_POINT('',#2541);
#2541 = CARTESIAN_POINT('',(2.4,4.6,17.8));
#2542 = LINE('',#2543,#2544);
#2543 = CARTESIAN_POINT('',(2.4,4.6,21.));
#2544 = VECTOR('',#2545,1.);
#2545 = DIRECTION('',(-0.,-0.,-1.));
#2546 = ORIENTED_EDGE('',*,*,#2547,.F.);
#2547 = EDGE_CURVE('',#1345,#2540,#2548,.T.);
#2548 = LINE('',#2549,#2550);
#2549 = CARTESIAN_POINT('',(2.4,5.59663243452,17.8));
#2550 = VECTOR('',#2551,1.);
#2551 = DIRECTION('',(1.7E-16,-1.,0.));
#2552 = PLANE('',#2553);
#2553 = AXIS2_PLACEMENT_3D('',#2554,#2555,#2556);
#2554 = CARTESIAN_POINT('',(2.4,3.,17.835636876059));
#2555 = DIRECTION('',(1.,0.,5.6E-16));
#2556 = DIRECTION('',(-5.6E-16,0.,1.));
#2557 = ADVANCED_FACE('',(#2558),#2562,.T.);
#2558 = FACE_BOUND('',#2559,.T.);
#2559 = EDGE_LOOP('',(#2560,#2561));
#2560 = ORIENTED_EDGE('',*,*,#2500,.F.);
#2561 = ORIENTED_EDGE('',*,*,#1335,.T.);
#2562 = PLANE('',#2563);
#2563 = AXIS2_PLACEMENT_3D('',#2564,#2565,#2566);
#2564 = CARTESIAN_POINT('',(4.,3.,18.));
#2565 = DIRECTION('',(0.,0.,1.));
#2566 = DIRECTION('',(1.,0.,0.));
#2567 = ADVANCED_FACE('',(#2568),#2586,.T.);
#2568 = FACE_BOUND('',#2569,.T.);
#2569 = EDGE_LOOP('',(#2570,#2578,#2579,#2580));
#2570 = ORIENTED_EDGE('',*,*,#2571,.F.);
#2571 = EDGE_CURVE('',#1353,#2572,#2574,.T.);
#2572 = VERTEX_POINT('',#2573);
#2573 = CARTESIAN_POINT('',(5.6,4.6,17.8));
#2574 = LINE('',#2575,#2576);
#2575 = CARTESIAN_POINT('',(5.6,5.59663243452,17.8));
#2576 = VECTOR('',#2577,1.);
#2577 = DIRECTION('',(0.,-1.,0.));
#2578 = ORIENTED_EDGE('',*,*,#1352,.T.);
#2579 = ORIENTED_EDGE('',*,*,#2547,.T.);
#2580 = ORIENTED_EDGE('',*,*,#2581,.T.);
#2581 = EDGE_CURVE('',#2540,#2572,#2582,.T.);
#2582 = LINE('',#2583,#2584);
#2583 = CARTESIAN_POINT('',(-0.55,4.6,17.8));
#2584 = VECTOR('',#2585,1.);
#2585 = DIRECTION('',(1.,0.,0.));
#2586 = PLANE('',#2587);
#2587 = AXIS2_PLACEMENT_3D('',#2588,#2589,#2590);
#2588 = CARTESIAN_POINT('',(-3.5,-6.5,17.8));
#2589 = DIRECTION('',(0.,0.,1.));
#2590 = DIRECTION('',(1.,0.,0.));
#2591 = ADVANCED_FACE('',(#2592),#2641,.T.);
#2592 = FACE_BOUND('',#2593,.T.);
#2593 = EDGE_LOOP('',(#2594,#2600,#2601,#2602,#2610,#2618,#2626,#2634,
    #2640));
#2594 = ORIENTED_EDGE('',*,*,#2595,.F.);
#2595 = EDGE_CURVE('',#1362,#1390,#2596,.T.);
#2596 = LINE('',#2597,#2598);
#2597 = CARTESIAN_POINT('',(5.6,4.29831621726,18.));
#2598 = VECTOR('',#2599,1.);
#2599 = DIRECTION('',(0.,-1.,0.));
#2600 = ORIENTED_EDGE('',*,*,#1361,.T.);
#2601 = ORIENTED_EDGE('',*,*,#2571,.T.);
#2602 = ORIENTED_EDGE('',*,*,#2603,.T.);
#2603 = EDGE_CURVE('',#2572,#2604,#2606,.T.);
#2604 = VERTEX_POINT('',#2605);
#2605 = CARTESIAN_POINT('',(5.6,4.6,17.6));
#2606 = LINE('',#2607,#2608);
#2607 = CARTESIAN_POINT('',(5.6,4.6,21.));
#2608 = VECTOR('',#2609,1.);
#2609 = DIRECTION('',(-0.,-0.,-1.));
#2610 = ORIENTED_EDGE('',*,*,#2611,.T.);
#2611 = EDGE_CURVE('',#2604,#2612,#2614,.T.);
#2612 = VERTEX_POINT('',#2613);
#2613 = CARTESIAN_POINT('',(5.6,3.,17.6));
#2614 = LINE('',#2615,#2616);
#2615 = CARTESIAN_POINT('',(5.6,4.6,17.6));
#2616 = VECTOR('',#2617,1.);
#2617 = DIRECTION('',(0.,-1.,0.));
#2618 = ORIENTED_EDGE('',*,*,#2619,.T.);
#2619 = EDGE_CURVE('',#2612,#2620,#2622,.T.);
#2620 = VERTEX_POINT('',#2621);
#2621 = CARTESIAN_POINT('',(5.6,1.4,17.6));
#2622 = LINE('',#2623,#2624);
#2623 = CARTESIAN_POINT('',(5.6,4.6,17.6));
#2624 = VECTOR('',#2625,1.);
#2625 = DIRECTION('',(0.,-1.,0.));
#2626 = ORIENTED_EDGE('',*,*,#2627,.F.);
#2627 = EDGE_CURVE('',#2628,#2620,#2630,.T.);
#2628 = VERTEX_POINT('',#2629);
#2629 = CARTESIAN_POINT('',(5.6,1.4,17.8));
#2630 = LINE('',#2631,#2632);
#2631 = CARTESIAN_POINT('',(5.6,1.4,21.));
#2632 = VECTOR('',#2633,1.);
#2633 = DIRECTION('',(-0.,-0.,-1.));
#2634 = ORIENTED_EDGE('',*,*,#2635,.T.);
#2635 = EDGE_CURVE('',#2628,#1399,#2636,.T.);
#2636 = LINE('',#2637,#2638);
#2637 = CARTESIAN_POINT('',(5.6,5.59663243452,17.8));
#2638 = VECTOR('',#2639,1.);
#2639 = DIRECTION('',(0.,-1.,0.));
#2640 = ORIENTED_EDGE('',*,*,#1398,.F.);
#2641 = PLANE('',#2642);
#2642 = AXIS2_PLACEMENT_3D('',#2643,#2644,#2645);
#2643 = CARTESIAN_POINT('',(5.6,3.,17.835636876059));
#2644 = DIRECTION('',(-1.,0.,2.13E-15));
#2645 = DIRECTION('',(-2.13E-15,0.,-1.));
#2646 = ADVANCED_FACE('',(#2647),#2652,.T.);
#2647 = FACE_BOUND('',#2648,.T.);
#2648 = EDGE_LOOP('',(#2649,#2650,#2651));
#2649 = ORIENTED_EDGE('',*,*,#1389,.T.);
#2650 = ORIENTED_EDGE('',*,*,#1369,.T.);
#2651 = ORIENTED_EDGE('',*,*,#2595,.T.);
#2652 = PLANE('',#2653);
#2653 = AXIS2_PLACEMENT_3D('',#2654,#2655,#2656);
#2654 = CARTESIAN_POINT('',(4.,3.,18.));
#2655 = DIRECTION('',(0.,0.,1.));
#2656 = DIRECTION('',(1.,0.,0.));
#2657 = ADVANCED_FACE('',(#2658),#2669,.T.);
#2658 = FACE_BOUND('',#2659,.T.);
#2659 = EDGE_LOOP('',(#2660,#2661,#2667,#2668));
#2660 = ORIENTED_EDGE('',*,*,#2635,.F.);
#2661 = ORIENTED_EDGE('',*,*,#2662,.T.);
#2662 = EDGE_CURVE('',#2628,#2508,#2663,.T.);
#2663 = LINE('',#2664,#2665);
#2664 = CARTESIAN_POINT('',(1.05,1.4,17.8));
#2665 = VECTOR('',#2666,1.);
#2666 = DIRECTION('',(-1.,0.,0.));
#2667 = ORIENTED_EDGE('',*,*,#2507,.T.);
#2668 = ORIENTED_EDGE('',*,*,#1406,.T.);
#2669 = PLANE('',#2670);
#2670 = AXIS2_PLACEMENT_3D('',#2671,#2672,#2673);
#2671 = CARTESIAN_POINT('',(-3.5,-6.5,17.8));
#2672 = DIRECTION('',(0.,0.,1.));
#2673 = DIRECTION('',(1.,0.,0.));
#2674 = ADVANCED_FACE('',(#2675),#2721,.F.);
#2675 = FACE_BOUND('',#2676,.T.);
#2676 = EDGE_LOOP('',(#2677,#2688,#2694,#2695,#2696,#2705,#2714));
#2677 = ORIENTED_EDGE('',*,*,#2678,.F.);
#2678 = EDGE_CURVE('',#2679,#2681,#2683,.T.);
#2679 = VERTEX_POINT('',#2680);
#2680 = CARTESIAN_POINT('',(-38.4,20.,11.6));
#2681 = VERTEX_POINT('',#2682);
#2682 = CARTESIAN_POINT('',(-40.,18.4,11.6));
#2683 = CIRCLE('',#2684,1.6);
#2684 = AXIS2_PLACEMENT_3D('',#2685,#2686,#2687);
#2685 = CARTESIAN_POINT('',(-40.,20.,11.6));
#2686 = DIRECTION('',(0.,0.,-1.));
#2687 = DIRECTION('',(1.,0.,0.));
#2688 = ORIENTED_EDGE('',*,*,#2689,.T.);
#2689 = EDGE_CURVE('',#2679,#1430,#2690,.T.);
#2690 = LINE('',#2691,#2692);
#2691 = CARTESIAN_POINT('',(-38.4,20.,12.));
#2692 = VECTOR('',#2693,1.);
#2693 = DIRECTION('',(-6.192045867296E-17,0.,-1.));
#2694 = ORIENTED_EDGE('',*,*,#1429,.T.);
#2695 = ORIENTED_EDGE('',*,*,#2689,.F.);
#2696 = ORIENTED_EDGE('',*,*,#2697,.F.);
#2697 = EDGE_CURVE('',#2698,#2679,#2700,.T.);
#2698 = VERTEX_POINT('',#2699);
#2699 = CARTESIAN_POINT('',(-40.,21.6,11.6));
#2700 = CIRCLE('',#2701,1.6);
#2701 = AXIS2_PLACEMENT_3D('',#2702,#2703,#2704);
#2702 = CARTESIAN_POINT('',(-40.,20.,11.6));
#2703 = DIRECTION('',(0.,0.,-1.));
#2704 = DIRECTION('',(1.,0.,0.));
#2705 = ORIENTED_EDGE('',*,*,#2706,.F.);
#2706 = EDGE_CURVE('',#2707,#2698,#2709,.T.);
#2707 = VERTEX_POINT('',#2708);
#2708 = CARTESIAN_POINT('',(-41.6,20.,11.6));
#2709 = CIRCLE('',#2710,1.6);
#2710 = AXIS2_PLACEMENT_3D('',#2711,#2712,#2713);
#2711 = CARTESIAN_POINT('',(-40.,20.,11.6));
#2712 = DIRECTION('',(0.,0.,-1.));
#2713 = DIRECTION('',(1.,0.,0.));
#2714 = ORIENTED_EDGE('',*,*,#2715,.F.);
#2715 = EDGE_CURVE('',#2681,#2707,#2716,.T.);
#2716 = CIRCLE('',#2717,1.6);
#2717 = AXIS2_PLACEMENT_3D('',#2718,#2719,#2720);
#2718 = CARTESIAN_POINT('',(-40.,20.,11.6));
#2719 = DIRECTION('',(0.,0.,-1.));
#2720 = DIRECTION('',(1.,0.,0.));
#2721 = CYLINDRICAL_SURFACE('',#2722,1.6);
#2722 = AXIS2_PLACEMENT_3D('',#2723,#2724,#2725);
#2723 = CARTESIAN_POINT('',(-40.,20.,12.));
#2724 = DIRECTION('',(-0.,-0.,-1.));
#2725 = DIRECTION('',(1.,0.,0.));
#2726 = ADVANCED_FACE('',(#2727),#2733,.F.);
#2727 = FACE_BOUND('',#2728,.F.);
#2728 = EDGE_LOOP('',(#2729,#2730,#2731,#2732));
#2729 = ORIENTED_EDGE('',*,*,#1719,.T.);
#2730 = ORIENTED_EDGE('',*,*,#1743,.T.);
#2731 = ORIENTED_EDGE('',*,*,#1758,.F.);
#2732 = ORIENTED_EDGE('',*,*,#1654,.F.);
#2733 = PLANE('',#2734);
#2734 = AXIS2_PLACEMENT_3D('',#2735,#2736,#2737);
#2735 = CARTESIAN_POINT('',(-12.,-1.5,0.));
#2736 = DIRECTION('',(1.,0.,0.));
#2737 = DIRECTION('',(0.,-1.,0.));
#2738 = ADVANCED_FACE('',(#2739),#2750,.T.);
#2739 = FACE_BOUND('',#2740,.T.);
#2740 = EDGE_LOOP('',(#2741,#2742,#2743,#2749));
#2741 = ORIENTED_EDGE('',*,*,#1852,.T.);
#2742 = ORIENTED_EDGE('',*,*,#1808,.T.);
#2743 = ORIENTED_EDGE('',*,*,#2744,.F.);
#2744 = EDGE_CURVE('',#1613,#1809,#2745,.T.);
#2745 = LINE('',#2746,#2747);
#2746 = CARTESIAN_POINT('',(-11.5,-4.5,0.));
#2747 = VECTOR('',#2748,1.);
#2748 = DIRECTION('',(0.,0.,1.));
#2749 = ORIENTED_EDGE('',*,*,#1612,.F.);
#2750 = PLANE('',#2751);
#2751 = AXIS2_PLACEMENT_3D('',#2752,#2753,#2754);
#2752 = CARTESIAN_POINT('',(-11.5,-1.5,0.));
#2753 = DIRECTION('',(1.,0.,0.));
#2754 = DIRECTION('',(0.,-1.,0.));
#2755 = ADVANCED_FACE('',(#2756),#2767,.F.);
#2756 = FACE_BOUND('',#2757,.F.);
#2757 = EDGE_LOOP('',(#2758,#2764,#2765,#2766));
#2758 = ORIENTED_EDGE('',*,*,#2759,.T.);
#2759 = EDGE_CURVE('',#1621,#1817,#2760,.T.);
#2760 = LINE('',#2761,#2762);
#2761 = CARTESIAN_POINT('',(-5.480740698408,-4.5,0.));
#2762 = VECTOR('',#2763,1.);
#2763 = DIRECTION('',(0.,0.,1.));
#2764 = ORIENTED_EDGE('',*,*,#1816,.T.);
#2765 = ORIENTED_EDGE('',*,*,#2744,.F.);
#2766 = ORIENTED_EDGE('',*,*,#1620,.F.);
#2767 = PLANE('',#2768);
#2768 = AXIS2_PLACEMENT_3D('',#2769,#2770,#2771);
#2769 = CARTESIAN_POINT('',(-5.480740698408,-4.5,0.));
#2770 = DIRECTION('',(0.,-1.,0.));
#2771 = DIRECTION('',(-1.,0.,0.));
#2772 = ADVANCED_FACE('',(#2773),#2779,.F.);
#2773 = FACE_BOUND('',#2774,.T.);
#2774 = EDGE_LOOP('',(#2775,#2776,#2777,#2778));
#2775 = ORIENTED_EDGE('',*,*,#2759,.T.);
#2776 = ORIENTED_EDGE('',*,*,#1824,.T.);
#2777 = ORIENTED_EDGE('',*,*,#1784,.F.);
#2778 = ORIENTED_EDGE('',*,*,#1628,.F.);
#2779 = CYLINDRICAL_SURFACE('',#2780,8.5);
#2780 = AXIS2_PLACEMENT_3D('',#2781,#2782,#2783);
#2781 = CARTESIAN_POINT('',(1.,-10.,0.));
#2782 = DIRECTION('',(-0.,-0.,-1.));
#2783 = DIRECTION('',(1.,0.,0.));
#2784 = ADVANCED_FACE('',(#2785),#2827,.F.);
#2785 = FACE_BOUND('',#2786,.T.);
#2786 = EDGE_LOOP('',(#2787,#2796,#2802,#2803,#2804,#2813,#2820));
#2787 = ORIENTED_EDGE('',*,*,#2788,.F.);
#2788 = EDGE_CURVE('',#2433,#2789,#2791,.T.);
#2789 = VERTEX_POINT('',#2790);
#2790 = CARTESIAN_POINT('',(-7.,1.4,17.6));
#2791 = CIRCLE('',#2792,2.6);
#2792 = AXIS2_PLACEMENT_3D('',#2793,#2794,#2795);
#2793 = CARTESIAN_POINT('',(-7.,4.,17.6));
#2794 = DIRECTION('',(0.,0.,-1.));
#2795 = DIRECTION('',(1.,0.,0.));
#2796 = ORIENTED_EDGE('',*,*,#2797,.T.);
#2797 = EDGE_CURVE('',#2433,#1672,#2798,.T.);
#2798 = LINE('',#2799,#2800);
#2799 = CARTESIAN_POINT('',(-4.4,4.,18.));
#2800 = VECTOR('',#2801,1.);
#2801 = DIRECTION('',(-6.E-17,0.,-1.));
#2802 = ORIENTED_EDGE('',*,*,#1671,.T.);
#2803 = ORIENTED_EDGE('',*,*,#2797,.F.);
#2804 = ORIENTED_EDGE('',*,*,#2805,.F.);
#2805 = EDGE_CURVE('',#2806,#2433,#2808,.T.);
#2806 = VERTEX_POINT('',#2807);
#2807 = CARTESIAN_POINT('',(-7.,6.6,17.6));
#2808 = CIRCLE('',#2809,2.6);
#2809 = AXIS2_PLACEMENT_3D('',#2810,#2811,#2812);
#2810 = CARTESIAN_POINT('',(-7.,4.,17.6));
#2811 = DIRECTION('',(0.,0.,-1.));
#2812 = DIRECTION('',(1.,0.,0.));
#2813 = ORIENTED_EDGE('',*,*,#2814,.F.);
#2814 = EDGE_CURVE('',#2337,#2806,#2815,.T.);
#2815 = CIRCLE('',#2816,2.6);
#2816 = AXIS2_PLACEMENT_3D('',#2817,#2818,#2819);
#2817 = CARTESIAN_POINT('',(-7.,4.,17.6));
#2818 = DIRECTION('',(0.,0.,-1.));
#2819 = DIRECTION('',(1.,0.,0.));
#2820 = ORIENTED_EDGE('',*,*,#2821,.F.);
#2821 = EDGE_CURVE('',#2789,#2337,#2822,.T.);
#2822 = CIRCLE('',#2823,2.6);
#2823 = AXIS2_PLACEMENT_3D('',#2824,#2825,#2826);
#2824 = CARTESIAN_POINT('',(-7.,4.,17.6));
#2825 = DIRECTION('',(0.,0.,-1.));
#2826 = DIRECTION('',(1.,0.,0.));
#2827 = CYLINDRICAL_SURFACE('',#2828,2.6);
#2828 = AXIS2_PLACEMENT_3D('',#2829,#2830,#2831);
#2829 = CARTESIAN_POINT('',(-7.,4.,18.));
#2830 = DIRECTION('',(-0.,-0.,-1.));
#2831 = DIRECTION('',(1.,0.,0.));
#2832 = ADVANCED_FACE('',(#2833),#2875,.F.);
#2833 = FACE_BOUND('',#2834,.T.);
#2834 = EDGE_LOOP('',(#2835,#2844,#2850,#2851,#2852,#2861,#2868));
#2835 = ORIENTED_EDGE('',*,*,#2836,.F.);
#2836 = EDGE_CURVE('',#2612,#2837,#2839,.T.);
#2837 = VERTEX_POINT('',#2838);
#2838 = CARTESIAN_POINT('',(4.,1.4,17.6));
#2839 = CIRCLE('',#2840,1.6);
#2840 = AXIS2_PLACEMENT_3D('',#2841,#2842,#2843);
#2841 = CARTESIAN_POINT('',(4.,3.,17.6));
#2842 = DIRECTION('',(0.,0.,-1.));
#2843 = DIRECTION('',(1.,0.,0.));
#2844 = ORIENTED_EDGE('',*,*,#2845,.T.);
#2845 = EDGE_CURVE('',#2612,#1683,#2846,.T.);
#2846 = LINE('',#2847,#2848);
#2847 = CARTESIAN_POINT('',(5.6,3.,18.));
#2848 = VECTOR('',#2849,1.);
#2849 = DIRECTION('',(-6.E-17,0.,-1.));
#2850 = ORIENTED_EDGE('',*,*,#1682,.T.);
#2851 = ORIENTED_EDGE('',*,*,#2845,.F.);
#2852 = ORIENTED_EDGE('',*,*,#2853,.F.);
#2853 = EDGE_CURVE('',#2854,#2612,#2856,.T.);
#2854 = VERTEX_POINT('',#2855);
#2855 = CARTESIAN_POINT('',(4.,4.6,17.6));
#2856 = CIRCLE('',#2857,1.6);
#2857 = AXIS2_PLACEMENT_3D('',#2858,#2859,#2860);
#2858 = CARTESIAN_POINT('',(4.,3.,17.6));
#2859 = DIRECTION('',(0.,0.,-1.));
#2860 = DIRECTION('',(1.,0.,0.));
#2861 = ORIENTED_EDGE('',*,*,#2862,.F.);
#2862 = EDGE_CURVE('',#2524,#2854,#2863,.T.);
#2863 = CIRCLE('',#2864,1.6);
#2864 = AXIS2_PLACEMENT_3D('',#2865,#2866,#2867);
#2865 = CARTESIAN_POINT('',(4.,3.,17.6));
#2866 = DIRECTION('',(0.,0.,-1.));
#2867 = DIRECTION('',(1.,0.,0.));
#2868 = ORIENTED_EDGE('',*,*,#2869,.F.);
#2869 = EDGE_CURVE('',#2837,#2524,#2870,.T.);
#2870 = CIRCLE('',#2871,1.6);
#2871 = AXIS2_PLACEMENT_3D('',#2872,#2873,#2874);
#2872 = CARTESIAN_POINT('',(4.,3.,17.6));
#2873 = DIRECTION('',(0.,0.,-1.));
#2874 = DIRECTION('',(1.,0.,0.));
#2875 = CYLINDRICAL_SURFACE('',#2876,1.6);
#2876 = AXIS2_PLACEMENT_3D('',#2877,#2878,#2879);
#2877 = CARTESIAN_POINT('',(4.,3.,18.));
#2878 = DIRECTION('',(-0.,-0.,-1.));
#2879 = DIRECTION('',(1.,0.,0.));
#2880 = ADVANCED_FACE('',(#2881),#2923,.F.);
#2881 = FACE_BOUND('',#2882,.T.);
#2882 = EDGE_LOOP('',(#2883,#2892,#2898,#2899,#2900,#2909,#2916));
#2883 = ORIENTED_EDGE('',*,*,#2884,.F.);
#2884 = EDGE_CURVE('',#1982,#2885,#2887,.T.);
#2885 = VERTEX_POINT('',#2886);
#2886 = CARTESIAN_POINT('',(-11.,-17.6,17.6));
#2887 = CIRCLE('',#2888,1.6);
#2888 = AXIS2_PLACEMENT_3D('',#2889,#2890,#2891);
#2889 = CARTESIAN_POINT('',(-11.,-16.,17.6));
#2890 = DIRECTION('',(0.,0.,-1.));
#2891 = DIRECTION('',(1.,0.,0.));
#2892 = ORIENTED_EDGE('',*,*,#2893,.T.);
#2893 = EDGE_CURVE('',#1982,#1694,#2894,.T.);
#2894 = LINE('',#2895,#2896);
#2895 = CARTESIAN_POINT('',(-9.4,-16.,18.));
#2896 = VECTOR('',#2897,1.);
#2897 = DIRECTION('',(-6.E-17,0.,-1.));
#2898 = ORIENTED_EDGE('',*,*,#1693,.T.);
#2899 = ORIENTED_EDGE('',*,*,#2893,.F.);
#2900 = ORIENTED_EDGE('',*,*,#2901,.F.);
#2901 = EDGE_CURVE('',#2902,#1982,#2904,.T.);
#2902 = VERTEX_POINT('',#2903);
#2903 = CARTESIAN_POINT('',(-11.,-14.4,17.6));
#2904 = CIRCLE('',#2905,1.6);
#2905 = AXIS2_PLACEMENT_3D('',#2906,#2907,#2908);
#2906 = CARTESIAN_POINT('',(-11.,-16.,17.6));
#2907 = DIRECTION('',(0.,0.,-1.));
#2908 = DIRECTION('',(1.,0.,0.));
#2909 = ORIENTED_EDGE('',*,*,#2910,.F.);
#2910 = EDGE_CURVE('',#1886,#2902,#2911,.T.);
#2911 = CIRCLE('',#2912,1.6);
#2912 = AXIS2_PLACEMENT_3D('',#2913,#2914,#2915);
#2913 = CARTESIAN_POINT('',(-11.,-16.,17.6));
#2914 = DIRECTION('',(0.,0.,-1.));
#2915 = DIRECTION('',(1.,0.,0.));
#2916 = ORIENTED_EDGE('',*,*,#2917,.F.);
#2917 = EDGE_CURVE('',#2885,#1886,#2918,.T.);
#2918 = CIRCLE('',#2919,1.6);
#2919 = AXIS2_PLACEMENT_3D('',#2920,#2921,#2922);
#2920 = CARTESIAN_POINT('',(-11.,-16.,17.6));
#2921 = DIRECTION('',(0.,0.,-1.));
#2922 = DIRECTION('',(1.,0.,0.));
#2923 = CYLINDRICAL_SURFACE('',#2924,1.6);
#2924 = AXIS2_PLACEMENT_3D('',#2925,#2926,#2927);
#2925 = CARTESIAN_POINT('',(-11.,-16.,18.));
#2926 = DIRECTION('',(-0.,-0.,-1.));
#2927 = DIRECTION('',(1.,0.,0.));
#2928 = ADVANCED_FACE('',(#2929),#2971,.F.);
#2929 = FACE_BOUND('',#2930,.T.);
#2930 = EDGE_LOOP('',(#2931,#2940,#2946,#2947,#2948,#2957,#2964));
#2931 = ORIENTED_EDGE('',*,*,#2932,.F.);
#2932 = EDGE_CURVE('',#2161,#2933,#2935,.T.);
#2933 = VERTEX_POINT('',#2934);
#2934 = CARTESIAN_POINT('',(1.,-12.6,17.6));
#2935 = CIRCLE('',#2936,2.6);
#2936 = AXIS2_PLACEMENT_3D('',#2937,#2938,#2939);
#2937 = CARTESIAN_POINT('',(1.,-10.,17.6));
#2938 = DIRECTION('',(0.,0.,-1.));
#2939 = DIRECTION('',(1.,0.,0.));
#2940 = ORIENTED_EDGE('',*,*,#2941,.T.);
#2941 = EDGE_CURVE('',#2161,#1836,#2942,.T.);
#2942 = LINE('',#2943,#2944);
#2943 = CARTESIAN_POINT('',(3.6,-10.,18.));
#2944 = VECTOR('',#2945,1.);
#2945 = DIRECTION('',(-6.E-17,0.,-1.));
#2946 = ORIENTED_EDGE('',*,*,#1835,.T.);
#2947 = ORIENTED_EDGE('',*,*,#2941,.F.);
#2948 = ORIENTED_EDGE('',*,*,#2949,.F.);
#2949 = EDGE_CURVE('',#2950,#2161,#2952,.T.);
#2950 = VERTEX_POINT('',#2951);
#2951 = CARTESIAN_POINT('',(1.,-7.4,17.6));
#2952 = CIRCLE('',#2953,2.6);
#2953 = AXIS2_PLACEMENT_3D('',#2954,#2955,#2956);
#2954 = CARTESIAN_POINT('',(1.,-10.,17.6));
#2955 = DIRECTION('',(0.,0.,-1.));
#2956 = DIRECTION('',(1.,0.,0.));
#2957 = ORIENTED_EDGE('',*,*,#2958,.F.);
#2958 = EDGE_CURVE('',#2073,#2950,#2959,.T.);
#2959 = CIRCLE('',#2960,2.6);
#2960 = AXIS2_PLACEMENT_3D('',#2961,#2962,#2963);
#2961 = CARTESIAN_POINT('',(1.,-10.,17.6));
#2962 = DIRECTION('',(0.,0.,-1.));
#2963 = DIRECTION('',(1.,0.,0.));
#2964 = ORIENTED_EDGE('',*,*,#2965,.F.);
#2965 = EDGE_CURVE('',#2933,#2073,#2966,.T.);
#2966 = CIRCLE('',#2967,2.6);
#2967 = AXIS2_PLACEMENT_3D('',#2968,#2969,#2970);
#2968 = CARTESIAN_POINT('',(1.,-10.,17.6));
#2969 = DIRECTION('',(0.,0.,-1.));
#2970 = DIRECTION('',(1.,0.,0.));
#2971 = CYLINDRICAL_SURFACE('',#2972,2.6);
#2972 = AXIS2_PLACEMENT_3D('',#2973,#2974,#2975);
#2973 = CARTESIAN_POINT('',(1.,-10.,18.));
#2974 = DIRECTION('',(-0.,-0.,-1.));
#2975 = DIRECTION('',(1.,0.,0.));
#2976 = ADVANCED_FACE('',(#2977),#2994,.T.);
#2977 = FACE_BOUND('',#2978,.T.);
#2978 = EDGE_LOOP('',(#2979,#2980,#2981,#2987,#2993));
#2979 = ORIENTED_EDGE('',*,*,#2032,.F.);
#2980 = ORIENTED_EDGE('',*,*,#1997,.T.);
#2981 = ORIENTED_EDGE('',*,*,#2982,.T.);
#2982 = EDGE_CURVE('',#1990,#2885,#2983,.T.);
#2983 = LINE('',#2984,#2985);
#2984 = CARTESIAN_POINT('',(-9.4,-17.6,17.6));
#2985 = VECTOR('',#2986,1.);
#2986 = DIRECTION('',(-1.,0.,0.));
#2987 = ORIENTED_EDGE('',*,*,#2988,.T.);
#2988 = EDGE_CURVE('',#2885,#1878,#2989,.T.);
#2989 = LINE('',#2990,#2991);
#2990 = CARTESIAN_POINT('',(-9.4,-17.6,17.6));
#2991 = VECTOR('',#2992,1.);
#2992 = DIRECTION('',(-1.,0.,0.));
#2993 = ORIENTED_EDGE('',*,*,#1877,.F.);
#2994 = PLANE('',#2995);
#2995 = AXIS2_PLACEMENT_3D('',#2996,#2997,#2998);
#2996 = CARTESIAN_POINT('',(-11.,-17.6,17.7));
#2997 = DIRECTION('',(0.,1.,0.));
#2998 = DIRECTION('',(0.,0.,1.));
#2999 = ADVANCED_FACE('',(#3000),#3005,.T.);
#3000 = FACE_BOUND('',#3001,.T.);
#3001 = EDGE_LOOP('',(#3002,#3003,#3004));
#3002 = ORIENTED_EDGE('',*,*,#2917,.T.);
#3003 = ORIENTED_EDGE('',*,*,#1885,.F.);
#3004 = ORIENTED_EDGE('',*,*,#2988,.F.);
#3005 = PLANE('',#3006);
#3006 = AXIS2_PLACEMENT_3D('',#3007,#3008,#3009);
#3007 = CARTESIAN_POINT('',(-3.5,-6.5,17.6));
#3008 = DIRECTION('',(0.,0.,1.));
#3009 = DIRECTION('',(1.,0.,0.));
#3010 = ADVANCED_FACE('',(#3011),#3021,.T.);
#3011 = FACE_BOUND('',#3012,.T.);
#3012 = EDGE_LOOP('',(#3013,#3019,#3020));
#3013 = ORIENTED_EDGE('',*,*,#3014,.F.);
#3014 = EDGE_CURVE('',#1894,#2902,#3015,.T.);
#3015 = LINE('',#3016,#3017);
#3016 = CARTESIAN_POINT('',(-12.6,-14.4,17.6));
#3017 = VECTOR('',#3018,1.);
#3018 = DIRECTION('',(1.,0.,0.));
#3019 = ORIENTED_EDGE('',*,*,#1893,.F.);
#3020 = ORIENTED_EDGE('',*,*,#2910,.T.);
#3021 = PLANE('',#3022);
#3022 = AXIS2_PLACEMENT_3D('',#3023,#3024,#3025);
#3023 = CARTESIAN_POINT('',(-3.5,-6.5,17.6));
#3024 = DIRECTION('',(0.,0.,1.));
#3025 = DIRECTION('',(1.,0.,0.));
#3026 = ADVANCED_FACE('',(#3027),#3039,.T.);
#3027 = FACE_BOUND('',#3028,.T.);
#3028 = EDGE_LOOP('',(#3029,#3030,#3031,#3032,#3038));
#3029 = ORIENTED_EDGE('',*,*,#1951,.F.);
#3030 = ORIENTED_EDGE('',*,*,#1901,.T.);
#3031 = ORIENTED_EDGE('',*,*,#3014,.T.);
#3032 = ORIENTED_EDGE('',*,*,#3033,.T.);
#3033 = EDGE_CURVE('',#2902,#1974,#3034,.T.);
#3034 = LINE('',#3035,#3036);
#3035 = CARTESIAN_POINT('',(-12.6,-14.4,17.6));
#3036 = VECTOR('',#3037,1.);
#3037 = DIRECTION('',(1.,0.,0.));
#3038 = ORIENTED_EDGE('',*,*,#1973,.F.);
#3039 = PLANE('',#3040);
#3040 = AXIS2_PLACEMENT_3D('',#3041,#3042,#3043);
#3041 = CARTESIAN_POINT('',(-11.,-14.4,17.7));
#3042 = DIRECTION('',(-0.,-1.,-0.));
#3043 = DIRECTION('',(0.,0.,-1.));
#3044 = ADVANCED_FACE('',(#3045),#3050,.T.);
#3045 = FACE_BOUND('',#3046,.T.);
#3046 = EDGE_LOOP('',(#3047,#3048,#3049));
#3047 = ORIENTED_EDGE('',*,*,#3033,.F.);
#3048 = ORIENTED_EDGE('',*,*,#2901,.T.);
#3049 = ORIENTED_EDGE('',*,*,#1981,.F.);
#3050 = PLANE('',#3051);
#3051 = AXIS2_PLACEMENT_3D('',#3052,#3053,#3054);
#3052 = CARTESIAN_POINT('',(-3.5,-6.5,17.6));
#3053 = DIRECTION('',(0.,0.,1.));
#3054 = DIRECTION('',(1.,0.,0.));
#3055 = ADVANCED_FACE('',(#3056),#3061,.T.);
#3056 = FACE_BOUND('',#3057,.T.);
#3057 = EDGE_LOOP('',(#3058,#3059,#3060));
#3058 = ORIENTED_EDGE('',*,*,#1989,.F.);
#3059 = ORIENTED_EDGE('',*,*,#2884,.T.);
#3060 = ORIENTED_EDGE('',*,*,#2982,.F.);
#3061 = PLANE('',#3062);
#3062 = AXIS2_PLACEMENT_3D('',#3063,#3064,#3065);
#3063 = CARTESIAN_POINT('',(-3.5,-6.5,17.6));
#3064 = DIRECTION('',(0.,0.,1.));
#3065 = DIRECTION('',(1.,0.,0.));
#3066 = ADVANCED_FACE('',(#3067),#3084,.T.);
#3067 = FACE_BOUND('',#3068,.T.);
#3068 = EDGE_LOOP('',(#3069,#3070,#3071,#3077,#3083));
#3069 = ORIENTED_EDGE('',*,*,#2211,.F.);
#3070 = ORIENTED_EDGE('',*,*,#2176,.T.);
#3071 = ORIENTED_EDGE('',*,*,#3072,.T.);
#3072 = EDGE_CURVE('',#2169,#2933,#3073,.T.);
#3073 = LINE('',#3074,#3075);
#3074 = CARTESIAN_POINT('',(3.6,-12.6,17.6));
#3075 = VECTOR('',#3076,1.);
#3076 = DIRECTION('',(-1.,0.,0.));
#3077 = ORIENTED_EDGE('',*,*,#3078,.T.);
#3078 = EDGE_CURVE('',#2933,#2065,#3079,.T.);
#3079 = LINE('',#3080,#3081);
#3080 = CARTESIAN_POINT('',(3.6,-12.6,17.6));
#3081 = VECTOR('',#3082,1.);
#3082 = DIRECTION('',(-1.,0.,0.));
#3083 = ORIENTED_EDGE('',*,*,#2064,.F.);
#3084 = PLANE('',#3085);
#3085 = AXIS2_PLACEMENT_3D('',#3086,#3087,#3088);
#3086 = CARTESIAN_POINT('',(1.,-12.6,17.7));
#3087 = DIRECTION('',(0.,1.,0.));
#3088 = DIRECTION('',(0.,0.,1.));
#3089 = ADVANCED_FACE('',(#3090),#3095,.T.);
#3090 = FACE_BOUND('',#3091,.T.);
#3091 = EDGE_LOOP('',(#3092,#3093,#3094));
#3092 = ORIENTED_EDGE('',*,*,#2965,.T.);
#3093 = ORIENTED_EDGE('',*,*,#2072,.F.);
#3094 = ORIENTED_EDGE('',*,*,#3078,.F.);
#3095 = PLANE('',#3096);
#3096 = AXIS2_PLACEMENT_3D('',#3097,#3098,#3099);
#3097 = CARTESIAN_POINT('',(-3.,-3.,17.6));
#3098 = DIRECTION('',(0.,0.,1.));
#3099 = DIRECTION('',(1.,0.,0.));
#3100 = ADVANCED_FACE('',(#3101),#3111,.T.);
#3101 = FACE_BOUND('',#3102,.T.);
#3102 = EDGE_LOOP('',(#3103,#3109,#3110));
#3103 = ORIENTED_EDGE('',*,*,#3104,.F.);
#3104 = EDGE_CURVE('',#2081,#2950,#3105,.T.);
#3105 = LINE('',#3106,#3107);
#3106 = CARTESIAN_POINT('',(-1.6,-7.4,17.6));
#3107 = VECTOR('',#3108,1.);
#3108 = DIRECTION('',(1.,0.,0.));
#3109 = ORIENTED_EDGE('',*,*,#2080,.F.);
#3110 = ORIENTED_EDGE('',*,*,#2958,.T.);
#3111 = PLANE('',#3112);
#3112 = AXIS2_PLACEMENT_3D('',#3113,#3114,#3115);
#3113 = CARTESIAN_POINT('',(-3.,-3.,17.6));
#3114 = DIRECTION('',(0.,0.,1.));
#3115 = DIRECTION('',(1.,0.,0.));
#3116 = ADVANCED_FACE('',(#3117),#3129,.T.);
#3117 = FACE_BOUND('',#3118,.T.);
#3118 = EDGE_LOOP('',(#3119,#3120,#3121,#3122,#3128));
#3119 = ORIENTED_EDGE('',*,*,#2130,.F.);
#3120 = ORIENTED_EDGE('',*,*,#2088,.T.);
#3121 = ORIENTED_EDGE('',*,*,#3104,.T.);
#3122 = ORIENTED_EDGE('',*,*,#3123,.T.);
#3123 = EDGE_CURVE('',#2950,#2153,#3124,.T.);
#3124 = LINE('',#3125,#3126);
#3125 = CARTESIAN_POINT('',(-1.6,-7.4,17.6));
#3126 = VECTOR('',#3127,1.);
#3127 = DIRECTION('',(1.,0.,0.));
#3128 = ORIENTED_EDGE('',*,*,#2152,.F.);
#3129 = PLANE('',#3130);
#3130 = AXIS2_PLACEMENT_3D('',#3131,#3132,#3133);
#3131 = CARTESIAN_POINT('',(1.,-7.4,17.7));
#3132 = DIRECTION('',(-0.,-1.,-0.));
#3133 = DIRECTION('',(0.,0.,-1.));
#3134 = ADVANCED_FACE('',(#3135),#3140,.T.);
#3135 = FACE_BOUND('',#3136,.T.);
#3136 = EDGE_LOOP('',(#3137,#3138,#3139));
#3137 = ORIENTED_EDGE('',*,*,#3123,.F.);
#3138 = ORIENTED_EDGE('',*,*,#2949,.T.);
#3139 = ORIENTED_EDGE('',*,*,#2160,.F.);
#3140 = PLANE('',#3141);
#3141 = AXIS2_PLACEMENT_3D('',#3142,#3143,#3144);
#3142 = CARTESIAN_POINT('',(-3.,-3.,17.6));
#3143 = DIRECTION('',(0.,0.,1.));
#3144 = DIRECTION('',(1.,0.,0.));
#3145 = ADVANCED_FACE('',(#3146),#3151,.T.);
#3146 = FACE_BOUND('',#3147,.T.);
#3147 = EDGE_LOOP('',(#3148,#3149,#3150));
#3148 = ORIENTED_EDGE('',*,*,#2168,.F.);
#3149 = ORIENTED_EDGE('',*,*,#2932,.T.);
#3150 = ORIENTED_EDGE('',*,*,#3072,.F.);
#3151 = PLANE('',#3152);
#3152 = AXIS2_PLACEMENT_3D('',#3153,#3154,#3155);
#3153 = CARTESIAN_POINT('',(-3.,-3.,17.6));
#3154 = DIRECTION('',(0.,0.,1.));
#3155 = DIRECTION('',(1.,0.,0.));
#3156 = ADVANCED_FACE('',(#3157),#3174,.T.);
#3157 = FACE_BOUND('',#3158,.T.);
#3158 = EDGE_LOOP('',(#3159,#3160,#3161,#3167,#3173));
#3159 = ORIENTED_EDGE('',*,*,#2483,.F.);
#3160 = ORIENTED_EDGE('',*,*,#2448,.T.);
#3161 = ORIENTED_EDGE('',*,*,#3162,.T.);
#3162 = EDGE_CURVE('',#2441,#2789,#3163,.T.);
#3163 = LINE('',#3164,#3165);
#3164 = CARTESIAN_POINT('',(-4.4,1.4,17.6));
#3165 = VECTOR('',#3166,1.);
#3166 = DIRECTION('',(-1.,0.,0.));
#3167 = ORIENTED_EDGE('',*,*,#3168,.T.);
#3168 = EDGE_CURVE('',#2789,#2329,#3169,.T.);
#3169 = LINE('',#3170,#3171);
#3170 = CARTESIAN_POINT('',(-4.4,1.4,17.6));
#3171 = VECTOR('',#3172,1.);
#3172 = DIRECTION('',(-1.,0.,0.));
#3173 = ORIENTED_EDGE('',*,*,#2328,.F.);
#3174 = PLANE('',#3175);
#3175 = AXIS2_PLACEMENT_3D('',#3176,#3177,#3178);
#3176 = CARTESIAN_POINT('',(-7.,1.4,17.7));
#3177 = DIRECTION('',(0.,1.,0.));
#3178 = DIRECTION('',(0.,0.,1.));
#3179 = ADVANCED_FACE('',(#3180),#3185,.T.);
#3180 = FACE_BOUND('',#3181,.T.);
#3181 = EDGE_LOOP('',(#3182,#3183,#3184));
#3182 = ORIENTED_EDGE('',*,*,#2821,.T.);
#3183 = ORIENTED_EDGE('',*,*,#2336,.F.);
#3184 = ORIENTED_EDGE('',*,*,#3168,.F.);
#3185 = PLANE('',#3186);
#3186 = AXIS2_PLACEMENT_3D('',#3187,#3188,#3189);
#3187 = CARTESIAN_POINT('',(-3.,-3.,17.6));
#3188 = DIRECTION('',(0.,0.,1.));
#3189 = DIRECTION('',(1.,0.,0.));
#3190 = ADVANCED_FACE('',(#3191),#3201,.T.);
#3191 = FACE_BOUND('',#3192,.T.);
#3192 = EDGE_LOOP('',(#3193,#3199,#3200));
#3193 = ORIENTED_EDGE('',*,*,#3194,.F.);
#3194 = EDGE_CURVE('',#2345,#2806,#3195,.T.);
#3195 = LINE('',#3196,#3197);
#3196 = CARTESIAN_POINT('',(-9.6,6.6,17.6));
#3197 = VECTOR('',#3198,1.);
#3198 = DIRECTION('',(1.,0.,0.));
#3199 = ORIENTED_EDGE('',*,*,#2344,.F.);
#3200 = ORIENTED_EDGE('',*,*,#2814,.T.);
#3201 = PLANE('',#3202);
#3202 = AXIS2_PLACEMENT_3D('',#3203,#3204,#3205);
#3203 = CARTESIAN_POINT('',(-3.,-3.,17.6));
#3204 = DIRECTION('',(0.,0.,1.));
#3205 = DIRECTION('',(1.,0.,0.));
#3206 = ADVANCED_FACE('',(#3207),#3219,.T.);
#3207 = FACE_BOUND('',#3208,.T.);
#3208 = EDGE_LOOP('',(#3209,#3210,#3211,#3212,#3218));
#3209 = ORIENTED_EDGE('',*,*,#2402,.F.);
#3210 = ORIENTED_EDGE('',*,*,#2352,.T.);
#3211 = ORIENTED_EDGE('',*,*,#3194,.T.);
#3212 = ORIENTED_EDGE('',*,*,#3213,.T.);
#3213 = EDGE_CURVE('',#2806,#2425,#3214,.T.);
#3214 = LINE('',#3215,#3216);
#3215 = CARTESIAN_POINT('',(-9.6,6.6,17.6));
#3216 = VECTOR('',#3217,1.);
#3217 = DIRECTION('',(1.,0.,0.));
#3218 = ORIENTED_EDGE('',*,*,#2424,.F.);
#3219 = PLANE('',#3220);
#3220 = AXIS2_PLACEMENT_3D('',#3221,#3222,#3223);
#3221 = CARTESIAN_POINT('',(-7.,6.6,17.7));
#3222 = DIRECTION('',(-0.,-1.,-0.));
#3223 = DIRECTION('',(0.,0.,-1.));
#3224 = ADVANCED_FACE('',(#3225),#3230,.T.);
#3225 = FACE_BOUND('',#3226,.T.);
#3226 = EDGE_LOOP('',(#3227,#3228,#3229));
#3227 = ORIENTED_EDGE('',*,*,#3213,.F.);
#3228 = ORIENTED_EDGE('',*,*,#2805,.T.);
#3229 = ORIENTED_EDGE('',*,*,#2432,.F.);
#3230 = PLANE('',#3231);
#3231 = AXIS2_PLACEMENT_3D('',#3232,#3233,#3234);
#3232 = CARTESIAN_POINT('',(-3.,-3.,17.6));
#3233 = DIRECTION('',(0.,0.,1.));
#3234 = DIRECTION('',(1.,0.,0.));
#3235 = ADVANCED_FACE('',(#3236),#3241,.T.);
#3236 = FACE_BOUND('',#3237,.T.);
#3237 = EDGE_LOOP('',(#3238,#3239,#3240));
#3238 = ORIENTED_EDGE('',*,*,#2440,.F.);
#3239 = ORIENTED_EDGE('',*,*,#2788,.T.);
#3240 = ORIENTED_EDGE('',*,*,#3162,.F.);
#3241 = PLANE('',#3242);
#3242 = AXIS2_PLACEMENT_3D('',#3243,#3244,#3245);
#3243 = CARTESIAN_POINT('',(-3.,-3.,17.6));
#3244 = DIRECTION('',(0.,0.,1.));
#3245 = DIRECTION('',(1.,0.,0.));
#3246 = ADVANCED_FACE('',(#3247),#3264,.T.);
#3247 = FACE_BOUND('',#3248,.T.);
#3248 = EDGE_LOOP('',(#3249,#3250,#3251,#3257,#3263));
#3249 = ORIENTED_EDGE('',*,*,#2662,.F.);
#3250 = ORIENTED_EDGE('',*,*,#2627,.T.);
#3251 = ORIENTED_EDGE('',*,*,#3252,.T.);
#3252 = EDGE_CURVE('',#2620,#2837,#3253,.T.);
#3253 = LINE('',#3254,#3255);
#3254 = CARTESIAN_POINT('',(5.6,1.4,17.6));
#3255 = VECTOR('',#3256,1.);
#3256 = DIRECTION('',(-1.,0.,0.));
#3257 = ORIENTED_EDGE('',*,*,#3258,.T.);
#3258 = EDGE_CURVE('',#2837,#2516,#3259,.T.);
#3259 = LINE('',#3260,#3261);
#3260 = CARTESIAN_POINT('',(5.6,1.4,17.6));
#3261 = VECTOR('',#3262,1.);
#3262 = DIRECTION('',(-1.,0.,0.));
#3263 = ORIENTED_EDGE('',*,*,#2515,.F.);
#3264 = PLANE('',#3265);
#3265 = AXIS2_PLACEMENT_3D('',#3266,#3267,#3268);
#3266 = CARTESIAN_POINT('',(4.,1.4,17.7));
#3267 = DIRECTION('',(0.,1.,1.04E-15));
#3268 = DIRECTION('',(0.,-1.04E-15,1.));
#3269 = ADVANCED_FACE('',(#3270),#3275,.T.);
#3270 = FACE_BOUND('',#3271,.T.);
#3271 = EDGE_LOOP('',(#3272,#3273,#3274));
#3272 = ORIENTED_EDGE('',*,*,#2869,.T.);
#3273 = ORIENTED_EDGE('',*,*,#2523,.F.);
#3274 = ORIENTED_EDGE('',*,*,#3258,.F.);
#3275 = PLANE('',#3276);
#3276 = AXIS2_PLACEMENT_3D('',#3277,#3278,#3279);
#3277 = CARTESIAN_POINT('',(-3.5,-6.5,17.6));
#3278 = DIRECTION('',(0.,0.,1.));
#3279 = DIRECTION('',(1.,0.,0.));
#3280 = ADVANCED_FACE('',(#3281),#3291,.T.);
#3281 = FACE_BOUND('',#3282,.T.);
#3282 = EDGE_LOOP('',(#3283,#3289,#3290));
#3283 = ORIENTED_EDGE('',*,*,#3284,.F.);
#3284 = EDGE_CURVE('',#2532,#2854,#3285,.T.);
#3285 = LINE('',#3286,#3287);
#3286 = CARTESIAN_POINT('',(2.4,4.6,17.6));
#3287 = VECTOR('',#3288,1.);
#3288 = DIRECTION('',(1.,0.,0.));
#3289 = ORIENTED_EDGE('',*,*,#2531,.F.);
#3290 = ORIENTED_EDGE('',*,*,#2862,.T.);
#3291 = PLANE('',#3292);
#3292 = AXIS2_PLACEMENT_3D('',#3293,#3294,#3295);
#3293 = CARTESIAN_POINT('',(-3.5,-6.5,17.6));
#3294 = DIRECTION('',(0.,0.,1.));
#3295 = DIRECTION('',(1.,0.,0.));
#3296 = ADVANCED_FACE('',(#3297),#3309,.T.);
#3297 = FACE_BOUND('',#3298,.T.);
#3298 = EDGE_LOOP('',(#3299,#3300,#3301,#3302,#3308));
#3299 = ORIENTED_EDGE('',*,*,#2581,.F.);
#3300 = ORIENTED_EDGE('',*,*,#2539,.T.);
#3301 = ORIENTED_EDGE('',*,*,#3284,.T.);
#3302 = ORIENTED_EDGE('',*,*,#3303,.T.);
#3303 = EDGE_CURVE('',#2854,#2604,#3304,.T.);
#3304 = LINE('',#3305,#3306);
#3305 = CARTESIAN_POINT('',(2.4,4.6,17.6));
#3306 = VECTOR('',#3307,1.);
#3307 = DIRECTION('',(1.,0.,0.));
#3308 = ORIENTED_EDGE('',*,*,#2603,.F.);
#3309 = PLANE('',#3310);
#3310 = AXIS2_PLACEMENT_3D('',#3311,#3312,#3313);
#3311 = CARTESIAN_POINT('',(4.,4.6,17.7));
#3312 = DIRECTION('',(-0.,-1.,-0.));
#3313 = DIRECTION('',(0.,0.,-1.));
#3314 = ADVANCED_FACE('',(#3315),#3320,.T.);
#3315 = FACE_BOUND('',#3316,.T.);
#3316 = EDGE_LOOP('',(#3317,#3318,#3319));
#3317 = ORIENTED_EDGE('',*,*,#3303,.F.);
#3318 = ORIENTED_EDGE('',*,*,#2853,.T.);
#3319 = ORIENTED_EDGE('',*,*,#2611,.F.);
#3320 = PLANE('',#3321);
#3321 = AXIS2_PLACEMENT_3D('',#3322,#3323,#3324);
#3322 = CARTESIAN_POINT('',(-3.5,-6.5,17.6));
#3323 = DIRECTION('',(0.,0.,1.));
#3324 = DIRECTION('',(1.,0.,0.));
#3325 = ADVANCED_FACE('',(#3326),#3331,.T.);
#3326 = FACE_BOUND('',#3327,.T.);
#3327 = EDGE_LOOP('',(#3328,#3329,#3330));
#3328 = ORIENTED_EDGE('',*,*,#2619,.F.);
#3329 = ORIENTED_EDGE('',*,*,#2836,.T.);
#3330 = ORIENTED_EDGE('',*,*,#3252,.F.);
#3331 = PLANE('',#3332);
#3332 = AXIS2_PLACEMENT_3D('',#3333,#3334,#3335);
#3333 = CARTESIAN_POINT('',(-3.5,-6.5,17.6));
#3334 = DIRECTION('',(0.,0.,1.));
#3335 = DIRECTION('',(1.,0.,0.));
#3336 = ADVANCED_FACE('',(#3337),#3354,.T.);
#3337 = FACE_BOUND('',#3338,.T.);
#3338 = EDGE_LOOP('',(#3339,#3347,#3348));
#3339 = ORIENTED_EDGE('',*,*,#3340,.F.);
#3340 = EDGE_CURVE('',#2679,#3341,#3343,.T.);
#3341 = VERTEX_POINT('',#3342);
#3342 = CARTESIAN_POINT('',(-38.4,18.4,11.6));
#3343 = LINE('',#3344,#3345);
#3344 = CARTESIAN_POINT('',(-38.4,21.6,11.6));
#3345 = VECTOR('',#3346,1.);
#3346 = DIRECTION('',(0.,-1.,0.));
#3347 = ORIENTED_EDGE('',*,*,#2678,.T.);
#3348 = ORIENTED_EDGE('',*,*,#3349,.F.);
#3349 = EDGE_CURVE('',#3341,#2681,#3350,.T.);
#3350 = LINE('',#3351,#3352);
#3351 = CARTESIAN_POINT('',(-38.4,18.4,11.6));
#3352 = VECTOR('',#3353,1.);
#3353 = DIRECTION('',(-1.,0.,0.));
#3354 = PLANE('',#3355);
#3355 = AXIS2_PLACEMENT_3D('',#3356,#3357,#3358);
#3356 = CARTESIAN_POINT('',(-32.5,20.,11.6));
#3357 = DIRECTION('',(0.,0.,1.));
#3358 = DIRECTION('',(1.,0.,0.));
#3359 = ADVANCED_FACE('',(#3360),#3377,.T.);
#3360 = FACE_BOUND('',#3361,.T.);
#3361 = EDGE_LOOP('',(#3362,#3363,#3371));
#3362 = ORIENTED_EDGE('',*,*,#2715,.T.);
#3363 = ORIENTED_EDGE('',*,*,#3364,.F.);
#3364 = EDGE_CURVE('',#3365,#2707,#3367,.T.);
#3365 = VERTEX_POINT('',#3366);
#3366 = CARTESIAN_POINT('',(-41.6,18.4,11.6));
#3367 = LINE('',#3368,#3369);
#3368 = CARTESIAN_POINT('',(-41.6,18.4,11.6));
#3369 = VECTOR('',#3370,1.);
#3370 = DIRECTION('',(0.,1.,0.));
#3371 = ORIENTED_EDGE('',*,*,#3372,.F.);
#3372 = EDGE_CURVE('',#2681,#3365,#3373,.T.);
#3373 = LINE('',#3374,#3375);
#3374 = CARTESIAN_POINT('',(-38.4,18.4,11.6));
#3375 = VECTOR('',#3376,1.);
#3376 = DIRECTION('',(-1.,0.,0.));
#3377 = PLANE('',#3378);
#3378 = AXIS2_PLACEMENT_3D('',#3379,#3380,#3381);
#3379 = CARTESIAN_POINT('',(-32.5,20.,11.6));
#3380 = DIRECTION('',(0.,0.,1.));
#3381 = DIRECTION('',(1.,0.,0.));
#3382 = ADVANCED_FACE('',(#3383),#3400,.T.);
#3383 = FACE_BOUND('',#3384,.T.);
#3384 = EDGE_LOOP('',(#3385,#3393,#3399));
#3385 = ORIENTED_EDGE('',*,*,#3386,.F.);
#3386 = EDGE_CURVE('',#3387,#2698,#3389,.T.);
#3387 = VERTEX_POINT('',#3388);
#3388 = CARTESIAN_POINT('',(-41.6,21.6,11.6));
#3389 = LINE('',#3390,#3391);
#3390 = CARTESIAN_POINT('',(-41.6,21.6,11.6));
#3391 = VECTOR('',#3392,1.);
#3392 = DIRECTION('',(1.,0.,0.));
#3393 = ORIENTED_EDGE('',*,*,#3394,.F.);
#3394 = EDGE_CURVE('',#2707,#3387,#3395,.T.);
#3395 = LINE('',#3396,#3397);
#3396 = CARTESIAN_POINT('',(-41.6,18.4,11.6));
#3397 = VECTOR('',#3398,1.);
#3398 = DIRECTION('',(0.,1.,0.));
#3399 = ORIENTED_EDGE('',*,*,#2706,.T.);
#3400 = PLANE('',#3401);
#3401 = AXIS2_PLACEMENT_3D('',#3402,#3403,#3404);
#3402 = CARTESIAN_POINT('',(-32.5,20.,11.6));
#3403 = DIRECTION('',(0.,0.,1.));
#3404 = DIRECTION('',(1.,0.,0.));
#3405 = ADVANCED_FACE('',(#3406),#3423,.T.);
#3406 = FACE_BOUND('',#3407,.T.);
#3407 = EDGE_LOOP('',(#3408,#3416,#3417));
#3408 = ORIENTED_EDGE('',*,*,#3409,.F.);
#3409 = EDGE_CURVE('',#2698,#3410,#3412,.T.);
#3410 = VERTEX_POINT('',#3411);
#3411 = CARTESIAN_POINT('',(-38.4,21.6,11.6));
#3412 = LINE('',#3413,#3414);
#3413 = CARTESIAN_POINT('',(-41.6,21.6,11.6));
#3414 = VECTOR('',#3415,1.);
#3415 = DIRECTION('',(1.,0.,0.));
#3416 = ORIENTED_EDGE('',*,*,#2697,.T.);
#3417 = ORIENTED_EDGE('',*,*,#3418,.F.);
#3418 = EDGE_CURVE('',#3410,#2679,#3419,.T.);
#3419 = LINE('',#3420,#3421);
#3420 = CARTESIAN_POINT('',(-38.4,21.6,11.6));
#3421 = VECTOR('',#3422,1.);
#3422 = DIRECTION('',(0.,-1.,0.));
#3423 = PLANE('',#3424);
#3424 = AXIS2_PLACEMENT_3D('',#3425,#3426,#3427);
#3425 = CARTESIAN_POINT('',(-32.5,20.,11.6));
#3426 = DIRECTION('',(0.,0.,1.));
#3427 = DIRECTION('',(1.,0.,0.));
#3428 = ADVANCED_FACE('',(#3429),#3450,.T.);
#3429 = FACE_BOUND('',#3430,.T.);
#3430 = EDGE_LOOP('',(#3431,#3432,#3433,#3434,#3435,#3441,#3442,#3443,
    #3449));
#3431 = ORIENTED_EDGE('',*,*,#55,.F.);
#3432 = ORIENTED_EDGE('',*,*,#21,.T.);
#3433 = ORIENTED_EDGE('',*,*,#46,.T.);
#3434 = ORIENTED_EDGE('',*,*,#219,.F.);
#3435 = ORIENTED_EDGE('',*,*,#3436,.T.);
#3436 = EDGE_CURVE('',#212,#1469,#3437,.T.);
#3437 = LINE('',#3438,#3439);
#3438 = CARTESIAN_POINT('',(-26.6,18.4,21.));
#3439 = VECTOR('',#3440,1.);
#3440 = DIRECTION('',(-0.,-0.,-1.));
#3441 = ORIENTED_EDGE('',*,*,#1468,.T.);
#3442 = ORIENTED_EDGE('',*,*,#1540,.T.);
#3443 = ORIENTED_EDGE('',*,*,#3444,.F.);
#3444 = EDGE_CURVE('',#182,#1533,#3445,.T.);
#3445 = LINE('',#3446,#3447);
#3446 = CARTESIAN_POINT('',(-26.6,21.6,21.));
#3447 = VECTOR('',#3448,1.);
#3448 = DIRECTION('',(-0.,-0.,-1.));
#3449 = ORIENTED_EDGE('',*,*,#181,.F.);
#3450 = PLANE('',#3451);
#3451 = AXIS2_PLACEMENT_3D('',#3452,#3453,#3454);
#3452 = CARTESIAN_POINT('',(-26.6,20.,11.835636876059));
#3453 = DIRECTION('',(1.,0.,-1.531429239663E-13));
#3454 = DIRECTION('',(1.531429239663E-13,0.,1.));
#3455 = ADVANCED_FACE('',(#3456),#3477,.T.);
#3456 = FACE_BOUND('',#3457,.T.);
#3457 = EDGE_LOOP('',(#3458,#3459,#3460,#3461,#3467,#3468,#3469,#3475,
    #3476));
#3458 = ORIENTED_EDGE('',*,*,#236,.F.);
#3459 = ORIENTED_EDGE('',*,*,#72,.T.);
#3460 = ORIENTED_EDGE('',*,*,#172,.T.);
#3461 = ORIENTED_EDGE('',*,*,#3462,.T.);
#3462 = EDGE_CURVE('',#173,#1556,#3463,.T.);
#3463 = LINE('',#3464,#3465);
#3464 = CARTESIAN_POINT('',(-23.4,21.6,21.));
#3465 = VECTOR('',#3466,1.);
#3466 = DIRECTION('',(-0.,-0.,-1.));
#3467 = ORIENTED_EDGE('',*,*,#1564,.T.);
#3468 = ORIENTED_EDGE('',*,*,#1578,.T.);
#3469 = ORIENTED_EDGE('',*,*,#3470,.F.);
#3470 = EDGE_CURVE('',#204,#1579,#3471,.T.);
#3471 = LINE('',#3472,#3473);
#3472 = CARTESIAN_POINT('',(-23.4,18.4,21.));
#3473 = VECTOR('',#3474,1.);
#3474 = DIRECTION('',(-0.,-0.,-1.));
#3475 = ORIENTED_EDGE('',*,*,#203,.T.);
#3476 = ORIENTED_EDGE('',*,*,#149,.F.);
#3477 = PLANE('',#3478);
#3478 = AXIS2_PLACEMENT_3D('',#3479,#3480,#3481);
#3479 = CARTESIAN_POINT('',(-23.4,20.,11.835636876059));
#3480 = DIRECTION('',(-1.,7.466913144683E-16,-1.914286549579E-13));
#3481 = DIRECTION('',(1.914286549579E-13,0.,-1.));
#3482 = ADVANCED_FACE('',(#3483),#3490,.T.);
#3483 = FACE_BOUND('',#3484,.T.);
#3484 = EDGE_LOOP('',(#3485,#3486,#3487,#3488,#3489));
#3485 = ORIENTED_EDGE('',*,*,#189,.F.);
#3486 = ORIENTED_EDGE('',*,*,#3444,.T.);
#3487 = ORIENTED_EDGE('',*,*,#1532,.T.);
#3488 = ORIENTED_EDGE('',*,*,#1555,.T.);
#3489 = ORIENTED_EDGE('',*,*,#3462,.F.);
#3490 = PLANE('',#3491);
#3491 = AXIS2_PLACEMENT_3D('',#3492,#3493,#3494);
#3492 = CARTESIAN_POINT('',(-25.,21.6,11.7));
#3493 = DIRECTION('',(-0.,-1.,-0.));
#3494 = DIRECTION('',(0.,0.,-1.));
#3495 = ADVANCED_FACE('',(#3496),#3513,.T.);
#3496 = FACE_BOUND('',#3497,.T.);
#3497 = EDGE_LOOP('',(#3498,#3499,#3505,#3506,#3507));
#3498 = ORIENTED_EDGE('',*,*,#2259,.F.);
#3499 = ORIENTED_EDGE('',*,*,#3500,.T.);
#3500 = EDGE_CURVE('',#2252,#3387,#3501,.T.);
#3501 = LINE('',#3502,#3503);
#3502 = CARTESIAN_POINT('',(-41.6,21.6,21.));
#3503 = VECTOR('',#3504,1.);
#3504 = DIRECTION('',(-0.,-0.,-1.));
#3505 = ORIENTED_EDGE('',*,*,#3386,.T.);
#3506 = ORIENTED_EDGE('',*,*,#3409,.T.);
#3507 = ORIENTED_EDGE('',*,*,#3508,.F.);
#3508 = EDGE_CURVE('',#2243,#3410,#3509,.T.);
#3509 = LINE('',#3510,#3511);
#3510 = CARTESIAN_POINT('',(-38.4,21.6,21.));
#3511 = VECTOR('',#3512,1.);
#3512 = DIRECTION('',(-0.,-0.,-1.));
#3513 = PLANE('',#3514);
#3514 = AXIS2_PLACEMENT_3D('',#3515,#3516,#3517);
#3515 = CARTESIAN_POINT('',(-40.,21.6,11.7));
#3516 = DIRECTION('',(-0.,-1.,-0.));
#3517 = DIRECTION('',(0.,0.,-1.));
#3518 = ADVANCED_FACE('',(#3519),#3526,.T.);
#3519 = FACE_BOUND('',#3520,.T.);
#3520 = EDGE_LOOP('',(#3521,#3522,#3523,#3524,#3525));
#3521 = ORIENTED_EDGE('',*,*,#211,.F.);
#3522 = ORIENTED_EDGE('',*,*,#3470,.T.);
#3523 = ORIENTED_EDGE('',*,*,#1587,.T.);
#3524 = ORIENTED_EDGE('',*,*,#1476,.T.);
#3525 = ORIENTED_EDGE('',*,*,#3436,.F.);
#3526 = PLANE('',#3527);
#3527 = AXIS2_PLACEMENT_3D('',#3528,#3529,#3530);
#3528 = CARTESIAN_POINT('',(-25.,18.4,11.7));
#3529 = DIRECTION('',(0.,1.,0.));
#3530 = DIRECTION('',(0.,0.,1.));
#3531 = ADVANCED_FACE('',(#3532),#3549,.T.);
#3532 = FACE_BOUND('',#3533,.T.);
#3533 = EDGE_LOOP('',(#3534,#3535,#3541,#3542,#3543));
#3534 = ORIENTED_EDGE('',*,*,#2297,.F.);
#3535 = ORIENTED_EDGE('',*,*,#3536,.T.);
#3536 = EDGE_CURVE('',#2290,#3341,#3537,.T.);
#3537 = LINE('',#3538,#3539);
#3538 = CARTESIAN_POINT('',(-38.4,18.4,21.));
#3539 = VECTOR('',#3540,1.);
#3540 = DIRECTION('',(-0.,-0.,-1.));
#3541 = ORIENTED_EDGE('',*,*,#3349,.T.);
#3542 = ORIENTED_EDGE('',*,*,#3372,.T.);
#3543 = ORIENTED_EDGE('',*,*,#3544,.F.);
#3544 = EDGE_CURVE('',#2298,#3365,#3545,.T.);
#3545 = LINE('',#3546,#3547);
#3546 = CARTESIAN_POINT('',(-41.6,18.4,21.));
#3547 = VECTOR('',#3548,1.);
#3548 = DIRECTION('',(-0.,-0.,-1.));
#3549 = PLANE('',#3550);
#3550 = AXIS2_PLACEMENT_3D('',#3551,#3552,#3553);
#3551 = CARTESIAN_POINT('',(-40.,18.4,11.7));
#3552 = DIRECTION('',(0.,1.,0.));
#3553 = DIRECTION('',(0.,0.,1.));
#3554 = ADVANCED_FACE('',(#3555),#3566,.T.);
#3555 = FACE_BOUND('',#3556,.T.);
#3556 = EDGE_LOOP('',(#3557,#3558,#3559,#3560,#3561,#3562,#3563,#3564,
    #3565));
#3557 = ORIENTED_EDGE('',*,*,#2305,.F.);
#3558 = ORIENTED_EDGE('',*,*,#3544,.T.);
#3559 = ORIENTED_EDGE('',*,*,#3364,.T.);
#3560 = ORIENTED_EDGE('',*,*,#3394,.T.);
#3561 = ORIENTED_EDGE('',*,*,#3500,.F.);
#3562 = ORIENTED_EDGE('',*,*,#2251,.F.);
#3563 = ORIENTED_EDGE('',*,*,#1152,.F.);
#3564 = ORIENTED_EDGE('',*,*,#2227,.T.);
#3565 = ORIENTED_EDGE('',*,*,#1133,.T.);
#3566 = PLANE('',#3567);
#3567 = AXIS2_PLACEMENT_3D('',#3568,#3569,#3570);
#3568 = CARTESIAN_POINT('',(-41.59999999998,20.000000000024,
    11.835636876059));
#3569 = DIRECTION('',(1.,7.345859566647E-12,-7.073281406408E-11));
#3570 = DIRECTION('',(7.073281406408E-11,0.,1.));
#3571 = ADVANCED_FACE('',(#3572),#3583,.T.);
#3572 = FACE_BOUND('',#3573,.T.);
#3573 = EDGE_LOOP('',(#3574,#3575,#3576,#3577,#3578,#3579,#3580,#3581,
    #3582));
#3574 = ORIENTED_EDGE('',*,*,#2275,.F.);
#3575 = ORIENTED_EDGE('',*,*,#1169,.T.);
#3576 = ORIENTED_EDGE('',*,*,#2242,.T.);
#3577 = ORIENTED_EDGE('',*,*,#3508,.T.);
#3578 = ORIENTED_EDGE('',*,*,#3418,.T.);
#3579 = ORIENTED_EDGE('',*,*,#3340,.T.);
#3580 = ORIENTED_EDGE('',*,*,#3536,.F.);
#3581 = ORIENTED_EDGE('',*,*,#2289,.T.);
#3582 = ORIENTED_EDGE('',*,*,#1206,.F.);
#3583 = PLANE('',#3584);
#3584 = AXIS2_PLACEMENT_3D('',#3585,#3586,#3587);
#3585 = CARTESIAN_POINT('',(-38.40000000001,19.999999999977,
    11.835636876059));
#3586 = DIRECTION('',(-1.,-8.351319530954E-12,-5.597249117824E-11));
#3587 = DIRECTION('',(5.597249117824E-11,0.,-1.));
#3588 = ( GEOMETRIC_REPRESENTATION_CONTEXT(3) 
GLOBAL_UNCERTAINTY_ASSIGNED_CONTEXT((#3592)) 
GLOBAL_UNIT_ASSIGNED_CONTEXT((#3589,#3590,#3591)) REPRESENTATION_CONTEXT
('Context #1','3D Context with UNIT and UNCERTAINTY') );
#3589 = ( LENGTH_UNIT() NAMED_UNIT(*) SI_UNIT(.MILLI.,.METRE.) );
#3590 = ( NAMED_UNIT(*) PLANE_ANGLE_UNIT() SI_UNIT($,.RADIAN.) );
#3591 = ( NAMED_UNIT(*) SI_UNIT($,.STERADIAN.) SOLID_ANGLE_UNIT() );
#3592 = UNCERTAINTY_MEASURE_WITH_UNIT(LENGTH_MEASURE(2.E-05),#3589,
  'distance_accuracy_value','confusion accuracy');
#3593 = PRODUCT_RELATED_PRODUCT_CATEGORY('part',$,(#7));
#3594 = MECHANICAL_DESIGN_GEOMETRIC_PRESENTATION_REPRESENTATION('',(
    #3595),#3588);
#3595 = STYLED_ITEM('color',(#3596),#15);
#3596 = PRESENTATION_STYLE_ASSIGNMENT((#3597,#3603));
#3597 = SURFACE_STYLE_USAGE(.BOTH.,#3598);
#3598 = SURFACE_SIDE_STYLE('',(#3599));
#3599 = SURFACE_STYLE_FILL_AREA(#3600);
#3600 = FILL_AREA_STYLE('',(#3601));
#3601 = FILL_AREA_STYLE_COLOUR('',#3602);
#3602 = COLOUR_RGB('',0.596078458879,0.,0.584313743644);
#3603 = CURVE_STYLE('',#3604,POSITIVE_LENGTH_MEASURE(0.1),#3605);
#3604 = DRAUGHTING_PRE_DEFINED_CURVE_FONT('continuous');
#3605 = COLOUR_RGB('',9.803921802644E-02,9.803921802644E-02,
  9.803921802644E-02);
ENDSEC;
END-ISO-10303-21;
