ISO-10303-21;
HEADER;
FILE_DESCRIPTION(('FreeCAD Model'),'2;1');
FILE_NAME('Open CASCADE Shape Model','2025-11-17T23:25:24',(''),(''),
  'Open CASCADE STEP processor 7.9','FreeCAD','Unknown');
FILE_SCHEMA(('AUTOMOTIVE_DESIGN { 1 0 10303 214 1 1 1 1 }'));
ENDSEC;
DATA;
#1 = APPLICATION_PROTOCOL_DEFINITION('international standard',
  'automotive_design',2000,#2);
#2 = APPLICATION_CONTEXT(
  'core data for automotive mechanical design processes');
#3 = SHAPE_DEFINITION_REPRESENTATION(#4,#10);
#4 = PRODUCT_DEFINITION_SHAPE('','',#5);
#5 = PRODUCT_DEFINITION('design','',#6,#9);
#6 = PRODUCT_DEFINITION_FORMATION('','',#7);
#7 = PRODUCT('ZSyncRod_powered','ZSyncRod_powered','',(#8));
#8 = PRODUCT_CONTEXT('',#2,'mechanical');
#9 = PRODUCT_DEFINITION_CONTEXT('part definition',#2,'design');
#10 = ADVANCED_BREP_SHAPE_REPRESENTATION('',(#11,#15),#2167);
#11 = AXIS2_PLACEMENT_3D('',#12,#13,#14);
#12 = CARTESIAN_POINT('',(0.,0.,0.));
#13 = DIRECTION('',(0.,0.,1.));
#14 = DIRECTION('',(1.,0.,-0.));
#15 = MANIFOLD_SOLID_BREP('',#16);
#16 = CLOSED_SHELL('',(#17,#92,#182,#207,#231,#271,#459,#598,#655,#720,
    #847,#872,#913,#961,#995,#1013,#1037,#1059,#1084,#1101,#1132,#1149,
    #1395,#1420,#1464,#1498,#1522,#1549,#1581,#1605,#1629,#1647,#1679,
    #1703,#1727,#1745,#1762,#1794,#1818,#1842,#1860,#1892,#1916,#1940,
    #1958,#1978,#1995,#2043,#2060,#2085,#2097,#2122,#2143,#2155));
#17 = ADVANCED_FACE('',(#18),#87,.T.);
#18 = FACE_BOUND('',#19,.T.);
#19 = EDGE_LOOP('',(#20,#30,#39,#47,#55,#64,#73,#81));
#20 = ORIENTED_EDGE('',*,*,#21,.F.);
#21 = EDGE_CURVE('',#22,#24,#26,.T.);
#22 = VERTEX_POINT('',#23);
#23 = CARTESIAN_POINT('',(-1.543210004229E-14,-53.,-5.));
#24 = VERTEX_POINT('',#25);
#25 = CARTESIAN_POINT('',(6.217248937901E-15,-9.,-5.));
#26 = LINE('',#27,#28);
#27 = CARTESIAN_POINT('',(5.517808432387E-14,-56.,-5.));
#28 = VECTOR('',#29,1.);
#29 = DIRECTION('',(-7.771561172376E-16,1.,-2.22044604925E-15));
#30 = ORIENTED_EDGE('',*,*,#31,.T.);
#31 = EDGE_CURVE('',#22,#32,#34,.T.);
#32 = VERTEX_POINT('',#33);
#33 = CARTESIAN_POINT('',(-3.,-56.,-5.));
#34 = CIRCLE('',#35,3.);
#35 = AXIS2_PLACEMENT_3D('',#36,#37,#38);
#36 = CARTESIAN_POINT('',(-3.,-53.,-5.));
#37 = DIRECTION('',(1.443289932013E-15,-4.440892098501E-16,-1.));
#38 = DIRECTION('',(-1.,-1.60237371373E-31,-1.443289932013E-15));
#39 = ORIENTED_EDGE('',*,*,#40,.T.);
#40 = EDGE_CURVE('',#32,#41,#43,.T.);
#41 = VERTEX_POINT('',#42);
#42 = CARTESIAN_POINT('',(-11.,-56.,-5.));
#43 = LINE('',#44,#45);
#44 = CARTESIAN_POINT('',(4.163336342344E-14,-56.,-5.));
#45 = VECTOR('',#46,1.);
#46 = DIRECTION('',(-1.,1.554312234475E-15,1.110223024625E-16));
#47 = ORIENTED_EDGE('',*,*,#48,.T.);
#48 = EDGE_CURVE('',#41,#49,#51,.T.);
#49 = VERTEX_POINT('',#50);
#50 = CARTESIAN_POINT('',(-11.,-33.09232921921,-5.));
#51 = LINE('',#52,#53);
#52 = CARTESIAN_POINT('',(-11.,-56.,-5.));
#53 = VECTOR('',#54,1.);
#54 = DIRECTION('',(-7.771561172376E-16,1.,-2.22044604925E-15));
#55 = ORIENTED_EDGE('',*,*,#56,.T.);
#56 = EDGE_CURVE('',#49,#57,#59,.T.);
#57 = VERTEX_POINT('',#58);
#58 = CARTESIAN_POINT('',(-10.,-33.25,-5.));
#59 = CIRCLE('',#60,3.25);
#60 = AXIS2_PLACEMENT_3D('',#61,#62,#63);
#61 = CARTESIAN_POINT('',(-10.,-30.,-5.));
#62 = DIRECTION('',(-3.330669073875E-16,1.110223024625E-16,1.));
#63 = DIRECTION('',(0.,-1.,1.110223024625E-16));
#64 = ORIENTED_EDGE('',*,*,#65,.T.);
#65 = EDGE_CURVE('',#57,#66,#68,.T.);
#66 = VERTEX_POINT('',#67);
#67 = CARTESIAN_POINT('',(-11.,-26.90767078078,-5.));
#68 = CIRCLE('',#69,3.25);
#69 = AXIS2_PLACEMENT_3D('',#70,#71,#72);
#70 = CARTESIAN_POINT('',(-10.,-30.,-5.));
#71 = DIRECTION('',(-3.330669073875E-16,1.110223024625E-16,1.));
#72 = DIRECTION('',(0.,-1.,1.110223024625E-16));
#73 = ORIENTED_EDGE('',*,*,#74,.T.);
#74 = EDGE_CURVE('',#66,#75,#77,.T.);
#75 = VERTEX_POINT('',#76);
#76 = CARTESIAN_POINT('',(-11.,-9.,-5.));
#77 = LINE('',#78,#79);
#78 = CARTESIAN_POINT('',(-11.,-56.,-5.));
#79 = VECTOR('',#80,1.);
#80 = DIRECTION('',(-7.771561172376E-16,1.,-2.22044604925E-15));
#81 = ORIENTED_EDGE('',*,*,#82,.F.);
#82 = EDGE_CURVE('',#24,#75,#83,.T.);
#83 = LINE('',#84,#85);
#84 = CARTESIAN_POINT('',(1.554312234475E-14,-9.,-5.));
#85 = VECTOR('',#86,1.);
#86 = DIRECTION('',(-1.,1.554312234475E-15,1.110223024625E-16));
#87 = PLANE('',#88);
#88 = AXIS2_PLACEMENT_3D('',#89,#90,#91);
#89 = CARTESIAN_POINT('',(4.163336342344E-14,-56.,-5.));
#90 = DIRECTION('',(1.887379141863E-15,-1.774937036747E-30,-1.));
#91 = DIRECTION('',(-5.551115123126E-16,1.,-1.998401444325E-15));
#92 = ADVANCED_FACE('',(#93),#177,.T.);
#93 = FACE_BOUND('',#94,.T.);
#94 = EDGE_LOOP('',(#95,#96,#104,#113,#121,#129,#138,#146,#155,#163,#171
    ));
#95 = ORIENTED_EDGE('',*,*,#21,.T.);
#96 = ORIENTED_EDGE('',*,*,#97,.T.);
#97 = EDGE_CURVE('',#24,#98,#100,.T.);
#98 = VERTEX_POINT('',#99);
#99 = CARTESIAN_POINT('',(5.149738634804E-14,-9.,-33.67544467966));
#100 = LINE('',#101,#102);
#101 = CARTESIAN_POINT('',(1.86517468137E-14,-9.,-5.));
#102 = VECTOR('',#103,1.);
#103 = DIRECTION('',(2.331468351713E-15,4.440892098501E-16,-1.));
#104 = ORIENTED_EDGE('',*,*,#105,.T.);
#105 = EDGE_CURVE('',#98,#106,#108,.T.);
#106 = VERTEX_POINT('',#107);
#107 = CARTESIAN_POINT('',(7.181614478771E-14,5.862325810233,
    -49.30769230769));
#108 = CIRCLE('',#109,11.);
#109 = AXIS2_PLACEMENT_3D('',#110,#111,#112);
#110 = CARTESIAN_POINT('',(9.325873406851E-14,1.776356839631E-14,-40.));
#111 = DIRECTION('',(-1.,-7.771561172376E-16,-2.331468351713E-15));
#112 = DIRECTION('',(-7.771561172376E-16,1.,-2.22044604925E-15));
#113 = ORIENTED_EDGE('',*,*,#114,.F.);
#114 = EDGE_CURVE('',#115,#106,#117,.T.);
#115 = VERTEX_POINT('',#116);
#116 = CARTESIAN_POINT('',(7.649436639667E-14,-2.353672812205E-14,-53.)
  );
#117 = LINE('',#118,#119);
#118 = CARTESIAN_POINT('',(1.235678226408E-13,2.353672812205E-14,-53.));
#119 = VECTOR('',#120,1.);
#120 = DIRECTION('',(-1.90012337348E-15,0.846153846154,0.532938710021));
#121 = ORIENTED_EDGE('',*,*,#122,.F.);
#122 = EDGE_CURVE('',#123,#115,#125,.T.);
#123 = VERTEX_POINT('',#124);
#124 = CARTESIAN_POINT('',(7.051444696924E-14,-5.862325810233,
    -49.30769230769));
#125 = LINE('',#126,#127);
#126 = CARTESIAN_POINT('',(1.19515266476E-13,-5.862325810233,
    -49.30769230769));
#127 = VECTOR('',#128,1.);
#128 = DIRECTION('',(5.849360981545E-16,0.846153846154,-0.532938710021)
  );
#129 = ORIENTED_EDGE('',*,*,#130,.T.);
#130 = EDGE_CURVE('',#123,#131,#133,.T.);
#131 = VERTEX_POINT('',#132);
#132 = CARTESIAN_POINT('',(6.523484813927E-14,-9.,-46.32455532033));
#133 = CIRCLE('',#134,11.);
#134 = AXIS2_PLACEMENT_3D('',#135,#136,#137);
#135 = CARTESIAN_POINT('',(9.325873406851E-14,1.776356839631E-14,-40.));
#136 = DIRECTION('',(-1.,-7.771561172376E-16,-2.331468351713E-15));
#137 = DIRECTION('',(-7.771561172376E-16,1.,-2.22044604925E-15));
#138 = ORIENTED_EDGE('',*,*,#139,.F.);
#139 = EDGE_CURVE('',#140,#131,#142,.T.);
#140 = VERTEX_POINT('',#141);
#141 = CARTESIAN_POINT('',(6.869214145219E-14,-9.,-50.72380529476));
#142 = LINE('',#143,#144);
#143 = CARTESIAN_POINT('',(1.338780538805E-13,-9.,-54.42220510185));
#144 = VECTOR('',#145,1.);
#145 = DIRECTION('',(-2.331468351713E-15,-4.440892098501E-16,1.));
#146 = ORIENTED_EDGE('',*,*,#147,.F.);
#147 = EDGE_CURVE('',#148,#140,#150,.T.);
#148 = VERTEX_POINT('',#149);
#149 = CARTESIAN_POINT('',(1.00808250636E-13,14.,-40.));
#150 = CIRCLE('',#151,14.);
#151 = AXIS2_PLACEMENT_3D('',#152,#153,#154);
#152 = CARTESIAN_POINT('',(5.463969223635E-14,-8.881784197001E-16,-40.)
  );
#153 = DIRECTION('',(-1.,-1.010728034814E-30,-1.33226762955E-15));
#154 = DIRECTION('',(-1.885145545565E-32,1.,-7.445024988663E-16));
#155 = ORIENTED_EDGE('',*,*,#156,.F.);
#156 = EDGE_CURVE('',#157,#148,#159,.T.);
#157 = VERTEX_POINT('',#158);
#158 = CARTESIAN_POINT('',(4.307665335546E-14,14.,-1.831867990632E-14));
#159 = LINE('',#160,#161);
#160 = CARTESIAN_POINT('',(4.307665335546E-14,14.,-2.187139358512E-14));
#161 = VECTOR('',#162,1.);
#162 = DIRECTION('',(1.443289932013E-15,-4.440892098501E-16,-1.));
#163 = ORIENTED_EDGE('',*,*,#164,.T.);
#164 = EDGE_CURVE('',#157,#165,#167,.T.);
#165 = VERTEX_POINT('',#166);
#166 = CARTESIAN_POINT('',(-2.264854970235E-14,-53.,1.265654248073E-14)
  );
#167 = LINE('',#168,#169);
#168 = CARTESIAN_POINT('',(-1.321165399304E-14,17.,-3.774758283726E-14)
  );
#169 = VECTOR('',#170,1.);
#170 = DIRECTION('',(7.771561172376E-16,-1.,2.22044604925E-15));
#171 = ORIENTED_EDGE('',*,*,#172,.T.);
#172 = EDGE_CURVE('',#165,#22,#173,.T.);
#173 = LINE('',#174,#175);
#174 = CARTESIAN_POINT('',(-2.264854970235E-14,-53.,7.305267502034E-14)
  );
#175 = VECTOR('',#176,1.);
#176 = DIRECTION('',(1.443289932013E-15,-4.440892098501E-16,-1.));
#177 = PLANE('',#178);
#178 = AXIS2_PLACEMENT_3D('',#179,#180,#181);
#179 = CARTESIAN_POINT('',(5.537858695847E-14,-8.701552435016,
    -20.85214762551));
#180 = DIRECTION('',(1.,-1.7763568394E-15,-4.440892098501E-16));
#181 = DIRECTION('',(-2.22044604925E-15,-4.440892098501E-16,1.));
#182 = ADVANCED_FACE('',(#183),#202,.T.);
#183 = FACE_BOUND('',#184,.T.);
#184 = EDGE_LOOP('',(#185,#194,#200,#201));
#185 = ORIENTED_EDGE('',*,*,#186,.T.);
#186 = EDGE_CURVE('',#165,#187,#189,.T.);
#187 = VERTEX_POINT('',#188);
#188 = CARTESIAN_POINT('',(-3.,-56.,6.938893903907E-14));
#189 = CIRCLE('',#190,3.);
#190 = AXIS2_PLACEMENT_3D('',#191,#192,#193);
#191 = CARTESIAN_POINT('',(-3.,-53.,5.116965331326E-14));
#192 = DIRECTION('',(1.443289932013E-15,-4.440892098501E-16,-1.));
#193 = DIRECTION('',(-1.,-1.60237371373E-31,-1.443289932013E-15));
#194 = ORIENTED_EDGE('',*,*,#195,.T.);
#195 = EDGE_CURVE('',#187,#32,#196,.T.);
#196 = LINE('',#197,#198);
#197 = CARTESIAN_POINT('',(-3.,-56.,7.005507285385E-14));
#198 = VECTOR('',#199,1.);
#199 = DIRECTION('',(1.443289932013E-15,-4.440892098501E-16,-1.));
#200 = ORIENTED_EDGE('',*,*,#31,.F.);
#201 = ORIENTED_EDGE('',*,*,#172,.F.);
#202 = CYLINDRICAL_SURFACE('',#203,3.);
#203 = AXIS2_PLACEMENT_3D('',#204,#205,#206);
#204 = CARTESIAN_POINT('',(-3.,-53.,6.87228052243E-14));
#205 = DIRECTION('',(1.443289932013E-15,-4.440892098501E-16,-1.));
#206 = DIRECTION('',(1.,1.060031841391E-30,1.443289932013E-15));
#207 = ADVANCED_FACE('',(#208),#226,.T.);
#208 = FACE_BOUND('',#209,.T.);
#209 = EDGE_LOOP('',(#210,#211,#219,#225));
#210 = ORIENTED_EDGE('',*,*,#82,.T.);
#211 = ORIENTED_EDGE('',*,*,#212,.T.);
#212 = EDGE_CURVE('',#75,#213,#215,.T.);
#213 = VERTEX_POINT('',#214);
#214 = CARTESIAN_POINT('',(-11.,-9.,-33.67544467966));
#215 = LINE('',#216,#217);
#216 = CARTESIAN_POINT('',(-11.,-9.,-5.));
#217 = VECTOR('',#218,1.);
#218 = DIRECTION('',(2.331468351713E-15,4.440892098501E-16,-1.));
#219 = ORIENTED_EDGE('',*,*,#220,.F.);
#220 = EDGE_CURVE('',#98,#213,#221,.T.);
#221 = LINE('',#222,#223);
#222 = CARTESIAN_POINT('',(7.603178630173E-14,-9.,-33.67544467966));
#223 = VECTOR('',#224,1.);
#224 = DIRECTION('',(-1.,1.554312234475E-15,1.110223024625E-16));
#225 = ORIENTED_EDGE('',*,*,#97,.F.);
#226 = PLANE('',#227);
#227 = AXIS2_PLACEMENT_3D('',#228,#229,#230);
#228 = CARTESIAN_POINT('',(1.554312234475E-14,-9.,-5.));
#229 = DIRECTION('',(4.440892098501E-16,-1.,1.7763568394E-15));
#230 = DIRECTION('',(2.109423746788E-15,2.22044604925E-16,-1.));
#231 = ADVANCED_FACE('',(#232),#266,.T.);
#232 = FACE_BOUND('',#233,.T.);
#233 = EDGE_LOOP('',(#234,#242,#250,#258,#264,#265));
#234 = ORIENTED_EDGE('',*,*,#235,.T.);
#235 = EDGE_CURVE('',#187,#236,#238,.T.);
#236 = VERTEX_POINT('',#237);
#237 = CARTESIAN_POINT('',(-17.,-56.,5.651035195342E-14));
#238 = LINE('',#239,#240);
#239 = CARTESIAN_POINT('',(1.86517468137E-14,-56.,9.947598300641E-14));
#240 = VECTOR('',#241,1.);
#241 = DIRECTION('',(-1.,1.33226762955E-15,-1.110223024625E-16));
#242 = ORIENTED_EDGE('',*,*,#243,.T.);
#243 = EDGE_CURVE('',#236,#244,#246,.T.);
#244 = VERTEX_POINT('',#245);
#245 = CARTESIAN_POINT('',(-17.,-56.,-52.));
#246 = LINE('',#247,#248);
#247 = CARTESIAN_POINT('',(-17.,-56.,4.962696920074E-14));
#248 = VECTOR('',#249,1.);
#249 = DIRECTION('',(9.992007221626E-16,-3.330669073875E-16,-1.));
#250 = ORIENTED_EDGE('',*,*,#251,.F.);
#251 = EDGE_CURVE('',#252,#244,#254,.T.);
#252 = VERTEX_POINT('',#253);
#253 = CARTESIAN_POINT('',(-11.,-56.,-52.));
#254 = LINE('',#255,#256);
#255 = CARTESIAN_POINT('',(-11.,-56.,-52.));
#256 = VECTOR('',#257,1.);
#257 = DIRECTION('',(-1.,6.661338147751E-16,-3.330669073875E-16));
#258 = ORIENTED_EDGE('',*,*,#259,.F.);
#259 = EDGE_CURVE('',#41,#252,#260,.T.);
#260 = LINE('',#261,#262);
#261 = CARTESIAN_POINT('',(-11.,-56.,1.101341240428E-13));
#262 = VECTOR('',#263,1.);
#263 = DIRECTION('',(1.665334536938E-15,3.330669073875E-16,-1.));
#264 = ORIENTED_EDGE('',*,*,#40,.F.);
#265 = ORIENTED_EDGE('',*,*,#195,.F.);
#266 = PLANE('',#267);
#267 = AXIS2_PLACEMENT_3D('',#268,#269,#270);
#268 = CARTESIAN_POINT('',(-13.66666666666,-56.,-23.83333333333));
#269 = DIRECTION('',(1.770350527869E-16,-1.,1.221245327088E-15));
#270 = DIRECTION('',(-1.,1.155232576763E-15,1.110223024625E-16));
#271 = ADVANCED_FACE('',(#272,#382,#418),#454,.T.);
#272 = FACE_BOUND('',#273,.T.);
#273 = EDGE_LOOP('',(#274,#275,#283,#292,#300,#309,#317,#325,#334,#342,
    #350,#358,#367,#375,#381));
#274 = ORIENTED_EDGE('',*,*,#74,.F.);
#275 = ORIENTED_EDGE('',*,*,#276,.F.);
#276 = EDGE_CURVE('',#277,#66,#279,.T.);
#277 = VERTEX_POINT('',#278);
#278 = CARTESIAN_POINT('',(-11.,-26.90767078078,-21.06651789276));
#279 = LINE('',#280,#281);
#280 = CARTESIAN_POINT('',(-11.,-26.90767078078,-57.));
#281 = VECTOR('',#282,1.);
#282 = DIRECTION('',(-3.330669073875E-16,1.110223024625E-16,1.));
#283 = ORIENTED_EDGE('',*,*,#284,.T.);
#284 = EDGE_CURVE('',#277,#285,#287,.T.);
#285 = VERTEX_POINT('',#286);
#286 = CARTESIAN_POINT('',(-11.,-25.40380592228,-22.33273811042));
#287 = CIRCLE('',#288,11.5);
#288 = AXIS2_PLACEMENT_3D('',#289,#290,#291);
#289 = CARTESIAN_POINT('',(-11.,-33.53553390593,-30.46446609406));
#290 = DIRECTION('',(-1.,-6.661338147751E-16,-1.665334536938E-15));
#291 = DIRECTION('',(-6.661338147751E-16,1.,-1.665334536938E-15));
#292 = ORIENTED_EDGE('',*,*,#293,.F.);
#293 = EDGE_CURVE('',#294,#285,#296,.T.);
#294 = VERTEX_POINT('',#295);
#295 = CARTESIAN_POINT('',(-11.,-21.86827201635,-25.86827201635));
#296 = LINE('',#297,#298);
#297 = CARTESIAN_POINT('',(-11.,-21.86827201635,-25.86827201635));
#298 = VECTOR('',#299,1.);
#299 = DIRECTION('',(-7.065416064077E-16,-0.707106781187,0.707106781187)
  );
#300 = ORIENTED_EDGE('',*,*,#301,.T.);
#301 = EDGE_CURVE('',#294,#302,#304,.T.);
#302 = VERTEX_POINT('',#303);
#303 = CARTESIAN_POINT('',(-11.,-26.90767078078,-45.07643895843));
#304 = CIRCLE('',#305,11.5);
#305 = AXIS2_PLACEMENT_3D('',#306,#307,#308);
#306 = CARTESIAN_POINT('',(-11.,-30.,-34.));
#307 = DIRECTION('',(-1.,-6.661338147751E-16,-1.665334536938E-15));
#308 = DIRECTION('',(-6.661338147751E-16,1.,-1.665334536938E-15));
#309 = ORIENTED_EDGE('',*,*,#310,.F.);
#310 = EDGE_CURVE('',#311,#302,#313,.T.);
#311 = VERTEX_POINT('',#312);
#312 = CARTESIAN_POINT('',(-11.,-26.90767078078,-55.));
#313 = LINE('',#314,#315);
#314 = CARTESIAN_POINT('',(-11.,-26.90767078078,-57.));
#315 = VECTOR('',#316,1.);
#316 = DIRECTION('',(-3.330669073875E-16,1.110223024625E-16,1.));
#317 = ORIENTED_EDGE('',*,*,#318,.T.);
#318 = EDGE_CURVE('',#311,#319,#321,.T.);
#319 = VERTEX_POINT('',#320);
#320 = CARTESIAN_POINT('',(-11.,-8.,-55.));
#321 = LINE('',#322,#323);
#322 = CARTESIAN_POINT('',(-11.,-56.,-55.));
#323 = VECTOR('',#324,1.);
#324 = DIRECTION('',(-6.661338147751E-16,1.,-1.665334536938E-15));
#325 = ORIENTED_EDGE('',*,*,#326,.T.);
#326 = EDGE_CURVE('',#319,#327,#329,.T.);
#327 = VERTEX_POINT('',#328);
#328 = CARTESIAN_POINT('',(-11.,-9.,-54.42220510185));
#329 = CIRCLE('',#330,17.);
#330 = AXIS2_PLACEMENT_3D('',#331,#332,#333);
#331 = CARTESIAN_POINT('',(-11.,2.753353101301E-14,-40.));
#332 = DIRECTION('',(-1.,-7.771561172376E-16,-2.331468351713E-15));
#333 = DIRECTION('',(-7.771561172376E-16,1.,-2.22044604925E-15));
#334 = ORIENTED_EDGE('',*,*,#335,.T.);
#335 = EDGE_CURVE('',#327,#336,#338,.T.);
#336 = VERTEX_POINT('',#337);
#337 = CARTESIAN_POINT('',(-11.,-9.,-46.32455532033));
#338 = LINE('',#339,#340);
#339 = CARTESIAN_POINT('',(-11.,-9.,-54.42220510185));
#340 = VECTOR('',#341,1.);
#341 = DIRECTION('',(-2.331468351713E-15,-4.440892098501E-16,1.));
#342 = ORIENTED_EDGE('',*,*,#343,.T.);
#343 = EDGE_CURVE('',#336,#344,#346,.T.);
#344 = VERTEX_POINT('',#345);
#345 = CARTESIAN_POINT('',(-11.,-9.2,-46.32455532033));
#346 = LINE('',#347,#348);
#347 = CARTESIAN_POINT('',(-11.,-9.,-46.32455532033));
#348 = VECTOR('',#349,1.);
#349 = DIRECTION('',(4.440892098501E-16,-1.,1.110223024625E-15));
#350 = ORIENTED_EDGE('',*,*,#351,.T.);
#351 = EDGE_CURVE('',#344,#352,#354,.T.);
#352 = VERTEX_POINT('',#353);
#353 = CARTESIAN_POINT('',(-11.,-9.2,-46.02992537267));
#354 = LINE('',#355,#356);
#355 = CARTESIAN_POINT('',(-11.,-9.2,-46.32455532033));
#356 = VECTOR('',#357,1.);
#357 = DIRECTION('',(-1.110223024625E-15,-2.22044604925E-16,1.));
#358 = ORIENTED_EDGE('',*,*,#359,.T.);
#359 = EDGE_CURVE('',#352,#360,#362,.T.);
#360 = VERTEX_POINT('',#361);
#361 = CARTESIAN_POINT('',(-11.,-9.2,-33.97007462732));
#362 = CIRCLE('',#363,11.);
#363 = AXIS2_PLACEMENT_3D('',#364,#365,#366);
#364 = CARTESIAN_POINT('',(-11.,1.865174681601E-14,-40.));
#365 = DIRECTION('',(-1.,-6.661338147751E-16,-1.665334536938E-15));
#366 = DIRECTION('',(-6.661338147751E-16,1.,-1.665334536938E-15));
#367 = ORIENTED_EDGE('',*,*,#368,.T.);
#368 = EDGE_CURVE('',#360,#369,#371,.T.);
#369 = VERTEX_POINT('',#370);
#370 = CARTESIAN_POINT('',(-11.,-9.2,-33.67544467966));
#371 = LINE('',#372,#373);
#372 = CARTESIAN_POINT('',(-11.,-9.2,-46.32455532033));
#373 = VECTOR('',#374,1.);
#374 = DIRECTION('',(-1.110223024625E-15,-2.22044604925E-16,1.));
#375 = ORIENTED_EDGE('',*,*,#376,.T.);
#376 = EDGE_CURVE('',#369,#213,#377,.T.);
#377 = LINE('',#378,#379);
#378 = CARTESIAN_POINT('',(-11.,-9.2,-33.67544467966));
#379 = VECTOR('',#380,1.);
#380 = DIRECTION('',(-4.440892098501E-16,1.,-1.110223024625E-15));
#381 = ORIENTED_EDGE('',*,*,#212,.F.);
#382 = FACE_BOUND('',#383,.T.);
#383 = EDGE_LOOP('',(#384,#395,#403,#412));
#384 = ORIENTED_EDGE('',*,*,#385,.T.);
#385 = EDGE_CURVE('',#386,#388,#390,.T.);
#386 = VERTEX_POINT('',#387);
#387 = CARTESIAN_POINT('',(-11.,-13.29791847198,-48.29791847198));
#388 = VERTEX_POINT('',#389);
#389 = CARTESIAN_POINT('',(-11.,-15.70208152801,-50.70208152801));
#390 = CIRCLE('',#391,1.7);
#391 = AXIS2_PLACEMENT_3D('',#392,#393,#394);
#392 = CARTESIAN_POINT('',(-11.,-14.5,-49.5));
#393 = DIRECTION('',(-1.,-6.661338147751E-16,-1.665334536938E-15));
#394 = DIRECTION('',(-6.661338147751E-16,1.,-1.665334536938E-15));
#395 = ORIENTED_EDGE('',*,*,#396,.T.);
#396 = EDGE_CURVE('',#388,#397,#399,.T.);
#397 = VERTEX_POINT('',#398);
#398 = CARTESIAN_POINT('',(-11.,-19.23761543395,-47.16654762208));
#399 = LINE('',#400,#401);
#400 = CARTESIAN_POINT('',(-11.,-15.70208152801,-50.70208152801));
#401 = VECTOR('',#402,1.);
#402 = DIRECTION('',(-7.065416064077E-16,-0.707106781187,0.707106781187)
  );
#403 = ORIENTED_EDGE('',*,*,#404,.T.);
#404 = EDGE_CURVE('',#397,#405,#407,.T.);
#405 = VERTEX_POINT('',#406);
#406 = CARTESIAN_POINT('',(-11.,-16.83345237791,-44.76238456605));
#407 = CIRCLE('',#408,1.7);
#408 = AXIS2_PLACEMENT_3D('',#409,#410,#411);
#409 = CARTESIAN_POINT('',(-11.,-18.03553390593,-45.96446609406));
#410 = DIRECTION('',(-1.,-6.661338147751E-16,-1.665334536938E-15));
#411 = DIRECTION('',(-6.661338147751E-16,1.,-1.665334536938E-15));
#412 = ORIENTED_EDGE('',*,*,#413,.F.);
#413 = EDGE_CURVE('',#386,#405,#414,.T.);
#414 = LINE('',#415,#416);
#415 = CARTESIAN_POINT('',(-11.,-13.29791847198,-48.29791847198));
#416 = VECTOR('',#417,1.);
#417 = DIRECTION('',(-7.065416064077E-16,-0.707106781187,0.707106781187)
  );
#418 = FACE_BOUND('',#419,.T.);
#419 = EDGE_LOOP('',(#420,#431,#439,#448));
#420 = ORIENTED_EDGE('',*,*,#421,.T.);
#421 = EDGE_CURVE('',#422,#424,#426,.T.);
#422 = VERTEX_POINT('',#423);
#423 = CARTESIAN_POINT('',(-11.,-13.29791847198,-17.29791847198));
#424 = VERTEX_POINT('',#425);
#425 = CARTESIAN_POINT('',(-11.,-15.70208152801,-19.70208152801));
#426 = CIRCLE('',#427,1.7);
#427 = AXIS2_PLACEMENT_3D('',#428,#429,#430);
#428 = CARTESIAN_POINT('',(-11.,-14.5,-18.5));
#429 = DIRECTION('',(-1.,-6.661338147751E-16,-1.665334536938E-15));
#430 = DIRECTION('',(-6.661338147751E-16,1.,-1.665334536938E-15));
#431 = ORIENTED_EDGE('',*,*,#432,.T.);
#432 = EDGE_CURVE('',#424,#433,#435,.T.);
#433 = VERTEX_POINT('',#434);
#434 = CARTESIAN_POINT('',(-11.,-19.23761543395,-16.16654762208));
#435 = LINE('',#436,#437);
#436 = CARTESIAN_POINT('',(-11.,-15.70208152801,-19.70208152801));
#437 = VECTOR('',#438,1.);
#438 = DIRECTION('',(-7.065416064077E-16,-0.707106781187,0.707106781187)
  );
#439 = ORIENTED_EDGE('',*,*,#440,.T.);
#440 = EDGE_CURVE('',#433,#441,#443,.T.);
#441 = VERTEX_POINT('',#442);
#442 = CARTESIAN_POINT('',(-11.,-16.83345237791,-13.76238456605));
#443 = CIRCLE('',#444,1.7);
#444 = AXIS2_PLACEMENT_3D('',#445,#446,#447);
#445 = CARTESIAN_POINT('',(-11.,-18.03553390593,-14.96446609406));
#446 = DIRECTION('',(-1.,-6.661338147751E-16,-1.665334536938E-15));
#447 = DIRECTION('',(-6.661338147751E-16,1.,-1.665334536938E-15));
#448 = ORIENTED_EDGE('',*,*,#449,.F.);
#449 = EDGE_CURVE('',#422,#441,#450,.T.);
#450 = LINE('',#451,#452);
#451 = CARTESIAN_POINT('',(-11.,-13.29791847198,-17.29791847198));
#452 = VECTOR('',#453,1.);
#453 = DIRECTION('',(-7.065416064077E-16,-0.707106781187,0.707106781187)
  );
#454 = PLANE('',#455);
#455 = AXIS2_PLACEMENT_3D('',#456,#457,#458);
#456 = CARTESIAN_POINT('',(-11.,-21.50960770425,-30.59477536757));
#457 = DIRECTION('',(1.,-1.33226762955E-15,-3.330669073875E-16));
#458 = DIRECTION('',(-1.665334536938E-15,-3.330669073875E-16,1.));
#459 = ADVANCED_FACE('',(#460,#521,#557),#593,.T.);
#460 = FACE_BOUND('',#461,.T.);
#461 = EDGE_LOOP('',(#462,#472,#480,#489,#497,#506,#512,#513,#514));
#462 = ORIENTED_EDGE('',*,*,#463,.T.);
#463 = EDGE_CURVE('',#464,#466,#468,.T.);
#464 = VERTEX_POINT('',#465);
#465 = CARTESIAN_POINT('',(-11.,-53.,-55.));
#466 = VERTEX_POINT('',#467);
#467 = CARTESIAN_POINT('',(-11.,-33.09232921921,-55.));
#468 = LINE('',#469,#470);
#469 = CARTESIAN_POINT('',(-11.,-56.,-55.));
#470 = VECTOR('',#471,1.);
#471 = DIRECTION('',(-6.661338147751E-16,1.,-1.665334536938E-15));
#472 = ORIENTED_EDGE('',*,*,#473,.T.);
#473 = EDGE_CURVE('',#466,#474,#476,.T.);
#474 = VERTEX_POINT('',#475);
#475 = CARTESIAN_POINT('',(-11.,-33.09232921921,-45.07643895843));
#476 = LINE('',#477,#478);
#477 = CARTESIAN_POINT('',(-11.,-33.09232921921,-57.));
#478 = VECTOR('',#479,1.);
#479 = DIRECTION('',(-3.330669073875E-16,1.110223024625E-16,1.));
#480 = ORIENTED_EDGE('',*,*,#481,.T.);
#481 = EDGE_CURVE('',#474,#482,#484,.T.);
#482 = VERTEX_POINT('',#483);
#483 = CARTESIAN_POINT('',(-11.,-38.13172798364,-42.13172798364));
#484 = CIRCLE('',#485,11.5);
#485 = AXIS2_PLACEMENT_3D('',#486,#487,#488);
#486 = CARTESIAN_POINT('',(-11.,-30.,-34.));
#487 = DIRECTION('',(-1.,-6.661338147751E-16,-1.665334536938E-15));
#488 = DIRECTION('',(-6.661338147751E-16,1.,-1.665334536938E-15));
#489 = ORIENTED_EDGE('',*,*,#490,.T.);
#490 = EDGE_CURVE('',#482,#491,#493,.T.);
#491 = VERTEX_POINT('',#492);
#492 = CARTESIAN_POINT('',(-11.,-41.66726188957,-38.59619407771));
#493 = LINE('',#494,#495);
#494 = CARTESIAN_POINT('',(-11.,-38.13172798364,-42.13172798364));
#495 = VECTOR('',#496,1.);
#496 = DIRECTION('',(-7.065416064077E-16,-0.707106781187,0.707106781187)
  );
#497 = ORIENTED_EDGE('',*,*,#498,.T.);
#498 = EDGE_CURVE('',#491,#499,#501,.T.);
#499 = VERTEX_POINT('',#500);
#500 = CARTESIAN_POINT('',(-11.,-33.09232921921,-18.97300971962));
#501 = CIRCLE('',#502,11.5);
#502 = AXIS2_PLACEMENT_3D('',#503,#504,#505);
#503 = CARTESIAN_POINT('',(-11.,-33.53553390593,-30.46446609406));
#504 = DIRECTION('',(-1.,-6.661338147751E-16,-1.665334536938E-15));
#505 = DIRECTION('',(-6.661338147751E-16,1.,-1.665334536938E-15));
#506 = ORIENTED_EDGE('',*,*,#507,.T.);
#507 = EDGE_CURVE('',#499,#49,#508,.T.);
#508 = LINE('',#509,#510);
#509 = CARTESIAN_POINT('',(-11.,-33.09232921921,-57.));
#510 = VECTOR('',#511,1.);
#511 = DIRECTION('',(-3.330669073875E-16,1.110223024625E-16,1.));
#512 = ORIENTED_EDGE('',*,*,#48,.F.);
#513 = ORIENTED_EDGE('',*,*,#259,.T.);
#514 = ORIENTED_EDGE('',*,*,#515,.T.);
#515 = EDGE_CURVE('',#252,#464,#516,.T.);
#516 = CIRCLE('',#517,3.);
#517 = AXIS2_PLACEMENT_3D('',#518,#519,#520);
#518 = CARTESIAN_POINT('',(-11.,-53.,-52.));
#519 = DIRECTION('',(1.,-6.661338147751E-16,3.330669073875E-16));
#520 = DIRECTION('',(6.661338147751E-16,1.,-1.110223024625E-16));
#521 = FACE_BOUND('',#522,.T.);
#522 = EDGE_LOOP('',(#523,#534,#542,#551));
#523 = ORIENTED_EDGE('',*,*,#524,.T.);
#524 = EDGE_CURVE('',#525,#527,#529,.T.);
#525 = VERTEX_POINT('',#526);
#526 = CARTESIAN_POINT('',(-11.,-44.29791847198,-48.29791847198));
#527 = VERTEX_POINT('',#528);
#528 = CARTESIAN_POINT('',(-11.,-46.70208152801,-50.70208152801));
#529 = CIRCLE('',#530,1.7);
#530 = AXIS2_PLACEMENT_3D('',#531,#532,#533);
#531 = CARTESIAN_POINT('',(-11.,-45.5,-49.5));
#532 = DIRECTION('',(-1.,-6.661338147751E-16,-1.665334536938E-15));
#533 = DIRECTION('',(-6.661338147751E-16,1.,-1.665334536938E-15));
#534 = ORIENTED_EDGE('',*,*,#535,.T.);
#535 = EDGE_CURVE('',#527,#536,#538,.T.);
#536 = VERTEX_POINT('',#537);
#537 = CARTESIAN_POINT('',(-11.,-50.23761543395,-47.16654762208));
#538 = LINE('',#539,#540);
#539 = CARTESIAN_POINT('',(-11.,-46.70208152801,-50.70208152801));
#540 = VECTOR('',#541,1.);
#541 = DIRECTION('',(-7.065416064077E-16,-0.707106781187,0.707106781187)
  );
#542 = ORIENTED_EDGE('',*,*,#543,.T.);
#543 = EDGE_CURVE('',#536,#544,#546,.T.);
#544 = VERTEX_POINT('',#545);
#545 = CARTESIAN_POINT('',(-11.,-47.83345237791,-44.76238456605));
#546 = CIRCLE('',#547,1.7);
#547 = AXIS2_PLACEMENT_3D('',#548,#549,#550);
#548 = CARTESIAN_POINT('',(-11.,-49.03553390593,-45.96446609406));
#549 = DIRECTION('',(-1.,-6.661338147751E-16,-1.665334536938E-15));
#550 = DIRECTION('',(-6.661338147751E-16,1.,-1.665334536938E-15));
#551 = ORIENTED_EDGE('',*,*,#552,.F.);
#552 = EDGE_CURVE('',#525,#544,#553,.T.);
#553 = LINE('',#554,#555);
#554 = CARTESIAN_POINT('',(-11.,-44.29791847198,-48.29791847198));
#555 = VECTOR('',#556,1.);
#556 = DIRECTION('',(-7.065416064077E-16,-0.707106781187,0.707106781187)
  );
#557 = FACE_BOUND('',#558,.T.);
#558 = EDGE_LOOP('',(#559,#570,#578,#587));
#559 = ORIENTED_EDGE('',*,*,#560,.T.);
#560 = EDGE_CURVE('',#561,#563,#565,.T.);
#561 = VERTEX_POINT('',#562);
#562 = CARTESIAN_POINT('',(-11.,-44.29791847198,-17.29791847198));
#563 = VERTEX_POINT('',#564);
#564 = CARTESIAN_POINT('',(-11.,-46.70208152801,-19.70208152801));
#565 = CIRCLE('',#566,1.7);
#566 = AXIS2_PLACEMENT_3D('',#567,#568,#569);
#567 = CARTESIAN_POINT('',(-11.,-45.5,-18.5));
#568 = DIRECTION('',(-1.,-6.661338147751E-16,-1.665334536938E-15));
#569 = DIRECTION('',(-6.661338147751E-16,1.,-1.665334536938E-15));
#570 = ORIENTED_EDGE('',*,*,#571,.T.);
#571 = EDGE_CURVE('',#563,#572,#574,.T.);
#572 = VERTEX_POINT('',#573);
#573 = CARTESIAN_POINT('',(-11.,-50.23761543395,-16.16654762208));
#574 = LINE('',#575,#576);
#575 = CARTESIAN_POINT('',(-11.,-46.70208152801,-19.70208152801));
#576 = VECTOR('',#577,1.);
#577 = DIRECTION('',(-7.065416064077E-16,-0.707106781187,0.707106781187)
  );
#578 = ORIENTED_EDGE('',*,*,#579,.T.);
#579 = EDGE_CURVE('',#572,#580,#582,.T.);
#580 = VERTEX_POINT('',#581);
#581 = CARTESIAN_POINT('',(-11.,-47.83345237791,-13.76238456605));
#582 = CIRCLE('',#583,1.7);
#583 = AXIS2_PLACEMENT_3D('',#584,#585,#586);
#584 = CARTESIAN_POINT('',(-11.,-49.03553390593,-14.96446609406));
#585 = DIRECTION('',(-1.,-6.661338147751E-16,-1.665334536938E-15));
#586 = DIRECTION('',(-6.661338147751E-16,1.,-1.665334536938E-15));
#587 = ORIENTED_EDGE('',*,*,#588,.F.);
#588 = EDGE_CURVE('',#561,#580,#589,.T.);
#589 = LINE('',#590,#591);
#590 = CARTESIAN_POINT('',(-11.,-44.29791847198,-17.29791847198));
#591 = VECTOR('',#592,1.);
#592 = DIRECTION('',(-7.065416064077E-16,-0.707106781187,0.707106781187)
  );
#593 = PLANE('',#594);
#594 = AXIS2_PLACEMENT_3D('',#595,#596,#597);
#595 = CARTESIAN_POINT('',(-11.,-21.50960770425,-30.59477536757));
#596 = DIRECTION('',(1.,-1.33226762955E-15,-3.330669073875E-16));
#597 = DIRECTION('',(-1.665334536938E-15,-3.330669073875E-16,1.));
#598 = ADVANCED_FACE('',(#599),#650,.F.);
#599 = FACE_BOUND('',#600,.T.);
#600 = EDGE_LOOP('',(#601,#602,#610,#617,#618,#619,#620,#649));
#601 = ORIENTED_EDGE('',*,*,#65,.F.);
#602 = ORIENTED_EDGE('',*,*,#603,.T.);
#603 = EDGE_CURVE('',#57,#604,#606,.T.);
#604 = VERTEX_POINT('',#605);
#605 = CARTESIAN_POINT('',(-10.,-33.25,-3.));
#606 = LINE('',#607,#608);
#607 = CARTESIAN_POINT('',(-10.,-33.25,-57.));
#608 = VECTOR('',#609,1.);
#609 = DIRECTION('',(-3.330669073875E-16,1.110223024625E-16,1.));
#610 = ORIENTED_EDGE('',*,*,#611,.F.);
#611 = EDGE_CURVE('',#604,#604,#612,.T.);
#612 = CIRCLE('',#613,3.25);
#613 = AXIS2_PLACEMENT_3D('',#614,#615,#616);
#614 = CARTESIAN_POINT('',(-10.,-30.,-3.));
#615 = DIRECTION('',(3.330669073875E-16,-1.110223024625E-16,-1.));
#616 = DIRECTION('',(0.,-1.,1.110223024625E-16));
#617 = ORIENTED_EDGE('',*,*,#603,.F.);
#618 = ORIENTED_EDGE('',*,*,#56,.F.);
#619 = ORIENTED_EDGE('',*,*,#507,.F.);
#620 = ORIENTED_EDGE('',*,*,#621,.T.);
#621 = EDGE_CURVE('',#499,#277,#622,.T.);
#622 = B_SPLINE_CURVE_WITH_KNOTS('',7,(#623,#624,#625,#626,#627,#628,
    #629,#630,#631,#632,#633,#634,#635,#636,#637,#638,#639,#640,#641,
    #642,#643,#644,#645,#646,#647,#648),.UNSPECIFIED.,.F.,.F.,(8,6,6,6,8
    ),(0.,0.239278600012,0.420828247073,0.671708397206,1.),
  .UNSPECIFIED.);
#623 = CARTESIAN_POINT('',(-10.99958613031,-33.09246302614,
    -18.97300455971));
#624 = CARTESIAN_POINT('',(-11.24091990617,-33.01445598351,
    -18.97601224058));
#625 = CARTESIAN_POINT('',(-11.47855246741,-32.91337731536,
    -18.98052770015));
#626 = CARTESIAN_POINT('',(-11.71078546896,-32.78854363867,
    -18.98723937376));
#627 = CARTESIAN_POINT('',(-11.93548376924,-32.63911326073,
    -18.99715992541));
#628 = CARTESIAN_POINT('',(-12.14997691059,-32.46419724356,
    -19.01170865984));
#629 = CARTESIAN_POINT('',(-12.35089538006,-32.26301606721,
    -19.0327758081));
#630 = CARTESIAN_POINT('',(-12.67282572069,-31.86217486021,
    -19.08552540827));
#631 = CARTESIAN_POINT('',(-12.80227656724,-31.67279319134,
    -19.1135608528));
#632 = CARTESIAN_POINT('',(-12.91860028196,-31.4683842399,
    -19.14777691571));
#633 = CARTESIAN_POINT('',(-13.01882134094,-31.25099343578,
    -19.18902955738));
#634 = CARTESIAN_POINT('',(-13.10066669441,-31.0231110072,
    -19.23795795299));
#635 = CARTESIAN_POINT('',(-13.16255768046,-30.78751925582,
    -19.29484785778));
#636 = CARTESIAN_POINT('',(-13.26033888811,-30.21501283834,
    -19.44891113912));
#637 = CARTESIAN_POINT('',(-13.2758372078,-29.88217860966,
    -19.55090771086));
#638 = CARTESIAN_POINT('',(-13.25172545544,-29.55536706849,
    -19.6642244796));
#639 = CARTESIAN_POINT('',(-13.19103277372,-29.24081222149,
    -19.78631406591));
#640 = CARTESIAN_POINT('',(-13.0981469017,-28.94402692472,
    -19.91340562587));
#641 = CARTESIAN_POINT('',(-12.97884371312,-28.66953109319,
    -20.04096888523));
#642 = CARTESIAN_POINT('',(-12.65922917509,-28.09475244564,
    -20.32640802481));
#643 = CARTESIAN_POINT('',(-12.44085066489,-27.80467990228,
    -20.48544871463));
#644 = CARTESIAN_POINT('',(-12.19302456303,-27.55128044174,
    -20.63633586488));
#645 = CARTESIAN_POINT('',(-11.92133902041,-27.33455823759,
    -20.77412802696));
#646 = CARTESIAN_POINT('',(-11.62990254694,-27.15453867574,
    -20.89442677561));
#647 = CARTESIAN_POINT('',(-11.32181115714,-27.01169073897,
    -20.99315603915));
#648 = CARTESIAN_POINT('',(-10.99958613031,-26.90753697385,
    -21.06661226096));
#649 = ORIENTED_EDGE('',*,*,#276,.T.);
#650 = CYLINDRICAL_SURFACE('',#651,3.25);
#651 = AXIS2_PLACEMENT_3D('',#652,#653,#654);
#652 = CARTESIAN_POINT('',(-10.,-30.,-57.));
#653 = DIRECTION('',(-3.330669073875E-16,1.110223024625E-16,1.));
#654 = DIRECTION('',(0.,-1.,1.110223024625E-16));
#655 = ADVANCED_FACE('',(#656,#693,#704),#715,.T.);
#656 = FACE_BOUND('',#657,.T.);
#657 = EDGE_LOOP('',(#658,#668,#676,#683,#684,#685,#686));
#658 = ORIENTED_EDGE('',*,*,#659,.T.);
#659 = EDGE_CURVE('',#660,#662,#664,.T.);
#660 = VERTEX_POINT('',#661);
#661 = CARTESIAN_POINT('',(-3.,17.,-3.175237850428E-14));
#662 = VERTEX_POINT('',#663);
#663 = CARTESIAN_POINT('',(-20.,17.,-2.48689957516E-14));
#664 = LINE('',#665,#666);
#665 = CARTESIAN_POINT('',(-5.662137425588E-15,17.,-3.01980662698E-14));
#666 = VECTOR('',#667,1.);
#667 = DIRECTION('',(-1.,1.33226762955E-15,-1.110223024625E-16));
#668 = ORIENTED_EDGE('',*,*,#669,.T.);
#669 = EDGE_CURVE('',#662,#670,#672,.T.);
#670 = VERTEX_POINT('',#671);
#671 = CARTESIAN_POINT('',(-20.,-53.,6.550315845288E-15));
#672 = LINE('',#673,#674);
#673 = CARTESIAN_POINT('',(-20.,17.,7.105427357601E-15));
#674 = VECTOR('',#675,1.);
#675 = DIRECTION('',(6.661338147751E-16,-1.,1.665334536938E-15));
#676 = ORIENTED_EDGE('',*,*,#677,.F.);
#677 = EDGE_CURVE('',#236,#670,#678,.T.);
#678 = CIRCLE('',#679,3.);
#679 = AXIS2_PLACEMENT_3D('',#680,#681,#682);
#680 = CARTESIAN_POINT('',(-17.,-53.,3.487860003618E-14));
#681 = DIRECTION('',(9.992007221626E-16,-3.330669073875E-16,-1.));
#682 = DIRECTION('',(-1.,-1.109335647967E-31,-9.992007221626E-16));
#683 = ORIENTED_EDGE('',*,*,#235,.F.);
#684 = ORIENTED_EDGE('',*,*,#186,.F.);
#685 = ORIENTED_EDGE('',*,*,#164,.F.);
#686 = ORIENTED_EDGE('',*,*,#687,.T.);
#687 = EDGE_CURVE('',#157,#660,#688,.T.);
#688 = CIRCLE('',#689,3.);
#689 = AXIS2_PLACEMENT_3D('',#690,#691,#692);
#690 = CARTESIAN_POINT('',(-3.,14.,2.579489162931E-15));
#691 = DIRECTION('',(-1.443289932013E-15,4.440892098501E-16,1.));
#692 = DIRECTION('',(-1.,-1.60237371373E-31,-1.443289932013E-15));
#693 = FACE_BOUND('',#694,.T.);
#694 = EDGE_LOOP('',(#695));
#695 = ORIENTED_EDGE('',*,*,#696,.F.);
#696 = EDGE_CURVE('',#697,#697,#699,.T.);
#697 = VERTEX_POINT('',#698);
#698 = CARTESIAN_POINT('',(-10.,-31.6,3.304023721284E-14));
#699 = CIRCLE('',#700,1.6);
#700 = AXIS2_PLACEMENT_3D('',#701,#702,#703);
#701 = CARTESIAN_POINT('',(-10.,-30.,2.620126338115E-14));
#702 = DIRECTION('',(-3.330669073875E-16,1.110223024625E-16,1.));
#703 = DIRECTION('',(0.,-1.,1.110223024625E-16));
#704 = FACE_BOUND('',#705,.T.);
#705 = EDGE_LOOP('',(#706));
#706 = ORIENTED_EDGE('',*,*,#707,.F.);
#707 = EDGE_CURVE('',#708,#708,#710,.T.);
#708 = VERTEX_POINT('',#709);
#709 = CARTESIAN_POINT('',(-10.,-1.6,5.728750807066E-15));
#710 = CIRCLE('',#711,1.6);
#711 = AXIS2_PLACEMENT_3D('',#712,#713,#714);
#712 = CARTESIAN_POINT('',(-10.,-1.998401444325E-14,4.662936703426E-15)
  );
#713 = DIRECTION('',(-3.330669073875E-16,1.110223024625E-16,1.));
#714 = DIRECTION('',(0.,-1.,1.110223024625E-16));
#715 = PLANE('',#716);
#716 = AXIS2_PLACEMENT_3D('',#717,#718,#719);
#717 = CARTESIAN_POINT('',(-10.,-19.5,3.182967629013E-14));
#718 = DIRECTION('',(-1.607735872498E-15,2.811371207519E-16,1.));
#719 = DIRECTION('',(-4.440892098501E-16,1.,-1.613404750302E-15));
#720 = ADVANCED_FACE('',(#721,#770),#842,.F.);
#721 = FACE_BOUND('',#722,.T.);
#722 = EDGE_LOOP('',(#723,#724,#732,#741,#747,#748,#749,#756,#757,#764)
  );
#723 = ORIENTED_EDGE('',*,*,#130,.F.);
#724 = ORIENTED_EDGE('',*,*,#725,.T.);
#725 = EDGE_CURVE('',#123,#726,#728,.T.);
#726 = VERTEX_POINT('',#727);
#727 = CARTESIAN_POINT('',(-20.,-5.862325810233,-49.30769230769));
#728 = LINE('',#729,#730);
#729 = CARTESIAN_POINT('',(-11.,-5.862325810233,-49.30769230769));
#730 = VECTOR('',#731,1.);
#731 = DIRECTION('',(-1.,1.110223024625E-15,1.110223024625E-16));
#732 = ORIENTED_EDGE('',*,*,#733,.T.);
#733 = EDGE_CURVE('',#726,#734,#736,.T.);
#734 = VERTEX_POINT('',#735);
#735 = CARTESIAN_POINT('',(-20.,5.862325810233,-49.30769230769));
#736 = CIRCLE('',#737,11.);
#737 = AXIS2_PLACEMENT_3D('',#738,#739,#740);
#738 = CARTESIAN_POINT('',(-20.,2.464695114898E-14,-40.));
#739 = DIRECTION('',(-1.,-6.661338147751E-16,-1.665334536938E-15));
#740 = DIRECTION('',(-6.661338147751E-16,1.,-1.665334536938E-15));
#741 = ORIENTED_EDGE('',*,*,#742,.F.);
#742 = EDGE_CURVE('',#106,#734,#743,.T.);
#743 = LINE('',#744,#745);
#744 = CARTESIAN_POINT('',(9.110976326721E-14,5.862325810233,
    -49.30769230769));
#745 = VECTOR('',#746,1.);
#746 = DIRECTION('',(-1.,1.33226762955E-15,-1.110223024625E-16));
#747 = ORIENTED_EDGE('',*,*,#105,.F.);
#748 = ORIENTED_EDGE('',*,*,#220,.T.);
#749 = ORIENTED_EDGE('',*,*,#750,.F.);
#750 = EDGE_CURVE('',#360,#213,#751,.T.);
#751 = CIRCLE('',#752,11.);
#752 = AXIS2_PLACEMENT_3D('',#753,#754,#755);
#753 = CARTESIAN_POINT('',(-11.,1.865174681601E-14,-40.));
#754 = DIRECTION('',(-1.,-6.661338147751E-16,-1.665334536938E-15));
#755 = DIRECTION('',(-6.661338147751E-16,1.,-1.665334536938E-15));
#756 = ORIENTED_EDGE('',*,*,#359,.F.);
#757 = ORIENTED_EDGE('',*,*,#758,.F.);
#758 = EDGE_CURVE('',#336,#352,#759,.T.);
#759 = CIRCLE('',#760,11.);
#760 = AXIS2_PLACEMENT_3D('',#761,#762,#763);
#761 = CARTESIAN_POINT('',(-11.,1.865174681601E-14,-40.));
#762 = DIRECTION('',(-1.,-6.661338147751E-16,-1.665334536938E-15));
#763 = DIRECTION('',(-6.661338147751E-16,1.,-1.665334536938E-15));
#764 = ORIENTED_EDGE('',*,*,#765,.F.);
#765 = EDGE_CURVE('',#131,#336,#766,.T.);
#766 = LINE('',#767,#768);
#767 = CARTESIAN_POINT('',(1.027141206629E-13,-9.,-46.32455532033));
#768 = VECTOR('',#769,1.);
#769 = DIRECTION('',(-1.,1.554312234475E-15,1.110223024625E-16));
#770 = FACE_BOUND('',#771,.T.);
#771 = EDGE_LOOP('',(#772));
#772 = ORIENTED_EDGE('',*,*,#773,.F.);
#773 = EDGE_CURVE('',#774,#774,#776,.T.);
#774 = VERTEX_POINT('',#775);
#775 = CARTESIAN_POINT('',(-10.,-3.25,-29.4910752215));
#776 = B_SPLINE_CURVE_WITH_KNOTS('',8,(#777,#778,#779,#780,#781,#782,
    #783,#784,#785,#786,#787,#788,#789,#790,#791,#792,#793,#794,#795,
    #796,#797,#798,#799,#800,#801,#802,#803,#804,#805,#806,#807,#808,
    #809,#810,#811,#812,#813,#814,#815,#816,#817,#818,#819,#820,#821,
    #822,#823,#824,#825,#826,#827,#828,#829,#830,#831,#832,#833,#834,
    #835,#836,#837,#838,#839,#840,#841),.UNSPECIFIED.,.T.,.F.,(9,7,7,7,7
    ,7,7,7,7,9),(0.,0.111547566345,0.207752256807,0.298157757587,
    0.412738565925,0.526020307609,0.643228589142,0.733736897103,
    0.819060056006,1.),.UNSPECIFIED.);
#777 = CARTESIAN_POINT('',(-10.,-3.25,-29.4910752215));
#778 = CARTESIAN_POINT('',(-10.24899684132,-3.25,-29.4910752215));
#779 = CARTESIAN_POINT('',(-10.49777812367,-3.228198412914,
    -29.48433260376));
#780 = CARTESIAN_POINT('',(-10.74513710082,-3.184659006564,
    -29.47086820231));
#781 = CARTESIAN_POINT('',(-10.98981942846,-3.119225989792,
    -29.45090938784));
#782 = CARTESIAN_POINT('',(-11.23045174412,-3.031549711494,
    -29.42490021717));
#783 = CARTESIAN_POINT('',(-11.46544425316,-2.92111624018,
    -29.39352534437));
#784 = CARTESIAN_POINT('',(-11.69286732076,-2.787280824072,
    -29.35774769343));
#785 = CARTESIAN_POINT('',(-12.09782962816,-2.493058485501,
    -29.28532093689));
#786 = CARTESIAN_POINT('',(-12.27870751709,-2.33828897692,-29.2493290085
    ));
#787 = CARTESIAN_POINT('',(-12.45096682528,-2.164483744991,
    -29.21173325938));
#788 = CARTESIAN_POINT('',(-12.6123384944,-1.971255797211,
    -29.17362344986));
#789 = CARTESIAN_POINT('',(-12.76022549513,-1.758392752053,
    -29.13633283808));
#790 = CARTESIAN_POINT('',(-12.89165817423,-1.525929180078,
    -29.1014341665));
#791 = CARTESIAN_POINT('',(-13.00322034316,-1.274259118209,
    -29.07069300562));
#792 = CARTESIAN_POINT('',(-13.17335967942,-0.750624083967,
    -29.02268436455));
#793 = CARTESIAN_POINT('',(-13.23462990594,-0.481091991043,
    -29.00474376629));
#794 = CARTESIAN_POINT('',(-13.27010191882,-0.200914772925,
    -28.99401891931));
#795 = CARTESIAN_POINT('',(-13.27720383737,8.407014106996E-02,
    -28.99182060549));
#796 = CARTESIAN_POINT('',(-13.25532166399,0.367733173145,
    -28.99849476693));
#797 = CARTESIAN_POINT('',(-13.20576523822,0.644006241026,
    -29.01332551212));
#798 = CARTESIAN_POINT('',(-13.13180888072,0.90722897312,-29.03470273049
    ));
#799 = CARTESIAN_POINT('',(-12.92092596586,1.463281520356,
    -29.09328254064));
#800 = CARTESIAN_POINT('',(-12.77179979684,1.746917273781,
    -29.13336825941));
#801 = CARTESIAN_POINT('',(-12.59799609583,2.002565058027,
    -29.17770749347));
#802 = CARTESIAN_POINT('',(-12.40476111405,2.230340295729,
    -29.22351598925));
#803 = CARTESIAN_POINT('',(-12.19631943978,2.430866290339,-29.26851866)
  );
#804 = CARTESIAN_POINT('',(-11.97607054634,2.605004656089,
    -29.31095089851));
#805 = CARTESIAN_POINT('',(-11.74671537115,2.753678129029,-29.3494705864
    ));
#806 = CARTESIAN_POINT('',(-11.27666504991,3.000379568714,
    -29.41633948003));
#807 = CARTESIAN_POINT('',(-11.0356059084,3.099236306065,-29.44487299924
    ));
#808 = CARTESIAN_POINT('',(-10.78918835702,3.17490325909,-29.4677007791)
  );
#809 = CARTESIAN_POINT('',(-10.53909834888,3.22783789974,-29.48412299531
    ));
#810 = CARTESIAN_POINT('',(-10.28681061578,3.258347266901,
    -29.49370205009));
#811 = CARTESIAN_POINT('',(-10.03369219001,3.266577594552,
    -29.49624176545));
#812 = CARTESIAN_POINT('',(-9.781091149855,3.252500509432,
    -29.49177914358));
#813 = CARTESIAN_POINT('',(-9.271041008894,3.178022304802,
    -29.46901036514));
#814 = CARTESIAN_POINT('',(-9.014216379789,3.116103912703,-29.4502516996
    ));
#815 = CARTESIAN_POINT('',(-8.761205824308,3.030011855491,-29.4246509589
    ));
#816 = CARTESIAN_POINT('',(-8.513489153396,2.919284094609,-29.3927813072
    ));
#817 = CARTESIAN_POINT('',(-8.272871824661,2.783194191363,
    -29.35548035899));
#818 = CARTESIAN_POINT('',(-8.041636608773,2.620824993912,
    -29.31392548203));
#819 = CARTESIAN_POINT('',(-7.822748178317,2.431172035608,
    -29.26972167643));
#820 = CARTESIAN_POINT('',(-7.463662505002,2.04506180954,-29.19041068916
    ));
#821 = CARTESIAN_POINT('',(-7.315173436287,1.858141593253,
    -29.15514441928));
#822 = CARTESIAN_POINT('',(-7.178108557719,1.652822523612,
    -29.12040242993));
#823 = CARTESIAN_POINT('',(-7.055750235169,1.429868302117,
    -29.08764811619));
#824 = CARTESIAN_POINT('',(-6.951217126297,1.19047466396,-29.0584580442)
  );
#825 = CARTESIAN_POINT('',(-6.867479041894,0.936244336932,-29.0343939684
    ));
#826 = CARTESIAN_POINT('',(-6.80738381234,0.669186995609,-29.01686470018
    ));
#827 = CARTESIAN_POINT('',(-6.741938444909,0.130195902773,
    -28.99765736693));
#828 = CARTESIAN_POINT('',(-6.734315629555,-0.1350936256,-28.9953245621)
  );
#829 = CARTESIAN_POINT('',(-6.751592908199,-0.399994977565,-29.000457937
    ));
#830 = CARTESIAN_POINT('',(-6.793387598899,-0.66029450611,
    -29.01294325783));
#831 = CARTESIAN_POINT('',(-6.858220573741,-0.911900406959,
    -29.03201008257));
#832 = CARTESIAN_POINT('',(-6.94352176485,-1.151038681299,
    -29.05633201125));
#833 = CARTESIAN_POINT('',(-7.045602058942,-1.374430948992,
    -29.08423820466));
#834 = CARTESIAN_POINT('',(-7.401361066451,-2.014209985497,
    -29.17706339207));
#835 = CARTESIAN_POINT('',(-7.704095562603,-2.379574052745,
    -29.2503365731));
#836 = CARTESIAN_POINT('',(-8.046518617593,-2.676301468307,
    -29.3230559095));
#837 = CARTESIAN_POINT('',(-8.414938843628,-2.908249868586,
    -29.38728930176));
#838 = CARTESIAN_POINT('',(-8.799956617775,-3.079351451964,
    -29.43830400503));
#839 = CARTESIAN_POINT('',(-9.195225757864,-3.192740470974,
    -29.47336638608));
#840 = CARTESIAN_POINT('',(-9.596476787282,-3.25,-29.4910752215));
#841 = CARTESIAN_POINT('',(-10.,-3.25,-29.4910752215));
#842 = CYLINDRICAL_SURFACE('',#843,11.);
#843 = AXIS2_PLACEMENT_3D('',#844,#845,#846);
#844 = CARTESIAN_POINT('',(7.549516567451E-14,2.306152814879E-24,-40.));
#845 = DIRECTION('',(1.,-1.221245327088E-15,3.330669073875E-16));
#846 = DIRECTION('',(-3.330669073875E-16,1.,-1.7763568394E-15));
#847 = ADVANCED_FACE('',(#848),#867,.T.);
#848 = FACE_BOUND('',#849,.F.);
#849 = EDGE_LOOP('',(#850,#851,#859,#866));
#850 = ORIENTED_EDGE('',*,*,#687,.T.);
#851 = ORIENTED_EDGE('',*,*,#852,.T.);
#852 = EDGE_CURVE('',#660,#853,#855,.T.);
#853 = VERTEX_POINT('',#854);
#854 = CARTESIAN_POINT('',(-3.,17.,-40.));
#855 = LINE('',#856,#857);
#856 = CARTESIAN_POINT('',(-3.,17.,-2.75335310107E-14));
#857 = VECTOR('',#858,1.);
#858 = DIRECTION('',(1.443289932013E-15,-4.440892098501E-16,-1.));
#859 = ORIENTED_EDGE('',*,*,#860,.F.);
#860 = EDGE_CURVE('',#148,#853,#861,.T.);
#861 = CIRCLE('',#862,3.);
#862 = AXIS2_PLACEMENT_3D('',#863,#864,#865);
#863 = CARTESIAN_POINT('',(-3.,14.,-40.));
#864 = DIRECTION('',(-1.443289932013E-15,4.440892098501E-16,1.));
#865 = DIRECTION('',(1.,1.060031841391E-30,1.443289932013E-15));
#866 = ORIENTED_EDGE('',*,*,#156,.F.);
#867 = CYLINDRICAL_SURFACE('',#868,3.);
#868 = AXIS2_PLACEMENT_3D('',#869,#870,#871);
#869 = CARTESIAN_POINT('',(-3.,14.,-2.620126338115E-14));
#870 = DIRECTION('',(1.443289932013E-15,-4.440892098501E-16,-1.));
#871 = DIRECTION('',(1.,1.060031841391E-30,1.443289932013E-15));
#872 = ADVANCED_FACE('',(#873),#908,.T.);
#873 = FACE_BOUND('',#874,.T.);
#874 = EDGE_LOOP('',(#875,#883,#884,#885,#893,#901));
#875 = ORIENTED_EDGE('',*,*,#876,.F.);
#876 = EDGE_CURVE('',#115,#877,#879,.T.);
#877 = VERTEX_POINT('',#878);
#878 = CARTESIAN_POINT('',(-6.75,-1.754152378908E-14,-53.));
#879 = LINE('',#880,#881);
#880 = CARTESIAN_POINT('',(1.000310945187E-13,-7.730836871166E-29,-53.)
  );
#881 = VECTOR('',#882,1.);
#882 = DIRECTION('',(-1.,1.33226762955E-15,-1.110223024625E-16));
#883 = ORIENTED_EDGE('',*,*,#114,.T.);
#884 = ORIENTED_EDGE('',*,*,#742,.T.);
#885 = ORIENTED_EDGE('',*,*,#886,.T.);
#886 = EDGE_CURVE('',#734,#887,#889,.T.);
#887 = VERTEX_POINT('',#888);
#888 = CARTESIAN_POINT('',(-20.,-8.104628079764E-15,-53.));
#889 = LINE('',#890,#891);
#890 = CARTESIAN_POINT('',(-20.,5.862325810233,-49.30769230769));
#891 = VECTOR('',#892,1.);
#892 = DIRECTION('',(1.451172929294E-15,-0.846153846154,-0.532938710021)
  );
#893 = ORIENTED_EDGE('',*,*,#894,.F.);
#894 = EDGE_CURVE('',#895,#887,#897,.T.);
#895 = VERTEX_POINT('',#896);
#896 = CARTESIAN_POINT('',(-13.25,-1.176836406103E-14,-53.));
#897 = LINE('',#898,#899);
#898 = CARTESIAN_POINT('',(1.000310945187E-13,-7.730836871166E-29,-53.)
  );
#899 = VECTOR('',#900,1.);
#900 = DIRECTION('',(-1.,1.33226762955E-15,-1.110223024625E-16));
#901 = ORIENTED_EDGE('',*,*,#902,.F.);
#902 = EDGE_CURVE('',#877,#895,#903,.T.);
#903 = ELLIPSE('',#904,3.840909090909,3.25);
#904 = AXIS2_PLACEMENT_3D('',#905,#906,#907);
#905 = CARTESIAN_POINT('',(-10.,-2.586819647377E-14,-53.));
#906 = DIRECTION('',(-8.194934403921E-16,-0.532938710021,0.846153846154)
  );
#907 = DIRECTION('',(6.761577125515E-16,0.846153846154,0.532938710021));
#908 = PLANE('',#909);
#909 = AXIS2_PLACEMENT_3D('',#910,#911,#912);
#910 = CARTESIAN_POINT('',(-10.,2.931162905117,-51.15384615384));
#911 = DIRECTION('',(-9.585889027104E-16,-0.532938710021,0.846153846154)
  );
#912 = DIRECTION('',(-1.026616702188E-15,0.846153846154,0.532938710021)
  );
#913 = ADVANCED_FACE('',(#914),#956,.T.);
#914 = FACE_BOUND('',#915,.T.);
#915 = EDGE_LOOP('',(#916,#917,#918,#949));
#916 = ORIENTED_EDGE('',*,*,#860,.F.);
#917 = ORIENTED_EDGE('',*,*,#147,.T.);
#918 = ORIENTED_EDGE('',*,*,#919,.T.);
#919 = EDGE_CURVE('',#140,#920,#922,.T.);
#920 = VERTEX_POINT('',#921);
#921 = CARTESIAN_POINT('',(-3.,-9.,-54.42220510185));
#922 = B_SPLINE_CURVE_WITH_KNOTS('',7,(#923,#924,#925,#926,#927,#928,
    #929,#930,#931,#932,#933,#934,#935,#936,#937,#938,#939,#940,#941,
    #942,#943,#944,#945,#946,#947,#948),.UNSPECIFIED.,.F.,.F.,(8,6,6,6,8
    ),(0.,0.252425959584,0.486649664869,0.672527026784,1.),
  .UNSPECIFIED.);
#923 = CARTESIAN_POINT('',(6.643679704509E-14,-9.,-50.72380529476));
#924 = CARTESIAN_POINT('',(6.671512186118E-14,-9.,-50.91664583907));
#925 = CARTESIAN_POINT('',(-8.484863007341E-03,-9.,-51.1093853631));
#926 = CARTESIAN_POINT('',(-2.570488935003E-02,-9.,-51.30157724144));
#927 = CARTESIAN_POINT('',(-5.192298472708E-02,-9.,-51.49270300242));
#928 = CARTESIAN_POINT('',(-8.739950803408E-02,-9.,-51.68217314528));
#929 = CARTESIAN_POINT('',(-0.132377119188,-9.,-51.86932795735));
#930 = CARTESIAN_POINT('',(-0.237810585779,-9.,-52.22427263847));
#931 = CARTESIAN_POINT('',(-0.296912576716,-9.,-52.39247132208));
#932 = CARTESIAN_POINT('',(-0.364535194225,-9.,-52.55744492175));
#933 = CARTESIAN_POINT('',(-0.4408080788,-9.,-52.71852053099));
#934 = CARTESIAN_POINT('',(-0.525805348349,-9.,-52.8749520598));
#935 = CARTESIAN_POINT('',(-0.619524029568,-9.,-53.02593049732));
#936 = CARTESIAN_POINT('',(-0.803077167805,-9.,-53.28539768122));
#937 = CARTESIAN_POINT('',(-0.889718131842,-9.,-53.39622077567));
#938 = CARTESIAN_POINT('',(-0.981726689006,-9.,-53.50262530077));
#939 = CARTESIAN_POINT('',(-1.079000059357,-9.,-53.60414921437));
#940 = CARTESIAN_POINT('',(-1.181381517751,-9.,-53.70031710389));
#941 = CARTESIAN_POINT('',(-1.288650536149,-9.,-53.79065070083));
#942 = CARTESIAN_POINT('',(-1.59758861605,-9.,-54.02271854422));
#943 = CARTESIAN_POINT('',(-1.809149722984,-9.,-54.15136087839));
#944 = CARTESIAN_POINT('',(-2.033308236137,-9.,-54.25770895454));
#945 = CARTESIAN_POINT('',(-2.267646860646,-9.,-54.33939757599));
#946 = CARTESIAN_POINT('',(-2.509253710029,-9.,-54.39462507548));
#947 = CARTESIAN_POINT('',(-2.754714012056,-9.,-54.42220510185));
#948 = CARTESIAN_POINT('',(-3.,-9.,-54.42220510185));
#949 = ORIENTED_EDGE('',*,*,#950,.F.);
#950 = EDGE_CURVE('',#853,#920,#951,.T.);
#951 = CIRCLE('',#952,17.);
#952 = AXIS2_PLACEMENT_3D('',#953,#954,#955);
#953 = CARTESIAN_POINT('',(-3.,-8.881784197001E-16,-40.));
#954 = DIRECTION('',(-1.,-1.010728034814E-30,-1.33226762955E-15));
#955 = DIRECTION('',(-1.885145545565E-32,1.,-7.445024988663E-16));
#956 = TOROIDAL_SURFACE('',#957,14.,3.);
#957 = AXIS2_PLACEMENT_3D('',#958,#959,#960);
#958 = CARTESIAN_POINT('',(-3.,-8.881784197001E-16,-40.));
#959 = DIRECTION('',(-1.,-1.010728034814E-30,-1.33226762955E-15));
#960 = DIRECTION('',(-1.885145545565E-32,1.,-7.445024988663E-16));
#961 = ADVANCED_FACE('',(#962),#990,.T.);
#962 = FACE_BOUND('',#963,.T.);
#963 = EDGE_LOOP('',(#964,#965,#966,#967,#976,#983,#984));
#964 = ORIENTED_EDGE('',*,*,#725,.F.);
#965 = ORIENTED_EDGE('',*,*,#122,.T.);
#966 = ORIENTED_EDGE('',*,*,#876,.T.);
#967 = ORIENTED_EDGE('',*,*,#968,.F.);
#968 = EDGE_CURVE('',#969,#877,#971,.T.);
#969 = VERTEX_POINT('',#970);
#970 = CARTESIAN_POINT('',(-10.,-3.25,-50.95303086378));
#971 = ELLIPSE('',#972,3.840909090909,3.25);
#972 = AXIS2_PLACEMENT_3D('',#973,#974,#975);
#973 = CARTESIAN_POINT('',(-10.,-2.586819647377E-14,-53.));
#974 = DIRECTION('',(-5.090247734689E-16,0.532938710021,0.846153846154)
  );
#975 = DIRECTION('',(1.83222499388E-16,-0.846153846154,0.532938710021));
#976 = ORIENTED_EDGE('',*,*,#977,.F.);
#977 = EDGE_CURVE('',#895,#969,#978,.T.);
#978 = ELLIPSE('',#979,3.840909090909,3.25);
#979 = AXIS2_PLACEMENT_3D('',#980,#981,#982);
#980 = CARTESIAN_POINT('',(-10.,-2.586819647377E-14,-53.));
#981 = DIRECTION('',(-5.090247734689E-16,0.532938710021,0.846153846154)
  );
#982 = DIRECTION('',(1.83222499388E-16,-0.846153846154,0.532938710021));
#983 = ORIENTED_EDGE('',*,*,#894,.T.);
#984 = ORIENTED_EDGE('',*,*,#985,.F.);
#985 = EDGE_CURVE('',#726,#887,#986,.T.);
#986 = LINE('',#987,#988);
#987 = CARTESIAN_POINT('',(-20.,-5.862325810233,-49.30769230769));
#988 = VECTOR('',#989,1.);
#989 = DIRECTION('',(3.238695504443E-16,0.846153846154,-0.532938710021)
  );
#990 = PLANE('',#991);
#991 = AXIS2_PLACEMENT_3D('',#992,#993,#994);
#992 = CARTESIAN_POINT('',(-10.,-2.931162905117,-51.15384615384));
#993 = DIRECTION('',(-1.121464897051E-15,0.532938710021,0.846153846154)
  );
#994 = DIRECTION('',(2.750811162875E-16,0.846153846154,-0.532938710021)
  );
#995 = ADVANCED_FACE('',(#996),#1008,.F.);
#996 = FACE_BOUND('',#997,.F.);
#997 = EDGE_LOOP('',(#998,#1004,#1005,#1006,#1007));
#998 = ORIENTED_EDGE('',*,*,#999,.T.);
#999 = EDGE_CURVE('',#920,#327,#1000,.T.);
#1000 = LINE('',#1001,#1002);
#1001 = CARTESIAN_POINT('',(1.197954954052E-13,-9.,-54.42220510185));
#1002 = VECTOR('',#1003,1.);
#1003 = DIRECTION('',(-1.,1.554312234475E-15,1.110223024625E-16));
#1004 = ORIENTED_EDGE('',*,*,#335,.T.);
#1005 = ORIENTED_EDGE('',*,*,#765,.F.);
#1006 = ORIENTED_EDGE('',*,*,#139,.F.);
#1007 = ORIENTED_EDGE('',*,*,#919,.T.);
#1008 = PLANE('',#1009);
#1009 = AXIS2_PLACEMENT_3D('',#1010,#1011,#1012);
#1010 = CARTESIAN_POINT('',(1.197954954052E-13,-9.,-54.42220510185));
#1011 = DIRECTION('',(-4.440892098501E-16,1.,-1.7763568394E-15));
#1012 = DIRECTION('',(-2.109423746788E-15,-2.22044604925E-16,1.));
#1013 = ADVANCED_FACE('',(#1014),#1032,.T.);
#1014 = FACE_BOUND('',#1015,.T.);
#1015 = EDGE_LOOP('',(#1016,#1024,#1030,#1031));
#1016 = ORIENTED_EDGE('',*,*,#1017,.T.);
#1017 = EDGE_CURVE('',#369,#1018,#1020,.T.);
#1018 = VERTEX_POINT('',#1019);
#1019 = CARTESIAN_POINT('',(5.440677553792E-14,-9.2,-33.67544467966));
#1020 = LINE('',#1021,#1022);
#1021 = CARTESIAN_POINT('',(-11.,-9.2,-33.67544467966));
#1022 = VECTOR('',#1023,1.);
#1023 = DIRECTION('',(1.,-6.661338147751E-16,3.574525976783E-31));
#1024 = ORIENTED_EDGE('',*,*,#1025,.T.);
#1025 = EDGE_CURVE('',#1018,#98,#1026,.T.);
#1026 = LINE('',#1027,#1028);
#1027 = CARTESIAN_POINT('',(7.344729788768E-14,-9.2,-33.67544467966));
#1028 = VECTOR('',#1029,1.);
#1029 = DIRECTION('',(-4.440892098501E-16,1.,-1.110223024625E-15));
#1030 = ORIENTED_EDGE('',*,*,#220,.T.);
#1031 = ORIENTED_EDGE('',*,*,#376,.F.);
#1032 = PLANE('',#1033);
#1033 = AXIS2_PLACEMENT_3D('',#1034,#1035,#1036);
#1034 = CARTESIAN_POINT('',(-11.,-9.2,-33.67544467966));
#1035 = DIRECTION('',(-6.661338147751E-16,2.22044604925E-16,1.));
#1036 = DIRECTION('',(-2.22044604925E-16,1.,-8.881784197001E-16));
#1037 = ADVANCED_FACE('',(#1038),#1054,.T.);
#1038 = FACE_BOUND('',#1039,.T.);
#1039 = EDGE_LOOP('',(#1040,#1041,#1047,#1048));
#1040 = ORIENTED_EDGE('',*,*,#220,.F.);
#1041 = ORIENTED_EDGE('',*,*,#1042,.T.);
#1042 = EDGE_CURVE('',#98,#131,#1043,.T.);
#1043 = LINE('',#1044,#1045);
#1044 = CARTESIAN_POINT('',(7.335848004571E-14,-9.,-33.67544467966));
#1045 = VECTOR('',#1046,1.);
#1046 = DIRECTION('',(1.110223024625E-15,-3.396887500472E-16,-1.));
#1047 = ORIENTED_EDGE('',*,*,#765,.T.);
#1048 = ORIENTED_EDGE('',*,*,#1049,.F.);
#1049 = EDGE_CURVE('',#213,#336,#1050,.T.);
#1050 = LINE('',#1051,#1052);
#1051 = CARTESIAN_POINT('',(-11.,-9.,-33.67544467966));
#1052 = VECTOR('',#1053,1.);
#1053 = DIRECTION('',(1.110223024625E-15,-3.396887500472E-16,-1.));
#1054 = PLANE('',#1055);
#1055 = AXIS2_PLACEMENT_3D('',#1056,#1057,#1058);
#1056 = CARTESIAN_POINT('',(-11.,-9.,-33.67544467966));
#1057 = DIRECTION('',(5.191603134885E-31,1.,-1.227867169747E-15));
#1058 = DIRECTION('',(8.881784197001E-16,-5.617333549723E-16,-1.));
#1059 = ADVANCED_FACE('',(#1060),#1079,.T.);
#1060 = FACE_BOUND('',#1061,.T.);
#1061 = EDGE_LOOP('',(#1062,#1063,#1071,#1078));
#1062 = ORIENTED_EDGE('',*,*,#677,.T.);
#1063 = ORIENTED_EDGE('',*,*,#1064,.T.);
#1064 = EDGE_CURVE('',#670,#1065,#1067,.T.);
#1065 = VERTEX_POINT('',#1066);
#1066 = CARTESIAN_POINT('',(-20.,-53.,-55.));
#1067 = LINE('',#1068,#1069);
#1068 = CARTESIAN_POINT('',(-20.,-53.,4.563016631209E-14));
#1069 = VECTOR('',#1070,1.);
#1070 = DIRECTION('',(9.992007221626E-16,-3.330669073875E-16,-1.));
#1071 = ORIENTED_EDGE('',*,*,#1072,.F.);
#1072 = EDGE_CURVE('',#244,#1065,#1073,.T.);
#1073 = ELLIPSE('',#1074,4.242640687119,3.);
#1074 = AXIS2_PLACEMENT_3D('',#1075,#1076,#1077);
#1075 = CARTESIAN_POINT('',(-17.,-53.,-52.));
#1076 = DIRECTION('',(0.707106781187,-7.065416064077E-16,-0.707106781187
    ));
#1077 = DIRECTION('',(-0.707106781187,2.355138688026E-16,-0.707106781187
    ));
#1078 = ORIENTED_EDGE('',*,*,#243,.F.);
#1079 = CYLINDRICAL_SURFACE('',#1080,3.);
#1080 = AXIS2_PLACEMENT_3D('',#1081,#1082,#1083);
#1081 = CARTESIAN_POINT('',(-17.,-53.,4.862776847858E-14));
#1082 = DIRECTION('',(9.992007221626E-16,-3.330669073875E-16,-1.));
#1083 = DIRECTION('',(-7.111433669132E-16,-1.,3.330669073875E-16));
#1084 = ADVANCED_FACE('',(#1085),#1096,.T.);
#1085 = FACE_BOUND('',#1086,.F.);
#1086 = EDGE_LOOP('',(#1087,#1088,#1094,#1095));
#1087 = ORIENTED_EDGE('',*,*,#515,.T.);
#1088 = ORIENTED_EDGE('',*,*,#1089,.T.);
#1089 = EDGE_CURVE('',#464,#1065,#1090,.T.);
#1090 = LINE('',#1091,#1092);
#1091 = CARTESIAN_POINT('',(-11.,-53.,-55.));
#1092 = VECTOR('',#1093,1.);
#1093 = DIRECTION('',(-1.,6.661338147751E-16,-3.330669073875E-16));
#1094 = ORIENTED_EDGE('',*,*,#1072,.F.);
#1095 = ORIENTED_EDGE('',*,*,#251,.F.);
#1096 = CYLINDRICAL_SURFACE('',#1097,3.);
#1097 = AXIS2_PLACEMENT_3D('',#1098,#1099,#1100);
#1098 = CARTESIAN_POINT('',(-11.,-53.,-52.));
#1099 = DIRECTION('',(-1.,6.661338147751E-16,-3.330669073875E-16));
#1100 = DIRECTION('',(-6.661338147751E-16,-1.,3.330669073875E-16));
#1101 = ADVANCED_FACE('',(#1102),#1127,.T.);
#1102 = FACE_BOUND('',#1103,.T.);
#1103 = EDGE_LOOP('',(#1104,#1112,#1118,#1119,#1120,#1126));
#1104 = ORIENTED_EDGE('',*,*,#1105,.T.);
#1105 = EDGE_CURVE('',#344,#1106,#1108,.T.);
#1106 = VERTEX_POINT('',#1107);
#1107 = CARTESIAN_POINT('',(6.28327758625E-14,-9.2,-46.32455532033));
#1108 = LINE('',#1109,#1110);
#1109 = CARTESIAN_POINT('',(-11.,-9.2,-46.32455532033));
#1110 = VECTOR('',#1111,1.);
#1111 = DIRECTION('',(1.,-6.661338147751E-16,3.574525976783E-31));
#1112 = ORIENTED_EDGE('',*,*,#1113,.T.);
#1113 = EDGE_CURVE('',#1106,#1018,#1114,.T.);
#1114 = LINE('',#1115,#1116);
#1115 = CARTESIAN_POINT('',(8.749063176198E-14,-9.2,-46.32455532033));
#1116 = VECTOR('',#1117,1.);
#1117 = DIRECTION('',(-1.110223024625E-15,-2.22044604925E-16,1.));
#1118 = ORIENTED_EDGE('',*,*,#1017,.F.);
#1119 = ORIENTED_EDGE('',*,*,#368,.F.);
#1120 = ORIENTED_EDGE('',*,*,#1121,.F.);
#1121 = EDGE_CURVE('',#352,#360,#1122,.T.);
#1122 = LINE('',#1123,#1124);
#1123 = CARTESIAN_POINT('',(-11.,-9.2,-46.32455532033));
#1124 = VECTOR('',#1125,1.);
#1125 = DIRECTION('',(-1.110223024625E-15,-2.22044604925E-16,1.));
#1126 = ORIENTED_EDGE('',*,*,#351,.F.);
#1127 = PLANE('',#1128);
#1128 = AXIS2_PLACEMENT_3D('',#1129,#1130,#1131);
#1129 = CARTESIAN_POINT('',(-11.,-9.2,-46.32455532033));
#1130 = DIRECTION('',(-1.479114197289E-31,-1.,6.661338147751E-16));
#1131 = DIRECTION('',(-8.881784197001E-16,2.958228394579E-31,1.));
#1132 = ADVANCED_FACE('',(#1133),#1144,.T.);
#1133 = FACE_BOUND('',#1134,.T.);
#1134 = EDGE_LOOP('',(#1135,#1136,#1142,#1143));
#1135 = ORIENTED_EDGE('',*,*,#765,.F.);
#1136 = ORIENTED_EDGE('',*,*,#1137,.T.);
#1137 = EDGE_CURVE('',#131,#1106,#1138,.T.);
#1138 = LINE('',#1139,#1140);
#1139 = CARTESIAN_POINT('',(8.740181392001E-14,-9.,-46.32455532033));
#1140 = VECTOR('',#1141,1.);
#1141 = DIRECTION('',(4.440892098501E-16,-1.,1.110223024625E-15));
#1142 = ORIENTED_EDGE('',*,*,#1105,.F.);
#1143 = ORIENTED_EDGE('',*,*,#343,.F.);
#1144 = PLANE('',#1145);
#1145 = AXIS2_PLACEMENT_3D('',#1146,#1147,#1148);
#1146 = CARTESIAN_POINT('',(-11.,-9.,-46.32455532033));
#1147 = DIRECTION('',(6.661338147751E-16,-2.22044604925E-16,-1.));
#1148 = DIRECTION('',(2.22044604925E-16,-1.,8.881784197001E-16));
#1149 = ADVANCED_FACE('',(#1150,#1178),#1390,.T.);
#1150 = FACE_BOUND('',#1151,.F.);
#1151 = EDGE_LOOP('',(#1152,#1153,#1154,#1162,#1171,#1177));
#1152 = ORIENTED_EDGE('',*,*,#999,.F.);
#1153 = ORIENTED_EDGE('',*,*,#950,.F.);
#1154 = ORIENTED_EDGE('',*,*,#1155,.T.);
#1155 = EDGE_CURVE('',#853,#1156,#1158,.T.);
#1156 = VERTEX_POINT('',#1157);
#1157 = CARTESIAN_POINT('',(-20.,17.,-40.));
#1158 = LINE('',#1159,#1160);
#1159 = CARTESIAN_POINT('',(6.983302824892E-14,17.,-40.));
#1160 = VECTOR('',#1161,1.);
#1161 = DIRECTION('',(-1.,1.33226762955E-15,-1.110223024625E-16));
#1162 = ORIENTED_EDGE('',*,*,#1163,.T.);
#1163 = EDGE_CURVE('',#1156,#1164,#1166,.T.);
#1164 = VERTEX_POINT('',#1165);
#1165 = CARTESIAN_POINT('',(-20.,-8.,-55.));
#1166 = CIRCLE('',#1167,17.);
#1167 = AXIS2_PLACEMENT_3D('',#1168,#1169,#1170);
#1168 = CARTESIAN_POINT('',(-20.,2.464695114898E-14,-40.));
#1169 = DIRECTION('',(-1.,-6.661338147751E-16,-1.665334536938E-15));
#1170 = DIRECTION('',(-6.661338147751E-16,1.,-1.665334536938E-15));
#1171 = ORIENTED_EDGE('',*,*,#1172,.F.);
#1172 = EDGE_CURVE('',#319,#1164,#1173,.T.);
#1173 = LINE('',#1174,#1175);
#1174 = CARTESIAN_POINT('',(-11.,-8.,-55.));
#1175 = VECTOR('',#1176,1.);
#1176 = DIRECTION('',(-1.,1.110223024625E-15,1.110223024625E-16));
#1177 = ORIENTED_EDGE('',*,*,#326,.T.);
#1178 = FACE_BOUND('',#1179,.F.);
#1179 = EDGE_LOOP('',(#1180,#1252,#1322));
#1180 = ORIENTED_EDGE('',*,*,#1181,.T.);
#1181 = EDGE_CURVE('',#1182,#1184,#1186,.T.);
#1182 = VERTEX_POINT('',#1183);
#1183 = CARTESIAN_POINT('',(-10.,-3.25,-56.68644659596));
#1184 = VERTEX_POINT('',#1185);
#1185 = CARTESIAN_POINT('',(-13.25,-1.01595984917E-06,-57.));
#1186 = B_SPLINE_CURVE_WITH_KNOTS('',8,(#1187,#1188,#1189,#1190,#1191,
    #1192,#1193,#1194,#1195,#1196,#1197,#1198,#1199,#1200,#1201,#1202,
    #1203,#1204,#1205,#1206,#1207,#1208,#1209,#1210,#1211,#1212,#1213,
    #1214,#1215,#1216,#1217,#1218,#1219,#1220,#1221,#1222,#1223,#1224,
    #1225,#1226,#1227,#1228,#1229,#1230,#1231,#1232,#1233,#1234,#1235,
    #1236,#1237,#1238,#1239,#1240,#1241,#1242,#1243,#1244,#1245,#1246,
    #1247,#1248,#1249,#1250,#1251),.UNSPECIFIED.,.T.,.F.,(9,7,7,7,7,7,7,
    7,7,9),(0.,9.93890365911E-02,0.197384785357,0.288409948801,
    0.39307218082,0.506282504825,0.6340120834,0.732410956489,
    0.825254580449,1.),.UNSPECIFIED.);
#1187 = CARTESIAN_POINT('',(-10.,-3.25,-56.68644659596));
#1188 = CARTESIAN_POINT('',(-10.23563522827,-3.25,-56.68644659596));
#1189 = CARTESIAN_POINT('',(-10.47124916639,-3.230475547039,
    -56.69024921277));
#1190 = CARTESIAN_POINT('',(-10.70496675312,-3.191430791546,
    -56.69785426619));
#1191 = CARTESIAN_POINT('',(-10.93491309936,-3.1330882411,
    -56.70908460936));
#1192 = CARTESIAN_POINT('',(-11.15924318687,-3.055879995211,
    -56.7235910679));
#1193 = CARTESIAN_POINT('',(-11.37616739549,-2.960445625074,
    -56.74087270325));
#1194 = CARTESIAN_POINT('',(-11.58397285888,-2.847636698287,
    -56.76031240033));
#1195 = CARTESIAN_POINT('',(-11.97534583891,-2.591229113186,
    -56.80184995619));
#1196 = CARTESIAN_POINT('',(-12.16373016139,-2.445125201273,
    -56.82438589629));
#1197 = CARTESIAN_POINT('',(-12.34427519964,-2.279642320898,
    -56.84834885295));
#1198 = CARTESIAN_POINT('',(-12.51475957296,-2.09431406565,
    -56.87309029859));
#1199 = CARTESIAN_POINT('',(-12.67262918749,-1.888829495725,
    -56.89778900014));
#1200 = CARTESIAN_POINT('',(-12.81494903032,-1.663105501303,
    -56.92144245293));
#1201 = CARTESIAN_POINT('',(-12.9383273153,-1.417397932838,
    -56.94288925044));
#1202 = CARTESIAN_POINT('',(-13.13213129028,-0.906378848994,
    -56.97761219399));
#1203 = CARTESIAN_POINT('',(-13.20597897617,-0.642968573615,
    -56.99141068473));
#1204 = CARTESIAN_POINT('',(-13.25533950882,-0.36693973134,
    -57.00097547243));
#1205 = CARTESIAN_POINT('',(-13.27710678905,-8.3748534974E-02,
    -57.00527818646));
#1206 = CARTESIAN_POINT('',(-13.27002857989,0.200726956937,
    -57.00385754313));
#1207 = CARTESIAN_POINT('',(-13.23469170108,0.480545079393,
    -56.99693607115));
#1208 = CARTESIAN_POINT('',(-13.17354092169,0.750066277616,
    -56.98535440913));
#1209 = CARTESIAN_POINT('',(-12.99595050865,1.296633368201,
    -56.95300849225));
#1210 = CARTESIAN_POINT('',(-12.87290018898,1.567833189771,
    -56.93118363644));
#1211 = CARTESIAN_POINT('',(-12.72674311071,1.816610931266,
    -56.90634837906));
#1212 = CARTESIAN_POINT('',(-12.56174004136,2.04239430849,
    -56.87997100514));
#1213 = CARTESIAN_POINT('',(-12.38160314467,2.245100908531,
    -56.85333430555));
#1214 = CARTESIAN_POINT('',(-12.18959229624,2.424988581572,
    -56.82748853301));
#1215 = CARTESIAN_POINT('',(-11.98857155476,2.582564299736,
    -56.80325363999));
#1216 = CARTESIAN_POINT('',(-11.55656004458,2.865596173969,
    -56.7574029984));
#1217 = CARTESIAN_POINT('',(-11.32329773481,2.988140918514,
    -56.73603930901));
#1218 = CARTESIAN_POINT('',(-11.08358677501,3.087037701813,
    -56.71786853071));
#1219 = CARTESIAN_POINT('',(-10.83925939109,3.163030560817,
    -56.70339863142));
#1220 = CARTESIAN_POINT('',(-10.59180551757,3.216692694285,
    -56.69296123015));
#1221 = CARTESIAN_POINT('',(-10.34250032056,3.248394603737,
    -56.68674899542));
#1222 = CARTESIAN_POINT('',(-10.09250954387,3.25827437409,
    -56.68483740682));
#1223 = CARTESIAN_POINT('',(-9.561451452441,3.232587166136,
    -56.68983441107));
#1224 = CARTESIAN_POINT('',(-9.281003710683,3.191053447534,
    -56.69790084817));
#1225 = CARTESIAN_POINT('',(-9.003144999995,3.121579121968,
    -56.71129517081));
#1226 = CARTESIAN_POINT('',(-8.729573842626,3.023653951197,
    -56.72974983093));
#1227 = CARTESIAN_POINT('',(-8.462350729667,2.896373284432,
    -56.75280052298));
#1228 = CARTESIAN_POINT('',(-8.204112877037,2.738534003679,
    -56.77970848125));
#1229 = CARTESIAN_POINT('',(-7.958360067356,2.548761811232,
    -56.80935811778));
#1230 = CARTESIAN_POINT('',(-7.553791856874,2.15385417645,
    -56.86389650193));
#1231 = CARTESIAN_POINT('',(-7.385889487924,1.960220843141,
    -56.88859534347));
#1232 = CARTESIAN_POINT('',(-7.230345954278,1.744933287118,
    -56.91334924706));
#1233 = CARTESIAN_POINT('',(-7.091212284113,1.508782404029,
    -56.93700931583));
#1234 = CARTESIAN_POINT('',(-6.972361411556,1.253152838218,
    -56.95828600264));
#1235 = CARTESIAN_POINT('',(-6.877489383144,0.979993558313,
    -56.97586880942));
#1236 = CARTESIAN_POINT('',(-6.810131894778,0.691819490688,
    -56.98856906295));
#1237 = CARTESIAN_POINT('',(-6.739317455156,0.108610110123,
    -57.00201197959));
#1238 = CARTESIAN_POINT('',(-6.733278085129,-0.178444404635,
    -57.00323479561));
#1239 = CARTESIAN_POINT('',(-6.75635012593,-0.464456132526,
    -56.99878813611));
#1240 = CARTESIAN_POINT('',(-6.807893432982,-0.744372974906,
    -56.98881421479));
#1241 = CARTESIAN_POINT('',(-6.885919765875,-1.01334834173,
    -56.97402797671));
#1242 = CARTESIAN_POINT('',(-6.987121060404,-1.267017947365,
    -56.95559301874));
#1243 = CARTESIAN_POINT('',(-7.10687352142,-1.501746375577,
    -56.9348938452));
#1244 = CARTESIAN_POINT('',(-7.488342176224,-2.115887154508,
    -56.87262638795));
#1245 = CARTESIAN_POINT('',(-7.789379743778,-2.451986362332,
    -56.82756865428));
#1246 = CARTESIAN_POINT('',(-8.124280337984,-2.724622838849,
    -56.78408697821));
#1247 = CARTESIAN_POINT('',(-8.481244303722,-2.937472891068,
    -56.74637536289));
#1248 = CARTESIAN_POINT('',(-8.852092939121,-3.094231395758,
    -56.71678368886));
#1249 = CARTESIAN_POINT('',(-9.231254360999,-3.197867072962,
    -56.6966007989));
#1250 = CARTESIAN_POINT('',(-9.614965017742,-3.25,-56.68644659596));
#1251 = CARTESIAN_POINT('',(-10.,-3.25,-56.68644659596));
#1252 = ORIENTED_EDGE('',*,*,#1253,.T.);
#1253 = EDGE_CURVE('',#1184,#1254,#1256,.T.);
#1254 = VERTEX_POINT('',#1255);
#1255 = CARTESIAN_POINT('',(-6.75,8.870259307489E-07,-57.));
#1256 = B_SPLINE_CURVE_WITH_KNOTS('',8,(#1257,#1258,#1259,#1260,#1261,
    #1262,#1263,#1264,#1265,#1266,#1267,#1268,#1269,#1270,#1271,#1272,
    #1273,#1274,#1275,#1276,#1277,#1278,#1279,#1280,#1281,#1282,#1283,
    #1284,#1285,#1286,#1287,#1288,#1289,#1290,#1291,#1292,#1293,#1294,
    #1295,#1296,#1297,#1298,#1299,#1300,#1301,#1302,#1303,#1304,#1305,
    #1306,#1307,#1308,#1309,#1310,#1311,#1312,#1313,#1314,#1315,#1316,
    #1317,#1318,#1319,#1320,#1321),.UNSPECIFIED.,.T.,.F.,(9,7,7,7,7,7,7,
    7,7,9),(0.,9.93890365911E-02,0.197384785357,0.288409948801,
    0.39307218082,0.506282504825,0.6340120834,0.732410956489,
    0.825254580449,1.),.UNSPECIFIED.);
#1257 = CARTESIAN_POINT('',(-10.,-3.25,-56.68644659596));
#1258 = CARTESIAN_POINT('',(-10.23563522827,-3.25,-56.68644659596));
#1259 = CARTESIAN_POINT('',(-10.47124916639,-3.230475547039,
    -56.69024921277));
#1260 = CARTESIAN_POINT('',(-10.70496675312,-3.191430791546,
    -56.69785426619));
#1261 = CARTESIAN_POINT('',(-10.93491309936,-3.1330882411,
    -56.70908460936));
#1262 = CARTESIAN_POINT('',(-11.15924318687,-3.055879995211,
    -56.7235910679));
#1263 = CARTESIAN_POINT('',(-11.37616739549,-2.960445625074,
    -56.74087270325));
#1264 = CARTESIAN_POINT('',(-11.58397285888,-2.847636698287,
    -56.76031240033));
#1265 = CARTESIAN_POINT('',(-11.97534583891,-2.591229113186,
    -56.80184995619));
#1266 = CARTESIAN_POINT('',(-12.16373016139,-2.445125201273,
    -56.82438589629));
#1267 = CARTESIAN_POINT('',(-12.34427519964,-2.279642320898,
    -56.84834885295));
#1268 = CARTESIAN_POINT('',(-12.51475957296,-2.09431406565,
    -56.87309029859));
#1269 = CARTESIAN_POINT('',(-12.67262918749,-1.888829495725,
    -56.89778900014));
#1270 = CARTESIAN_POINT('',(-12.81494903032,-1.663105501303,
    -56.92144245293));
#1271 = CARTESIAN_POINT('',(-12.9383273153,-1.417397932838,
    -56.94288925044));
#1272 = CARTESIAN_POINT('',(-13.13213129028,-0.906378848994,
    -56.97761219399));
#1273 = CARTESIAN_POINT('',(-13.20597897617,-0.642968573615,
    -56.99141068473));
#1274 = CARTESIAN_POINT('',(-13.25533950882,-0.36693973134,
    -57.00097547243));
#1275 = CARTESIAN_POINT('',(-13.27710678905,-8.3748534974E-02,
    -57.00527818646));
#1276 = CARTESIAN_POINT('',(-13.27002857989,0.200726956937,
    -57.00385754313));
#1277 = CARTESIAN_POINT('',(-13.23469170108,0.480545079393,
    -56.99693607115));
#1278 = CARTESIAN_POINT('',(-13.17354092169,0.750066277616,
    -56.98535440913));
#1279 = CARTESIAN_POINT('',(-12.99595050865,1.296633368201,
    -56.95300849225));
#1280 = CARTESIAN_POINT('',(-12.87290018898,1.567833189771,
    -56.93118363644));
#1281 = CARTESIAN_POINT('',(-12.72674311071,1.816610931266,
    -56.90634837906));
#1282 = CARTESIAN_POINT('',(-12.56174004136,2.04239430849,
    -56.87997100514));
#1283 = CARTESIAN_POINT('',(-12.38160314467,2.245100908531,
    -56.85333430555));
#1284 = CARTESIAN_POINT('',(-12.18959229624,2.424988581572,
    -56.82748853301));
#1285 = CARTESIAN_POINT('',(-11.98857155476,2.582564299736,
    -56.80325363999));
#1286 = CARTESIAN_POINT('',(-11.55656004458,2.865596173969,
    -56.7574029984));
#1287 = CARTESIAN_POINT('',(-11.32329773481,2.988140918514,
    -56.73603930901));
#1288 = CARTESIAN_POINT('',(-11.08358677501,3.087037701813,
    -56.71786853071));
#1289 = CARTESIAN_POINT('',(-10.83925939109,3.163030560817,
    -56.70339863142));
#1290 = CARTESIAN_POINT('',(-10.59180551757,3.216692694285,
    -56.69296123015));
#1291 = CARTESIAN_POINT('',(-10.34250032056,3.248394603737,
    -56.68674899542));
#1292 = CARTESIAN_POINT('',(-10.09250954387,3.25827437409,
    -56.68483740682));
#1293 = CARTESIAN_POINT('',(-9.561451452441,3.232587166136,
    -56.68983441107));
#1294 = CARTESIAN_POINT('',(-9.281003710683,3.191053447534,
    -56.69790084817));
#1295 = CARTESIAN_POINT('',(-9.003144999995,3.121579121968,
    -56.71129517081));
#1296 = CARTESIAN_POINT('',(-8.729573842626,3.023653951197,
    -56.72974983093));
#1297 = CARTESIAN_POINT('',(-8.462350729667,2.896373284432,
    -56.75280052298));
#1298 = CARTESIAN_POINT('',(-8.204112877037,2.738534003679,
    -56.77970848125));
#1299 = CARTESIAN_POINT('',(-7.958360067356,2.548761811232,
    -56.80935811778));
#1300 = CARTESIAN_POINT('',(-7.553791856874,2.15385417645,
    -56.86389650193));
#1301 = CARTESIAN_POINT('',(-7.385889487924,1.960220843141,
    -56.88859534347));
#1302 = CARTESIAN_POINT('',(-7.230345954278,1.744933287118,
    -56.91334924706));
#1303 = CARTESIAN_POINT('',(-7.091212284113,1.508782404029,
    -56.93700931583));
#1304 = CARTESIAN_POINT('',(-6.972361411556,1.253152838218,
    -56.95828600264));
#1305 = CARTESIAN_POINT('',(-6.877489383144,0.979993558313,
    -56.97586880942));
#1306 = CARTESIAN_POINT('',(-6.810131894778,0.691819490688,
    -56.98856906295));
#1307 = CARTESIAN_POINT('',(-6.739317455156,0.108610110123,
    -57.00201197959));
#1308 = CARTESIAN_POINT('',(-6.733278085129,-0.178444404635,
    -57.00323479561));
#1309 = CARTESIAN_POINT('',(-6.75635012593,-0.464456132526,
    -56.99878813611));
#1310 = CARTESIAN_POINT('',(-6.807893432982,-0.744372974906,
    -56.98881421479));
#1311 = CARTESIAN_POINT('',(-6.885919765875,-1.01334834173,
    -56.97402797671));
#1312 = CARTESIAN_POINT('',(-6.987121060404,-1.267017947365,
    -56.95559301874));
#1313 = CARTESIAN_POINT('',(-7.10687352142,-1.501746375577,
    -56.9348938452));
#1314 = CARTESIAN_POINT('',(-7.488342176224,-2.115887154508,
    -56.87262638795));
#1315 = CARTESIAN_POINT('',(-7.789379743778,-2.451986362332,
    -56.82756865428));
#1316 = CARTESIAN_POINT('',(-8.124280337984,-2.724622838849,
    -56.78408697821));
#1317 = CARTESIAN_POINT('',(-8.481244303722,-2.937472891068,
    -56.74637536289));
#1318 = CARTESIAN_POINT('',(-8.852092939121,-3.094231395758,
    -56.71678368886));
#1319 = CARTESIAN_POINT('',(-9.231254360999,-3.197867072962,
    -56.6966007989));
#1320 = CARTESIAN_POINT('',(-9.614965017742,-3.25,-56.68644659596));
#1321 = CARTESIAN_POINT('',(-10.,-3.25,-56.68644659596));
#1322 = ORIENTED_EDGE('',*,*,#1323,.T.);
#1323 = EDGE_CURVE('',#1254,#1182,#1324,.T.);
#1324 = B_SPLINE_CURVE_WITH_KNOTS('',8,(#1325,#1326,#1327,#1328,#1329,
    #1330,#1331,#1332,#1333,#1334,#1335,#1336,#1337,#1338,#1339,#1340,
    #1341,#1342,#1343,#1344,#1345,#1346,#1347,#1348,#1349,#1350,#1351,
    #1352,#1353,#1354,#1355,#1356,#1357,#1358,#1359,#1360,#1361,#1362,
    #1363,#1364,#1365,#1366,#1367,#1368,#1369,#1370,#1371,#1372,#1373,
    #1374,#1375,#1376,#1377,#1378,#1379,#1380,#1381,#1382,#1383,#1384,
    #1385,#1386,#1387,#1388,#1389),.UNSPECIFIED.,.T.,.F.,(9,7,7,7,7,7,7,
    7,7,9),(0.,9.93890365911E-02,0.197384785357,0.288409948801,
    0.39307218082,0.506282504825,0.6340120834,0.732410956489,
    0.825254580449,1.),.UNSPECIFIED.);
#1325 = CARTESIAN_POINT('',(-10.,-3.25,-56.68644659596));
#1326 = CARTESIAN_POINT('',(-10.23563522827,-3.25,-56.68644659596));
#1327 = CARTESIAN_POINT('',(-10.47124916639,-3.230475547039,
    -56.69024921277));
#1328 = CARTESIAN_POINT('',(-10.70496675312,-3.191430791546,
    -56.69785426619));
#1329 = CARTESIAN_POINT('',(-10.93491309936,-3.1330882411,
    -56.70908460936));
#1330 = CARTESIAN_POINT('',(-11.15924318687,-3.055879995211,
    -56.7235910679));
#1331 = CARTESIAN_POINT('',(-11.37616739549,-2.960445625074,
    -56.74087270325));
#1332 = CARTESIAN_POINT('',(-11.58397285888,-2.847636698287,
    -56.76031240033));
#1333 = CARTESIAN_POINT('',(-11.97534583891,-2.591229113186,
    -56.80184995619));
#1334 = CARTESIAN_POINT('',(-12.16373016139,-2.445125201273,
    -56.82438589629));
#1335 = CARTESIAN_POINT('',(-12.34427519964,-2.279642320898,
    -56.84834885295));
#1336 = CARTESIAN_POINT('',(-12.51475957296,-2.09431406565,
    -56.87309029859));
#1337 = CARTESIAN_POINT('',(-12.67262918749,-1.888829495725,
    -56.89778900014));
#1338 = CARTESIAN_POINT('',(-12.81494903032,-1.663105501303,
    -56.92144245293));
#1339 = CARTESIAN_POINT('',(-12.9383273153,-1.417397932838,
    -56.94288925044));
#1340 = CARTESIAN_POINT('',(-13.13213129028,-0.906378848994,
    -56.97761219399));
#1341 = CARTESIAN_POINT('',(-13.20597897617,-0.642968573615,
    -56.99141068473));
#1342 = CARTESIAN_POINT('',(-13.25533950882,-0.36693973134,
    -57.00097547243));
#1343 = CARTESIAN_POINT('',(-13.27710678905,-8.3748534974E-02,
    -57.00527818646));
#1344 = CARTESIAN_POINT('',(-13.27002857989,0.200726956937,
    -57.00385754313));
#1345 = CARTESIAN_POINT('',(-13.23469170108,0.480545079393,
    -56.99693607115));
#1346 = CARTESIAN_POINT('',(-13.17354092169,0.750066277616,
    -56.98535440913));
#1347 = CARTESIAN_POINT('',(-12.99595050865,1.296633368201,
    -56.95300849225));
#1348 = CARTESIAN_POINT('',(-12.87290018898,1.567833189771,
    -56.93118363644));
#1349 = CARTESIAN_POINT('',(-12.72674311071,1.816610931266,
    -56.90634837906));
#1350 = CARTESIAN_POINT('',(-12.56174004136,2.04239430849,
    -56.87997100514));
#1351 = CARTESIAN_POINT('',(-12.38160314467,2.245100908531,
    -56.85333430555));
#1352 = CARTESIAN_POINT('',(-12.18959229624,2.424988581572,
    -56.82748853301));
#1353 = CARTESIAN_POINT('',(-11.98857155476,2.582564299736,
    -56.80325363999));
#1354 = CARTESIAN_POINT('',(-11.55656004458,2.865596173969,
    -56.7574029984));
#1355 = CARTESIAN_POINT('',(-11.32329773481,2.988140918514,
    -56.73603930901));
#1356 = CARTESIAN_POINT('',(-11.08358677501,3.087037701813,
    -56.71786853071));
#1357 = CARTESIAN_POINT('',(-10.83925939109,3.163030560817,
    -56.70339863142));
#1358 = CARTESIAN_POINT('',(-10.59180551757,3.216692694285,
    -56.69296123015));
#1359 = CARTESIAN_POINT('',(-10.34250032056,3.248394603737,
    -56.68674899542));
#1360 = CARTESIAN_POINT('',(-10.09250954387,3.25827437409,
    -56.68483740682));
#1361 = CARTESIAN_POINT('',(-9.561451452441,3.232587166136,
    -56.68983441107));
#1362 = CARTESIAN_POINT('',(-9.281003710683,3.191053447534,
    -56.69790084817));
#1363 = CARTESIAN_POINT('',(-9.003144999995,3.121579121968,
    -56.71129517081));
#1364 = CARTESIAN_POINT('',(-8.729573842626,3.023653951197,
    -56.72974983093));
#1365 = CARTESIAN_POINT('',(-8.462350729667,2.896373284432,
    -56.75280052298));
#1366 = CARTESIAN_POINT('',(-8.204112877037,2.738534003679,
    -56.77970848125));
#1367 = CARTESIAN_POINT('',(-7.958360067356,2.548761811232,
    -56.80935811778));
#1368 = CARTESIAN_POINT('',(-7.553791856874,2.15385417645,
    -56.86389650193));
#1369 = CARTESIAN_POINT('',(-7.385889487924,1.960220843141,
    -56.88859534347));
#1370 = CARTESIAN_POINT('',(-7.230345954278,1.744933287118,
    -56.91334924706));
#1371 = CARTESIAN_POINT('',(-7.091212284113,1.508782404029,
    -56.93700931583));
#1372 = CARTESIAN_POINT('',(-6.972361411556,1.253152838218,
    -56.95828600264));
#1373 = CARTESIAN_POINT('',(-6.877489383144,0.979993558313,
    -56.97586880942));
#1374 = CARTESIAN_POINT('',(-6.810131894778,0.691819490688,
    -56.98856906295));
#1375 = CARTESIAN_POINT('',(-6.739317455156,0.108610110123,
    -57.00201197959));
#1376 = CARTESIAN_POINT('',(-6.733278085129,-0.178444404635,
    -57.00323479561));
#1377 = CARTESIAN_POINT('',(-6.75635012593,-0.464456132526,
    -56.99878813611));
#1378 = CARTESIAN_POINT('',(-6.807893432982,-0.744372974906,
    -56.98881421479));
#1379 = CARTESIAN_POINT('',(-6.885919765875,-1.01334834173,
    -56.97402797671));
#1380 = CARTESIAN_POINT('',(-6.987121060404,-1.267017947365,
    -56.95559301874));
#1381 = CARTESIAN_POINT('',(-7.10687352142,-1.501746375577,
    -56.9348938452));
#1382 = CARTESIAN_POINT('',(-7.488342176224,-2.115887154508,
    -56.87262638795));
#1383 = CARTESIAN_POINT('',(-7.789379743778,-2.451986362332,
    -56.82756865428));
#1384 = CARTESIAN_POINT('',(-8.124280337984,-2.724622838849,
    -56.78408697821));
#1385 = CARTESIAN_POINT('',(-8.481244303722,-2.937472891068,
    -56.74637536289));
#1386 = CARTESIAN_POINT('',(-8.852092939121,-3.094231395758,
    -56.71678368886));
#1387 = CARTESIAN_POINT('',(-9.231254360999,-3.197867072962,
    -56.6966007989));
#1388 = CARTESIAN_POINT('',(-9.614965017742,-3.25,-56.68644659596));
#1389 = CARTESIAN_POINT('',(-10.,-3.25,-56.68644659596));
#1390 = CYLINDRICAL_SURFACE('',#1391,17.);
#1391 = AXIS2_PLACEMENT_3D('',#1392,#1393,#1394);
#1392 = CARTESIAN_POINT('',(7.549516567451E-14,2.306152814879E-24,-40.)
  );
#1393 = DIRECTION('',(1.,-1.221245327088E-15,3.330669073875E-16));
#1394 = DIRECTION('',(-3.330669073875E-16,1.,-1.7763568394E-15));
#1395 = ADVANCED_FACE('',(#1396),#1415,.T.);
#1396 = FACE_BOUND('',#1397,.T.);
#1397 = EDGE_LOOP('',(#1398,#1399,#1400,#1406,#1407,#1408));
#1398 = ORIENTED_EDGE('',*,*,#463,.F.);
#1399 = ORIENTED_EDGE('',*,*,#1089,.T.);
#1400 = ORIENTED_EDGE('',*,*,#1401,.T.);
#1401 = EDGE_CURVE('',#1065,#1164,#1402,.T.);
#1402 = LINE('',#1403,#1404);
#1403 = CARTESIAN_POINT('',(-20.,-56.,-55.));
#1404 = VECTOR('',#1405,1.);
#1405 = DIRECTION('',(-6.661338147751E-16,1.,-1.665334536938E-15));
#1406 = ORIENTED_EDGE('',*,*,#1172,.F.);
#1407 = ORIENTED_EDGE('',*,*,#318,.F.);
#1408 = ORIENTED_EDGE('',*,*,#1409,.T.);
#1409 = EDGE_CURVE('',#311,#466,#1410,.T.);
#1410 = CIRCLE('',#1411,3.25);
#1411 = AXIS2_PLACEMENT_3D('',#1412,#1413,#1414);
#1412 = CARTESIAN_POINT('',(-10.,-30.,-55.));
#1413 = DIRECTION('',(-3.330669073875E-16,1.110223024625E-16,1.));
#1414 = DIRECTION('',(0.,-1.,1.110223024625E-16));
#1415 = PLANE('',#1416);
#1416 = AXIS2_PLACEMENT_3D('',#1417,#1418,#1419);
#1417 = CARTESIAN_POINT('',(-11.,-56.,-55.));
#1418 = DIRECTION('',(1.221245327088E-15,-1.110223024625E-16,-1.));
#1419 = DIRECTION('',(-4.440892098501E-16,1.,-1.443289932013E-15));
#1420 = ADVANCED_FACE('',(#1421),#1459,.F.);
#1421 = FACE_BOUND('',#1422,.T.);
#1422 = EDGE_LOOP('',(#1423,#1424,#1425,#1426));
#1423 = ORIENTED_EDGE('',*,*,#473,.F.);
#1424 = ORIENTED_EDGE('',*,*,#1409,.F.);
#1425 = ORIENTED_EDGE('',*,*,#310,.T.);
#1426 = ORIENTED_EDGE('',*,*,#1427,.F.);
#1427 = EDGE_CURVE('',#474,#302,#1428,.T.);
#1428 = B_SPLINE_CURVE_WITH_KNOTS('',8,(#1429,#1430,#1431,#1432,#1433,
    #1434,#1435,#1436,#1437,#1438,#1439,#1440,#1441,#1442,#1443,#1444,
    #1445,#1446,#1447,#1448,#1449,#1450,#1451,#1452,#1453,#1454,#1455,
    #1456,#1457,#1458),.UNSPECIFIED.,.F.,.F.,(9,7,7,7,9),(0.,
    0.234042851914,0.424801249484,0.607596546484,1.),.UNSPECIFIED.);
#1429 = CARTESIAN_POINT('',(-10.99958613031,-33.09246302614,
    -45.07640160123));
#1430 = CARTESIAN_POINT('',(-11.1954361188,-33.02915784498,
    -45.09407601745));
#1431 = CARTESIAN_POINT('',(-11.38833421827,-32.95115059907,
    -45.11540972312));
#1432 = CARTESIAN_POINT('',(-11.57759178047,-32.85820678064,
    -45.14010742083));
#1433 = CARTESIAN_POINT('',(-11.76237711241,-32.7499826325,
    -45.16778611634));
#1434 = CARTESIAN_POINT('',(-11.94167807629,-32.62604774019,
    -45.1979515473));
#1435 = CARTESIAN_POINT('',(-12.11425035457,-32.48591832447,
    -45.22997430839));
#1436 = CARTESIAN_POINT('',(-12.27855138014,-32.32910123414,
    -45.26306567291));
#1437 = CARTESIAN_POINT('',(-12.55826727259,-32.01336726045,
    -45.32330278314));
#1438 = CARTESIAN_POINT('',(-12.67773040256,-31.85949447061,
    -45.35055148855));
#1439 = CARTESIAN_POINT('',(-12.78939048867,-31.69365484342,
    -45.37736674759));
#1440 = CARTESIAN_POINT('',(-12.89160639595,-31.51614243945,
    -45.40303028076));
#1441 = CARTESIAN_POINT('',(-12.98274885528,-31.3274215019,
    -45.42676663212));
#1442 = CARTESIAN_POINT('',(-13.06119231485,-31.12813005838,
    -45.44777876175));
#1443 = CARTESIAN_POINT('',(-13.12530447495,-30.91908642881,
    -45.46529060719));
#1444 = CARTESIAN_POINT('',(-13.21955341845,-30.4926022773,
    -45.49134716839));
#1445 = CARTESIAN_POINT('',(-13.25075248262,-30.27698015141,
    -45.50016831568));
#1446 = CARTESIAN_POINT('',(-13.26547547602,-30.05715146227,
    -45.50440743231));
#1447 = CARTESIAN_POINT('',(-13.26294304435,-29.83599879881,
    -45.50369240764));
#1448 = CARTESIAN_POINT('',(-13.2431275044,-29.61646359016,
    -45.49800473106));
#1449 = CARTESIAN_POINT('',(-13.20674512362,-29.40144265368,
    -45.48769197627));
#1450 = CARTESIAN_POINT('',(-13.15526487651,-29.19368583899,
    -45.47341968225));
#1451 = CARTESIAN_POINT('',(-12.95283502391,-28.57067081422,
    -45.4188025534));
#1452 = CARTESIAN_POINT('',(-12.75606138946,-28.19233003474,
    -45.36747488608));
#1453 = CARTESIAN_POINT('',(-12.51663125031,-27.86324518157,
    -45.30905346554));
#1454 = CARTESIAN_POINT('',(-12.24622098925,-27.58276314785,
    -45.24980578901));
#1455 = CARTESIAN_POINT('',(-11.95366140889,-27.34906416064,
    -45.19427169914));
#1456 = CARTESIAN_POINT('',(-11.64548494886,-27.15989717537,
    -45.14561858633));
#1457 = CARTESIAN_POINT('',(-11.32635510233,-27.01315949205,
    -45.10589075701));
#1458 = CARTESIAN_POINT('',(-10.99958613031,-26.90753697385,
    -45.07640160123));
#1459 = CYLINDRICAL_SURFACE('',#1460,3.25);
#1460 = AXIS2_PLACEMENT_3D('',#1461,#1462,#1463);
#1461 = CARTESIAN_POINT('',(-10.,-30.,-57.));
#1462 = DIRECTION('',(-3.330669073875E-16,1.110223024625E-16,1.));
#1463 = DIRECTION('',(0.,-1.,1.110223024625E-16));
#1464 = ADVANCED_FACE('',(#1465),#1493,.F.);
#1465 = FACE_BOUND('',#1466,.T.);
#1466 = EDGE_LOOP('',(#1467,#1468,#1476,#1485,#1491,#1492));
#1467 = ORIENTED_EDGE('',*,*,#301,.F.);
#1468 = ORIENTED_EDGE('',*,*,#1469,.T.);
#1469 = EDGE_CURVE('',#294,#1470,#1472,.T.);
#1470 = VERTEX_POINT('',#1471);
#1471 = CARTESIAN_POINT('',(-20.,-21.86827201635,-25.86827201635));
#1472 = LINE('',#1473,#1474);
#1473 = CARTESIAN_POINT('',(-11.,-21.86827201635,-25.86827201635));
#1474 = VECTOR('',#1475,1.);
#1475 = DIRECTION('',(-1.,1.110223024625E-15,1.110223024625E-16));
#1476 = ORIENTED_EDGE('',*,*,#1477,.T.);
#1477 = EDGE_CURVE('',#1470,#1478,#1480,.T.);
#1478 = VERTEX_POINT('',#1479);
#1479 = CARTESIAN_POINT('',(-20.,-38.13172798364,-42.13172798364));
#1480 = CIRCLE('',#1481,11.5);
#1481 = AXIS2_PLACEMENT_3D('',#1482,#1483,#1484);
#1482 = CARTESIAN_POINT('',(-20.,-30.,-34.));
#1483 = DIRECTION('',(-1.,-6.661338147751E-16,-1.665334536938E-15));
#1484 = DIRECTION('',(-6.661338147751E-16,1.,-1.665334536938E-15));
#1485 = ORIENTED_EDGE('',*,*,#1486,.F.);
#1486 = EDGE_CURVE('',#482,#1478,#1487,.T.);
#1487 = LINE('',#1488,#1489);
#1488 = CARTESIAN_POINT('',(-11.,-38.13172798364,-42.13172798364));
#1489 = VECTOR('',#1490,1.);
#1490 = DIRECTION('',(-1.,1.110223024625E-15,1.110223024625E-16));
#1491 = ORIENTED_EDGE('',*,*,#481,.F.);
#1492 = ORIENTED_EDGE('',*,*,#1427,.T.);
#1493 = CYLINDRICAL_SURFACE('',#1494,11.5);
#1494 = AXIS2_PLACEMENT_3D('',#1495,#1496,#1497);
#1495 = CARTESIAN_POINT('',(-11.,-30.,-34.));
#1496 = DIRECTION('',(1.,-8.881784197001E-16,1.110223024625E-16));
#1497 = DIRECTION('',(-4.440892098501E-16,1.,-1.443289932013E-15));
#1498 = ADVANCED_FACE('',(#1499),#1517,.F.);
#1499 = FACE_BOUND('',#1500,.F.);
#1500 = EDGE_LOOP('',(#1501,#1502,#1510,#1516));
#1501 = ORIENTED_EDGE('',*,*,#1469,.T.);
#1502 = ORIENTED_EDGE('',*,*,#1503,.T.);
#1503 = EDGE_CURVE('',#1470,#1504,#1506,.T.);
#1504 = VERTEX_POINT('',#1505);
#1505 = CARTESIAN_POINT('',(-20.,-25.40380592228,-22.33273811042));
#1506 = LINE('',#1507,#1508);
#1507 = CARTESIAN_POINT('',(-20.,-21.86827201635,-25.86827201635));
#1508 = VECTOR('',#1509,1.);
#1509 = DIRECTION('',(-7.065416064077E-16,-0.707106781187,0.707106781187
    ));
#1510 = ORIENTED_EDGE('',*,*,#1511,.F.);
#1511 = EDGE_CURVE('',#285,#1504,#1512,.T.);
#1512 = LINE('',#1513,#1514);
#1513 = CARTESIAN_POINT('',(-11.,-25.40380592228,-22.33273811042));
#1514 = VECTOR('',#1515,1.);
#1515 = DIRECTION('',(-1.,1.110223024625E-15,1.110223024625E-16));
#1516 = ORIENTED_EDGE('',*,*,#293,.F.);
#1517 = PLANE('',#1518);
#1518 = AXIS2_PLACEMENT_3D('',#1519,#1520,#1521);
#1519 = CARTESIAN_POINT('',(-11.,-21.86827201635,-25.86827201635));
#1520 = DIRECTION('',(-1.020560098144E-15,0.707106781187,0.707106781187)
  );
#1521 = DIRECTION('',(-7.065416064077E-16,-0.707106781187,0.707106781187
    ));
#1522 = ADVANCED_FACE('',(#1523),#1544,.F.);
#1523 = FACE_BOUND('',#1524,.T.);
#1524 = EDGE_LOOP('',(#1525,#1526,#1534,#1541,#1542,#1543));
#1525 = ORIENTED_EDGE('',*,*,#498,.F.);
#1526 = ORIENTED_EDGE('',*,*,#1527,.T.);
#1527 = EDGE_CURVE('',#491,#1528,#1530,.T.);
#1528 = VERTEX_POINT('',#1529);
#1529 = CARTESIAN_POINT('',(-20.,-41.66726188957,-38.59619407771));
#1530 = LINE('',#1531,#1532);
#1531 = CARTESIAN_POINT('',(-11.,-41.66726188957,-38.59619407771));
#1532 = VECTOR('',#1533,1.);
#1533 = DIRECTION('',(-1.,1.110223024625E-15,1.110223024625E-16));
#1534 = ORIENTED_EDGE('',*,*,#1535,.T.);
#1535 = EDGE_CURVE('',#1528,#1504,#1536,.T.);
#1536 = CIRCLE('',#1537,11.5);
#1537 = AXIS2_PLACEMENT_3D('',#1538,#1539,#1540);
#1538 = CARTESIAN_POINT('',(-20.,-33.53553390593,-30.46446609406));
#1539 = DIRECTION('',(-1.,-6.661338147751E-16,-1.665334536938E-15));
#1540 = DIRECTION('',(-6.661338147751E-16,1.,-1.665334536938E-15));
#1541 = ORIENTED_EDGE('',*,*,#1511,.F.);
#1542 = ORIENTED_EDGE('',*,*,#284,.F.);
#1543 = ORIENTED_EDGE('',*,*,#621,.F.);
#1544 = CYLINDRICAL_SURFACE('',#1545,11.5);
#1545 = AXIS2_PLACEMENT_3D('',#1546,#1547,#1548);
#1546 = CARTESIAN_POINT('',(-11.,-33.53553390593,-30.46446609406));
#1547 = DIRECTION('',(1.,-8.881784197001E-16,1.110223024625E-16));
#1548 = DIRECTION('',(-4.440892098501E-16,1.,-1.443289932013E-15));
#1549 = ADVANCED_FACE('',(#1550),#1576,.F.);
#1550 = FACE_BOUND('',#1551,.T.);
#1551 = EDGE_LOOP('',(#1552,#1560,#1569,#1575));
#1552 = ORIENTED_EDGE('',*,*,#1553,.T.);
#1553 = EDGE_CURVE('',#386,#1554,#1556,.T.);
#1554 = VERTEX_POINT('',#1555);
#1555 = CARTESIAN_POINT('',(-20.,-13.29791847198,-48.29791847198));
#1556 = LINE('',#1557,#1558);
#1557 = CARTESIAN_POINT('',(-11.,-13.29791847198,-48.29791847198));
#1558 = VECTOR('',#1559,1.);
#1559 = DIRECTION('',(-1.,1.110223024625E-15,1.110223024625E-16));
#1560 = ORIENTED_EDGE('',*,*,#1561,.T.);
#1561 = EDGE_CURVE('',#1554,#1562,#1564,.T.);
#1562 = VERTEX_POINT('',#1563);
#1563 = CARTESIAN_POINT('',(-20.,-15.70208152801,-50.70208152801));
#1564 = CIRCLE('',#1565,1.7);
#1565 = AXIS2_PLACEMENT_3D('',#1566,#1567,#1568);
#1566 = CARTESIAN_POINT('',(-20.,-14.5,-49.5));
#1567 = DIRECTION('',(-1.,-6.661338147751E-16,-1.665334536938E-15));
#1568 = DIRECTION('',(-6.661338147751E-16,1.,-1.665334536938E-15));
#1569 = ORIENTED_EDGE('',*,*,#1570,.F.);
#1570 = EDGE_CURVE('',#388,#1562,#1571,.T.);
#1571 = LINE('',#1572,#1573);
#1572 = CARTESIAN_POINT('',(-11.,-15.70208152801,-50.70208152801));
#1573 = VECTOR('',#1574,1.);
#1574 = DIRECTION('',(-1.,1.110223024625E-15,1.110223024625E-16));
#1575 = ORIENTED_EDGE('',*,*,#385,.F.);
#1576 = CYLINDRICAL_SURFACE('',#1577,1.7);
#1577 = AXIS2_PLACEMENT_3D('',#1578,#1579,#1580);
#1578 = CARTESIAN_POINT('',(-11.,-14.5,-49.5));
#1579 = DIRECTION('',(1.,-8.881784197001E-16,1.110223024625E-16));
#1580 = DIRECTION('',(-4.440892098501E-16,1.,-1.443289932013E-15));
#1581 = ADVANCED_FACE('',(#1582),#1600,.F.);
#1582 = FACE_BOUND('',#1583,.F.);
#1583 = EDGE_LOOP('',(#1584,#1585,#1593,#1599));
#1584 = ORIENTED_EDGE('',*,*,#1553,.T.);
#1585 = ORIENTED_EDGE('',*,*,#1586,.T.);
#1586 = EDGE_CURVE('',#1554,#1587,#1589,.T.);
#1587 = VERTEX_POINT('',#1588);
#1588 = CARTESIAN_POINT('',(-20.,-16.83345237791,-44.76238456605));
#1589 = LINE('',#1590,#1591);
#1590 = CARTESIAN_POINT('',(-20.,-13.29791847198,-48.29791847198));
#1591 = VECTOR('',#1592,1.);
#1592 = DIRECTION('',(-7.065416064077E-16,-0.707106781187,0.707106781187
    ));
#1593 = ORIENTED_EDGE('',*,*,#1594,.F.);
#1594 = EDGE_CURVE('',#405,#1587,#1595,.T.);
#1595 = LINE('',#1596,#1597);
#1596 = CARTESIAN_POINT('',(-11.,-16.83345237791,-44.76238456605));
#1597 = VECTOR('',#1598,1.);
#1598 = DIRECTION('',(-1.,1.110223024625E-15,1.110223024625E-16));
#1599 = ORIENTED_EDGE('',*,*,#413,.F.);
#1600 = PLANE('',#1601);
#1601 = AXIS2_PLACEMENT_3D('',#1602,#1603,#1604);
#1602 = CARTESIAN_POINT('',(-11.,-13.29791847198,-48.29791847198));
#1603 = DIRECTION('',(-1.020560098144E-15,0.707106781187,0.707106781187)
  );
#1604 = DIRECTION('',(-7.065416064077E-16,-0.707106781187,0.707106781187
    ));
#1605 = ADVANCED_FACE('',(#1606),#1624,.T.);
#1606 = FACE_BOUND('',#1607,.T.);
#1607 = EDGE_LOOP('',(#1608,#1609,#1617,#1623));
#1608 = ORIENTED_EDGE('',*,*,#1570,.T.);
#1609 = ORIENTED_EDGE('',*,*,#1610,.T.);
#1610 = EDGE_CURVE('',#1562,#1611,#1613,.T.);
#1611 = VERTEX_POINT('',#1612);
#1612 = CARTESIAN_POINT('',(-20.,-19.23761543395,-47.16654762208));
#1613 = LINE('',#1614,#1615);
#1614 = CARTESIAN_POINT('',(-20.,-15.70208152801,-50.70208152801));
#1615 = VECTOR('',#1616,1.);
#1616 = DIRECTION('',(-7.065416064077E-16,-0.707106781187,0.707106781187
    ));
#1617 = ORIENTED_EDGE('',*,*,#1618,.F.);
#1618 = EDGE_CURVE('',#397,#1611,#1619,.T.);
#1619 = LINE('',#1620,#1621);
#1620 = CARTESIAN_POINT('',(-11.,-19.23761543395,-47.16654762208));
#1621 = VECTOR('',#1622,1.);
#1622 = DIRECTION('',(-1.,1.110223024625E-15,1.110223024625E-16));
#1623 = ORIENTED_EDGE('',*,*,#396,.F.);
#1624 = PLANE('',#1625);
#1625 = AXIS2_PLACEMENT_3D('',#1626,#1627,#1628);
#1626 = CARTESIAN_POINT('',(-11.,-15.70208152801,-50.70208152801));
#1627 = DIRECTION('',(-1.020560098144E-15,0.707106781187,0.707106781187)
  );
#1628 = DIRECTION('',(-7.065416064077E-16,-0.707106781187,0.707106781187
    ));
#1629 = ADVANCED_FACE('',(#1630),#1642,.F.);
#1630 = FACE_BOUND('',#1631,.T.);
#1631 = EDGE_LOOP('',(#1632,#1633,#1640,#1641));
#1632 = ORIENTED_EDGE('',*,*,#1618,.T.);
#1633 = ORIENTED_EDGE('',*,*,#1634,.T.);
#1634 = EDGE_CURVE('',#1611,#1587,#1635,.T.);
#1635 = CIRCLE('',#1636,1.7);
#1636 = AXIS2_PLACEMENT_3D('',#1637,#1638,#1639);
#1637 = CARTESIAN_POINT('',(-20.,-18.03553390593,-45.96446609406));
#1638 = DIRECTION('',(-1.,-6.661338147751E-16,-1.665334536938E-15));
#1639 = DIRECTION('',(-6.661338147751E-16,1.,-1.665334536938E-15));
#1640 = ORIENTED_EDGE('',*,*,#1594,.F.);
#1641 = ORIENTED_EDGE('',*,*,#404,.F.);
#1642 = CYLINDRICAL_SURFACE('',#1643,1.7);
#1643 = AXIS2_PLACEMENT_3D('',#1644,#1645,#1646);
#1644 = CARTESIAN_POINT('',(-11.,-18.03553390593,-45.96446609406));
#1645 = DIRECTION('',(1.,-8.881784197001E-16,1.110223024625E-16));
#1646 = DIRECTION('',(-4.440892098501E-16,1.,-1.443289932013E-15));
#1647 = ADVANCED_FACE('',(#1648),#1674,.F.);
#1648 = FACE_BOUND('',#1649,.T.);
#1649 = EDGE_LOOP('',(#1650,#1658,#1667,#1673));
#1650 = ORIENTED_EDGE('',*,*,#1651,.T.);
#1651 = EDGE_CURVE('',#422,#1652,#1654,.T.);
#1652 = VERTEX_POINT('',#1653);
#1653 = CARTESIAN_POINT('',(-20.,-13.29791847198,-17.29791847198));
#1654 = LINE('',#1655,#1656);
#1655 = CARTESIAN_POINT('',(-11.,-13.29791847198,-17.29791847198));
#1656 = VECTOR('',#1657,1.);
#1657 = DIRECTION('',(-1.,1.110223024625E-15,1.110223024625E-16));
#1658 = ORIENTED_EDGE('',*,*,#1659,.T.);
#1659 = EDGE_CURVE('',#1652,#1660,#1662,.T.);
#1660 = VERTEX_POINT('',#1661);
#1661 = CARTESIAN_POINT('',(-20.,-15.70208152801,-19.70208152801));
#1662 = CIRCLE('',#1663,1.7);
#1663 = AXIS2_PLACEMENT_3D('',#1664,#1665,#1666);
#1664 = CARTESIAN_POINT('',(-20.,-14.5,-18.5));
#1665 = DIRECTION('',(-1.,-6.661338147751E-16,-1.665334536938E-15));
#1666 = DIRECTION('',(-6.661338147751E-16,1.,-1.665334536938E-15));
#1667 = ORIENTED_EDGE('',*,*,#1668,.F.);
#1668 = EDGE_CURVE('',#424,#1660,#1669,.T.);
#1669 = LINE('',#1670,#1671);
#1670 = CARTESIAN_POINT('',(-11.,-15.70208152801,-19.70208152801));
#1671 = VECTOR('',#1672,1.);
#1672 = DIRECTION('',(-1.,1.110223024625E-15,1.110223024625E-16));
#1673 = ORIENTED_EDGE('',*,*,#421,.F.);
#1674 = CYLINDRICAL_SURFACE('',#1675,1.7);
#1675 = AXIS2_PLACEMENT_3D('',#1676,#1677,#1678);
#1676 = CARTESIAN_POINT('',(-11.,-14.5,-18.5));
#1677 = DIRECTION('',(1.,-8.881784197001E-16,1.110223024625E-16));
#1678 = DIRECTION('',(-4.440892098501E-16,1.,-1.443289932013E-15));
#1679 = ADVANCED_FACE('',(#1680),#1698,.F.);
#1680 = FACE_BOUND('',#1681,.F.);
#1681 = EDGE_LOOP('',(#1682,#1683,#1691,#1697));
#1682 = ORIENTED_EDGE('',*,*,#1651,.T.);
#1683 = ORIENTED_EDGE('',*,*,#1684,.T.);
#1684 = EDGE_CURVE('',#1652,#1685,#1687,.T.);
#1685 = VERTEX_POINT('',#1686);
#1686 = CARTESIAN_POINT('',(-20.,-16.83345237791,-13.76238456605));
#1687 = LINE('',#1688,#1689);
#1688 = CARTESIAN_POINT('',(-20.,-13.29791847198,-17.29791847198));
#1689 = VECTOR('',#1690,1.);
#1690 = DIRECTION('',(-7.065416064077E-16,-0.707106781187,0.707106781187
    ));
#1691 = ORIENTED_EDGE('',*,*,#1692,.F.);
#1692 = EDGE_CURVE('',#441,#1685,#1693,.T.);
#1693 = LINE('',#1694,#1695);
#1694 = CARTESIAN_POINT('',(-11.,-16.83345237791,-13.76238456605));
#1695 = VECTOR('',#1696,1.);
#1696 = DIRECTION('',(-1.,1.110223024625E-15,1.110223024625E-16));
#1697 = ORIENTED_EDGE('',*,*,#449,.F.);
#1698 = PLANE('',#1699);
#1699 = AXIS2_PLACEMENT_3D('',#1700,#1701,#1702);
#1700 = CARTESIAN_POINT('',(-11.,-13.29791847198,-17.29791847198));
#1701 = DIRECTION('',(-1.020560098144E-15,0.707106781187,0.707106781187)
  );
#1702 = DIRECTION('',(-7.065416064077E-16,-0.707106781187,0.707106781187
    ));
#1703 = ADVANCED_FACE('',(#1704),#1722,.T.);
#1704 = FACE_BOUND('',#1705,.T.);
#1705 = EDGE_LOOP('',(#1706,#1707,#1715,#1721));
#1706 = ORIENTED_EDGE('',*,*,#1668,.T.);
#1707 = ORIENTED_EDGE('',*,*,#1708,.T.);
#1708 = EDGE_CURVE('',#1660,#1709,#1711,.T.);
#1709 = VERTEX_POINT('',#1710);
#1710 = CARTESIAN_POINT('',(-20.,-19.23761543395,-16.16654762208));
#1711 = LINE('',#1712,#1713);
#1712 = CARTESIAN_POINT('',(-20.,-15.70208152801,-19.70208152801));
#1713 = VECTOR('',#1714,1.);
#1714 = DIRECTION('',(-7.065416064077E-16,-0.707106781187,0.707106781187
    ));
#1715 = ORIENTED_EDGE('',*,*,#1716,.F.);
#1716 = EDGE_CURVE('',#433,#1709,#1717,.T.);
#1717 = LINE('',#1718,#1719);
#1718 = CARTESIAN_POINT('',(-11.,-19.23761543395,-16.16654762208));
#1719 = VECTOR('',#1720,1.);
#1720 = DIRECTION('',(-1.,1.110223024625E-15,1.110223024625E-16));
#1721 = ORIENTED_EDGE('',*,*,#432,.F.);
#1722 = PLANE('',#1723);
#1723 = AXIS2_PLACEMENT_3D('',#1724,#1725,#1726);
#1724 = CARTESIAN_POINT('',(-11.,-15.70208152801,-19.70208152801));
#1725 = DIRECTION('',(-1.020560098144E-15,0.707106781187,0.707106781187)
  );
#1726 = DIRECTION('',(-7.065416064077E-16,-0.707106781187,0.707106781187
    ));
#1727 = ADVANCED_FACE('',(#1728),#1740,.F.);
#1728 = FACE_BOUND('',#1729,.T.);
#1729 = EDGE_LOOP('',(#1730,#1731,#1738,#1739));
#1730 = ORIENTED_EDGE('',*,*,#1716,.T.);
#1731 = ORIENTED_EDGE('',*,*,#1732,.T.);
#1732 = EDGE_CURVE('',#1709,#1685,#1733,.T.);
#1733 = CIRCLE('',#1734,1.7);
#1734 = AXIS2_PLACEMENT_3D('',#1735,#1736,#1737);
#1735 = CARTESIAN_POINT('',(-20.,-18.03553390593,-14.96446609406));
#1736 = DIRECTION('',(-1.,-6.661338147751E-16,-1.665334536938E-15));
#1737 = DIRECTION('',(-6.661338147751E-16,1.,-1.665334536938E-15));
#1738 = ORIENTED_EDGE('',*,*,#1692,.F.);
#1739 = ORIENTED_EDGE('',*,*,#440,.F.);
#1740 = CYLINDRICAL_SURFACE('',#1741,1.7);
#1741 = AXIS2_PLACEMENT_3D('',#1742,#1743,#1744);
#1742 = CARTESIAN_POINT('',(-11.,-18.03553390593,-14.96446609406));
#1743 = DIRECTION('',(1.,-8.881784197001E-16,1.110223024625E-16));
#1744 = DIRECTION('',(-4.440892098501E-16,1.,-1.443289932013E-15));
#1745 = ADVANCED_FACE('',(#1746),#1757,.T.);
#1746 = FACE_BOUND('',#1747,.T.);
#1747 = EDGE_LOOP('',(#1748,#1749,#1755,#1756));
#1748 = ORIENTED_EDGE('',*,*,#1486,.T.);
#1749 = ORIENTED_EDGE('',*,*,#1750,.T.);
#1750 = EDGE_CURVE('',#1478,#1528,#1751,.T.);
#1751 = LINE('',#1752,#1753);
#1752 = CARTESIAN_POINT('',(-20.,-38.13172798364,-42.13172798364));
#1753 = VECTOR('',#1754,1.);
#1754 = DIRECTION('',(-7.065416064077E-16,-0.707106781187,0.707106781187
    ));
#1755 = ORIENTED_EDGE('',*,*,#1527,.F.);
#1756 = ORIENTED_EDGE('',*,*,#490,.F.);
#1757 = PLANE('',#1758);
#1758 = AXIS2_PLACEMENT_3D('',#1759,#1760,#1761);
#1759 = CARTESIAN_POINT('',(-11.,-38.13172798364,-42.13172798364));
#1760 = DIRECTION('',(-1.020560098144E-15,0.707106781187,0.707106781187)
  );
#1761 = DIRECTION('',(-7.065416064077E-16,-0.707106781187,0.707106781187
    ));
#1762 = ADVANCED_FACE('',(#1763),#1789,.F.);
#1763 = FACE_BOUND('',#1764,.T.);
#1764 = EDGE_LOOP('',(#1765,#1773,#1782,#1788));
#1765 = ORIENTED_EDGE('',*,*,#1766,.T.);
#1766 = EDGE_CURVE('',#525,#1767,#1769,.T.);
#1767 = VERTEX_POINT('',#1768);
#1768 = CARTESIAN_POINT('',(-20.,-44.29791847198,-48.29791847198));
#1769 = LINE('',#1770,#1771);
#1770 = CARTESIAN_POINT('',(-11.,-44.29791847198,-48.29791847198));
#1771 = VECTOR('',#1772,1.);
#1772 = DIRECTION('',(-1.,1.110223024625E-15,1.110223024625E-16));
#1773 = ORIENTED_EDGE('',*,*,#1774,.T.);
#1774 = EDGE_CURVE('',#1767,#1775,#1777,.T.);
#1775 = VERTEX_POINT('',#1776);
#1776 = CARTESIAN_POINT('',(-20.,-46.70208152801,-50.70208152801));
#1777 = CIRCLE('',#1778,1.7);
#1778 = AXIS2_PLACEMENT_3D('',#1779,#1780,#1781);
#1779 = CARTESIAN_POINT('',(-20.,-45.5,-49.5));
#1780 = DIRECTION('',(-1.,-6.661338147751E-16,-1.665334536938E-15));
#1781 = DIRECTION('',(-6.661338147751E-16,1.,-1.665334536938E-15));
#1782 = ORIENTED_EDGE('',*,*,#1783,.F.);
#1783 = EDGE_CURVE('',#527,#1775,#1784,.T.);
#1784 = LINE('',#1785,#1786);
#1785 = CARTESIAN_POINT('',(-11.,-46.70208152801,-50.70208152801));
#1786 = VECTOR('',#1787,1.);
#1787 = DIRECTION('',(-1.,1.110223024625E-15,1.110223024625E-16));
#1788 = ORIENTED_EDGE('',*,*,#524,.F.);
#1789 = CYLINDRICAL_SURFACE('',#1790,1.7);
#1790 = AXIS2_PLACEMENT_3D('',#1791,#1792,#1793);
#1791 = CARTESIAN_POINT('',(-11.,-45.5,-49.5));
#1792 = DIRECTION('',(1.,-8.881784197001E-16,1.110223024625E-16));
#1793 = DIRECTION('',(-4.440892098501E-16,1.,-1.443289932013E-15));
#1794 = ADVANCED_FACE('',(#1795),#1813,.F.);
#1795 = FACE_BOUND('',#1796,.F.);
#1796 = EDGE_LOOP('',(#1797,#1798,#1806,#1812));
#1797 = ORIENTED_EDGE('',*,*,#1766,.T.);
#1798 = ORIENTED_EDGE('',*,*,#1799,.T.);
#1799 = EDGE_CURVE('',#1767,#1800,#1802,.T.);
#1800 = VERTEX_POINT('',#1801);
#1801 = CARTESIAN_POINT('',(-20.,-47.83345237791,-44.76238456605));
#1802 = LINE('',#1803,#1804);
#1803 = CARTESIAN_POINT('',(-20.,-44.29791847198,-48.29791847198));
#1804 = VECTOR('',#1805,1.);
#1805 = DIRECTION('',(-7.065416064077E-16,-0.707106781187,0.707106781187
    ));
#1806 = ORIENTED_EDGE('',*,*,#1807,.F.);
#1807 = EDGE_CURVE('',#544,#1800,#1808,.T.);
#1808 = LINE('',#1809,#1810);
#1809 = CARTESIAN_POINT('',(-11.,-47.83345237791,-44.76238456605));
#1810 = VECTOR('',#1811,1.);
#1811 = DIRECTION('',(-1.,1.110223024625E-15,1.110223024625E-16));
#1812 = ORIENTED_EDGE('',*,*,#552,.F.);
#1813 = PLANE('',#1814);
#1814 = AXIS2_PLACEMENT_3D('',#1815,#1816,#1817);
#1815 = CARTESIAN_POINT('',(-11.,-44.29791847198,-48.29791847198));
#1816 = DIRECTION('',(-1.020560098144E-15,0.707106781187,0.707106781187)
  );
#1817 = DIRECTION('',(-7.065416064077E-16,-0.707106781187,0.707106781187
    ));
#1818 = ADVANCED_FACE('',(#1819),#1837,.T.);
#1819 = FACE_BOUND('',#1820,.T.);
#1820 = EDGE_LOOP('',(#1821,#1822,#1830,#1836));
#1821 = ORIENTED_EDGE('',*,*,#1783,.T.);
#1822 = ORIENTED_EDGE('',*,*,#1823,.T.);
#1823 = EDGE_CURVE('',#1775,#1824,#1826,.T.);
#1824 = VERTEX_POINT('',#1825);
#1825 = CARTESIAN_POINT('',(-20.,-50.23761543395,-47.16654762208));
#1826 = LINE('',#1827,#1828);
#1827 = CARTESIAN_POINT('',(-20.,-46.70208152801,-50.70208152801));
#1828 = VECTOR('',#1829,1.);
#1829 = DIRECTION('',(-7.065416064077E-16,-0.707106781187,0.707106781187
    ));
#1830 = ORIENTED_EDGE('',*,*,#1831,.F.);
#1831 = EDGE_CURVE('',#536,#1824,#1832,.T.);
#1832 = LINE('',#1833,#1834);
#1833 = CARTESIAN_POINT('',(-11.,-50.23761543395,-47.16654762208));
#1834 = VECTOR('',#1835,1.);
#1835 = DIRECTION('',(-1.,1.110223024625E-15,1.110223024625E-16));
#1836 = ORIENTED_EDGE('',*,*,#535,.F.);
#1837 = PLANE('',#1838);
#1838 = AXIS2_PLACEMENT_3D('',#1839,#1840,#1841);
#1839 = CARTESIAN_POINT('',(-11.,-46.70208152801,-50.70208152801));
#1840 = DIRECTION('',(-1.020560098144E-15,0.707106781187,0.707106781187)
  );
#1841 = DIRECTION('',(-7.065416064077E-16,-0.707106781187,0.707106781187
    ));
#1842 = ADVANCED_FACE('',(#1843),#1855,.F.);
#1843 = FACE_BOUND('',#1844,.T.);
#1844 = EDGE_LOOP('',(#1845,#1846,#1853,#1854));
#1845 = ORIENTED_EDGE('',*,*,#1831,.T.);
#1846 = ORIENTED_EDGE('',*,*,#1847,.T.);
#1847 = EDGE_CURVE('',#1824,#1800,#1848,.T.);
#1848 = CIRCLE('',#1849,1.7);
#1849 = AXIS2_PLACEMENT_3D('',#1850,#1851,#1852);
#1850 = CARTESIAN_POINT('',(-20.,-49.03553390593,-45.96446609406));
#1851 = DIRECTION('',(-1.,-6.661338147751E-16,-1.665334536938E-15));
#1852 = DIRECTION('',(-6.661338147751E-16,1.,-1.665334536938E-15));
#1853 = ORIENTED_EDGE('',*,*,#1807,.F.);
#1854 = ORIENTED_EDGE('',*,*,#543,.F.);
#1855 = CYLINDRICAL_SURFACE('',#1856,1.7);
#1856 = AXIS2_PLACEMENT_3D('',#1857,#1858,#1859);
#1857 = CARTESIAN_POINT('',(-11.,-49.03553390593,-45.96446609406));
#1858 = DIRECTION('',(1.,-8.881784197001E-16,1.110223024625E-16));
#1859 = DIRECTION('',(-4.440892098501E-16,1.,-1.443289932013E-15));
#1860 = ADVANCED_FACE('',(#1861),#1887,.F.);
#1861 = FACE_BOUND('',#1862,.T.);
#1862 = EDGE_LOOP('',(#1863,#1871,#1880,#1886));
#1863 = ORIENTED_EDGE('',*,*,#1864,.T.);
#1864 = EDGE_CURVE('',#561,#1865,#1867,.T.);
#1865 = VERTEX_POINT('',#1866);
#1866 = CARTESIAN_POINT('',(-20.,-44.29791847198,-17.29791847198));
#1867 = LINE('',#1868,#1869);
#1868 = CARTESIAN_POINT('',(-11.,-44.29791847198,-17.29791847198));
#1869 = VECTOR('',#1870,1.);
#1870 = DIRECTION('',(-1.,1.110223024625E-15,1.110223024625E-16));
#1871 = ORIENTED_EDGE('',*,*,#1872,.T.);
#1872 = EDGE_CURVE('',#1865,#1873,#1875,.T.);
#1873 = VERTEX_POINT('',#1874);
#1874 = CARTESIAN_POINT('',(-20.,-46.70208152801,-19.70208152801));
#1875 = CIRCLE('',#1876,1.7);
#1876 = AXIS2_PLACEMENT_3D('',#1877,#1878,#1879);
#1877 = CARTESIAN_POINT('',(-20.,-45.5,-18.5));
#1878 = DIRECTION('',(-1.,-6.661338147751E-16,-1.665334536938E-15));
#1879 = DIRECTION('',(-6.661338147751E-16,1.,-1.665334536938E-15));
#1880 = ORIENTED_EDGE('',*,*,#1881,.F.);
#1881 = EDGE_CURVE('',#563,#1873,#1882,.T.);
#1882 = LINE('',#1883,#1884);
#1883 = CARTESIAN_POINT('',(-11.,-46.70208152801,-19.70208152801));
#1884 = VECTOR('',#1885,1.);
#1885 = DIRECTION('',(-1.,1.110223024625E-15,1.110223024625E-16));
#1886 = ORIENTED_EDGE('',*,*,#560,.F.);
#1887 = CYLINDRICAL_SURFACE('',#1888,1.7);
#1888 = AXIS2_PLACEMENT_3D('',#1889,#1890,#1891);
#1889 = CARTESIAN_POINT('',(-11.,-45.5,-18.5));
#1890 = DIRECTION('',(1.,-8.881784197001E-16,1.110223024625E-16));
#1891 = DIRECTION('',(-4.440892098501E-16,1.,-1.443289932013E-15));
#1892 = ADVANCED_FACE('',(#1893),#1911,.F.);
#1893 = FACE_BOUND('',#1894,.F.);
#1894 = EDGE_LOOP('',(#1895,#1896,#1904,#1910));
#1895 = ORIENTED_EDGE('',*,*,#1864,.T.);
#1896 = ORIENTED_EDGE('',*,*,#1897,.T.);
#1897 = EDGE_CURVE('',#1865,#1898,#1900,.T.);
#1898 = VERTEX_POINT('',#1899);
#1899 = CARTESIAN_POINT('',(-20.,-47.83345237791,-13.76238456605));
#1900 = LINE('',#1901,#1902);
#1901 = CARTESIAN_POINT('',(-20.,-44.29791847198,-17.29791847198));
#1902 = VECTOR('',#1903,1.);
#1903 = DIRECTION('',(-7.065416064077E-16,-0.707106781187,0.707106781187
    ));
#1904 = ORIENTED_EDGE('',*,*,#1905,.F.);
#1905 = EDGE_CURVE('',#580,#1898,#1906,.T.);
#1906 = LINE('',#1907,#1908);
#1907 = CARTESIAN_POINT('',(-11.,-47.83345237791,-13.76238456605));
#1908 = VECTOR('',#1909,1.);
#1909 = DIRECTION('',(-1.,1.110223024625E-15,1.110223024625E-16));
#1910 = ORIENTED_EDGE('',*,*,#588,.F.);
#1911 = PLANE('',#1912);
#1912 = AXIS2_PLACEMENT_3D('',#1913,#1914,#1915);
#1913 = CARTESIAN_POINT('',(-11.,-44.29791847198,-17.29791847198));
#1914 = DIRECTION('',(-1.020560098144E-15,0.707106781187,0.707106781187)
  );
#1915 = DIRECTION('',(-7.065416064077E-16,-0.707106781187,0.707106781187
    ));
#1916 = ADVANCED_FACE('',(#1917),#1935,.T.);
#1917 = FACE_BOUND('',#1918,.T.);
#1918 = EDGE_LOOP('',(#1919,#1920,#1928,#1934));
#1919 = ORIENTED_EDGE('',*,*,#1881,.T.);
#1920 = ORIENTED_EDGE('',*,*,#1921,.T.);
#1921 = EDGE_CURVE('',#1873,#1922,#1924,.T.);
#1922 = VERTEX_POINT('',#1923);
#1923 = CARTESIAN_POINT('',(-20.,-50.23761543395,-16.16654762208));
#1924 = LINE('',#1925,#1926);
#1925 = CARTESIAN_POINT('',(-20.,-46.70208152801,-19.70208152801));
#1926 = VECTOR('',#1927,1.);
#1927 = DIRECTION('',(-7.065416064077E-16,-0.707106781187,0.707106781187
    ));
#1928 = ORIENTED_EDGE('',*,*,#1929,.F.);
#1929 = EDGE_CURVE('',#572,#1922,#1930,.T.);
#1930 = LINE('',#1931,#1932);
#1931 = CARTESIAN_POINT('',(-11.,-50.23761543395,-16.16654762208));
#1932 = VECTOR('',#1933,1.);
#1933 = DIRECTION('',(-1.,1.110223024625E-15,1.110223024625E-16));
#1934 = ORIENTED_EDGE('',*,*,#571,.F.);
#1935 = PLANE('',#1936);
#1936 = AXIS2_PLACEMENT_3D('',#1937,#1938,#1939);
#1937 = CARTESIAN_POINT('',(-11.,-46.70208152801,-19.70208152801));
#1938 = DIRECTION('',(-1.020560098144E-15,0.707106781187,0.707106781187)
  );
#1939 = DIRECTION('',(-7.065416064077E-16,-0.707106781187,0.707106781187
    ));
#1940 = ADVANCED_FACE('',(#1941),#1953,.F.);
#1941 = FACE_BOUND('',#1942,.T.);
#1942 = EDGE_LOOP('',(#1943,#1944,#1951,#1952));
#1943 = ORIENTED_EDGE('',*,*,#1929,.T.);
#1944 = ORIENTED_EDGE('',*,*,#1945,.T.);
#1945 = EDGE_CURVE('',#1922,#1898,#1946,.T.);
#1946 = CIRCLE('',#1947,1.7);
#1947 = AXIS2_PLACEMENT_3D('',#1948,#1949,#1950);
#1948 = CARTESIAN_POINT('',(-20.,-49.03553390593,-14.96446609406));
#1949 = DIRECTION('',(-1.,-6.661338147751E-16,-1.665334536938E-15));
#1950 = DIRECTION('',(-6.661338147751E-16,1.,-1.665334536938E-15));
#1951 = ORIENTED_EDGE('',*,*,#1905,.F.);
#1952 = ORIENTED_EDGE('',*,*,#579,.F.);
#1953 = CYLINDRICAL_SURFACE('',#1954,1.7);
#1954 = AXIS2_PLACEMENT_3D('',#1955,#1956,#1957);
#1955 = CARTESIAN_POINT('',(-11.,-49.03553390593,-14.96446609406));
#1956 = DIRECTION('',(1.,-8.881784197001E-16,1.110223024625E-16));
#1957 = DIRECTION('',(-4.440892098501E-16,1.,-1.443289932013E-15));
#1958 = ADVANCED_FACE('',(#1959,#1962),#1973,.T.);
#1959 = FACE_BOUND('',#1960,.T.);
#1960 = EDGE_LOOP('',(#1961));
#1961 = ORIENTED_EDGE('',*,*,#611,.T.);
#1962 = FACE_BOUND('',#1963,.T.);
#1963 = EDGE_LOOP('',(#1964));
#1964 = ORIENTED_EDGE('',*,*,#1965,.F.);
#1965 = EDGE_CURVE('',#1966,#1966,#1968,.T.);
#1966 = VERTEX_POINT('',#1967);
#1967 = CARTESIAN_POINT('',(-10.,-31.6,-3.));
#1968 = CIRCLE('',#1969,1.6);
#1969 = AXIS2_PLACEMENT_3D('',#1970,#1971,#1972);
#1970 = CARTESIAN_POINT('',(-10.,-30.,-3.));
#1971 = DIRECTION('',(3.330669073875E-16,-1.110223024625E-16,-1.));
#1972 = DIRECTION('',(0.,-1.,1.110223024625E-16));
#1973 = PLANE('',#1974);
#1974 = AXIS2_PLACEMENT_3D('',#1975,#1976,#1977);
#1975 = CARTESIAN_POINT('',(-10.,-30.,-3.));
#1976 = DIRECTION('',(3.330669073875E-16,-1.110223024625E-16,-1.));
#1977 = DIRECTION('',(0.,-1.,1.110223024625E-16));
#1978 = ADVANCED_FACE('',(#1979),#1990,.T.);
#1979 = FACE_BOUND('',#1980,.T.);
#1980 = EDGE_LOOP('',(#1981,#1982,#1988,#1989));
#1981 = ORIENTED_EDGE('',*,*,#1155,.T.);
#1982 = ORIENTED_EDGE('',*,*,#1983,.T.);
#1983 = EDGE_CURVE('',#1156,#662,#1984,.T.);
#1984 = LINE('',#1985,#1986);
#1985 = CARTESIAN_POINT('',(-20.,17.,-40.));
#1986 = VECTOR('',#1987,1.);
#1987 = DIRECTION('',(-1.665334536938E-15,-3.330669073875E-16,1.));
#1988 = ORIENTED_EDGE('',*,*,#659,.F.);
#1989 = ORIENTED_EDGE('',*,*,#852,.T.);
#1990 = PLANE('',#1991);
#1991 = AXIS2_PLACEMENT_3D('',#1992,#1993,#1994);
#1992 = CARTESIAN_POINT('',(-10.,17.,-20.));
#1993 = DIRECTION('',(-4.440892098501E-16,1.,-1.221245327088E-15));
#1994 = DIRECTION('',(1.,-8.881784197001E-16,-1.110223024625E-16));
#1995 = ADVANCED_FACE('',(#1996,#2003,#2009,#2014,#2020,#2026,#2032),
  #2038,.F.);
#1996 = FACE_BOUND('',#1997,.F.);
#1997 = EDGE_LOOP('',(#1998,#1999,#2000,#2001,#2002));
#1998 = ORIENTED_EDGE('',*,*,#669,.T.);
#1999 = ORIENTED_EDGE('',*,*,#1064,.T.);
#2000 = ORIENTED_EDGE('',*,*,#1401,.T.);
#2001 = ORIENTED_EDGE('',*,*,#1163,.F.);
#2002 = ORIENTED_EDGE('',*,*,#1983,.T.);
#2003 = FACE_BOUND('',#2004,.F.);
#2004 = EDGE_LOOP('',(#2005,#2006,#2007,#2008));
#2005 = ORIENTED_EDGE('',*,*,#1477,.T.);
#2006 = ORIENTED_EDGE('',*,*,#1750,.T.);
#2007 = ORIENTED_EDGE('',*,*,#1535,.T.);
#2008 = ORIENTED_EDGE('',*,*,#1503,.F.);
#2009 = FACE_BOUND('',#2010,.F.);
#2010 = EDGE_LOOP('',(#2011,#2012,#2013));
#2011 = ORIENTED_EDGE('',*,*,#733,.T.);
#2012 = ORIENTED_EDGE('',*,*,#886,.T.);
#2013 = ORIENTED_EDGE('',*,*,#985,.F.);
#2014 = FACE_BOUND('',#2015,.F.);
#2015 = EDGE_LOOP('',(#2016,#2017,#2018,#2019));
#2016 = ORIENTED_EDGE('',*,*,#1774,.T.);
#2017 = ORIENTED_EDGE('',*,*,#1823,.T.);
#2018 = ORIENTED_EDGE('',*,*,#1847,.T.);
#2019 = ORIENTED_EDGE('',*,*,#1799,.F.);
#2020 = FACE_BOUND('',#2021,.F.);
#2021 = EDGE_LOOP('',(#2022,#2023,#2024,#2025));
#2022 = ORIENTED_EDGE('',*,*,#1561,.T.);
#2023 = ORIENTED_EDGE('',*,*,#1610,.T.);
#2024 = ORIENTED_EDGE('',*,*,#1634,.T.);
#2025 = ORIENTED_EDGE('',*,*,#1586,.F.);
#2026 = FACE_BOUND('',#2027,.F.);
#2027 = EDGE_LOOP('',(#2028,#2029,#2030,#2031));
#2028 = ORIENTED_EDGE('',*,*,#1872,.T.);
#2029 = ORIENTED_EDGE('',*,*,#1921,.T.);
#2030 = ORIENTED_EDGE('',*,*,#1945,.T.);
#2031 = ORIENTED_EDGE('',*,*,#1897,.F.);
#2032 = FACE_BOUND('',#2033,.F.);
#2033 = EDGE_LOOP('',(#2034,#2035,#2036,#2037));
#2034 = ORIENTED_EDGE('',*,*,#1659,.T.);
#2035 = ORIENTED_EDGE('',*,*,#1708,.T.);
#2036 = ORIENTED_EDGE('',*,*,#1732,.T.);
#2037 = ORIENTED_EDGE('',*,*,#1684,.F.);
#2038 = PLANE('',#2039);
#2039 = AXIS2_PLACEMENT_3D('',#2040,#2041,#2042);
#2040 = CARTESIAN_POINT('',(-20.,-21.50960770425,-30.59477536757));
#2041 = DIRECTION('',(1.,-1.33226762955E-15,-3.330669073875E-16));
#2042 = DIRECTION('',(-1.665334536938E-15,-3.330669073875E-16,1.));
#2043 = ADVANCED_FACE('',(#2044),#2055,.F.);
#2044 = FACE_BOUND('',#2045,.T.);
#2045 = EDGE_LOOP('',(#2046,#2052,#2053,#2054));
#2046 = ORIENTED_EDGE('',*,*,#2047,.F.);
#2047 = EDGE_CURVE('',#1966,#697,#2048,.T.);
#2048 = LINE('',#2049,#2050);
#2049 = CARTESIAN_POINT('',(-10.,-31.6,-3.));
#2050 = VECTOR('',#2051,1.);
#2051 = DIRECTION('',(-3.330669073875E-16,1.724321689082E-16,1.));
#2052 = ORIENTED_EDGE('',*,*,#1965,.T.);
#2053 = ORIENTED_EDGE('',*,*,#2047,.T.);
#2054 = ORIENTED_EDGE('',*,*,#696,.T.);
#2055 = CYLINDRICAL_SURFACE('',#2056,1.6);
#2056 = AXIS2_PLACEMENT_3D('',#2057,#2058,#2059);
#2057 = CARTESIAN_POINT('',(-10.,-30.,-3.));
#2058 = DIRECTION('',(-3.330669073875E-16,1.110223024625E-16,1.));
#2059 = DIRECTION('',(0.,-1.,1.110223024625E-16));
#2060 = ADVANCED_FACE('',(#2061),#2080,.F.);
#2061 = FACE_BOUND('',#2062,.T.);
#2062 = EDGE_LOOP('',(#2063,#2071,#2078,#2079));
#2063 = ORIENTED_EDGE('',*,*,#2064,.F.);
#2064 = EDGE_CURVE('',#2065,#708,#2067,.T.);
#2065 = VERTEX_POINT('',#2066);
#2066 = CARTESIAN_POINT('',(-10.,-1.6,-3.));
#2067 = LINE('',#2068,#2069);
#2068 = CARTESIAN_POINT('',(-10.,-1.6,-3.));
#2069 = VECTOR('',#2070,1.);
#2070 = DIRECTION('',(-3.330669073875E-16,1.724321689082E-16,1.));
#2071 = ORIENTED_EDGE('',*,*,#2072,.T.);
#2072 = EDGE_CURVE('',#2065,#2065,#2073,.T.);
#2073 = CIRCLE('',#2074,1.6);
#2074 = AXIS2_PLACEMENT_3D('',#2075,#2076,#2077);
#2075 = CARTESIAN_POINT('',(-10.,-2.13162820728E-14,-3.));
#2076 = DIRECTION('',(3.330669073875E-16,-1.110223024625E-16,-1.));
#2077 = DIRECTION('',(0.,-1.,1.110223024625E-16));
#2078 = ORIENTED_EDGE('',*,*,#2064,.T.);
#2079 = ORIENTED_EDGE('',*,*,#707,.T.);
#2080 = CYLINDRICAL_SURFACE('',#2081,1.6);
#2081 = AXIS2_PLACEMENT_3D('',#2082,#2083,#2084);
#2082 = CARTESIAN_POINT('',(-10.,-2.13162820728E-14,-3.));
#2083 = DIRECTION('',(-3.330669073875E-16,1.110223024625E-16,1.));
#2084 = DIRECTION('',(0.,-1.,1.110223024625E-16));
#2085 = ADVANCED_FACE('',(#2086),#2092,.F.);
#2086 = FACE_BOUND('',#2087,.F.);
#2087 = EDGE_LOOP('',(#2088,#2089,#2090,#2091));
#2088 = ORIENTED_EDGE('',*,*,#1049,.F.);
#2089 = ORIENTED_EDGE('',*,*,#750,.F.);
#2090 = ORIENTED_EDGE('',*,*,#1121,.F.);
#2091 = ORIENTED_EDGE('',*,*,#758,.F.);
#2092 = PLANE('',#2093);
#2093 = AXIS2_PLACEMENT_3D('',#2094,#2095,#2096);
#2094 = CARTESIAN_POINT('',(-11.,-9.1,-40.));
#2095 = DIRECTION('',(1.,-8.881784197001E-16,-2.22044604925E-16));
#2096 = DIRECTION('',(-1.110223024625E-15,-2.22044604925E-16,1.));
#2097 = ADVANCED_FACE('',(#2098),#2117,.F.);
#2098 = FACE_BOUND('',#2099,.T.);
#2099 = EDGE_LOOP('',(#2100,#2101,#2109,#2116));
#2100 = ORIENTED_EDGE('',*,*,#773,.T.);
#2101 = ORIENTED_EDGE('',*,*,#2102,.T.);
#2102 = EDGE_CURVE('',#774,#2103,#2105,.T.);
#2103 = VERTEX_POINT('',#2104);
#2104 = CARTESIAN_POINT('',(-10.,-3.25,-3.));
#2105 = LINE('',#2106,#2107);
#2106 = CARTESIAN_POINT('',(-10.,-3.25,-57.));
#2107 = VECTOR('',#2108,1.);
#2108 = DIRECTION('',(-3.330669073875E-16,1.110223024625E-16,1.));
#2109 = ORIENTED_EDGE('',*,*,#2110,.F.);
#2110 = EDGE_CURVE('',#2103,#2103,#2111,.T.);
#2111 = CIRCLE('',#2112,3.25);
#2112 = AXIS2_PLACEMENT_3D('',#2113,#2114,#2115);
#2113 = CARTESIAN_POINT('',(-10.,-2.13162820728E-14,-3.));
#2114 = DIRECTION('',(3.330669073875E-16,-1.110223024625E-16,-1.));
#2115 = DIRECTION('',(0.,-1.,1.110223024625E-16));
#2116 = ORIENTED_EDGE('',*,*,#2102,.F.);
#2117 = CYLINDRICAL_SURFACE('',#2118,3.25);
#2118 = AXIS2_PLACEMENT_3D('',#2119,#2120,#2121);
#2119 = CARTESIAN_POINT('',(-10.,-2.84217094304E-14,-57.));
#2120 = DIRECTION('',(-3.330669073875E-16,1.110223024625E-16,1.));
#2121 = DIRECTION('',(0.,-1.,1.110223024625E-16));
#2122 = ADVANCED_FACE('',(#2123),#2138,.F.);
#2123 = FACE_BOUND('',#2124,.T.);
#2124 = EDGE_LOOP('',(#2125,#2126,#2127,#2128,#2134,#2135,#2136,#2137));
#2125 = ORIENTED_EDGE('',*,*,#1181,.T.);
#2126 = ORIENTED_EDGE('',*,*,#1253,.T.);
#2127 = ORIENTED_EDGE('',*,*,#1323,.T.);
#2128 = ORIENTED_EDGE('',*,*,#2129,.T.);
#2129 = EDGE_CURVE('',#1182,#969,#2130,.T.);
#2130 = LINE('',#2131,#2132);
#2131 = CARTESIAN_POINT('',(-10.,-3.25,-57.));
#2132 = VECTOR('',#2133,1.);
#2133 = DIRECTION('',(-3.330669073875E-16,1.110223024625E-16,1.));
#2134 = ORIENTED_EDGE('',*,*,#968,.T.);
#2135 = ORIENTED_EDGE('',*,*,#902,.T.);
#2136 = ORIENTED_EDGE('',*,*,#977,.T.);
#2137 = ORIENTED_EDGE('',*,*,#2129,.F.);
#2138 = CYLINDRICAL_SURFACE('',#2139,3.25);
#2139 = AXIS2_PLACEMENT_3D('',#2140,#2141,#2142);
#2140 = CARTESIAN_POINT('',(-10.,-2.84217094304E-14,-57.));
#2141 = DIRECTION('',(-3.330669073875E-16,1.110223024625E-16,1.));
#2142 = DIRECTION('',(0.,-1.,1.110223024625E-16));
#2143 = ADVANCED_FACE('',(#2144),#2150,.T.);
#2144 = FACE_BOUND('',#2145,.F.);
#2145 = EDGE_LOOP('',(#2146,#2147,#2148,#2149));
#2146 = ORIENTED_EDGE('',*,*,#1042,.T.);
#2147 = ORIENTED_EDGE('',*,*,#1137,.T.);
#2148 = ORIENTED_EDGE('',*,*,#1113,.T.);
#2149 = ORIENTED_EDGE('',*,*,#1025,.T.);
#2150 = PLANE('',#2151);
#2151 = AXIS2_PLACEMENT_3D('',#2152,#2153,#2154);
#2152 = CARTESIAN_POINT('',(8.78075390176E-14,-9.1,-40.));
#2153 = DIRECTION('',(1.,-8.881784197001E-16,-2.22044604925E-16));
#2154 = DIRECTION('',(-1.110223024625E-15,-2.22044604925E-16,1.));
#2155 = ADVANCED_FACE('',(#2156,#2159),#2162,.T.);
#2156 = FACE_BOUND('',#2157,.T.);
#2157 = EDGE_LOOP('',(#2158));
#2158 = ORIENTED_EDGE('',*,*,#2110,.T.);
#2159 = FACE_BOUND('',#2160,.T.);
#2160 = EDGE_LOOP('',(#2161));
#2161 = ORIENTED_EDGE('',*,*,#2072,.F.);
#2162 = PLANE('',#2163);
#2163 = AXIS2_PLACEMENT_3D('',#2164,#2165,#2166);
#2164 = CARTESIAN_POINT('',(-10.,-2.13162820728E-14,-3.));
#2165 = DIRECTION('',(3.330669073875E-16,-1.110223024625E-16,-1.));
#2166 = DIRECTION('',(0.,-1.,1.110223024625E-16));
#2167 = ( GEOMETRIC_REPRESENTATION_CONTEXT(3) 
GLOBAL_UNCERTAINTY_ASSIGNED_CONTEXT((#2171)) 
GLOBAL_UNIT_ASSIGNED_CONTEXT((#2168,#2169,#2170)) REPRESENTATION_CONTEXT
('Context #1','3D Context with UNIT and UNCERTAINTY') );
#2168 = ( LENGTH_UNIT() NAMED_UNIT(*) SI_UNIT(.MILLI.,.METRE.) );
#2169 = ( NAMED_UNIT(*) PLANE_ANGLE_UNIT() SI_UNIT($,.RADIAN.) );
#2170 = ( NAMED_UNIT(*) SI_UNIT($,.STERADIAN.) SOLID_ANGLE_UNIT() );
#2171 = UNCERTAINTY_MEASURE_WITH_UNIT(LENGTH_MEASURE(1.E-06),#2168,
  'distance_accuracy_value','confusion accuracy');
#2172 = PRODUCT_RELATED_PRODUCT_CATEGORY('part',$,(#7));
#2173 = MECHANICAL_DESIGN_GEOMETRIC_PRESENTATION_REPRESENTATION('',(
    #2174),#2167);
#2174 = STYLED_ITEM('color',(#2175),#15);
#2175 = PRESENTATION_STYLE_ASSIGNMENT((#2176,#2182));
#2176 = SURFACE_STYLE_USAGE(.BOTH.,#2177);
#2177 = SURFACE_SIDE_STYLE('',(#2178));
#2178 = SURFACE_STYLE_FILL_AREA(#2179);
#2179 = FILL_AREA_STYLE('',(#2180));
#2180 = FILL_AREA_STYLE_COLOUR('',#2181);
#2181 = COLOUR_RGB('',0.596078458879,0.,0.584313743644);
#2182 = CURVE_STYLE('',#2183,POSITIVE_LENGTH_MEASURE(0.1),#2184);
#2183 = DRAUGHTING_PRE_DEFINED_CURVE_FONT('continuous');
#2184 = COLOUR_RGB('',9.803921802644E-02,9.803921802644E-02,
  9.803921802644E-02);
ENDSEC;
END-ISO-10303-21;
